{"type":"FeatureCollection","features":[{"type":"Feature","geometry":{"type":"Point","coordinates":[73.79433,20.00429]},"properties":{"id":"place_n660326541","type":"toilets","name":null,"name_local":null,"category":"public toilet","source":"openstreetmap","source_id":"node/660326541","updated_at":"2010-03-04T17:31:08Z","tags":{}}},{"type":"Feature","geometry":{"type":"Point","coordinates":[73.74488,20.12688]},"properties":{"id":"place_n700979771","type":"tourism","name":"Dehergad","name_local":null,"category":"historic fort","source":"openstreetmap","source_id":"node/700979771","updated_at":"2021-11-15T04:22:36Z","tags":{}}},{"type":"Feature","geometry":{"type":"Point","coordinates":[73.91324,20.0178]},"properties":{"id":"place_n794350278","type":"railway_station","name":"Odha","name_local":null,"category":"station","source":"openstreetmap","source_id":"node/794350278","updated_at":"2020-12-15T14:19:54Z","tags":{"operator":"CR","wikidata":"Q63356166","ref":"ODHA"}}},{"type":"Feature","geometry":{"type":"Point","coordinates":[73.84208,19.94806]},"properties":{"id":"place_n794350354","type":"railway_station","name":"Nashik Road","name_local":null,"category":"station","source":"openstreetmap","source_id":"node/794350354","updated_at":"2026-01-25T12:11:55Z","tags":{"alt_name":"Nasik Road","operator":"CR","wikipedia":"en:Nasik Road railway station","wikidata":"Q15261058","ref":"NK"}}},{"type":"Feature","geometry":{"type":"Point","coordinates":[73.80567,20.04282]},"properties":{"id":"place_n1236560622","type":"landmark","name":"nayara fule","name_local":null,"category":"petrol pump","source":"openstreetmap","source_id":"node/1236560622","updated_at":"2026-05-27T08:19:35Z","tags":{"brand":"nayara"}}},{"type":"Feature","geometry":{"type":"Point","coordinates":[73.80485,20.039]},"properties":{"id":"place_n1236560623","type":"landmark","name":"Aakash Petrol Pump","name_local":null,"category":"petrol pump","source":"openstreetmap","source_id":"node/1236560623","updated_at":"2019-06-24T00:50:26Z","tags":{}}},{"type":"Feature","geometry":{"type":"Point","coordinates":[74.03131,20.07434]},"properties":{"id":"place_n1316208848","type":"railway_station","name":"Kasbe Sukene","name_local":null,"category":"station","source":"openstreetmap","source_id":"node/1316208848","updated_at":"2020-12-15T14:19:19Z","tags":{"operator":"CR","wikidata":"Q63356164","ref":"KBSN"}}},{"type":"Feature","geometry":{"type":"Point","coordinates":[73.81021,20.01079]},"properties":{"id":"place_n1316209324","type":"landmark","name":"Aurangabad Naka","name_local":null,"category":"chowk / junction","source":"openstreetmap","source_id":"node/1316209324","updated_at":"2026-01-11T06:53:06Z","tags":{}}},{"type":"Feature","geometry":{"type":"Point","coordinates":[73.77147,20.00725]},"properties":{"id":"place_n1316209397","type":"landmark","name":"Spectrum Signal","name_local":null,"category":"chowk / junction","source":"openstreetmap","source_id":"node/1316209397","updated_at":"2026-01-12T12:58:02Z","tags":{}}},{"type":"Feature","geometry":{"type":"Point","coordinates":[73.79216,19.99582]},"properties":{"id":"place_n1316209409","type":"landmark","name":"Mandal Chowk","name_local":null,"category":"chowk / junction","source":"openstreetmap","source_id":"node/1316209409","updated_at":"2026-01-11T02:26:57Z","tags":{}}},{"type":"Feature","geometry":{"type":"Point","coordinates":[73.80373,20.00435]},"properties":{"id":"place_n1671916246","type":"hospital","name":"MGV's KBH Dental College &  Hospital","name_local":null,"category":null,"source":"openstreetmap","source_id":"node/1671916246","updated_at":"2012-03-12T12:41:42Z","tags":{}}},{"type":"Feature","geometry":{"type":"Point","coordinates":[73.7776,19.97761]},"properties":{"id":"place_n1671948404","type":"landmark","name":"HDFC Bank","name_local":null,"category":"bank","source":"openstreetmap","source_id":"node/1671948404","updated_at":"2018-09-18T17:32:04Z","tags":{"short_name":"HDFC","website":"https://www.hdfcbank.com","brand":"HDFC"}}},{"type":"Feature","geometry":{"type":"Point","coordinates":[73.78138,19.98271]},"properties":{"id":"place_n1672906891","type":"landmark","name":"Union Bank ATM","name_local":null,"category":"bank","source":"openstreetmap","source_id":"node/1672906891","updated_at":"2012-03-13T03:17:26Z","tags":{}}},{"type":"Feature","geometry":{"type":"Point","coordinates":[73.7735,19.97166]},"properties":{"id":"place_n1672907167","type":"landmark","name":"Indian Oil Petrol Pump","name_local":null,"category":"petrol pump","source":"openstreetmap","source_id":"node/1672907167","updated_at":"2024-01-27T08:57:21Z","tags":{"brand":"Indian Oil Petrol Pump"}}},{"type":"Feature","geometry":{"type":"Point","coordinates":[73.7645,19.96285]},"properties":{"id":"place_n1672908656","type":"landmark","name":"Axis Bank ATM","name_local":null,"category":"bank","source":"openstreetmap","source_id":"node/1672908656","updated_at":"2024-01-27T09:01:41Z","tags":{"opening_hours":"PH,Mo-Su 00:00-12:00+"}}},{"type":"Feature","geometry":{"type":"Point","coordinates":[73.90986,20.07566]},"properties":{"id":"place_n1672931636","type":"landmark","name":"HP Petrol","name_local":null,"category":"petrol pump","source":"openstreetmap","source_id":"node/1672931636","updated_at":"2012-03-13T05:00:11Z","tags":{"brand":"HP Petrol"}}},{"type":"Feature","geometry":{"type":"Point","coordinates":[73.92921,20.10104]},"properties":{"id":"place_n1672937298","type":"religious","name":"Mahalshmi Temple","name_local":null,"category":"hindu","source":"openstreetmap","source_id":"node/1672937298","updated_at":"2012-04-20T13:36:34Z","tags":{"religion":"hindu"}}},{"type":"Feature","geometry":{"type":"Point","coordinates":[73.76064,20.01129]},"properties":{"id":"place_n2231568845","type":"landmark","name":"Prasad Circle","name_local":null,"category":"chowk / junction","source":"openstreetmap","source_id":"node/2231568845","updated_at":"2026-01-12T12:58:02Z","tags":{}}},{"type":"Feature","geometry":{"type":"Point","coordinates":[73.77972,20.00564]},"properties":{"id":"place_n2231614174","type":"government","name":"Sarkarwada Police Station, Gangapur Road","name_local":null,"category":"police","source":"openstreetmap","source_id":"node/2231614174","updated_at":"2013-03-28T10:57:50Z","tags":{}}},{"type":"Feature","geometry":{"type":"Point","coordinates":[73.75264,19.99716]},"properties":{"id":"place_n2296697533","type":"religious","name":"Ganapati Mandir","name_local":null,"category":"hindu","source":"openstreetmap","source_id":"node/2296697533","updated_at":"2013-05-09T07:21:53Z","tags":{"addr:city":"Nashik","religion":"hindu"}}},{"type":"Feature","geometry":{"type":"Point","coordinates":[73.76931,19.99374]},"properties":{"id":"place_n2296700135","type":"religious","name":"Dakshin Mukhi Maruti Mandir","name_local":"दक्षिण मुखी मारुती मंदिर","category":"hindu","source":"openstreetmap","source_id":"node/2296700135","updated_at":"2026-01-12T12:58:02Z","tags":{"name:mr":"दक्षिण मुखी मारुती मंदिर","religion":"hindu"}}},{"type":"Feature","geometry":{"type":"Point","coordinates":[73.79484,20.00738]},"properties":{"id":"place_n2385248137","type":"landmark","name":"Hanuman Chowk","name_local":null,"category":"chowk / junction","source":"openstreetmap","source_id":"node/2385248137","updated_at":"2026-01-21T15:26:52Z","tags":{}}},{"type":"Feature","geometry":{"type":"Point","coordinates":[73.7637,20.00787]},"properties":{"id":"place_n2388314848","type":"landmark","name":"NP Circle","name_local":null,"category":"chowk / junction","source":"openstreetmap","source_id":"node/2388314848","updated_at":"2026-01-23T17:23:23Z","tags":{}}},{"type":"Feature","geometry":{"type":"Point","coordinates":[73.76586,19.97372]},"properties":{"id":"place_n2390331063","type":"landmark","name":"Maharana Pratap Chowk","name_local":null,"category":"chowk / junction","source":"openstreetmap","source_id":"node/2390331063","updated_at":"2026-01-10T20:04:54Z","tags":{}}},{"type":"Feature","geometry":{"type":"Point","coordinates":[73.79357,20.00668]},"properties":{"id":"place_n2629584786","type":"tourism","name":"Panchavati","name_local":null,"category":"attraction","source":"openstreetmap","source_id":"node/2629584786","updated_at":"2026-01-12T12:58:02Z","tags":{"website":"https://nashik.gov.in/en/tourist-place/panchvati/"}}},{"type":"Feature","geometry":{"type":"Point","coordinates":[73.75829,20.01194]},"properties":{"id":"place_n2629584890","type":"landmark","name":"Shaheed Smarak Circle","name_local":null,"category":"chowk / junction","source":"openstreetmap","source_id":"node/2629584890","updated_at":"2026-01-12T12:58:02Z","tags":{}}},{"type":"Feature","geometry":{"type":"Point","coordinates":[73.79147,20.00555]},"properties":{"id":"place_n3051908582","type":"market","name":"Kapad Bazaar","name_local":null,"category":"marketplace","source":"openstreetmap","source_id":"node/3051908582","updated_at":"2014-09-02T02:23:45Z","tags":{}}},{"type":"Feature","geometry":{"type":"Point","coordinates":[73.79017,20.00576]},"properties":{"id":"place_n3051908583","type":"market","name":"Bohar Patti","name_local":null,"category":"marketplace","source":"openstreetmap","source_id":"node/3051908583","updated_at":"2014-09-02T02:23:45Z","tags":{}}},{"type":"Feature","geometry":{"type":"Point","coordinates":[73.78763,20.00704]},"properties":{"id":"place_n3051943565","type":"market","name":"Raviwaar Peth","name_local":null,"category":"marketplace","source":"openstreetmap","source_id":"node/3051943565","updated_at":"2015-07-19T09:47:09Z","tags":{}}},{"type":"Feature","geometry":{"type":"Point","coordinates":[73.77746,19.98261]},"properties":{"id":"place_n3053925694","type":"hospital","name":"Dr Aware Hospital","name_local":null,"category":null,"source":"openstreetmap","source_id":"node/3053925694","updated_at":"2014-09-01T16:31:10Z","tags":{}}},{"type":"Feature","geometry":{"type":"Point","coordinates":[73.77769,19.98271]},"properties":{"id":"place_n3053925695","type":"hospital","name":"Nahush Eye Hospital","name_local":null,"category":null,"source":"openstreetmap","source_id":"node/3053925695","updated_at":"2014-09-01T16:31:10Z","tags":{}}},{"type":"Feature","geometry":{"type":"Point","coordinates":[73.77972,20.00739]},"properties":{"id":"place_n3054678735","type":"school","name":"Maratha Vidya Prasarak","name_local":null,"category":null,"source":"openstreetmap","source_id":"node/3054678735","updated_at":"2014-09-02T02:23:44Z","tags":{}}},{"type":"Feature","geometry":{"type":"Point","coordinates":[73.99638,20.02048]},"properties":{"id":"place_n3062694613","type":"landmark","name":"Indian Oil","name_local":null,"category":"petrol pump","source":"openstreetmap","source_id":"node/3062694613","updated_at":"2021-02-17T08:47:57Z","tags":{"brand":"Indian Oil"}}},{"type":"Feature","geometry":{"type":"Point","coordinates":[73.57147,19.92193]},"properties":{"id":"place_n3205666989","type":"religious","name":"Anjaneri","name_local":"अंजनेरी","category":"hindu","source":"openstreetmap","source_id":"node/3205666989","updated_at":"2023-11-19T05:19:52Z","tags":{"name:mr":"अंजनेरी","religion":"hindu"}}},{"type":"Feature","geometry":{"type":"Point","coordinates":[73.794,19.99404]},"properties":{"id":"place_n3278321660","type":"landmark","name":"Wadala Naka","name_local":null,"category":"chowk / junction","source":"openstreetmap","source_id":"node/3278321660","updated_at":"2026-01-11T06:06:50Z","tags":{}}},{"type":"Feature","geometry":{"type":"Point","coordinates":[73.71287,19.99044]},"properties":{"id":"place_n3318747593","type":"bus_stop","name":"Ashok Nagar","name_local":null,"category":"bus stop","source":"openstreetmap","source_id":"node/3318747593","updated_at":"2015-01-29T13:40:54Z","tags":{"operator":"MHRTC"}}},{"type":"Feature","geometry":{"type":"Point","coordinates":[73.71158,19.99618]},"properties":{"id":"place_n3318747594","type":"bus_stop","name":"Shramik Nagar","name_local":null,"category":"bus stop","source":"openstreetmap","source_id":"node/3318747594","updated_at":"2015-01-29T13:40:54Z","tags":{"operator":"MHRTC"}}},{"type":"Feature","geometry":{"type":"Point","coordinates":[73.71161,20.00531]},"properties":{"id":"place_n3318747595","type":"bus_stop","name":"Shivaji Nagar","name_local":null,"category":"bus stop","source":"openstreetmap","source_id":"node/3318747595","updated_at":"2015-01-29T13:40:54Z","tags":{"operator":"MHRTC"}}},{"type":"Feature","geometry":{"type":"Point","coordinates":[73.71722,19.98962]},"properties":{"id":"place_n3318747596","type":"bus_stop","name":"Ashok Nagar","name_local":null,"category":"bus stop","source":"openstreetmap","source_id":"node/3318747596","updated_at":"2015-01-29T13:40:54Z","tags":{"operator":"MHRTC"}}},{"type":"Feature","geometry":{"type":"Point","coordinates":[73.71915,19.98862]},"properties":{"id":"place_n3318747597","type":"bus_stop","name":"Savarkar Nagar","name_local":null,"category":"bus stop","source":"openstreetmap","source_id":"node/3318747597","updated_at":"2015-01-29T13:40:54Z","tags":{"operator":"MHRTC"}}},{"type":"Feature","geometry":{"type":"Point","coordinates":[73.72153,19.98948]},"properties":{"id":"place_n3318747598","type":"bus_stop","name":"Anandchaya","name_local":null,"category":"bus stop","source":"openstreetmap","source_id":"node/3318747598","updated_at":"2015-01-29T13:40:55Z","tags":{"operator":"MHRTC"}}},{"type":"Feature","geometry":{"type":"Point","coordinates":[73.72418,19.98946]},"properties":{"id":"place_n3318747599","type":"bus_stop","name":"Satpur Colony","name_local":null,"category":"bus stop","source":"openstreetmap","source_id":"node/3318747599","updated_at":"2015-01-29T13:40:55Z","tags":{"operator":"MHRTC"}}},{"type":"Feature","geometry":{"type":"Point","coordinates":[73.72498,19.99067]},"properties":{"id":"place_n3318747600","type":"bus_stop","name":"Satpur Colony","name_local":null,"category":"bus stop","source":"openstreetmap","source_id":"node/3318747600","updated_at":"2015-01-29T13:40:55Z","tags":{"operator":"MHRTC"}}},{"type":"Feature","geometry":{"type":"Point","coordinates":[73.73694,19.9913]},"properties":{"id":"place_n3318747602","type":"bus_stop","name":"Satpur Municipal Corporation","name_local":null,"category":"bus stop","source":"openstreetmap","source_id":"node/3318747602","updated_at":"2015-01-29T13:40:55Z","tags":{"operator":"MHRTC"}}},{"type":"Feature","geometry":{"type":"Point","coordinates":[73.74273,19.99197]},"properties":{"id":"place_n3318747603","type":"bus_stop","name":"Satpur Police Station","name_local":null,"category":"bus stop","source":"openstreetmap","source_id":"node/3318747603","updated_at":"2015-01-29T13:40:55Z","tags":{"operator":"MHRTC"}}},{"type":"Feature","geometry":{"type":"Point","coordinates":[73.74547,19.99245]},"properties":{"id":"place_n3318747616","type":"bus_stop","name":"Ujwal Agency Stop","name_local":null,"category":"bus stop","source":"openstreetmap","source_id":"node/3318747616","updated_at":"2015-01-29T13:40:55Z","tags":{"operator":"MHRTC"}}},{"type":"Feature","geometry":{"type":"Point","coordinates":[73.78729,20.00208]},"properties":{"id":"place_n3318873510","type":"landmark","name":"Namco Bank, Merchant Bank","name_local":null,"category":"bank","source":"openstreetmap","source_id":"node/3318873510","updated_at":"2015-01-29T14:22:07Z","tags":{"addr:street":"Shalimar","addr:city":"Nashik","addr:postcode":"422001"}}},{"type":"Feature","geometry":{"type":"Point","coordinates":[73.78682,20.00053]},"properties":{"id":"place_n3318873527","type":"bus_stop","name":"Shalimar","name_local":null,"category":"bus stop","source":"openstreetmap","source_id":"node/3318873527","updated_at":"2015-01-29T14:22:08Z","tags":{}}},{"type":"Feature","geometry":{"type":"Point","coordinates":[73.71699,19.99014]},"properties":{"id":"place_n3348077229","type":"government","name":"Post Office Ashoknagar","name_local":null,"category":"post_office","source":"openstreetmap","source_id":"node/3348077229","updated_at":"2016-02-21T10:01:27Z","tags":{}}},{"type":"Feature","geometry":{"type":"Point","coordinates":[73.71381,19.98938]},"properties":{"id":"place_n3348298397","type":"government","name":"Ashoknagar Police Station","name_local":null,"category":"police","source":"openstreetmap","source_id":"node/3348298397","updated_at":"2015-02-13T17:55:10Z","tags":{}}},{"type":"Feature","geometry":{"type":"Point","coordinates":[73.72066,19.99148]},"properties":{"id":"place_n3349235667","type":"religious","name":"Sai Baba Mandir","name_local":null,"category":null,"source":"openstreetmap","source_id":"node/3349235667","updated_at":"2015-02-14T05:53:24Z","tags":{}}},{"type":"Feature","geometry":{"type":"Point","coordinates":[73.76629,20.00533]},"properties":{"id":"place_n3571603193","type":"market","name":"Big Bazzar","name_local":null,"category":"mall","source":"openstreetmap","source_id":"node/3571603193","updated_at":"2015-07-08T06:20:55Z","tags":{"addr:street":"College road","addr:city":"nashik"}}},{"type":"Feature","geometry":{"type":"Point","coordinates":[73.75267,20.00957]},"properties":{"id":"place_n3571657793","type":"school","name":"Bhosala Military School","name_local":null,"category":null,"source":"openstreetmap","source_id":"node/3571657793","updated_at":"2016-08-08T11:28:30Z","tags":{}}},{"type":"Feature","geometry":{"type":"Point","coordinates":[73.76402,20.00917]},"properties":{"id":"place_n3640271035","type":"landmark","name":"HDFC Bank","name_local":null,"category":"bank","source":"openstreetmap","source_id":"node/3640271035","updated_at":"2024-07-20T07:47:25Z","tags":{"short_name":"HDFC","addr:street":"Thatte Nagar","addr:city":"Nashik","addr:postcode":"422005","website":"https://www.hdfcbank.com","brand":"HDFC Bank"}}},{"type":"Feature","geometry":{"type":"Point","coordinates":[73.76371,20.00745]},"properties":{"id":"place_n3640271036","type":"landmark","name":"Kotak Mahindra Bank","name_local":null,"category":"bank","source":"openstreetmap","source_id":"node/3640271036","updated_at":"2026-05-05T09:06:37Z","tags":{"name:en":"Kotak Mahindra Bank","website":"https://www.kotak.com/","brand":"Kotak Mahindra Bank"}}},{"type":"Feature","geometry":{"type":"Point","coordinates":[73.76189,20.00609]},"properties":{"id":"place_n3640271043","type":"landmark","name":"ICICI Bank","name_local":null,"category":"bank","source":"openstreetmap","source_id":"node/3640271043","updated_at":"2024-07-20T07:47:25Z","tags":{"name:en":"ICICI Bank","short_name":"ICICI","addr:street":"College Road","addr:city":"Nashik","addr:postcode":"422005","website":"https://www.icicibank.com","brand":"ICICI Bank"}}},{"type":"Feature","geometry":{"type":"Point","coordinates":[73.76178,20.00612]},"properties":{"id":"place_n3640271044","type":"government","name":"College Road Post Office","name_local":null,"category":"post_office","source":"openstreetmap","source_id":"node/3640271044","updated_at":"2015-07-08T06:20:50Z","tags":{}}},{"type":"Feature","geometry":{"type":"Point","coordinates":[73.7617,20.00615]},"properties":{"id":"place_n3640271045","type":"landmark","name":"Bank of Maharashtra","name_local":null,"category":"bank","source":"openstreetmap","source_id":"node/3640271045","updated_at":"2024-07-20T07:47:25Z","tags":{"name:en":"Bank of Maharashtra","addr:street":"College Road","addr:city":"Nashik","addr:postcode":"422005","website":"https://www.bankofmaharashtra.in/","brand":"Bank of Maharashtra"}}},{"type":"Feature","geometry":{"type":"Point","coordinates":[73.7596,20.00792]},"properties":{"id":"place_n3640271046","type":"religious","name":"Don Bosco Church","name_local":null,"category":"christian","source":"openstreetmap","source_id":"node/3640271046","updated_at":"2026-01-24T14:40:27Z","tags":{"religion":"christian","denomination":"catholic"}}},{"type":"Feature","geometry":{"type":"Point","coordinates":[73.76165,20.00827]},"properties":{"id":"place_n3640271049","type":"religious","name":"Kapuchin Ashram","name_local":null,"category":"christian","source":"openstreetmap","source_id":"node/3640271049","updated_at":"2015-07-08T06:20:51Z","tags":{"religion":"christian","denomination":"catholic"}}},{"type":"Feature","geometry":{"type":"Point","coordinates":[73.76593,20.00545]},"properties":{"id":"place_n3640271050","type":"religious","name":"Namdeo Vitthal Temple","name_local":null,"category":"hindu","source":"openstreetmap","source_id":"node/3640271050","updated_at":"2024-03-17T00:47:17Z","tags":{"religion":"hindu","denomination":"vaishnavism"}}},{"type":"Feature","geometry":{"type":"Point","coordinates":[73.75904,20.00701]},"properties":{"id":"place_n3640271051","type":"religious","name":"Saibaba Temple","name_local":null,"category":"hindu","source":"openstreetmap","source_id":"node/3640271051","updated_at":"2019-01-14T09:05:38Z","tags":{"addr:street":"College Road","addr:city":"Nashik","addr:postcode":"422005","religion":"hindu"}}},{"type":"Feature","geometry":{"type":"Point","coordinates":[73.75548,20.00566]},"properties":{"id":"place_n3640271052","type":"religious","name":"Laxmi Temple","name_local":null,"category":"hindu","source":"openstreetmap","source_id":"node/3640271052","updated_at":"2015-07-08T06:20:51Z","tags":{"religion":"hindu"}}},{"type":"Feature","geometry":{"type":"Point","coordinates":[73.75685,20.00661]},"properties":{"id":"place_n3640271053","type":"religious","name":"Yashvant Nagar Shiva Temple","name_local":null,"category":"hindu","source":"openstreetmap","source_id":"node/3640271053","updated_at":"2015-07-08T06:20:51Z","tags":{"religion":"hindu"}}},{"type":"Feature","geometry":{"type":"Point","coordinates":[73.75438,20.00857]},"properties":{"id":"place_n3640271054","type":"school","name":"Vidya Prabodhini Prashala","name_local":"विद्या प्रबोधिनी प्रशाला","category":null,"source":"openstreetmap","source_id":"node/3640271054","updated_at":"2019-01-28T08:56:29Z","tags":{"name:mr":"विद्या प्रबोधिनी प्रशाला","addr:street":"Rambhoomi","addr:city":"Nashik","addr:postcode":"422013"}}},{"type":"Feature","geometry":{"type":"Point","coordinates":[73.79409,20.00767]},"properties":{"id":"place_n3657494744","type":"landmark","name":"Shani Chowk","name_local":null,"category":"chowk / junction","source":"openstreetmap","source_id":"node/3657494744","updated_at":"2026-01-21T17:02:26Z","tags":{}}},{"type":"Feature","geometry":{"type":"Point","coordinates":[73.79447,20.00865]},"properties":{"id":"place_n3657494822","type":"landmark","name":"Malviya Chowk","name_local":null,"category":"chowk / junction","source":"openstreetmap","source_id":"node/3657494822","updated_at":"2026-01-21T15:26:52Z","tags":{}}},{"type":"Feature","geometry":{"type":"Point","coordinates":[73.71393,19.98932]},"properties":{"id":"place_n3672851564","type":"bus_stop","name":"Ashoknagar","name_local":null,"category":"bus stop","source":"openstreetmap","source_id":"node/3672851564","updated_at":"2015-07-30T06:29:17Z","tags":{}}},{"type":"Feature","geometry":{"type":"Point","coordinates":[73.78269,19.99902]},"properties":{"id":"place_n3996732528","type":"hospital","name":"Dr Bapaye Hospital","name_local":null,"category":null,"source":"openstreetmap","source_id":"node/3996732528","updated_at":"2019-12-21T22:16:25Z","tags":{"addr:full":"Behind N D C C Bank, Old Agra Road, Old Agra Road","addr:postcode":"422001"}}},{"type":"Feature","geometry":{"type":"Point","coordinates":[73.82986,19.96051]},"properties":{"id":"place_n4089425184","type":"religious","name":"Birla Mandir","name_local":null,"category":"hindu","source":"openstreetmap","source_id":"node/4089425184","updated_at":"2016-07-06T04:10:45Z","tags":{"religion":"hindu"}}},{"type":"Feature","geometry":{"type":"Point","coordinates":[73.79249,20.00726]},"properties":{"id":"place_n4115262090","type":"tourism","name":"Ramkund","name_local":null,"category":"attraction","source":"openstreetmap","source_id":"node/4115262090","updated_at":"2026-01-12T12:58:02Z","tags":{"website":"https://nashik.gov.in/en/tourist-place/ramkund-nashik/","opening_hours":"24/7"}}},{"type":"Feature","geometry":{"type":"Point","coordinates":[73.79616,20.00772]},"properties":{"id":"place_n4115267791","type":"religious","name":"Sita Gufa","name_local":null,"category":"hindu","source":"openstreetmap","source_id":"node/4115267791","updated_at":"2026-01-21T15:26:52Z","tags":{"religion":"hindu"}}},{"type":"Feature","geometry":{"type":"Point","coordinates":[73.83771,19.95409]},"properties":{"id":"place_n4285603560","type":"landmark","name":"Bytco Point","name_local":null,"category":"chowk / junction","source":"openstreetmap","source_id":"node/4285603560","updated_at":"2026-01-11T05:56:31Z","tags":{}}},{"type":"Feature","geometry":{"type":"Point","coordinates":[73.83114,20.01582]},"properties":{"id":"place_n4338284070","type":"religious","name":"Sankat Mochan Veer Hanuman Mandir","name_local":null,"category":"hindu","source":"openstreetmap","source_id":"node/4338284070","updated_at":"2016-08-06T11:37:52Z","tags":{"religion":"hindu"}}},{"type":"Feature","geometry":{"type":"Point","coordinates":[73.70717,19.98868]},"properties":{"id":"place_n4343900613","type":"religious","name":"Shree Pavan Putra Hanuman Mandir","name_local":null,"category":"hindu","source":"openstreetmap","source_id":"node/4343900613","updated_at":"2016-08-10T06:37:39Z","tags":{"religion":"hindu"}}},{"type":"Feature","geometry":{"type":"Point","coordinates":[73.75765,19.98459]},"properties":{"id":"place_n4344316461","type":"school","name":"Pethe High School, Nashik","name_local":null,"category":null,"source":"openstreetmap","source_id":"node/4344316461","updated_at":"2016-08-10T12:08:03Z","tags":{}}},{"type":"Feature","geometry":{"type":"Point","coordinates":[73.74411,19.96825]},"properties":{"id":"place_n4345599735","type":"religious","name":"Hanuman Temple","name_local":null,"category":"hindu","source":"openstreetmap","source_id":"node/4345599735","updated_at":"2016-08-11T09:40:03Z","tags":{"religion":"hindu"}}},{"type":"Feature","geometry":{"type":"Point","coordinates":[73.7574,19.98092]},"properties":{"id":"place_n4347092092","type":"religious","name":"Saptashrungi Temple","name_local":null,"category":null,"source":"openstreetmap","source_id":"node/4347092092","updated_at":"2016-08-12T10:11:59Z","tags":{}}},{"type":"Feature","geometry":{"type":"Point","coordinates":[73.7818,19.96647]},"properties":{"id":"place_n4352219552","type":"school","name":"Nashik Cambridge School","name_local":null,"category":null,"source":"openstreetmap","source_id":"node/4352219552","updated_at":"2016-08-16T07:14:46Z","tags":{}}},{"type":"Feature","geometry":{"type":"Point","coordinates":[73.7777,19.95873]},"properties":{"id":"place_n4352237384","type":"school","name":"Guru  Gobind Singh Public School","name_local":null,"category":null,"source":"openstreetmap","source_id":"node/4352237384","updated_at":"2016-08-16T07:38:28Z","tags":{}}},{"type":"Feature","geometry":{"type":"Point","coordinates":[73.84149,19.97173]},"properties":{"id":"place_n4357164471","type":"religious","name":"Shree Bhalchandray Ganesh Mandir","name_local":null,"category":"hindu","source":"openstreetmap","source_id":"node/4357164471","updated_at":"2016-08-19T07:45:34Z","tags":{"religion":"hindu"}}},{"type":"Feature","geometry":{"type":"Point","coordinates":[73.85415,19.97472]},"properties":{"id":"place_n4357276993","type":"landmark","name":"Overhead Water Tank","name_local":null,"category":"water tank","source":"openstreetmap","source_id":"node/4357276993","updated_at":"2016-08-19T10:04:36Z","tags":{}}},{"type":"Feature","geometry":{"type":"Point","coordinates":[73.8444,19.98021]},"properties":{"id":"place_n4357414746","type":"religious","name":"Sant Dnyaneshwar Mauli Mandir","name_local":null,"category":"hindu","source":"openstreetmap","source_id":"node/4357414746","updated_at":"2016-08-19T12:03:27Z","tags":{"religion":"hindu"}}},{"type":"Feature","geometry":{"type":"Point","coordinates":[73.82285,19.96741]},"properties":{"id":"place_n4358920496","type":"government","name":"Upnagar Police Station","name_local":null,"category":"police","source":"openstreetmap","source_id":"node/4358920496","updated_at":"2016-08-20T12:26:51Z","tags":{}}},{"type":"Feature","geometry":{"type":"Point","coordinates":[73.82533,19.96852]},"properties":{"id":"place_n4358922473","type":"government","name":"Nehru Nagar Police Station","name_local":null,"category":"police","source":"openstreetmap","source_id":"node/4358922473","updated_at":"2016-08-20T12:32:08Z","tags":{}}},{"type":"Feature","geometry":{"type":"Point","coordinates":[73.82714,19.95873]},"properties":{"id":"place_n4361162326","type":"school","name":"K. J. Mehta Higschool","name_local":null,"category":null,"source":"openstreetmap","source_id":"node/4361162326","updated_at":"2016-08-22T07:19:54Z","tags":{}}},{"type":"Feature","geometry":{"type":"Point","coordinates":[73.82625,19.95869]},"properties":{"id":"place_n4361162327","type":"school","name":"SM Joshi Adhyapak Vidyalaya","name_local":null,"category":null,"source":"openstreetmap","source_id":"node/4361162327","updated_at":"2016-08-22T07:19:54Z","tags":{}}},{"type":"Feature","geometry":{"type":"Point","coordinates":[73.82833,19.96055]},"properties":{"id":"place_n4361162330","type":"government","name":"Nashik Passport Office","name_local":null,"category":"government office","source":"openstreetmap","source_id":"node/4361162330","updated_at":"2016-08-22T07:19:54Z","tags":{}}},{"type":"Feature","geometry":{"type":"Point","coordinates":[73.7454,19.97195]},"properties":{"id":"place_n4475525403","type":"government","name":"More kaka house","name_local":null,"category":"post_office","source":"openstreetmap","source_id":"node/4475525403","updated_at":"2016-11-01T18:49:03Z","tags":{"name:en":"More kaka house"}}},{"type":"Feature","geometry":{"type":"Point","coordinates":[73.78382,20.01161]},"properties":{"id":"place_n4720589191","type":"bus_stop","name":"Kaushalya Nagar Ramwadi","name_local":null,"category":"bus stop","source":"openstreetmap","source_id":"node/4720589191","updated_at":"2017-03-06T16:09:59Z","tags":{"name:en":"Kaushalya Nagar Ramwadi","operator":"Kamlesh Sethiya"}}},{"type":"Feature","geometry":{"type":"Point","coordinates":[73.66224,19.96173]},"properties":{"id":"place_n4752015222","type":"religious","name":"nasardi start point","name_local":null,"category":null,"source":"openstreetmap","source_id":"node/4752015222","updated_at":"2017-03-24T03:31:55Z","tags":{}}},{"type":"Feature","geometry":{"type":"Point","coordinates":[73.77665,19.98441]},"properties":{"id":"place_n4757644922","type":"hospital","name":"Karandikar Hospital","name_local":null,"category":null,"source":"openstreetmap","source_id":"node/4757644922","updated_at":"2017-03-27T09:32:15Z","tags":{"name:en":"Karandikar Hospital"}}},{"type":"Feature","geometry":{"type":"Point","coordinates":[73.79641,19.99387]},"properties":{"id":"place_n4844717823","type":"bus_stop","name":null,"name_local":null,"category":"bus stop","source":"openstreetmap","source_id":"node/4844717823","updated_at":"2017-05-09T23:56:49Z","tags":{}}},{"type":"Feature","geometry":{"type":"Point","coordinates":[73.78538,20.0094]},"properties":{"id":"place_n4845183821","type":"religious","name":"Siddheshwar Mandir","name_local":null,"category":"hindu","source":"openstreetmap","source_id":"node/4845183821","updated_at":"2026-01-11T03:29:32Z","tags":{"name:en":"Siddheshwar Mandir","addr:street":"kausalya nagar","religion":"hindu"}}},{"type":"Feature","geometry":{"type":"Point","coordinates":[73.78569,20.00913]},"properties":{"id":"place_n4845186221","type":"religious","name":"Akashnath Maharaj Mandir","name_local":null,"category":"hindu","source":"openstreetmap","source_id":"node/4845186221","updated_at":"2026-01-11T02:52:44Z","tags":{"name:en":"Akashnath Maharaj Mandir","religion":"hindu"}}},{"type":"Feature","geometry":{"type":"Point","coordinates":[73.79321,20.007]},"properties":{"id":"place_n4846713527","type":"religious","name":"Man statue","name_local":null,"category":null,"source":"openstreetmap","source_id":"node/4846713527","updated_at":"2017-05-11T00:41:28Z","tags":{"name:en":"Man statue"}}},{"type":"Feature","geometry":{"type":"Point","coordinates":[73.78712,20.00432]},"properties":{"id":"place_n4846713530","type":"school","name":"Sadguru math academy","name_local":null,"category":null,"source":"openstreetmap","source_id":"node/4846713530","updated_at":"2017-05-11T00:42:11Z","tags":{"name:en":"Sadguru math academy"}}},{"type":"Feature","geometry":{"type":"Point","coordinates":[73.78488,20.00696]},"properties":{"id":"place_n4846713536","type":"tourism","name":"Dolphin","name_local":null,"category":"historic monument","source":"openstreetmap","source_id":"node/4846713536","updated_at":"2017-05-11T00:42:59Z","tags":{"name:en":"Dolphin"}}},{"type":"Feature","geometry":{"type":"Point","coordinates":[73.78488,20.00666]},"properties":{"id":"place_n4846719025","type":"landmark","name":"Wellness forever","name_local":"Wellness Forever","category":"pharmacy","source":"openstreetmap","source_id":"node/4846719025","updated_at":"2024-07-20T07:47:25Z","tags":{"name:en":"Wellness forever","brand":"Wellness Forever"}}},{"type":"Feature","geometry":{"type":"Point","coordinates":[73.78004,19.99707]},"properties":{"id":"place_n4849868125","type":"bus_stop","name":"Sleeper Buses Waiting Station","name_local":null,"category":"bus stop","source":"openstreetmap","source_id":"node/4849868125","updated_at":"2026-01-11T02:26:58Z","tags":{"name:en":"Sleeper Buses Waiting Station"}}},{"type":"Feature","geometry":{"type":"Point","coordinates":[73.79244,20.00831]},"properties":{"id":"place_n4849889226","type":"drinking_water","name":"Free","name_local":null,"category":"drinking water","source":"openstreetmap","source_id":"node/4849889226","updated_at":"2017-05-12T16:02:09Z","tags":{"name:en":"Free"}}},{"type":"Feature","geometry":{"type":"Point","coordinates":[73.77919,19.99623]},"properties":{"id":"place_n4849889623","type":"hospital","name":"Dhadiwal Hospital","name_local":null,"category":null,"source":"openstreetmap","source_id":"node/4849889623","updated_at":"2022-11-03T14:33:35Z","tags":{"name:en":"Dhadiwal Hospital"}}},{"type":"Feature","geometry":{"type":"Point","coordinates":[73.75531,19.98273]},"properties":{"id":"place_n5447118540","type":"hospital","name":"Dr.Paner Surgical Hospital","name_local":null,"category":"surgery;general","source":"openstreetmap","source_id":"node/5447118540","updated_at":"2018-03-02T04:54:51Z","tags":{"operator":"Dr.Paner Paras Chetan","addr:street":"Trimurti-Kamatwade Road","addr:city":"Nashik","addr:postcode":"422008","phone":"+91 9823095425","emergency":"no"}}},{"type":"Feature","geometry":{"type":"Point","coordinates":[73.81062,20.0325]},"properties":{"id":"place_n5518011244","type":"religious","name":"Dakshin Mukhi Maruti Mandir","name_local":null,"category":"hindu","source":"openstreetmap","source_id":"node/5518011244","updated_at":"2018-03-31T08:24:43Z","tags":{"religion":"hindu","denomination":"hindu"}}},{"type":"Feature","geometry":{"type":"Point","coordinates":[73.80359,20.03441]},"properties":{"id":"place_n5518011272","type":"market","name":"Shanivar Bajar","name_local":null,"category":"marketplace","source":"openstreetmap","source_id":"node/5518011272","updated_at":"2018-03-31T08:24:43Z","tags":{}}},{"type":"Feature","geometry":{"type":"Point","coordinates":[73.80329,20.03447]},"properties":{"id":"place_n5518011273","type":"landmark","name":"State Bank of India","name_local":null,"category":"bank","source":"openstreetmap","source_id":"node/5518011273","updated_at":"2024-07-20T07:47:25Z","tags":{"short_name":"SBI","brand":"State Bank of India"}}},{"type":"Feature","geometry":{"type":"Point","coordinates":[73.75428,19.99613]},"properties":{"id":"place_n5695770541","type":"landmark","name":"Axis Bank","name_local":null,"category":"bank","source":"openstreetmap","source_id":"node/5695770541","updated_at":"2024-07-20T07:47:25Z","tags":{"brand":"Axis Bank"}}},{"type":"Feature","geometry":{"type":"Point","coordinates":[73.75823,20.01212]},"properties":{"id":"place_n5758951078","type":"landmark","name":"The kalyan Janata Sahakari Bank","name_local":null,"category":"bank","source":"openstreetmap","source_id":"node/5758951078","updated_at":"2018-07-13T16:10:26Z","tags":{}}},{"type":"Feature","geometry":{"type":"Point","coordinates":[73.74743,20.01186]},"properties":{"id":"place_n5758975181","type":"religious","name":"Shri Mahalakshmi Temple","name_local":null,"category":"hindu","source":"openstreetmap","source_id":"node/5758975181","updated_at":"2018-07-13T16:19:36Z","tags":{"religion":"hindu"}}},{"type":"Feature","geometry":{"type":"Point","coordinates":[73.75428,20.01543]},"properties":{"id":"place_n5924236053","type":"landmark","name":"Thane Junta Sahakari Bank","name_local":null,"category":"bank","source":"openstreetmap","source_id":"node/5924236053","updated_at":"2018-09-23T15:45:50Z","tags":{}}},{"type":"Feature","geometry":{"type":"Point","coordinates":[73.75388,20.01522]},"properties":{"id":"place_n5924236058","type":"landmark","name":"Vasai Vikas Sahakari Bank","name_local":null,"category":"bank","source":"openstreetmap","source_id":"node/5924236058","updated_at":"2018-09-23T15:45:50Z","tags":{}}},{"type":"Feature","geometry":{"type":"Point","coordinates":[73.75587,20.01387]},"properties":{"id":"place_n5924236090","type":"landmark","name":"Jankalyan Cooperative Bank","name_local":null,"category":"bank","source":"openstreetmap","source_id":"node/5924236090","updated_at":"2018-09-23T15:45:51Z","tags":{}}},{"type":"Feature","geometry":{"type":"Point","coordinates":[73.75579,20.01342]},"properties":{"id":"place_n5924238786","type":"landmark","name":"State Bank of India","name_local":null,"category":"bank","source":"openstreetmap","source_id":"node/5924238786","updated_at":"2024-07-20T07:47:25Z","tags":{"short_name":"SBI","brand":"State Bank of India"}}},{"type":"Feature","geometry":{"type":"Point","coordinates":[73.97392,20.04686]},"properties":{"id":"place_n6171506349","type":"railway_station","name":"Kherwadi","name_local":null,"category":"station","source":"openstreetmap","source_id":"node/6171506349","updated_at":"2020-12-15T14:19:37Z","tags":{"operator":"CR","wikidata":"Q63356165","ref":"KW"}}},{"type":"Feature","geometry":{"type":"Point","coordinates":[73.83674,19.89655]},"properties":{"id":"place_n6171526043","type":"railway_station","name":"Devlali","name_local":null,"category":"station","source":"openstreetmap","source_id":"node/6171526043","updated_at":"2020-12-15T14:23:55Z","tags":{"operator":"CR","wikipedia":"en:Devlali railway station","wikidata":"Q24944934","ref":"DVL"}}},{"type":"Feature","geometry":{"type":"Point","coordinates":[73.7541,20.00044]},"properties":{"id":"place_n6202953270","type":"landmark","name":"Mahatmanagar water tank","name_local":null,"category":"water tank","source":"openstreetmap","source_id":"node/6202953270","updated_at":"2019-01-12T09:48:00Z","tags":{}}},{"type":"Feature","geometry":{"type":"Point","coordinates":[73.75824,20.00567]},"properties":{"id":"place_n6241240450","type":"religious","name":"Datta Mandir","name_local":"दत्त मंदिर","category":"hindu","source":"openstreetmap","source_id":"node/6241240450","updated_at":"2019-01-28T08:49:32Z","tags":{"name:mr":"दत्त मंदिर","religion":"hindu"}}},{"type":"Feature","geometry":{"type":"Point","coordinates":[73.51805,19.91563]},"properties":{"id":"place_n6243709265","type":"religious","name":"Gomukh Temple","name_local":null,"category":"hindu","source":"openstreetmap","source_id":"node/6243709265","updated_at":"2019-01-29T07:30:47Z","tags":{"religion":"hindu"}}},{"type":"Feature","geometry":{"type":"Point","coordinates":[73.7734,19.96539]},"properties":{"id":"place_n6312668051","type":"tourism","name":"WeGo Art Gallery and Art Exhibition","name_local":null,"category":"gallery","source":"openstreetmap","source_id":"node/6312668051","updated_at":"2024-01-27T08:59:40Z","tags":{"operator":"Nilesh Pawaskar","addr:street":"Chetna Nagar","addr:city":"Nashik","addr:postcode":"422009","opening_hours":"Mo-Su 09:00-21:00","fee":"yes"}}},{"type":"Feature","geometry":{"type":"Point","coordinates":[73.77794,19.98286]},"properties":{"id":"place_n6822142594","type":"religious","name":"Ganpati Mandir","name_local":null,"category":"hindu","source":"openstreetmap","source_id":"node/6822142594","updated_at":"2019-09-25T09:08:12Z","tags":{"opening_hours":"Mo-Su 06:00-22:00; PH open","religion":"hindu","wheelchair":"limited"}}},{"type":"Feature","geometry":{"type":"Point","coordinates":[73.77873,19.95812]},"properties":{"id":"place_n6918797129","type":"college","name":"Guru Gobind Singh College","name_local":null,"category":"college","source":"openstreetmap","source_id":"node/6918797129","updated_at":"2019-10-26T18:22:00Z","tags":{}}},{"type":"Feature","geometry":{"type":"Point","coordinates":[73.77934,19.99084]},"properties":{"id":"place_n7041055349","type":"hospital","name":"Dr. Suryawanshi Eye Hospital","name_local":null,"category":null,"source":"openstreetmap","source_id":"node/7041055349","updated_at":"2019-12-07T23:54:28Z","tags":{"addr:full":"Near Hotel Sandeep, Mumbai Naka,Kute Marg","addr:postcode":"422002"}}},{"type":"Feature","geometry":{"type":"Point","coordinates":[73.72214,19.9887]},"properties":{"id":"place_n7041066632","type":"hospital","name":"Sarthak Hospital, Nashik","name_local":null,"category":null,"source":"openstreetmap","source_id":"node/7041066632","updated_at":"2019-12-08T00:16:21Z","tags":{"addr:full":"3Road & 4Rt Floor, Susya Arcade, Opposite Nilmani Bus Stand, Panchvati","addr:postcode":"422003"}}},{"type":"Feature","geometry":{"type":"Point","coordinates":[73.74532,19.98201]},"properties":{"id":"place_n7041093725","type":"hospital","name":"Aashirwad Hospital, Nashik","name_local":null,"category":null,"source":"openstreetmap","source_id":"node/7041093725","updated_at":"2025-12-05T11:45:55Z","tags":{"addr:full":"Vasant Vyakhyanmala Maidan, Behind Durga Mata Mandir, Trimurti Chowk","addr:postcode":"422008"}}},{"type":"Feature","geometry":{"type":"Point","coordinates":[73.78464,19.98859]},"properties":{"id":"place_n7042991453","type":"hospital","name":"Arihant Hospital, Nashik","name_local":null,"category":null,"source":"openstreetmap","source_id":"node/7042991453","updated_at":"2019-12-09T05:11:12Z","tags":{"addr:full":"Behind Wasan Showroom, Mumbai Naka","addr:postcode":"422001"}}},{"type":"Feature","geometry":{"type":"Point","coordinates":[73.75759,19.95516]},"properties":{"id":"place_n7043011303","type":"hospital","name":"Vakratunda Multispeciality Hospital - Nasik","name_local":null,"category":null,"source":"openstreetmap","source_id":"node/7043011303","updated_at":"2019-12-09T05:16:30Z","tags":{"addr:full":"1st Floor, Rhaghukul Sankul,Behind Hotel Bandhuraj,Pathardi Phatta","addr:postcode":"422010"}}},{"type":"Feature","geometry":{"type":"Point","coordinates":[73.75626,20.01255]},"properties":{"id":"place_n7043015177","type":"hospital","name":"Nerlikar Hospital and Research Centre","name_local":null,"category":null,"source":"openstreetmap","source_id":"node/7043015177","updated_at":"2019-12-09T05:34:58Z","tags":{"addr:full":"Gangapur Road Gangapur Road","addr:postcode":"422013"}}},{"type":"Feature","geometry":{"type":"Point","coordinates":[73.76895,20.00642]},"properties":{"id":"place_n7043017175","type":"hospital","name":"Chopda Medicare & Research Centre Pvt. Ltd’s - Magnum Heart Institute","name_local":null,"category":null,"source":"openstreetmap","source_id":"node/7043017175","updated_at":"2019-12-27T05:52:39Z","tags":{"addr:full":"Plot No -3/5, Patil Lane 1, Canada Corner, Near Karmaveer Bhausaheb Hire Vidyalaya, Vasant Market, Gangapur Road","addr:postcode":"422005"}}},{"type":"Feature","geometry":{"type":"Point","coordinates":[73.77245,20.00092]},"properties":{"id":"place_n7043617930","type":"hospital","name":"Lele Hospital and Research Center Pvt Ltd","name_local":null,"category":null,"source":"openstreetmap","source_id":"node/7043617930","updated_at":"2022-11-10T06:41:05Z","tags":{"operator":"DR.PUSHKAR LELE","operator:type":"private","addr:full":"Kulkarni Colony, Sharanpur Road, Near Kulkarni Garden. Opposite Nelson Hospital","addr:street":"KULKARNI COLONY,SHARANPUR ROAD","addr:city":"Nashik","addr:postcode":"422002","emergency":"yes"}}},{"type":"Feature","geometry":{"type":"Point","coordinates":[73.77551,20.00381]},"properties":{"id":"place_n7044356003","type":"hospital","name":"Prasanna Balrugnalay and Research Centre","name_local":null,"category":null,"source":"openstreetmap","source_id":"node/7044356003","updated_at":"2019-12-09T14:57:25Z","tags":{"addr:full":"3rd Floor, Rajvee Enclave, New Pandit Colony, Beside Old Nashik Municipal Corporation","addr:postcode":"422002"}}},{"type":"Feature","geometry":{"type":"Point","coordinates":[73.78522,19.98699]},"properties":{"id":"place_n7044490657","type":"hospital","name":"Vasan Eye Care Hospital, Nasik","name_local":null,"category":null,"source":"openstreetmap","source_id":"node/7044490657","updated_at":"2019-12-09T16:05:07Z","tags":{"addr:full":"Bhabha Nagar, Corner Mubai Naka, Nashik, Maharastra Nashik","addr:postcode":"422001"}}},{"type":"Feature","geometry":{"type":"Point","coordinates":[73.78339,19.99969]},"properties":{"id":"place_n7045252536","type":"hospital","name":"Dr A.K.Pawar Institute of Obstetrics, Gynecology and Reproductive Medicine","name_local":null,"category":null,"source":"openstreetmap","source_id":"node/7045252536","updated_at":"2019-12-26T12:05:05Z","tags":{"addr:full":"Charuhas, Near Gaikwad Classes, Kanherewad","addr:postcode":"422001"}}},{"type":"Feature","geometry":{"type":"Point","coordinates":[73.78224,19.98797]},"properties":{"id":"place_n7045750041","type":"hospital","name":"Shreeya Hospital","name_local":null,"category":null,"source":"openstreetmap","source_id":"node/7045750041","updated_at":"2019-12-10T05:39:54Z","tags":{"addr:full":"Gayakwad Nagar, Mumbai Naka, Near Mahamarg Bus Stand","addr:postcode":"422002"}}},{"type":"Feature","geometry":{"type":"Point","coordinates":[73.77527,20.00278]},"properties":{"id":"place_n7045823769","type":"hospital","name":"Sushrut Hospital, Nashik","name_local":null,"category":null,"source":"openstreetmap","source_id":"node/7045823769","updated_at":"2019-12-10T06:42:12Z","tags":{"addr:full":"Gautam', New Pandit Colony, Sharanpur Road","addr:postcode":"422002"}}},{"type":"Feature","geometry":{"type":"Point","coordinates":[73.81062,19.97786]},"properties":{"id":"place_n7045917537","type":"hospital","name":"Muktai Hospital, Jalgaon","name_local":null,"category":null,"source":"openstreetmap","source_id":"node/7045917537","updated_at":"2019-12-10T07:22:55Z","tags":{"addr:full":"Shivaji Nagar, Jammer.Tal.Jamner","addr:postcode":"424206"}}},{"type":"Feature","geometry":{"type":"Point","coordinates":[73.73562,19.99034]},"properties":{"id":"place_n7045980535","type":"hospital","name":"Dr. Karad Hospital","name_local":null,"category":null,"source":"openstreetmap","source_id":"node/7045980535","updated_at":"2019-12-11T02:34:58Z","tags":{"addr:full":"Satpur,Nashik-Trimbak Road","addr:postcode":"422007"}}},{"type":"Feature","geometry":{"type":"Point","coordinates":[73.8026,19.98269]},"properties":{"id":"place_n7047817984","type":"hospital","name":"Suvichar Hospital Pvt. Ltd","name_local":null,"category":null,"source":"openstreetmap","source_id":"node/7047817984","updated_at":"2019-12-10T22:01:21Z","tags":{"addr:full":"858 / 85, Ganesh Bada Nagar, Behind Hotel Siddharth, Poona Road","addr:postcode":"422001"}}},{"type":"Feature","geometry":{"type":"Point","coordinates":[73.77761,20.0004]},"properties":{"id":"place_n7047924965","type":"hospital","name":"Sunrise Hospital, Nashik","name_local":null,"category":"general","source":"openstreetmap","source_id":"node/7047924965","updated_at":"2022-11-10T06:41:05Z","tags":{"operator":"DR.KUNAL JADAHV","operator:type":"private","addr:full":"3Road Floor, Above Kalakruti Sadi Centre, Suyojit Modern Point, Opposite Police Parage Gorund, Sharanpura Road","addr:street":"SUYOJITMODER POINT,SHARANPUR ROAD","addr:city":"NASHIK","addr:postcode":"422002","emergency":"yes"}}},{"type":"Feature","geometry":{"type":"Point","coordinates":[73.78183,19.98582]},"properties":{"id":"place_n7048040165","type":"hospital","name":"Indorewala ENT Hospital","name_local":null,"category":null,"source":"openstreetmap","source_id":"node/7048040165","updated_at":"2019-12-11T01:25:49Z","tags":{"addr:full":"Behind Mahamarg Bus Stand, Old Mumbai- Naka, Gaikwad Nagar","addr:postcode":"422001"}}},{"type":"Feature","geometry":{"type":"Point","coordinates":[73.78357,19.99217]},"properties":{"id":"place_n7048172476","type":"hospital","name":"Sudarshan Hospital","name_local":null,"category":null,"source":"openstreetmap","source_id":"node/7048172476","updated_at":"2022-11-03T14:41:13Z","tags":{"addr:full":"City Plaza, Opp Kalika Mandir, Old Agra Road","addr:postcode":"422002"}}},{"type":"Feature","geometry":{"type":"Point","coordinates":[73.7684,19.96757]},"properties":{"id":"place_n7048425352","type":"hospital","name":"Shrinivas Multispeciality Hospital","name_local":null,"category":null,"source":"openstreetmap","source_id":"node/7048425352","updated_at":"2019-12-11T05:57:05Z","tags":{"addr:full":"N-35/S-4/8/1 Swami Vivekand Nagar State Bank Chowk Mumbai-Agra Highway Cidco","addr:postcode":"422008"}}},{"type":"Feature","geometry":{"type":"Point","coordinates":[73.77111,20.01303]},"properties":{"id":"place_n7048425359","type":"hospital","name":"Sukhamte Maternity Home","name_local":null,"category":null,"source":"openstreetmap","source_id":"node/7048425359","updated_at":"2019-12-11T05:57:05Z","tags":{"addr:full":"Gangapur Rd Behind Mai Lele High School And Rathi Amrai, Gurudatta Nagar,Dehmandir Cooperative Housing Society","addr:postcode":"422002"}}},{"type":"Feature","geometry":{"type":"Point","coordinates":[73.78183,19.98802]},"properties":{"id":"place_n7048498760","type":"hospital","name":"Dr Ganorkar Hospital","name_local":null,"category":null,"source":"openstreetmap","source_id":"node/7048498760","updated_at":"2019-12-11T06:33:49Z","tags":{"addr:full":"Behind Mahamarg Bus Stand Mumbai Naka","addr:postcode":"422001"}}},{"type":"Feature","geometry":{"type":"Point","coordinates":[73.7758,20.00169]},"properties":{"id":"place_n7048504195","type":"hospital","name":"Sai Hospital ( Saphalya Pvt. Ltd.,)","name_local":null,"category":null,"source":"openstreetmap","source_id":"node/7048504195","updated_at":"2019-12-11T06:33:49Z","tags":{"addr:full":"Crown Complex, Opposite Rajiv Gandhi Bhavan,3Road Floor,Sharanpur Road","addr:postcode":"422005"}}},{"type":"Feature","geometry":{"type":"Point","coordinates":[73.78998,19.98848]},"properties":{"id":"place_n7048874945","type":"hospital","name":"Nasik Health Care and Research Centre Pvt.Ltd","name_local":null,"category":null,"source":"openstreetmap","source_id":"node/7048874945","updated_at":"2019-12-11T09:29:04Z","tags":{"addr:full":"Dr Bhabha Nagar,Kaut Ghat Road,New Mumbai -Agra Road","addr:postcode":"422011"}}},{"type":"Feature","geometry":{"type":"Point","coordinates":[73.78415,19.99991]},"properties":{"id":"place_n7048928936","type":"hospital","name":"Shree Saibaba Heart Insititue and Research Center Pvt. Ltd.","name_local":null,"category":null,"source":"openstreetmap","source_id":"node/7048928936","updated_at":"2019-12-11T09:57:23Z","tags":{"addr:full":"Near Kalidar Kala Mandir,Shalimar","addr:postcode":"422002"}}},{"type":"Feature","geometry":{"type":"Point","coordinates":[73.78666,20.00824]},"properties":{"id":"place_n7049050295","type":"hospital","name":"Supe Heart & Diabetics Hospital and Research C","name_local":null,"category":null,"source":"openstreetmap","source_id":"node/7049050295","updated_at":"2019-12-11T10:37:42Z","tags":{"addr:full":"Kanhere Wadi, Near Gaikwad Classes, Behind Shivaji Garden, In Front Of Old Cbs","addr:postcode":"422001"}}},{"type":"Feature","geometry":{"type":"Point","coordinates":[73.78322,19.99789]},"properties":{"id":"place_n7049054304","type":"hospital","name":"Birla Super Speciality Eye Hospital and Lasik Centre","name_local":null,"category":null,"source":"openstreetmap","source_id":"node/7049054304","updated_at":"2023-10-22T22:03:10Z","tags":{"addr:full":"B-180, Opposite Zilla Parishad, Trimbak Road","addr:postcode":"422002","phone":"02532505666","website":"https://birlaeyehospital.com/"}}},{"type":"Feature","geometry":{"type":"Point","coordinates":[73.78207,19.9803]},"properties":{"id":"place_n7049154744","type":"hospital","name":"Barde Maternity Hospital","name_local":null,"category":null,"source":"openstreetmap","source_id":"node/7049154744","updated_at":"2019-12-11T11:21:57Z","tags":{"addr:full":"Vedashree Lane No-1, Suchita , Behind Hotel Inayat Cafe,Mumbai Agra Road","addr:postcode":"422009"}}},{"type":"Feature","geometry":{"type":"Point","coordinates":[73.78574,20.00892]},"properties":{"id":"place_n7049188650","type":"hospital","name":"Chaitanya Nursing Home","name_local":null,"category":null,"source":"openstreetmap","source_id":"node/7049188650","updated_at":"2019-12-11T11:42:32Z","tags":{"addr:full":"Near Runghta High School, Opposite Adhar Ashram","addr:postcode":"422001"}}},{"type":"Feature","geometry":{"type":"Point","coordinates":[73.74903,19.985]},"properties":{"id":"place_n7049770679","type":"hospital","name":"Sukhakarta Hospital","name_local":null,"category":null,"source":"openstreetmap","source_id":"node/7049770679","updated_at":"2023-10-04T23:06:59Z","tags":{"addr:full":"ITI-Ambad Link Road, Near CITU Bhavan, Khutwad Nagar","addr:postcode":"422008","website":"https://sukhakartahospital.in/"}}},{"type":"Feature","geometry":{"type":"Point","coordinates":[73.79324,20.01022]},"properties":{"id":"place_n7049880700","type":"hospital","name":"Shraddha Eye Hospital","name_local":null,"category":null,"source":"openstreetmap","source_id":"node/7049880700","updated_at":"2019-12-11T16:38:11Z","tags":{"addr:full":"Mukund Appartment, Indrakund, Panchawati","addr:postcode":"422003"}}},{"type":"Feature","geometry":{"type":"Point","coordinates":[73.79667,20.01472]},"properties":{"id":"place_n7050280708","type":"hospital","name":"Sanjeevani Criticare and Research Centre Pvt Ltd","name_local":null,"category":"general","source":"openstreetmap","source_id":"node/7050280708","updated_at":"2022-11-10T06:41:05Z","tags":{"addr:full":"Narayan Sankul, Near Mahalxmi Talkies Dinori Road, Panchavati","addr:street":"NARAYAN SANKUL,NEAR MAHALAXMI TALKIES","addr:city":"NASHIK","addr:postcode":"422003","emergency":"yes"}}},{"type":"Feature","geometry":{"type":"Point","coordinates":[73.77725,20.00553]},"properties":{"id":"place_n7050321638","type":"hospital","name":"Sparsh Hospital","name_local":null,"category":"general","source":"openstreetmap","source_id":"node/7050321638","updated_at":"2022-11-10T06:41:05Z","tags":{"addr:full":"Ganeshree Bunglow, Lane No. 1, Gangapur Rd, Pandit Colony","addr:city":"NASHIK","addr:postcode":"422002"}}},{"type":"Feature","geometry":{"type":"Point","coordinates":[73.80553,20.0124]},"properties":{"id":"place_n7050624423","type":"hospital","name":"Dr. Upasani Maternity and Nursing Home","name_local":null,"category":"gynaecology","source":"openstreetmap","source_id":"node/7050624423","updated_at":"2022-11-10T06:41:05Z","tags":{"operator":"Dr.Upasani","operator:type":"private","addr:full":"67, Shivam Nagar, Hirawadi Road, Old Adgaon Naka, Panchavati","addr:street":"Hirawadi Road","addr:city":"Nashik","addr:postcode":"422003","emergency":"yes"}}},{"type":"Feature","geometry":{"type":"Point","coordinates":[73.77732,19.97813]},"properties":{"id":"place_n7051137474","type":"hospital","name":"Usha Hospital, Nashik","name_local":null,"category":null,"source":"openstreetmap","source_id":"node/7051137474","updated_at":"2019-12-12T06:26:36Z","tags":{"addr:full":"Plot, No 14, Sunderban Colony, Lekhanagar, Cidco","addr:postcode":"422009"}}},{"type":"Feature","geometry":{"type":"Point","coordinates":[73.77112,19.99841]},"properties":{"id":"place_n7051167330","type":"hospital","name":"Shinge Superspeciality Hospital","name_local":null,"category":null,"source":"openstreetmap","source_id":"node/7051167330","updated_at":"2019-12-12T06:30:00Z","tags":{"addr:full":"Opposite Rachana Vidyalalya,Kilkarni Colony,Sharanpur Road","addr:postcode":"422002"}}},{"type":"Feature","geometry":{"type":"Point","coordinates":[73.77904,19.99171]},"properties":{"id":"place_n7051342871","type":"hospital","name":"Kute Eye Hospital","name_local":null,"category":null,"source":"openstreetmap","source_id":"node/7051342871","updated_at":"2019-12-12T08:25:08Z","tags":{"addr:full":"S.N. Kute Marg,Tidke Colony","addr:postcode":"422002"}}},{"type":"Feature","geometry":{"type":"Point","coordinates":[73.72108,19.98672]},"properties":{"id":"place_n7051818380","type":"hospital","name":"Maher Hospital","name_local":null,"category":null,"source":"openstreetmap","source_id":"node/7051818380","updated_at":"2019-12-12T12:22:27Z","tags":{"addr:full":"No. 54, Lahuti Nagar, Behind Moule Hall, Trimbak Road . Satpur","addr:postcode":"422007"}}},{"type":"Feature","geometry":{"type":"Point","coordinates":[73.80167,19.98759]},"properties":{"id":"place_n7052219779","type":"hospital","name":"City Care Hospital and Research Centre Pvt. Ltd","name_local":null,"category":null,"source":"openstreetmap","source_id":"node/7052219779","updated_at":"2019-12-12T14:20:05Z","tags":{"addr:full":"Near Nasardi Bridge, Nasik-Poona Road, Dwarka","addr:postcode":"422001"}}},{"type":"Feature","geometry":{"type":"Point","coordinates":[73.83572,19.95287]},"properties":{"id":"place_n7052491864","type":"hospital","name":"Chirayu Childrens Hospital","name_local":null,"category":null,"source":"openstreetmap","source_id":"node/7052491864","updated_at":"2019-12-13T02:19:44Z","tags":{"addr:full":"Samadhan Sankul-1st Floor, Beside St Philip Church, Nashik Road","addr:postcode":"422101"}}},{"type":"Feature","geometry":{"type":"Point","coordinates":[73.7767,19.9845]},"properties":{"id":"place_n7052774033","type":"hospital","name":"Dr.Pimprikar Hspital","name_local":null,"category":null,"source":"openstreetmap","source_id":"node/7052774033","updated_at":"2019-12-12T18:28:28Z","tags":{"addr:full":"Govind Nagar, Chowk No.5,Behind Hotel Prakesh,Mumbai Naka","addr:postcode":"422002"}}},{"type":"Feature","geometry":{"type":"Point","coordinates":[73.91285,20.08073]},"properties":{"id":"place_n7053152428","type":"hospital","name":"Sneha Hospital","name_local":null,"category":null,"source":"openstreetmap","source_id":"node/7053152428","updated_at":"2019-12-12T22:10:20Z","tags":{"addr:full":"Tilak Nagar , Opp Panchwd Ganesh Mandir Ojhar Mig","addr:postcode":"422207"}}},{"type":"Feature","geometry":{"type":"Point","coordinates":[73.77587,20.00183]},"properties":{"id":"place_n7053177461","type":"hospital","name":"Deepjyoti Hospital","name_local":null,"category":null,"source":"openstreetmap","source_id":"node/7053177461","updated_at":"2019-12-12T22:05:13Z","tags":{"addr:full":"Crown Complex Opp Rajiv Gandhi Bhavan Shaharan Pur Road","addr:postcode":"422001"}}},{"type":"Feature","geometry":{"type":"Point","coordinates":[73.77971,19.98901]},"properties":{"id":"place_n7053343857","type":"hospital","name":"Suyash Hospital","name_local":null,"category":null,"source":"openstreetmap","source_id":"node/7053343857","updated_at":"2019-12-13T00:03:04Z","tags":{"addr:full":"No. 594 / 3, Ahilyabai Holkar Marg, Near Mahamarg Bus Stand, Mumbai Naka, Tidke Colony","addr:postcode":"422003"}}},{"type":"Feature","geometry":{"type":"Point","coordinates":[73.77115,20.00262]},"properties":{"id":"place_n7053517503","type":"hospital","name":"Rudra Hospital and Critical Care Centre","name_local":null,"category":null,"source":"openstreetmap","source_id":"node/7053517503","updated_at":"2019-12-13T03:12:18Z","tags":{"addr:full":"Guru Ashish Complex, Oppo. Bsnl,Canada Corner,Sharanpur Road","addr:postcode":"422002"}}},{"type":"Feature","geometry":{"type":"Point","coordinates":[73.8347,19.94767]},"properties":{"id":"place_n7053694059","type":"hospital","name":"Surana Hospital - Nasik Road","name_local":null,"category":null,"source":"openstreetmap","source_id":"node/7053694059","updated_at":"2026-01-29T12:42:25Z","tags":{"addr:full":"Surana Hospital 1st Floor, Ishwar Sankul-C, Behind Regimental Theatre, Nasik Road","addr:postcode":"422008"}}},{"type":"Feature","geometry":{"type":"Point","coordinates":[73.77409,19.99732]},"properties":{"id":"place_n7054258883","type":"hospital","name":"Jai Hospital Pvt Ltd","name_local":null,"category":"general","source":"openstreetmap","source_id":"node/7054258883","updated_at":"2022-11-10T06:41:05Z","tags":{"addr:full":"Rohit Appartment Shyamlal Gupta Marg","addr:city":"NASHIK","addr:postcode":"422002","emergency":"yes"}}},{"type":"Feature","geometry":{"type":"Point","coordinates":[73.7853,20.00814]},"properties":{"id":"place_n7054427560","type":"hospital","name":"Seeta Maternity and Surgical Nursing Home","name_local":null,"category":null,"source":"openstreetmap","source_id":"node/7054427560","updated_at":"2019-12-13T11:58:06Z","tags":{"addr:full":"Gharpure Ghat Lane,Ashok Stambh","addr:postcode":"422002"}}},{"type":"Feature","geometry":{"type":"Point","coordinates":[73.81936,19.97653]},"properties":{"id":"place_n7054453176","type":"hospital","name":"Asha Kendra Hospital","name_local":null,"category":null,"source":"openstreetmap","source_id":"node/7054453176","updated_at":"2019-12-13T12:02:53Z","tags":{"addr:full":"Netaji Subhash Colony, Ramdas Swami Nagar, Behind Gandhinagar","addr:postcode":"422006"}}},{"type":"Feature","geometry":{"type":"Point","coordinates":[73.77305,19.97244]},"properties":{"id":"place_n7054529046","type":"hospital","name":"Life Care Hospital, Nashik","name_local":null,"category":null,"source":"openstreetmap","source_id":"node/7054529046","updated_at":"2019-12-13T12:31:33Z","tags":{"addr:full":"Lekha Nagar, Saptashringi Complex, Mumbai- Agra Road","addr:postcode":"422001"}}},{"type":"Feature","geometry":{"type":"Point","coordinates":[73.77915,19.99056]},"properties":{"id":"place_n7054657060","type":"hospital","name":"Trupti Hospital, Nashik","name_local":null,"category":null,"source":"openstreetmap","source_id":"node/7054657060","updated_at":"2019-12-13T13:38:44Z","tags":{"addr:full":"Near Nehete Hospital & Sandeep Hotel, Tidke Colony","addr:postcode":"422002"}}},{"type":"Feature","geometry":{"type":"Point","coordinates":[73.79487,20.0108]},"properties":{"id":"place_n7054918904","type":"hospital","name":"Ramalayam Hospital","name_local":null,"category":"gynaecology;cardiology;surgery","source":"openstreetmap","source_id":"node/7054918904","updated_at":"2022-11-10T06:41:05Z","tags":{"addr:full":"Panchavati Karanja","addr:street":"PANCHAVATI KARANJA","addr:city":"Nashik","addr:postcode":"422003"}}},{"type":"Feature","geometry":{"type":"Point","coordinates":[73.75867,20.00717]},"properties":{"id":"place_n7054997465","type":"hospital","name":"Susheel Eye Hospital and Brahma Laser Centre","name_local":null,"category":null,"source":"openstreetmap","source_id":"node/7054997465","updated_at":"2020-01-13T01:18:22Z","tags":{"addr:full":"25, Krishi Naga, College Road","addr:postcode":"422001","website":"https://susheeleyeinstitute.com/"}}},{"type":"Feature","geometry":{"type":"Point","coordinates":[73.83973,20.02792]},"properties":{"id":"place_n7055027734","type":"hospital","name":"Suparanas Home Division Of Uddhav Memorial Hospital","name_local":null,"category":null,"source":"openstreetmap","source_id":"node/7055027734","updated_at":"2019-12-13T15:56:12Z","tags":{"addr:full":"Opp Jantra Hospital, Mumbai-Agra Road , Adgaon","addr:postcode":"422003"}}},{"type":"Feature","geometry":{"type":"Point","coordinates":[73.78997,19.9878]},"properties":{"id":"place_n7059172359","type":"hospital","name":"Sanskriti Multi Speciality Hospital","name_local":null,"category":null,"source":"openstreetmap","source_id":"node/7059172359","updated_at":"2019-12-16T04:49:51Z","tags":{"addr:full":"Shop No-1, Ram Plaza, Nav- Shakti Chowk, New Mumbai-Naka Near Dadasaheb Gaikwad Hall","addr:postcode":"422011"}}},{"type":"Feature","geometry":{"type":"Point","coordinates":[73.76749,19.9665]},"properties":{"id":"place_n7059172368","type":"hospital","name":"Suman Hospital, Nashik","name_local":null,"category":null,"source":"openstreetmap","source_id":"node/7059172368","updated_at":"2019-12-16T04:49:51Z","tags":{"addr:full":"Shivnery, First Floor, Ner. Rane Nagar Signal, Mumbai, Agra Road","addr:postcode":"422009"}}},{"type":"Feature","geometry":{"type":"Point","coordinates":[73.78465,20.00579]},"properties":{"id":"place_n7063077072","type":"hospital","name":"Ayush Hospital","name_local":null,"category":null,"source":"openstreetmap","source_id":"node/7063077072","updated_at":"2019-12-17T11:36:13Z","tags":{"addr:full":"Space Cosmos Near Canara Bank Old Agra Road Ashokstambh","addr:postcode":"422002"}}},{"type":"Feature","geometry":{"type":"Point","coordinates":[73.79627,20.01099]},"properties":{"id":"place_n7063805493","type":"hospital","name":"Surya Multispeciality Hospitals Pvt. Ltd.","name_local":null,"category":"general","source":"openstreetmap","source_id":"node/7063805493","updated_at":"2022-11-10T06:41:05Z","tags":{"addr:full":"Surya Arcade, 2nd Floor,Opp Nimani Bus Stand","addr:street":"Nimani Bus Stand Road","addr:city":"Nashik","addr:postcode":"422003"}}},{"type":"Feature","geometry":{"type":"Point","coordinates":[73.76723,20.01113]},"properties":{"id":"place_n7063808914","type":"hospital","name":"Vidya Vikas Hospital","name_local":null,"category":null,"source":"openstreetmap","source_id":"node/7063808914","updated_at":"2019-12-17T16:19:02Z","tags":{"addr:full":"Bhavik Nagar, Gangapur Road","addr:postcode":"422005"}}},{"type":"Feature","geometry":{"type":"Point","coordinates":[73.77709,19.98428]},"properties":{"id":"place_n7063909897","type":"hospital","name":"Karandikar Hospital and Research Centre","name_local":null,"category":null,"source":"openstreetmap","source_id":"node/7063909897","updated_at":"2019-12-17T17:01:42Z","tags":{"addr:full":"Behind Prakash Petrol Pump, Govind Nagar, Mumbai - Agra Road","addr:postcode":"422009","phone":"0253 247 2076","website":"http://www.karandikarhospital.com/"}}},{"type":"Feature","geometry":{"type":"Point","coordinates":[73.77385,20.00711]},"properties":{"id":"place_n7063909914","type":"hospital","name":"Shivam Eye Care Center","name_local":null,"category":"ophthalmology","source":"openstreetmap","source_id":"node/7063909914","updated_at":"2022-11-10T06:41:05Z","tags":{"addr:full":"'AURUS', 1st Floor, Near Pramod Mahajan Garden, Opposite Dongre Ground, Gangapur Road","addr:city":"NASHIK","addr:postcode":"422002","website":"http://www.shivameyecarecenter.com/"}}},{"type":"Feature","geometry":{"type":"Point","coordinates":[73.77995,19.99644]},"properties":{"id":"place_n7066505732","type":"hospital","name":"Shreeji Hospital, Nashik","name_local":null,"category":"general","source":"openstreetmap","source_id":"node/7066505732","updated_at":"2022-11-10T06:41:05Z","tags":{"addr:full":"Castle Rock.Near canada Crnter Signal,Opp Vishwas Bank","addr:street":"MATOSHRI NAGAR.CHURCH ROAD","addr:city":"Nashik","addr:postcode":"422005","emergency":"yes"}}},{"type":"Feature","geometry":{"type":"Point","coordinates":[73.78005,19.98887]},"properties":{"id":"place_n7066505757","type":"hospital","name":"Chiranjeev Hospital, Nashik","name_local":null,"category":null,"source":"openstreetmap","source_id":"node/7066505757","updated_at":"2019-12-18T13:29:45Z","tags":{"addr:full":"Ashirwad Complex Opp Zilha Parishad Near Trimbak Naka","addr:postcode":"422001"}}},{"type":"Feature","geometry":{"type":"Point","coordinates":[73.78004,19.98902]},"properties":{"id":"place_n7067133433","type":"hospital","name":"Bhaskar Ent Hospital","name_local":null,"category":null,"source":"openstreetmap","source_id":"node/7067133433","updated_at":"2019-12-18T17:22:49Z","tags":{"addr:full":"Krishnai Sankul, Vakil Wadi","addr:postcode":"422001"}}},{"type":"Feature","geometry":{"type":"Point","coordinates":[73.77945,19.98886]},"properties":{"id":"place_n7067540925","type":"hospital","name":"Dr Lads Navjeevan Hospital Pvt Ltd","name_local":null,"category":null,"source":"openstreetmap","source_id":"node/7067540925","updated_at":"2019-12-18T20:12:36Z","tags":{"addr:full":"S.No-594/2, Plot No -2, Holkar Road, Near Tupsakhre Lawns, Tidke Colony","addr:postcode":"422002"}}},{"type":"Feature","geometry":{"type":"Point","coordinates":[73.77971,19.98958]},"properties":{"id":"place_n7070136219","type":"hospital","name":"Torne Ent Hospital","name_local":null,"category":null,"source":"openstreetmap","source_id":"node/7070136219","updated_at":"2019-12-19T16:55:24Z","tags":{"addr:full":"Ahilyadevi Holkar Marg, Near Mahanagar Bus Stand,Opposite Suyash Hospital, Mumabi Naka","addr:postcode":"422002"}}},{"type":"Feature","geometry":{"type":"Point","coordinates":[73.78668,19.97258]},"properties":{"id":"place_n7070517391","type":"hospital","name":"Anand Hospital and Nursing Home","name_local":null,"category":null,"source":"openstreetmap","source_id":"node/7070517391","updated_at":"2019-12-19T21:06:46Z","tags":{"addr:full":"Parab Nasgar, Opposite Datta Mandir, Indira Nagar","addr:postcode":"422009"}}},{"type":"Feature","geometry":{"type":"Point","coordinates":[73.79467,20.0118]},"properties":{"id":"place_n7070668451","type":"hospital","name":"Sukhakarta Rugnalaya","name_local":null,"category":"general","source":"openstreetmap","source_id":"node/7070668451","updated_at":"2022-11-10T06:41:05Z","tags":{"addr:full":"Bhagchand Complex , Dindori Naka Panchvati","addr:street":"ITI ambaad road","addr:city":"Nashik","addr:postcode":"422003"}}},{"type":"Feature","geometry":{"type":"Point","coordinates":[73.78419,19.99614]},"properties":{"id":"place_n7070710004","type":"hospital","name":"Ahura Maternity Hospital","name_local":null,"category":null,"source":"openstreetmap","source_id":"node/7070710004","updated_at":"2019-12-19T23:01:29Z","tags":{"addr:full":"Shirin Patel Colony, Shivaji Road","addr:postcode":"422008"}}},{"type":"Feature","geometry":{"type":"Point","coordinates":[73.83918,19.95925]},"properties":{"id":"place_n7073687637","type":"hospital","name":"Criticare Hospital For Children","name_local":null,"category":null,"source":"openstreetmap","source_id":"node/7073687637","updated_at":"2019-12-20T22:30:12Z","tags":{"addr:full":"Citycentre, Opp Sindhi Colony, Jail Road","addr:postcode":"422101"}}},{"type":"Feature","geometry":{"type":"Point","coordinates":[73.77748,19.98705]},"properties":{"id":"place_n7073765601","type":"hospital","name":"Ashwini Accident Multi Speciality Hospital","name_local":null,"category":null,"source":"openstreetmap","source_id":"node/7073765601","updated_at":"2019-12-20T22:28:46Z","tags":{"addr:full":"Chowk No 5,Govind Nagar Gihind Parkash Petrol Pump Mumbai Naka","addr:postcode":"422009"}}},{"type":"Feature","geometry":{"type":"Point","coordinates":[73.83757,19.95038]},"properties":{"id":"place_n7073799784","type":"hospital","name":"Nashikroad Multispeciality Hospital","name_local":null,"category":null,"source":"openstreetmap","source_id":"node/7073799784","updated_at":"2026-01-27T09:19:19Z","tags":{"addr:full":"1st Floor Hotel Shangrilla Opposite Somani Garden","addr:postcode":"422101"}}},{"type":"Feature","geometry":{"type":"Point","coordinates":[73.76667,20.00523]},"properties":{"id":"place_n7073909325","type":"hospital","name":"Vijan Cardiac and Criticare Centre","name_local":null,"category":null,"source":"openstreetmap","source_id":"node/7073909325","updated_at":"2019-12-20T23:53:33Z","tags":{"addr:full":"College Road","addr:postcode":"422005"}}},{"type":"Feature","geometry":{"type":"Point","coordinates":[73.77139,20.00227]},"properties":{"id":"place_n7073944672","type":"hospital","name":"Panchavati Hospital and Research Centre","name_local":null,"category":null,"source":"openstreetmap","source_id":"node/7073944672","updated_at":"2019-12-21T00:34:26Z","tags":{"addr:full":"No. 2, Vijay Towers,Canada Corner,Opposite Telephone Exchange,Sharanpuri Road","addr:postcode":"422206"}}},{"type":"Feature","geometry":{"type":"Point","coordinates":[73.79421,19.99061]},"properties":{"id":"place_n7073949820","type":"hospital","name":"New National Hospital","name_local":null,"category":null,"source":"openstreetmap","source_id":"node/7073949820","updated_at":"2019-12-21T00:34:26Z","tags":{"addr:full":"Kazi Nagar, Opposite Aaiesha Masjid, Wadala Road","addr:postcode":"422007"}}},{"type":"Feature","geometry":{"type":"Point","coordinates":[73.78317,19.98973]},"properties":{"id":"place_n7075571881","type":"hospital","name":"Curie Manavata Cancer Centre","name_local":null,"category":null,"source":"openstreetmap","source_id":"node/7075571881","updated_at":"2019-12-21T17:03:00Z","tags":{"addr:full":"Opposite Hotel Sandeep, Mumbai Naka, Mahamarg Bus Stand","addr:postcode":"422002","website":"https://www.hcgmanavatacancer.org/"}}},{"type":"Feature","geometry":{"type":"Point","coordinates":[73.77695,19.98176]},"properties":{"id":"place_n7079665751","type":"hospital","name":"Janak Hospital, Nashik","name_local":null,"category":null,"source":"openstreetmap","source_id":"node/7079665751","updated_at":"2019-12-23T11:43:38Z","tags":{"addr:full":"Near Sagar Sweets, Rajmata Jijau Marg, Govind Naga","addr:postcode":"422001"}}},{"type":"Feature","geometry":{"type":"Point","coordinates":[73.78035,19.99672]},"properties":{"id":"place_n7079665758","type":"hospital","name":"Vimal Maternity and General Hosp","name_local":null,"category":"gynaecology","source":"openstreetmap","source_id":"node/7079665758","updated_at":"2022-11-10T06:41:05Z","tags":{"addr:full":"Doctor House","addr:street":"Docotor house, oppoiste civil hospital","addr:city":"Nashik","addr:postcode":"422001","emergency":"yes"}}},{"type":"Feature","geometry":{"type":"Point","coordinates":[73.76491,19.96423]},"properties":{"id":"place_n7080205236","type":"hospital","name":"Sahajeevan General Hospital","name_local":null,"category":null,"source":"openstreetmap","source_id":"node/7080205236","updated_at":"2019-12-23T16:17:59Z","tags":{"addr:full":"9, Telephone Exchange Rd, Ashwin Nagar","addr:postcode":"422009"}}},{"type":"Feature","geometry":{"type":"Point","coordinates":[73.77802,20.00559]},"properties":{"id":"place_n7080205252","type":"hospital","name":"Siddhi Vinayak Hospital, Nashik","name_local":null,"category":null,"source":"openstreetmap","source_id":"node/7080205252","updated_at":"2019-12-23T16:17:59Z","tags":{"addr:full":"OppositeKthm College, Gangapur Road","addr:postcode":"422002"}}},{"type":"Feature","geometry":{"type":"Point","coordinates":[73.78189,19.98587]},"properties":{"id":"place_n7080205271","type":"hospital","name":"Thakar Hospital","name_local":null,"category":null,"source":"openstreetmap","source_id":"node/7080205271","updated_at":"2019-12-23T16:17:59Z","tags":{"addr:full":"Nashik","addr:postcode":"422002"}}},{"type":"Feature","geometry":{"type":"Point","coordinates":[73.83609,19.95276]},"properties":{"id":"place_n7081227381","type":"hospital","name":"Om Hospital","name_local":null,"category":null,"source":"openstreetmap","source_id":"node/7081227381","updated_at":"2019-12-24T00:39:38Z","tags":{"addr:full":"Behind Regimental Plaza, Gaikwad Mala Road,Nasik Road","addr:postcode":"422101"}}},{"type":"Feature","geometry":{"type":"Point","coordinates":[73.71156,20.00661]},"properties":{"id":"place_n7081965723","type":"hospital","name":"Dr Gajare Hospital","name_local":null,"category":null,"source":"openstreetmap","source_id":"node/7081965723","updated_at":"2019-12-24T09:09:24Z","tags":{"addr:full":"Shivajinagar, Satpur, Near Carbon Graphite Company, Near Bus Stand","addr:postcode":"422007"}}},{"type":"Feature","geometry":{"type":"Point","coordinates":[73.83528,19.95843]},"properties":{"id":"place_n7081965751","type":"hospital","name":"Gujarathi Hospital","name_local":null,"category":null,"source":"openstreetmap","source_id":"node/7081965751","updated_at":"2019-12-24T09:09:24Z","tags":{"addr:full":"Datta Mandir Stop Near Matwani Factor Nasik Road","addr:postcode":"422006"}}},{"type":"Feature","geometry":{"type":"Point","coordinates":[73.76593,19.96466]},"properties":{"id":"place_n7082579558","type":"hospital","name":"Vatshalya Maternity Hospital and Infertility Clinic","name_local":null,"category":null,"source":"openstreetmap","source_id":"node/7082579558","updated_at":"2019-12-24T15:25:25Z","tags":{"addr:full":"Jay Plaza, Pelican Park Rd, Swami Vivekanand Nagar, Shri Ram Colony","addr:postcode":"422010"}}},{"type":"Feature","geometry":{"type":"Point","coordinates":[73.77905,19.98813]},"properties":{"id":"place_n7082623473","type":"hospital","name":"Vishwesh Childrens Hospital","name_local":null,"category":null,"source":"openstreetmap","source_id":"node/7082623473","updated_at":"2019-12-24T15:47:23Z","tags":{"addr:full":"Behind Suyash Hospital, Mumbai Naka, Tidke Colony","addr:postcode":"422001"}}},{"type":"Feature","geometry":{"type":"Point","coordinates":[73.82131,19.96982]},"properties":{"id":"place_n7082650565","type":"hospital","name":"Shushrusha Hospital, Nashik","name_local":null,"category":null,"source":"openstreetmap","source_id":"node/7082650565","updated_at":"2019-12-24T16:52:31Z","tags":{"addr:full":"Upnagar","addr:postcode":"422002"}}},{"type":"Feature","geometry":{"type":"Point","coordinates":[73.7767,19.99846]},"properties":{"id":"place_n7083324284","type":"hospital","name":"Dhanvantari Hospital","name_local":null,"category":null,"source":"openstreetmap","source_id":"node/7083324284","updated_at":"2022-11-10T06:41:05Z","tags":{"addr:full":"Tilak Wadi, Near Mayor's Bungalow","addr:street":"opposite city pride histel, tilakwadi","addr:city":"Nashik","addr:postcode":"422002","emergency":"yes"}}},{"type":"Feature","geometry":{"type":"Point","coordinates":[73.77527,20.00596]},"properties":{"id":"place_n7085383682","type":"hospital","name":"Micky Mouse Child Clinic and Hospital","name_local":null,"category":"paediatrics","source":"openstreetmap","source_id":"node/7085383682","updated_at":"2022-11-10T06:41:05Z","tags":{"addr:full":"Laxmibai Deore Bhuvan,Near Hrishikesh Hospital, Murkute Colony, Gangapur Road","addr:city":"NASHIK","addr:postcode":"422002"}}},{"type":"Feature","geometry":{"type":"Point","coordinates":[73.83862,19.95105]},"properties":{"id":"place_n7085685380","type":"hospital","name":"Jairam Hospitals and Research Centre Pvt Ltd","name_local":null,"category":null,"source":"openstreetmap","source_id":"node/7085685380","updated_at":"2026-01-29T12:42:25Z","tags":{"addr:full":"Opp Muktidham, Hospital Road, Near Hotel Vasco","addr:postcode":"422101"}}},{"type":"Feature","geometry":{"type":"Point","coordinates":[73.75894,19.96852]},"properties":{"id":"place_n7086906890","type":"hospital","name":"Swami Hospital Nasik","name_local":null,"category":null,"source":"openstreetmap","source_id":"node/7086906890","updated_at":"2019-12-26T20:58:32Z","tags":{"addr:full":"Shree Hari Plaza , Above Hotel Vaibhav, 2nd Floor New Adgaon Naka, Panchvati","addr:postcode":"422003"}}},{"type":"Feature","geometry":{"type":"Point","coordinates":[73.76221,19.96547]},"properties":{"id":"place_n7229411004","type":"hospital","name":"NMCH, Cidco","name_local":null,"category":null,"source":"openstreetmap","source_id":"node/7229411004","updated_at":"2020-02-20T04:30:18Z","tags":{"addr:full":"Sambhaji Stadium Road, Near Overhead Water Tank, Nashik","addr:postcode":"422010"}}},{"type":"Feature","geometry":{"type":"Point","coordinates":[73.99762,20.02352]},"properties":{"id":"place_n7229411014","type":"hospital","name":"Civil Hospital Chandori","name_local":null,"category":null,"source":"openstreetmap","source_id":"node/7229411014","updated_at":"2020-02-20T04:30:18Z","tags":{"addr:full":"Shree Ganesh Ent & Cyber Point Chandori","addr:postcode":"422201"}}},{"type":"Feature","geometry":{"type":"Point","coordinates":[73.66393,20.07246]},"properties":{"id":"place_n7229411026","type":"hospital","name":"Rural Hospital Girnare","name_local":null,"category":null,"source":"openstreetmap","source_id":"node/7229411026","updated_at":"2020-02-20T04:30:18Z","tags":{"addr:full":"Near Zillha Parishad School, Girnare","addr:postcode":"422203"}}},{"type":"Feature","geometry":{"type":"Point","coordinates":[73.84927,19.98645]},"properties":{"id":"place_n7229411034","type":"hospital","name":"NSKMC Panchak Hospital","name_local":null,"category":null,"source":"openstreetmap","source_id":"node/7229411034","updated_at":"2020-02-20T04:30:18Z","tags":{"addr:full":"Jail Road, Near Panchak School, Nashik","addr:postcode":"422214"}}},{"type":"Feature","geometry":{"type":"Point","coordinates":[73.53251,19.93361]},"properties":{"id":"place_n7229411035","type":"hospital","name":"Rural Hospital, Trimbak","name_local":null,"category":null,"source":"openstreetmap","source_id":"node/7229411035","updated_at":"2026-06-28T10:50:03Z","tags":{"addr:full":"Dr Ambedkar Statue, Trimbakeshwar","addr:postcode":"422212"}}},{"type":"Feature","geometry":{"type":"Point","coordinates":[73.76816,19.96734]},"properties":{"id":"place_n7229411046","type":"hospital","name":"Samarth General Hospital","name_local":null,"category":null,"source":"openstreetmap","source_id":"node/7229411046","updated_at":"2020-02-20T04:30:18Z","tags":{"addr:full":"Mumbai Agra Road, Near Ambad Police Station, Cidco, Nashik","addr:postcode":"422009"}}},{"type":"Feature","geometry":{"type":"Point","coordinates":[73.76887,20.0045]},"properties":{"id":"place_n7293955265","type":"landmark","name":"Jankalyan Cooperative Bank","name_local":null,"category":"bank","source":"openstreetmap","source_id":"node/7293955265","updated_at":"2020-03-14T08:22:41Z","tags":{}}},{"type":"Feature","geometry":{"type":"Point","coordinates":[73.75196,20.00899]},"properties":{"id":"place_n7561774548","type":"religious","name":"Ram Mandir","name_local":null,"category":"hindu","source":"openstreetmap","source_id":"node/7561774548","updated_at":"2020-05-27T07:26:53Z","tags":{"religion":"hindu"}}},{"type":"Feature","geometry":{"type":"Point","coordinates":[73.80599,20.04146]},"properties":{"id":"place_n7649608304","type":"hospital","name":"J & J Accident Nursing Home","name_local":null,"category":null,"source":"openstreetmap","source_id":"node/7649608304","updated_at":"2020-06-24T13:07:57Z","tags":{"addr:full":"Dindori Road, Kalananagar, Mhasrul Gaon, Nashik","addr:postcode":"422004"}}},{"type":"Feature","geometry":{"type":"Point","coordinates":[73.83419,19.87783]},"properties":{"id":"place_n7649608305","type":"hospital","name":"Sai Hospital","name_local":null,"category":null,"source":"openstreetmap","source_id":"node/7649608305","updated_at":"2020-06-24T13:07:57Z","tags":{"addr:full":"Panch Jyoti Apartment, Shiv Chhatrapati Road, Bhagur, Nashik","addr:postcode":"422502"}}},{"type":"Feature","geometry":{"type":"Point","coordinates":[73.70886,20.00851]},"properties":{"id":"place_n7649608307","type":"hospital","name":"Sanjivani Hospital","name_local":null,"category":null,"source":"openstreetmap","source_id":"node/7649608307","updated_at":"2020-06-24T13:07:57Z","tags":{"addr:full":"Shivaji Nagar, Satpur Colony, Nashik","addr:postcode":"422007"}}},{"type":"Feature","geometry":{"type":"Point","coordinates":[73.79533,20.03455]},"properties":{"id":"place_n7649608308","type":"hospital","name":"Sharda Hospital","name_local":null,"category":null,"source":"openstreetmap","source_id":"node/7649608308","updated_at":"2020-06-24T13:07:57Z","tags":{"addr:full":"Shiv Samarth Nagar, Durga Nagar, Sneha Nagar, Nashik","addr:postcode":"422004"}}},{"type":"Feature","geometry":{"type":"Point","coordinates":[73.71741,20.03236]},"properties":{"id":"place_n7649608309","type":"hospital","name":"Sai Hospital","name_local":null,"category":null,"source":"openstreetmap","source_id":"node/7649608309","updated_at":"2020-06-24T13:07:57Z","tags":{"addr:full":"Kranti Chowk, Near Jijamata Garden, Gangapur Village, Nashik","addr:postcode":"422003"}}},{"type":"Feature","geometry":{"type":"Point","coordinates":[73.77883,20.04255]},"properties":{"id":"place_n7649608312","type":"hospital","name":"Nyuninad Metkar Maternity & Nursing Home","name_local":null,"category":null,"source":"openstreetmap","source_id":"node/7649608312","updated_at":"2020-06-24T13:07:57Z","tags":{"addr:full":"Swami Nagar, Makhmalabad Road, Opp. Shanti Nagar, Nashik","addr:postcode":"422003"}}},{"type":"Feature","geometry":{"type":"Point","coordinates":[73.80505,20.04234]},"properties":{"id":"place_n7649608314","type":"hospital","name":"Rana Hospital","name_local":null,"category":null,"source":"openstreetmap","source_id":"node/7649608314","updated_at":"2020-06-24T13:07:57Z","tags":{"addr:full":"Dindori Road, Kalananagar, Vaiduwadi, Sneha Nagar, Nashik","addr:postcode":"422004"}}},{"type":"Feature","geometry":{"type":"Point","coordinates":[73.80541,20.04437]},"properties":{"id":"place_n7649608316","type":"hospital","name":"Sahwas Hospital Private Limited","name_local":null,"category":null,"source":"openstreetmap","source_id":"node/7649608316","updated_at":"2020-06-24T13:07:57Z","tags":{"addr:full":"Vani - Dindori Road, Shivaji Nagar, Mhasrul Gaon, Nashik","addr:postcode":"422003"}}},{"type":"Feature","geometry":{"type":"Point","coordinates":[73.80515,20.03362]},"properties":{"id":"place_n7649608317","type":"hospital","name":"Sakhale Hospital","name_local":null,"category":null,"source":"openstreetmap","source_id":"node/7649608317","updated_at":"2020-06-24T13:07:57Z","tags":{"addr:full":"Kalananagar, Pokar Colony, Vaiduwadi, Nashik","addr:postcode":"422004"}}},{"type":"Feature","geometry":{"type":"Point","coordinates":[73.83436,19.948]},"properties":{"id":"place_n7649608318","type":"hospital","name":"Shree Sankalp Hospital","name_local":null,"category":null,"source":"openstreetmap","source_id":"node/7649608318","updated_at":"2026-01-29T12:42:25Z","tags":{"addr:full":"Hari Bhakti, Artillery Centre Road, Near Jain Mandir, Nashik","addr:postcode":"422101"}}},{"type":"Feature","geometry":{"type":"Point","coordinates":[73.83066,19.95055]},"properties":{"id":"place_n7649608319","type":"hospital","name":"Jadhav Hospital","name_local":null,"category":null,"source":"openstreetmap","source_id":"node/7649608319","updated_at":"2026-01-29T12:42:25Z","tags":{"addr:full":"Anand Nagar, Behind Muktidham, Nashik Road, Nashik","addr:postcode":"422101"}}},{"type":"Feature","geometry":{"type":"Point","coordinates":[73.83342,19.96116]},"properties":{"id":"place_n7649608320","type":"hospital","name":"Akshay Hospital","name_local":null,"category":null,"source":"openstreetmap","source_id":"node/7649608320","updated_at":"2020-06-24T13:07:57Z","tags":{"addr:full":"Gandharva Nagari, Rosa Colony, Sane Guruji Nagar, Nashik","addr:postcode":"422214"}}},{"type":"Feature","geometry":{"type":"Point","coordinates":[73.73419,19.96329]},"properties":{"id":"place_n7649608321","type":"hospital","name":"Venus super Speciality Hospital Limited","name_local":null,"category":null,"source":"openstreetmap","source_id":"node/7649608321","updated_at":"2020-06-24T13:07:57Z","tags":{"addr:full":"Ambad Satpur Link Road, XLO Point, Ambedkar Nagar, Sanjeev Nagar, Nashik","addr:postcode":"422007"}}},{"type":"Feature","geometry":{"type":"Point","coordinates":[73.75462,20.00032]},"properties":{"id":"place_n7649608323","type":"hospital","name":"Six Sigma Multispeciality & Accidental Hospital","name_local":null,"category":null,"source":"openstreetmap","source_id":"node/7649608323","updated_at":"2020-06-24T13:07:57Z","tags":{"addr:full":"Satguru's, Opp Water Tank, Mahatma Nagar, Nashik","addr:postcode":"422007"}}},{"type":"Feature","geometry":{"type":"Point","coordinates":[73.71806,20.01217]},"properties":{"id":"place_n7649608324","type":"hospital","name":"Dr. Pawar Children's Hospital","name_local":null,"category":null,"source":"openstreetmap","source_id":"node/7649608324","updated_at":"2020-06-24T13:07:57Z","tags":{"addr:full":"Near Marathi School, Dhurav Nagar, Gangapur, Nashik","addr:postcode":"422007"}}},{"type":"Feature","geometry":{"type":"Point","coordinates":[73.83271,19.90731]},"properties":{"id":"place_n7649608325","type":"hospital","name":"Pragati Health Care Hospital","name_local":null,"category":null,"source":"openstreetmap","source_id":"node/7649608325","updated_at":"2020-06-24T13:07:57Z","tags":{"addr:full":"Arc Heaven Lam Road, Sansari, Naka, Deolali Camp, Nashik","addr:postcode":"422401"}}},{"type":"Feature","geometry":{"type":"Point","coordinates":[73.83832,19.95821]},"properties":{"id":"place_n7649608326","type":"hospital","name":"Mogal Hospital","name_local":null,"category":null,"source":"openstreetmap","source_id":"node/7649608326","updated_at":"2020-06-24T13:07:57Z","tags":{"addr:full":"1st Floor, Kailashdeep, Jail Road, Nashik","addr:postcode":"422101"}}},{"type":"Feature","geometry":{"type":"Point","coordinates":[73.80502,20.0418]},"properties":{"id":"place_n7649608327","type":"hospital","name":"Dr. Varsha Lahade Hospital","name_local":null,"category":null,"source":"openstreetmap","source_id":"node/7649608327","updated_at":"2020-06-24T13:07:57Z","tags":{"addr:full":"Sneha Nagar, Nashik","addr:postcode":"422004"}}},{"type":"Feature","geometry":{"type":"Point","coordinates":[73.71115,20.00234]},"properties":{"id":"place_n7649608329","type":"hospital","name":"Sankalp Hospital","name_local":null,"category":null,"source":"openstreetmap","source_id":"node/7649608329","updated_at":"2020-06-24T13:07:57Z","tags":{"addr:full":"Carbon Naka, Shivaji Nagar, Shramik Nagar, Nashik","addr:postcode":"422007"}}},{"type":"Feature","geometry":{"type":"Point","coordinates":[73.83608,19.9532]},"properties":{"id":"place_n7649608330","type":"hospital","name":"Omkar Hospital","name_local":null,"category":null,"source":"openstreetmap","source_id":"node/7649608330","updated_at":"2020-06-24T13:07:57Z","tags":{"addr:full":"Hospital Road, Sneh Bandhan Colony, Gayakhe Colony, Nashik Road, Nashi","addr:postcode":"422214"}}},{"type":"Feature","geometry":{"type":"Point","coordinates":[73.83689,19.95033]},"properties":{"id":"place_n7649608333","type":"hospital","name":"Sanjeevani Dental and Accident Hospital","name_local":null,"category":null,"source":"openstreetmap","source_id":"node/7649608333","updated_at":"2026-01-27T09:19:19Z","tags":{"addr:full":"Deodarshan Apartment, Near G. D. Somani Garden, Deolali Gaon, Nashik","addr:postcode":"422101"}}},{"type":"Feature","geometry":{"type":"Point","coordinates":[73.87756,19.97413]},"properties":{"id":"place_n7649608334","type":"hospital","name":"Dr. Tamboli Hospital","name_local":null,"category":null,"source":"openstreetmap","source_id":"node/7649608334","updated_at":"2020-06-24T13:07:57Z","tags":{"addr:full":"NTPS Colony, Eklahare","addr:postcode":"422105"}}},{"type":"Feature","geometry":{"type":"Point","coordinates":[73.8326,19.95108]},"properties":{"id":"place_n7649608335","type":"hospital","name":"Muthal Hospital","name_local":null,"category":null,"source":"openstreetmap","source_id":"node/7649608335","updated_at":"2026-01-29T12:42:25Z","tags":{"addr:full":"Hari Niwas, First Floor, Opp NMC Ground, Nashik Road, Nashik","addr:postcode":"422101"}}},{"type":"Feature","geometry":{"type":"Point","coordinates":[73.71119,20.00893]},"properties":{"id":"place_n7649608336","type":"hospital","name":"Aai Nursing & Maternity Home","name_local":null,"category":null,"source":"openstreetmap","source_id":"node/7649608336","updated_at":"2020-06-24T13:07:57Z","tags":{"addr:full":"Shiv Shakti Chowk, Shivaji Nagar, Satpur Colony, Nashik","addr:postcode":"422007"}}},{"type":"Feature","geometry":{"type":"Point","coordinates":[73.80414,20.03934]},"properties":{"id":"place_n7649608337","type":"hospital","name":"Samarth Hospital","name_local":null,"category":null,"source":"openstreetmap","source_id":"node/7649608337","updated_at":"2020-06-24T13:07:57Z","tags":{"addr:full":"Opp Akash Petrol Pump, Dindori Road, Nashik","addr:postcode":"422004"}}},{"type":"Feature","geometry":{"type":"Point","coordinates":[73.84179,19.97628]},"properties":{"id":"place_n7649608340","type":"hospital","name":"New Life Hospital","name_local":null,"category":null,"source":"openstreetmap","source_id":"node/7649608340","updated_at":"2020-06-24T13:07:57Z","tags":{"addr:full":"Jail Road, Nashik","addr:postcode":"422006"}}},{"type":"Feature","geometry":{"type":"Point","coordinates":[73.83855,19.95026]},"properties":{"id":"place_n7649608342","type":"hospital","name":"Sai Seva Children Hospital","name_local":null,"category":null,"source":"openstreetmap","source_id":"node/7649608342","updated_at":"2026-01-27T09:19:19Z","tags":{"addr:full":"Trimbak Complex, Shahu Maharaj Path, Opp Bytco Hospital, Nashik","addr:postcode":"422002"}}},{"type":"Feature","geometry":{"type":"Point","coordinates":[73.8337,19.97034]},"properties":{"id":"place_n7649608345","type":"hospital","name":"Jeevan Jyoti Hospital","name_local":null,"category":null,"source":"openstreetmap","source_id":"node/7649608345","updated_at":"2020-06-24T13:07:57Z","tags":{"addr:full":"Canal Road, Gosavi Nagar, Upnagar, Nashik","addr:postcode":"422006"}}},{"type":"Feature","geometry":{"type":"Point","coordinates":[73.5451,19.93753]},"properties":{"id":"place_n7649608346","type":"hospital","name":"Shree P. P. More Dada Hospital","name_local":null,"category":null,"source":"openstreetmap","source_id":"node/7649608346","updated_at":"2020-06-24T13:07:57Z","tags":{"addr:full":"Trimbak","addr:postcode":"422212"}}},{"type":"Feature","geometry":{"type":"Point","coordinates":[73.80532,20.04605]},"properties":{"id":"place_n7649608347","type":"hospital","name":"Dr. Sonawane's Seva Hospital","name_local":null,"category":null,"source":"openstreetmap","source_id":"node/7649608347","updated_at":"2020-06-24T13:07:57Z","tags":{"addr:full":"Dindori Road, Near Patni Park, Vaiduwadi, Mhasrul Gaon, Nashik","addr:postcode":"422004"}}},{"type":"Feature","geometry":{"type":"Point","coordinates":[73.73486,19.96227]},"properties":{"id":"place_n7649608348","type":"hospital","name":"Jupiter Multi-Speciality Hospital","name_local":null,"category":null,"source":"openstreetmap","source_id":"node/7649608348","updated_at":"2020-06-24T13:07:57Z","tags":{"addr:full":"Tip Top Plaza, 2nd floor, XLO Point, Ambedkar Nagar, MIDC Ambad, Nashik","addr:postcode":"422007"}}},{"type":"Feature","geometry":{"type":"Point","coordinates":[73.7225,19.98653]},"properties":{"id":"place_n7649608349","type":"hospital","name":"Joshi Nursing Home & Ayurved Chikitsa Kendra","name_local":null,"category":null,"source":"openstreetmap","source_id":"node/7649608349","updated_at":"2020-06-24T13:07:57Z","tags":{"addr:full":"Trambakeshwar Road, Near Papaya Nursery, Ashoknagar, Satpur Colony, Nashik","addr:postcode":"422012"}}},{"type":"Feature","geometry":{"type":"Point","coordinates":[73.7818,20.0373]},"properties":{"id":"place_n7649608350","type":"hospital","name":"Leelavati Hospital","name_local":null,"category":null,"source":"openstreetmap","source_id":"node/7649608350","updated_at":"2020-06-24T13:07:57Z","tags":{"addr:full":"Makhmalabad Road, Vidya Nagar, Panchavati, Nashik","addr:postcode":"422003"}}},{"type":"Feature","geometry":{"type":"Point","coordinates":[73.80498,20.04165]},"properties":{"id":"place_n7649608351","type":"hospital","name":"Synergy Hospital & Research Centre","name_local":null,"category":null,"source":"openstreetmap","source_id":"node/7649608351","updated_at":"2020-06-24T13:07:57Z","tags":{"addr:full":"Bus Stop, Wagulde Plaza, Dindori Road, Geeta Nagar, Nashik","addr:postcode":"422004"}}},{"type":"Feature","geometry":{"type":"Point","coordinates":[73.80326,20.03652]},"properties":{"id":"place_n7649608354","type":"hospital","name":"Lilavati Hospital","name_local":null,"category":null,"source":"openstreetmap","source_id":"node/7649608354","updated_at":"2020-06-24T13:07:57Z","tags":{"addr:full":"Dindori Road, Near Reliance Petrol Pump, Swadya Nagar, Mhasrul Gaon, Nashik","addr:postcode":"422004"}}},{"type":"Feature","geometry":{"type":"Point","coordinates":[73.82373,19.95791]},"properties":{"id":"place_n7649608355","type":"hospital","name":"Suman Hospital","name_local":null,"category":null,"source":"openstreetmap","source_id":"node/7649608355","updated_at":"2020-06-24T13:07:57Z","tags":{"addr:full":"Jai Bhavani Road, Gandhi Nagar Airport Area, Nashik Road, Nashik","addr:postcode":"422101"}}},{"type":"Feature","geometry":{"type":"Point","coordinates":[73.84725,20.01894]},"properties":{"id":"place_n7649608356","type":"hospital","name":"Dr. Ahire's Anand Hospital","name_local":null,"category":null,"source":"openstreetmap","source_id":"node/7649608356","updated_at":"2020-06-24T13:07:57Z","tags":{"addr:full":"Konark Nagar, Nashik","addr:postcode":"422006"}}},{"type":"Feature","geometry":{"type":"Point","coordinates":[73.74804,20.01248]},"properties":{"id":"place_n7649608357","type":"hospital","name":"Bhosale Multi - Speciality Hospital","name_local":null,"category":null,"source":"openstreetmap","source_id":"node/7649608357","updated_at":"2020-06-24T13:07:57Z","tags":{"addr:full":"Bus Stop, Anandvalli, Nashik","addr:postcode":"422013"}}},{"type":"Feature","geometry":{"type":"Point","coordinates":[73.70645,19.99602]},"properties":{"id":"place_n7649608358","type":"hospital","name":"Shree Sai Hospital","name_local":null,"category":null,"source":"openstreetmap","source_id":"node/7649608358","updated_at":"2020-06-24T13:07:57Z","tags":{"addr:full":"Near Mahadev Mandir, Shramik Nagar, Nashik","addr:postcode":"422007"}}},{"type":"Feature","geometry":{"type":"Point","coordinates":[73.82612,20.011]},"properties":{"id":"place_n7649608359","type":"hospital","name":"Vaishali Hospital","name_local":null,"category":null,"source":"openstreetmap","source_id":"node/7649608359","updated_at":"2020-06-24T13:07:57Z","tags":{"addr:full":"Amrutdham Road, Near Shani Mandir, Bidi Kamgar Colony, Nashik","addr:postcode":"422003"}}},{"type":"Feature","geometry":{"type":"Point","coordinates":[73.82633,20.00972]},"properties":{"id":"place_n7649608360","type":"hospital","name":"Anurag Children Hospital","name_local":null,"category":null,"source":"openstreetmap","source_id":"node/7649608360","updated_at":"2020-06-24T13:07:57Z","tags":{"addr:full":"Amrutdham Road, Hanuman Nagar, Nashik","addr:postcode":"422003"}}},{"type":"Feature","geometry":{"type":"Point","coordinates":[73.73957,20.01216]},"properties":{"id":"place_n7649608361","type":"hospital","name":"Aaditya Women's Hospital","name_local":null,"category":null,"source":"openstreetmap","source_id":"node/7649608361","updated_at":"2020-06-24T13:07:57Z","tags":{"addr:full":"Balawant Nagar, Anandwalli Shiwar North of Wisdom High School, Gangapur Road, Nashik","addr:postcode":"422013"}}},{"type":"Feature","geometry":{"type":"Point","coordinates":[73.84183,19.97566]},"properties":{"id":"place_n7649608362","type":"hospital","name":"Shree Swami Samarth Hospital","name_local":null,"category":null,"source":"openstreetmap","source_id":"node/7649608362","updated_at":"2020-06-24T13:07:57Z","tags":{"addr:full":"Dasak Stop, Jail Road, Nashik Road, Nashik","addr:postcode":"422101"}}},{"type":"Feature","geometry":{"type":"Point","coordinates":[73.83164,19.95038]},"properties":{"id":"place_n7649608363","type":"hospital","name":"Dr. Rakesh Tiwari Hospital","name_local":null,"category":null,"source":"openstreetmap","source_id":"node/7649608363","updated_at":"2026-01-29T12:42:25Z","tags":{"addr:full":"Gulmohar Colony, Anand Nagar, Nashik Road, Nashik","addr:postcode":"422214"}}},{"type":"Feature","geometry":{"type":"Point","coordinates":[73.83443,19.94774]},"properties":{"id":"place_n7649608365","type":"hospital","name":"Divya Jyot Hospital","name_local":null,"category":null,"source":"openstreetmap","source_id":"node/7649608365","updated_at":"2026-01-29T12:42:25Z","tags":{"addr:full":"Anand Nagar, Nashik Road, Nashik","addr:postcode":"422214"}}},{"type":"Feature","geometry":{"type":"Point","coordinates":[73.83585,19.95284]},"properties":{"id":"place_n7649608366","type":"hospital","name":"Medicare Multispeciality Hospital","name_local":null,"category":null,"source":"openstreetmap","source_id":"node/7649608366","updated_at":"2020-06-24T13:07:57Z","tags":{"addr:full":"Gaikwad Complex, Above Jalgaon Peoples Bank, Gaikwad Mala Road, Nashik - Pune Road","addr:postcode":"422101"}}},{"type":"Feature","geometry":{"type":"Point","coordinates":[73.83567,19.9477]},"properties":{"id":"place_n7649608367","type":"hospital","name":"Janki Maternity Home","name_local":null,"category":null,"source":"openstreetmap","source_id":"node/7649608367","updated_at":"2026-01-29T12:42:25Z","tags":{"addr:full":"Artillery Centre Road, Anand Nagar, Nashik","addr:postcode":"422101"}}},{"type":"Feature","geometry":{"type":"Point","coordinates":[73.83759,19.94721]},"properties":{"id":"place_n7649608369","type":"hospital","name":"Shree Siddhivinayak Hospital","name_local":null,"category":null,"source":"openstreetmap","source_id":"node/7649608369","updated_at":"2026-01-29T12:42:25Z","tags":{"addr:full":"Bhagwant Complex, Near Nashik Road, Court, Nashik Road, Opposite to Anuradha Thearter","addr:postcode":"422101"}}},{"type":"Feature","geometry":{"type":"Point","coordinates":[73.74807,20.01268]},"properties":{"id":"place_n7649608370","type":"hospital","name":"Niramay Hospital","name_local":null,"category":null,"source":"openstreetmap","source_id":"node/7649608370","updated_at":"2020-06-24T13:07:57Z","tags":{"addr:full":"Anandvalli, Nashik","addr:postcode":"422013"}}},{"type":"Feature","geometry":{"type":"Point","coordinates":[73.84085,19.97244]},"properties":{"id":"place_n7649608372","type":"hospital","name":"Nandurkar Hospital","name_local":null,"category":null,"source":"openstreetmap","source_id":"node/7649608372","updated_at":"2020-06-24T13:07:57Z","tags":{"addr:full":"Laxmi Varsha Apartment, Jail Road, Opp. Vyapari Bank, Nashik","addr:postcode":"422101"}}},{"type":"Feature","geometry":{"type":"Point","coordinates":[73.71696,19.98976]},"properties":{"id":"place_n7649608373","type":"hospital","name":"Shaishav Children Hospital","name_local":null,"category":null,"source":"openstreetmap","source_id":"node/7649608373","updated_at":"2020-06-24T13:07:57Z","tags":{"addr:full":"Ashok Nagar Road, Balwant Nagar, Ashoknagar, Satpur Colony, Nashik","addr:postcode":"422012"}}},{"type":"Feature","geometry":{"type":"Point","coordinates":[73.92889,20.0961]},"properties":{"id":"place_n7655008774","type":"hospital","name":"Kasliwal Hospital","name_local":null,"category":null,"source":"openstreetmap","source_id":"node/7655008774","updated_at":"2020-06-26T06:38:08Z","tags":{"addr:full":"Tambat Line, Khwaja Gharib Nawaz Colony, Nashik","addr:postcode":"422206"}}},{"type":"Feature","geometry":{"type":"Point","coordinates":[73.92354,20.08892]},"properties":{"id":"place_n7655008815","type":"hospital","name":"Sai Shree Superspeciality Hospital","name_local":null,"category":null,"source":"openstreetmap","source_id":"node/7655008815","updated_at":"2020-06-26T06:38:08Z","tags":{"addr:full":"R.K.Plaza, Saykheda Phata, Ojhar","addr:postcode":"422206"}}},{"type":"Feature","geometry":{"type":"Point","coordinates":[73.7762,19.99887]},"properties":{"id":"place_n7655439012","type":"hospital","name":"Spandan Hospital","name_local":null,"category":null,"source":"openstreetmap","source_id":"node/7655439012","updated_at":"2020-06-26T08:58:07Z","tags":{"addr:full":"Tilak Wadi Road, Police Staff Colony, Nashik","addr:postcode":"422002"}}},{"type":"Feature","geometry":{"type":"Point","coordinates":[73.78198,19.96511]},"properties":{"id":"place_n7655439014","type":"hospital","name":"Ashirwad Nursing Home","name_local":null,"category":null,"source":"openstreetmap","source_id":"node/7655439014","updated_at":"2020-06-26T08:58:07Z","tags":{"addr:full":"Near Nursing College, Indira Nagar, Wadala - Pathardi Road, Shraddha Vihar, Nashik","addr:postcode":"422501"}}},{"type":"Feature","geometry":{"type":"Point","coordinates":[73.76303,20.012]},"properties":{"id":"place_n7655439015","type":"hospital","name":"Gawale Maternity Hospital","name_local":null,"category":null,"source":"openstreetmap","source_id":"node/7655439015","updated_at":"2020-06-26T08:58:07Z","tags":{"addr:full":"Maniknagar, Opp Shivstya Ground, Gangapur Road, Nashik","addr:postcode":"422005"}}},{"type":"Feature","geometry":{"type":"Point","coordinates":[73.75978,19.96795]},"properties":{"id":"place_n7655439016","type":"hospital","name":"Swami Criticare Hospital","name_local":null,"category":null,"source":"openstreetmap","source_id":"node/7655439016","updated_at":"2020-06-26T08:58:07Z","tags":{"addr:full":"Near Pelican Park, Vijay Nagar Stop, Cidco, Nashik","addr:postcode":"422009"}}},{"type":"Feature","geometry":{"type":"Point","coordinates":[73.75437,19.97134]},"properties":{"id":"place_n7655439017","type":"hospital","name":"Eshwar Krupa Hospital","name_local":null,"category":null,"source":"openstreetmap","source_id":"node/7655439017","updated_at":"2020-06-26T08:58:07Z","tags":{"addr:full":"Pavan Nagar Road, Pavan Nagar Road, Shreeram Nagar, Cidco, Nashik","addr:postcode":"422010"}}},{"type":"Feature","geometry":{"type":"Point","coordinates":[73.77454,20.0037]},"properties":{"id":"place_n7655439018","type":"hospital","name":"Safafalya Hospital","name_local":null,"category":null,"source":"openstreetmap","source_id":"node/7655439018","updated_at":"2020-06-26T08:58:07Z","tags":{"addr:full":"Arihant polyclinic, Next to Anand laundry, Near Jyoti Book Stores, New Pandit Coloney, Nashik","addr:postcode":"422002"}}},{"type":"Feature","geometry":{"type":"Point","coordinates":[73.7777,19.9679]},"properties":{"id":"place_n7655439019","type":"hospital","name":"Bora Hospital","name_local":null,"category":null,"source":"openstreetmap","source_id":"node/7655439019","updated_at":"2020-06-26T08:58:07Z","tags":{"addr:full":"Kanifnath Nagar, Kishor Nagar, Nashik","addr:postcode":"422009"}}},{"type":"Feature","geometry":{"type":"Point","coordinates":[73.80643,20.00998]},"properties":{"id":"place_n7655439020","type":"hospital","name":"Super Specialist Hospital","name_local":null,"category":null,"source":"openstreetmap","source_id":"node/7655439020","updated_at":"2020-06-26T08:58:07Z","tags":{"addr:full":"Adgaon Naka, Shree Dwaraka Nagari, Nashik","addr:postcode":"422003"}}},{"type":"Feature","geometry":{"type":"Point","coordinates":[73.77571,19.99049]},"properties":{"id":"place_n7655439023","type":"hospital","name":"Optimus Hospital","name_local":null,"category":null,"source":"openstreetmap","source_id":"node/7655439023","updated_at":"2020-06-26T08:58:07Z","tags":{"addr:full":"Chandak Circle, Tidke Colony, Nashik","addr:postcode":"422002"}}},{"type":"Feature","geometry":{"type":"Point","coordinates":[73.78959,19.99981]},"properties":{"id":"place_n7655439024","type":"hospital","name":"Nasim Hospital","name_local":null,"category":null,"source":"openstreetmap","source_id":"node/7655439024","updated_at":"2020-06-26T08:58:07Z","tags":{"addr:full":"Near Dudh Bazar, Old Nashik, Nashik","addr:postcode":"422001"}}},{"type":"Feature","geometry":{"type":"Point","coordinates":[73.80094,19.98975]},"properties":{"id":"place_n7655439026","type":"hospital","name":"Naik Hospital","name_local":null,"category":null,"source":"openstreetmap","source_id":"node/7655439026","updated_at":"2020-06-26T08:58:07Z","tags":{"addr:full":"Kathe Lane, Near Kathe Galli Road, Dwarka, Nashik","addr:postcode":"422011"}}},{"type":"Feature","geometry":{"type":"Point","coordinates":[73.78334,19.99064]},"properties":{"id":"place_n7655439027","type":"hospital","name":"Vimal Hospital","name_local":null,"category":null,"source":"openstreetmap","source_id":"node/7655439027","updated_at":"2020-06-26T08:58:07Z","tags":{"addr:full":"Gurudwara Road, Near Sandeep Hotel, Shingada Talav, Mumbai Naka, Nashik","addr:postcode":"422011"}}},{"type":"Feature","geometry":{"type":"Point","coordinates":[73.77824,19.99137]},"properties":{"id":"place_n7655439029","type":"hospital","name":"Sonawane Heart Care Hospital","name_local":null,"category":null,"source":"openstreetmap","source_id":"node/7655439029","updated_at":"2020-06-26T08:58:07Z","tags":{"addr:full":"Mumbai Naka, Matoshree Nagar, Nashik","addr:postcode":"422002"}}},{"type":"Feature","geometry":{"type":"Point","coordinates":[73.78009,19.9966]},"properties":{"id":"place_n7655439030","type":"hospital","name":"Dhadiwal Hospital","name_local":null,"category":null,"source":"openstreetmap","source_id":"node/7655439030","updated_at":"2020-06-26T08:58:07Z","tags":{"addr:full":"Trambakeshwar Road, Opp. New CBS, Matoshree Nagar, Nashik","addr:postcode":"422002"}}},{"type":"Feature","geometry":{"type":"Point","coordinates":[73.77937,19.99155]},"properties":{"id":"place_n7655439032","type":"hospital","name":"Vedant Hospital","name_local":null,"category":null,"source":"openstreetmap","source_id":"node/7655439032","updated_at":"2020-06-26T08:58:07Z","tags":{"addr:full":"Shri Hari Narayan Kute Marg, Near Mumbai Naka, Matoshree Nagar, Nashik","addr:postcode":"422002"}}},{"type":"Feature","geometry":{"type":"Point","coordinates":[73.76905,20.00638]},"properties":{"id":"place_n7655439033","type":"hospital","name":"Supreme Maternity Hospital and Laproscopy Centre","name_local":null,"category":"gynaecology","source":"openstreetmap","source_id":"node/7655439033","updated_at":"2022-11-10T06:41:05Z","tags":{"addr:full":"Gajanan Annex, Patil Lane Number 1, Near Magnum Hospital, Nashik","addr:city":"NASHIK","addr:postcode":"422005"}}},{"type":"Feature","geometry":{"type":"Point","coordinates":[73.76294,19.95536]},"properties":{"id":"place_n7655439034","type":"hospital","name":"Saptashrungi Hospital","name_local":null,"category":null,"source":"openstreetmap","source_id":"node/7655439034","updated_at":"2024-11-23T11:57:09Z","tags":{"addr:full":"Surya Avenue, Above State Bank of India, Dnyaneshwar Nagar, Pathardi Phata, Nashik","addr:postcode":"422010"}}},{"type":"Feature","geometry":{"type":"Point","coordinates":[73.7791,19.97725]},"properties":{"id":"place_n7655439035","type":"hospital","name":"Shree Yash Hospital","name_local":null,"category":null,"source":"openstreetmap","source_id":"node/7655439035","updated_at":"2020-06-26T08:58:07Z","tags":{"addr:full":"Agra Highway, Prasanna Colony, Indira Nagar, Behind Surya Hotel, Nashik","addr:postcode":"422009"}}},{"type":"Feature","geometry":{"type":"Point","coordinates":[73.79963,19.99078]},"properties":{"id":"place_n7655439036","type":"hospital","name":"Shraddha Piles Hospital","name_local":null,"category":null,"source":"openstreetmap","source_id":"node/7655439036","updated_at":"2020-06-26T08:58:07Z","tags":{"addr:full":"First Floor, Jagir Complex, Opposite Maruti Temple, Kath, Nashik","addr:postcode":"422011"}}},{"type":"Feature","geometry":{"type":"Point","coordinates":[73.77753,19.98834]},"properties":{"id":"place_n7655439037","type":"hospital","name":"Nelson Memorial Children's Hospital Private Limited","name_local":null,"category":null,"source":"openstreetmap","source_id":"node/7655439037","updated_at":"2020-06-26T08:58:07Z","tags":{"addr:full":"Near Mahamarg Bus Stand, Next to Tupsakhare Lawns, Mumbai Naka, Tidke Colony, Nashik","addr:postcode":"422002"}}},{"type":"Feature","geometry":{"type":"Point","coordinates":[73.77732,19.98118]},"properties":{"id":"place_n7655439039","type":"hospital","name":"Aghor Hospital","name_local":null,"category":null,"source":"openstreetmap","source_id":"node/7655439039","updated_at":"2020-06-26T08:58:07Z","tags":{"addr:full":"Sheetal Avenue, Rajmata Jijau Marg, Govind Nagar, Nashik","addr:postcode":"422009"}}},{"type":"Feature","geometry":{"type":"Point","coordinates":[73.77904,19.99135]},"properties":{"id":"place_n7655439040","type":"hospital","name":"Sopan Hospital & Neurology Institute","name_local":null,"category":null,"source":"openstreetmap","source_id":"node/7655439040","updated_at":"2020-06-26T08:58:07Z","tags":{"addr:full":"Behind Sandeep Hotel, Shri Hari Narayan Kute Marg, Tidke Colony, Nashik","addr:postcode":"422001"}}},{"type":"Feature","geometry":{"type":"Point","coordinates":[73.80597,20.00983]},"properties":{"id":"place_n7655439041","type":"hospital","name":"Ahirrao Hospital","name_local":null,"category":"general","source":"openstreetmap","source_id":"node/7655439041","updated_at":"2022-11-10T06:41:05Z","tags":{"operator":"dr.Vijay Ahirrao","operator:type":"private","addr:full":"Abhang Nagar, Om Nagar, Nashik","addr:street":"Abhang Nagar,Nashik","addr:city":"Nashik","addr:postcode":"422003","emergency":"yes"}}},{"type":"Feature","geometry":{"type":"Point","coordinates":[73.77869,19.98818]},"properties":{"id":"place_n7655439042","type":"hospital","name":"Mayara Maternity Hospital","name_local":null,"category":null,"source":"openstreetmap","source_id":"node/7655439042","updated_at":"2020-06-26T08:58:07Z","tags":{"addr:full":"Sunyan, Behind Tupsakhare Lawn, Mumbai Naka, Tidke Colony, Nashik","addr:postcode":"422002"}}},{"type":"Feature","geometry":{"type":"Point","coordinates":[73.76824,19.99943]},"properties":{"id":"place_n7655439045","type":"hospital","name":"Ramole Eye Hospital","name_local":null,"category":"ophthalmology","source":"openstreetmap","source_id":"node/7655439045","updated_at":"2022-11-10T06:41:05Z","tags":{"addr:full":"Sharanpur Trimbak Link Road, Near Kaunda Corner, Sanjeevan Colony, Opp. Sant Andrea Church, Nashik","addr:city":"NASHIK","addr:postcode":"422005"}}},{"type":"Feature","geometry":{"type":"Point","coordinates":[73.77786,20.00505]},"properties":{"id":"place_n7655439046","type":"hospital","name":"Deogaonkar Hospital","name_local":null,"category":null,"source":"openstreetmap","source_id":"node/7655439046","updated_at":"2020-06-26T08:58:07Z","tags":{"addr:full":"Old Pandit Colony, Gangapur Road, Near KTHM College, Police Staff Colony, Nashik","addr:postcode":"422002"}}},{"type":"Feature","geometry":{"type":"Point","coordinates":[73.77591,20.00498]},"properties":{"id":"place_n7655439047","type":"hospital","name":"Geetha Children's Hospital","name_local":null,"category":null,"source":"openstreetmap","source_id":"node/7655439047","updated_at":"2020-06-26T08:58:07Z","tags":{"addr:full":"Chandrahans Apartment, Gangapur Road, Opposite Anand Laundry, New Pandit Colony, Nashik","addr:postcode":"422002"}}},{"type":"Feature","geometry":{"type":"Point","coordinates":[73.80448,19.99513]},"properties":{"id":"place_n7655439048","type":"hospital","name":"More Hospital","name_local":null,"category":null,"source":"openstreetmap","source_id":"node/7655439048","updated_at":"2020-06-26T08:58:07Z","tags":{"addr:full":"Sheetal Society, Opp. Shankar Nagar, Takli Road, Dwarka, Nashik","addr:postcode":"422011"}}},{"type":"Feature","geometry":{"type":"Point","coordinates":[73.79702,20.01504]},"properties":{"id":"place_n7655439051","type":"hospital","name":"Chopda Hospital","name_local":null,"category":"general","source":"openstreetmap","source_id":"node/7655439051","updated_at":"2022-11-10T06:41:05Z","tags":{"operator":"DR,ANANAD CHOPDA","operator:type":"private","addr:full":"Hira Ratan, Near Mahalxmi Theater, Aanad Rushji Marg, Dindori Road, Panchavati, Nashik","addr:street":"NEAR MAHALAXMI THEATRE,ANANAD RUSHI MARG","addr:city":"NASHIK","addr:postcode":"422003"}}},{"type":"Feature","geometry":{"type":"Point","coordinates":[73.76045,20.01184]},"properties":{"id":"place_n7655439053","type":"hospital","name":"Upadhye Hospital","name_local":null,"category":null,"source":"openstreetmap","source_id":"node/7655439053","updated_at":"2020-06-26T08:58:07Z","tags":{"addr:full":"Gangapur Road, Shramik Nagar, S.T. Colony, Nashik","addr:postcode":"422003"}}},{"type":"Feature","geometry":{"type":"Point","coordinates":[73.79874,19.98369]},"properties":{"id":"place_n7655439054","type":"hospital","name":"Shri Krushna Maternity Hospital","name_local":null,"category":null,"source":"openstreetmap","source_id":"node/7655439054","updated_at":"2020-06-26T08:58:07Z","tags":{"addr:full":"Shri Krushna Hospital, Happy Home Colony, Gulshan Colony, Nashi","addr:postcode":"422011"}}},{"type":"Feature","geometry":{"type":"Point","coordinates":[73.77703,19.98888]},"properties":{"id":"place_n7655439055","type":"hospital","name":"Manas Hospital","name_local":null,"category":null,"source":"openstreetmap","source_id":"node/7655439055","updated_at":"2020-06-26T08:58:07Z","tags":{"addr:full":"Opposite Tupsakhre Lawns, Mumbai Naka, Matoshree Nagar, Nashik","addr:postcode":"422002"}}},{"type":"Feature","geometry":{"type":"Point","coordinates":[73.80934,19.99207]},"properties":{"id":"place_n7655439058","type":"hospital","name":"Chetna Hospital","name_local":null,"category":null,"source":"openstreetmap","source_id":"node/7655439058","updated_at":"2020-06-26T08:58:07Z","tags":{"addr:full":"Anusuya Nagar, Nashik","addr:postcode":"422011"}}},{"type":"Feature","geometry":{"type":"Point","coordinates":[73.75429,19.98299]},"properties":{"id":"place_n7655439059","type":"hospital","name":"Aaditya Children's Hospital","name_local":null,"category":null,"source":"openstreetmap","source_id":"node/7655439059","updated_at":"2020-06-26T08:58:07Z","tags":{"addr:full":"Kamatwade Road, Near Bakers Corner, Trimurti Chowk, Durganagar, Nashik","addr:postcode":"422008"}}},{"type":"Feature","geometry":{"type":"Point","coordinates":[73.75304,19.96839]},"properties":{"id":"place_n7655439060","type":"hospital","name":"Kalpataru Multispeciality Hospital","name_local":null,"category":null,"source":"openstreetmap","source_id":"node/7655439060","updated_at":"2020-06-26T08:58:07Z","tags":{"addr:full":"Bus Stop, Uttam Nagar, Nashik","addr:postcode":"422010"}}},{"type":"Feature","geometry":{"type":"Point","coordinates":[73.79753,19.98292]},"properties":{"id":"place_n7655439061","type":"hospital","name":"Shri Hari Hospital","name_local":null,"category":null,"source":"openstreetmap","source_id":"node/7655439061","updated_at":"2020-06-26T08:58:07Z","tags":{"addr:full":"Pakhal Road, Ashoka Colony, Opposite Kalpana Chawla Medical College, Nashik","addr:postcode":"422006"}}},{"type":"Feature","geometry":{"type":"Point","coordinates":[73.77821,19.98815]},"properties":{"id":"place_n7655439062","type":"hospital","name":"Saru Hospital","name_local":null,"category":null,"source":"openstreetmap","source_id":"node/7655439062","updated_at":"2020-06-26T08:58:07Z","tags":{"addr:full":"Mumbai Naka, Matoshree Nagar, Nashik","addr:postcode":"422002"}}},{"type":"Feature","geometry":{"type":"Point","coordinates":[73.79595,20.01453]},"properties":{"id":"place_n7655439064","type":"hospital","name":"Sahara Hospital","name_local":null,"category":null,"source":"openstreetmap","source_id":"node/7655439064","updated_at":"2022-11-10T06:41:05Z","tags":{"addr:full":"Dindori Road, Panchavati, Nashik","addr:street":"SAMITI COMPLEX,OPPOSITE MAHALAXMITALKIES","addr:city":"NASHIK","addr:postcode":"422003","emergency":"yes"}}},{"type":"Feature","geometry":{"type":"Point","coordinates":[73.75479,19.96931]},"properties":{"id":"place_n7655439066","type":"hospital","name":"Tirupati Hospital","name_local":null,"category":null,"source":"openstreetmap","source_id":"node/7655439066","updated_at":"2020-06-26T08:58:07Z","tags":{"addr:full":"Pelican Park Road, Cidco College, Uttam Nagar, Nashik","addr:postcode":"422009"}}},{"type":"Feature","geometry":{"type":"Point","coordinates":[73.76979,20.00303]},"properties":{"id":"place_n7655439067","type":"hospital","name":"Shraddha Hospital And Maternity Home","name_local":null,"category":null,"source":"openstreetmap","source_id":"node/7655439067","updated_at":"2020-06-26T08:58:07Z","tags":{"addr:full":"College Road, Adwait Colony, Canada Corner, Nashik","addr:postcode":"422005"}}},{"type":"Feature","geometry":{"type":"Point","coordinates":[73.76308,20.01285]},"properties":{"id":"place_n7655439068","type":"hospital","name":"Dr. Joshi Hospital","name_local":null,"category":null,"source":"openstreetmap","source_id":"node/7655439068","updated_at":"2020-06-26T08:58:07Z","tags":{"addr:full":"Manik Nagar, Nashik","addr:postcode":"422005"}}},{"type":"Feature","geometry":{"type":"Point","coordinates":[73.78009,19.99167]},"properties":{"id":"place_n7655439069","type":"hospital","name":"Rainbow Hospital","name_local":null,"category":null,"source":"openstreetmap","source_id":"node/7655439069","updated_at":"2020-06-26T08:58:07Z","tags":{"addr:full":"Mumbai Naka, Matoshree Nagar, Nashik","addr:postcode":"422002"}}},{"type":"Feature","geometry":{"type":"Point","coordinates":[73.78637,19.97212]},"properties":{"id":"place_n7655439071","type":"hospital","name":"Shivom Hospital","name_local":null,"category":null,"source":"openstreetmap","source_id":"node/7655439071","updated_at":"2020-06-26T08:58:07Z","tags":{"addr:full":"Savarkar Chowk, Near Shri Swami Samarth Kendra, Indira Nagar, Nashik","addr:postcode":"422009"}}},{"type":"Feature","geometry":{"type":"Point","coordinates":[73.76981,19.96423]},"properties":{"id":"place_n7655439072","type":"hospital","name":"Shree Hospital","name_local":null,"category":null,"source":"openstreetmap","source_id":"node/7655439072","updated_at":"2020-06-26T08:58:07Z","tags":{"addr:full":"Chetana Nagar, Rane Nagar, Nashi","addr:postcode":"422501"}}},{"type":"Feature","geometry":{"type":"Point","coordinates":[73.77944,19.98255]},"properties":{"id":"place_n7655439073","type":"hospital","name":"Navkar Hospital","name_local":null,"category":null,"source":"openstreetmap","source_id":"node/7655439073","updated_at":"2020-06-26T08:58:07Z","tags":{"addr:full":"Govind Nagar Road, Govind Nagar, Nashik","addr:postcode":"422009"}}},{"type":"Feature","geometry":{"type":"Point","coordinates":[73.77141,20.00256]},"properties":{"id":"place_n7655439074","type":"hospital","name":"Chaitanya Hospital & Research Centre Private limited","name_local":null,"category":null,"source":"openstreetmap","source_id":"node/7655439074","updated_at":"2020-06-26T08:58:07Z","tags":{"addr:full":"Turning Point Building, Sharanpur Road, Opposite Telecom Office, Canada Corner, Nashik","addr:postcode":"422005"}}},{"type":"Feature","geometry":{"type":"Point","coordinates":[73.76472,20.00547]},"properties":{"id":"place_n7655439075","type":"hospital","name":"Suman Symphony Hospital","name_local":null,"category":null,"source":"openstreetmap","source_id":"node/7655439075","updated_at":"2020-06-26T08:58:07Z","tags":{"addr:full":"College Road, Near Suman Hospital, Ramdas Colony, Nashik","addr:postcode":"422005"}}},{"type":"Feature","geometry":{"type":"Point","coordinates":[73.75846,20.00726]},"properties":{"id":"place_n7655439076","type":"hospital","name":"Baste Maternity Hospital","name_local":null,"category":null,"source":"openstreetmap","source_id":"node/7655439076","updated_at":"2020-06-26T08:58:07Z","tags":{"addr:full":"College Road, Kalpana Nagar, Krishi Nagar, Nashik","addr:postcode":"422005"}}},{"type":"Feature","geometry":{"type":"Point","coordinates":[73.77825,19.99134]},"properties":{"id":"place_n7655439077","type":"hospital","name":"Wellcare Hospital","name_local":null,"category":null,"source":"openstreetmap","source_id":"node/7655439077","updated_at":"2020-06-26T08:58:07Z","tags":{"addr:full":"Shri Hari Narayan Kute Marg, Near Baba Dargah, Mumbai Naka, Tidke Colony, Nashik","addr:postcode":"422002"}}},{"type":"Feature","geometry":{"type":"Point","coordinates":[73.78095,19.9835]},"properties":{"id":"place_n7655439079","type":"hospital","name":"Sankalecha Hospital","name_local":null,"category":null,"source":"openstreetmap","source_id":"node/7655439079","updated_at":"2020-06-26T08:58:07Z","tags":{"addr:full":"Mumbai Naka, Govind Nagar, Nashik","addr:postcode":"422009"}}},{"type":"Feature","geometry":{"type":"Point","coordinates":[73.78593,19.98758]},"properties":{"id":"place_n7655439080","type":"hospital","name":"Fortune Multispeciality Hospital and Research Centre","name_local":null,"category":null,"source":"openstreetmap","source_id":"node/7655439080","updated_at":"2020-06-26T08:58:07Z","tags":{"addr:full":"Near Rashtravadi Bhavan, Bhabha Nagar Road, Opp. Shivam Auto Showroom, Nashik","addr:postcode":"422011"}}},{"type":"Feature","geometry":{"type":"Point","coordinates":[73.78349,19.99118]},"properties":{"id":"place_n7655439081","type":"hospital","name":"Kilbil Children Hospital","name_local":null,"category":null,"source":"openstreetmap","source_id":"node/7655439081","updated_at":"2020-06-26T08:58:07Z","tags":{"addr:full":"City Plaza Third Floor, Old Agra Road, Opposite Kalika Mandir, Nashik","addr:postcode":"422001"}}},{"type":"Feature","geometry":{"type":"Point","coordinates":[73.79141,19.97357]},"properties":{"id":"place_n7655439082","type":"hospital","name":"Ashoka Medicover Hospitals","name_local":null,"category":null,"source":"openstreetmap","source_id":"node/7655439082","updated_at":"2020-06-26T08:58:07Z","tags":{"addr:full":"Sawata Mali Road, Parab Nagar, Nashik","addr:postcode":"422209"}}},{"type":"Feature","geometry":{"type":"Point","coordinates":[73.80581,20.00982]},"properties":{"id":"place_n7655439083","type":"hospital","name":"Sai Seva Superspeciality Hospital","name_local":null,"category":"general","source":"openstreetmap","source_id":"node/7655439083","updated_at":"2022-11-10T06:41:05Z","tags":{"addr:full":"Panchavati Road, Near Old Adgon Naka, Abhang Nagar, Shree Dwaraka Nagari, Nashik","addr:street":"Panchavti road","addr:city":"Nashik","addr:postcode":"422003","emergency":"yes"}}},{"type":"Feature","geometry":{"type":"Point","coordinates":[73.78666,19.97259]},"properties":{"id":"place_n7655439084","type":"hospital","name":"M H Pawar Hospital","name_local":null,"category":null,"source":"openstreetmap","source_id":"node/7655439084","updated_at":"2020-06-26T08:58:07Z","tags":{"addr:full":"Parab Nagar, Indira Nagar, Nashik","addr:postcode":"422009"}}},{"type":"Feature","geometry":{"type":"Point","coordinates":[73.76279,20.00688]},"properties":{"id":"place_n7655439086","type":"hospital","name":"Kaushalya Hospital","name_local":null,"category":null,"source":"openstreetmap","source_id":"node/7655439086","updated_at":"2020-06-26T08:58:07Z","tags":{"addr:full":"College Road, Opp. B.Y.K. College, Near Yog Vidyadham, Nashik","addr:postcode":"422005"}}},{"type":"Feature","geometry":{"type":"Point","coordinates":[73.75537,19.96916]},"properties":{"id":"place_n7655439088","type":"hospital","name":"Dr. Darade Hospital","name_local":null,"category":null,"source":"openstreetmap","source_id":"node/7655439088","updated_at":"2020-06-26T08:58:07Z","tags":{"addr:full":"Shravan Sector, Uttamnagar, Cidco, Nashik","addr:postcode":"422009"}}},{"type":"Feature","geometry":{"type":"Point","coordinates":[73.7637,20.00976]},"properties":{"id":"place_n7655439089","type":"hospital","name":"NIMS Hospital","name_local":null,"category":null,"source":"openstreetmap","source_id":"node/7655439089","updated_at":"2020-06-26T08:58:07Z","tags":{"addr:full":"Gangapur Road, Thatte Nagar, Nashik","addr:postcode":"422005"}}},{"type":"Feature","geometry":{"type":"Point","coordinates":[73.75513,19.98184]},"properties":{"id":"place_n7655439090","type":"hospital","name":"Dr. Shyam Chaudhari Children Hospital","name_local":null,"category":null,"source":"openstreetmap","source_id":"node/7655439090","updated_at":"2020-06-26T08:58:07Z","tags":{"addr:full":"Trimurti-Kamatwade Road, Durganagar, Nashik","addr:postcode":"422008"}}},{"type":"Feature","geometry":{"type":"Point","coordinates":[73.76675,20.00417]},"properties":{"id":"place_n7655439091","type":"hospital","name":"Malpani Maternity Hospital","name_local":null,"category":"gynaecology","source":"openstreetmap","source_id":"node/7655439091","updated_at":"2022-11-10T06:41:05Z","tags":{"addr:full":"Dolly House, College Road, Vise Mala, Nashik","addr:city":"nashik","addr:postcode":"422005"}}},{"type":"Feature","geometry":{"type":"Point","coordinates":[73.80188,19.98414]},"properties":{"id":"place_n7655439092","type":"hospital","name":"Gondhale Hospital ENT, Eye & Maternity Home","name_local":null,"category":null,"source":"openstreetmap","source_id":"node/7655439092","updated_at":"2020-06-26T08:58:07Z","tags":{"addr:full":"Lingayat Colony, Nashik - Pune Road, Behind Hotel Siddharth, Nashik","addr:postcode":"422011"}}},{"type":"Feature","geometry":{"type":"Point","coordinates":[73.7545,19.97163]},"properties":{"id":"place_n7655439093","type":"hospital","name":"Ishwar Krupa Maternity Hospital","name_local":null,"category":null,"source":"openstreetmap","source_id":"node/7655439093","updated_at":"2020-06-26T08:58:07Z","tags":{"addr:full":"Ambad-Trimurti Chowk Link Road, Lokmanya Nagar, Pawan Nagar, Nashik","addr:postcode":"422007"}}},{"type":"Feature","geometry":{"type":"Point","coordinates":[73.77285,20.0003]},"properties":{"id":"place_n7655439094","type":"hospital","name":"Mehta Hospital","name_local":null,"category":"general","source":"openstreetmap","source_id":"node/7655439094","updated_at":"2022-11-10T06:41:05Z","tags":{"operator":"Dr.RANJIT MEHTA","operator:type":"private","addr:full":"Sharanpur Road, Behind Kulkarni Garden, Racca Colony, Jejurkar Wadi, Kulkarni Colony, Nashik","addr:street":"sharanpur road, near Racca colony,jejurkar wadi","addr:city":"Nashik","addr:postcode":"422002","emergency":"yes"}}},{"type":"Feature","geometry":{"type":"Point","coordinates":[73.76952,20.00311]},"properties":{"id":"place_n7655439095","type":"hospital","name":"Little Angels Child Clinic","name_local":null,"category":null,"source":"openstreetmap","source_id":"node/7655439095","updated_at":"2022-11-10T06:41:05Z","tags":{"addr:full":"Janki Vilas Apartment, Vise Mala, Adwait Colony, Canada Corner, Nashik","addr:city":"Nashik","addr:postcode":"422005"}}},{"type":"Feature","geometry":{"type":"Point","coordinates":[73.80343,19.99551]},"properties":{"id":"place_n7655439096","type":"hospital","name":"Yash Hospital","name_local":null,"category":null,"source":"openstreetmap","source_id":"node/7655439096","updated_at":"2020-06-26T08:58:07Z","tags":{"addr:full":"Dwarka, Nashik","addr:postcode":"422011"}}},{"type":"Feature","geometry":{"type":"Point","coordinates":[73.7758,20.00586]},"properties":{"id":"place_n7655439097","type":"hospital","name":"Apex Wellness Rishikesh Hospital","name_local":null,"category":"general","source":"openstreetmap","source_id":"node/7655439097","updated_at":"2022-11-10T06:41:05Z","tags":{"addr:full":"Gangapur Road, Murkute Colony, Thakkar Nagar, New Pandit Colony, Nashik","addr:city":"NASHIK","addr:postcode":"422002","emergency":"yes"}}},{"type":"Feature","geometry":{"type":"Point","coordinates":[73.76686,19.97306]},"properties":{"id":"place_n7655439098","type":"hospital","name":"Snehal Hospital","name_local":null,"category":null,"source":"openstreetmap","source_id":"node/7655439098","updated_at":"2020-06-26T08:58:07Z","tags":{"addr:full":"Rana Pratap Chowk, New Cidco, Nashik","addr:postcode":"422009"}}},{"type":"Feature","geometry":{"type":"Point","coordinates":[73.80961,19.99356]},"properties":{"id":"place_n7655439099","type":"hospital","name":"Dr. Kadale Baba Hospital","name_local":null,"category":null,"source":"openstreetmap","source_id":"node/7655439099","updated_at":"2020-06-26T08:58:07Z","tags":{"addr:full":"Samarth Heights, Tapovan, Link Road, Near Jay Shankar Lawns, Dwarka, Nashik","addr:postcode":"422011"}}},{"type":"Feature","geometry":{"type":"Point","coordinates":[73.78644,19.97406]},"properties":{"id":"place_n7655439101","type":"hospital","name":"Shatayushi Hospital","name_local":null,"category":null,"source":"openstreetmap","source_id":"node/7655439101","updated_at":"2020-06-26T08:58:07Z","tags":{"addr:full":"Wadala - Pathardi Road, Near Bapu Bunglow, Kala Nagar, Indira Nagar, Nashik","addr:postcode":"422009"}}},{"type":"Feature","geometry":{"type":"Point","coordinates":[73.77787,19.98827]},"properties":{"id":"place_n7655439102","type":"hospital","name":"Prapti Women's Hospital","name_local":null,"category":null,"source":"openstreetmap","source_id":"node/7655439102","updated_at":"2020-06-26T08:58:07Z","tags":{"addr:full":"Shri Hari Narayan Kute Marg, Mumbai Naka, Matoshree Nagar, Nashik","addr:postcode":"422002"}}},{"type":"Feature","geometry":{"type":"Point","coordinates":[73.79644,20.01092]},"properties":{"id":"place_n7655439104","type":"hospital","name":"Leelavati Hospital & Research Centre","name_local":null,"category":null,"source":"openstreetmap","source_id":"node/7655439104","updated_at":"2020-06-26T08:58:07Z","tags":{"addr:full":"Bus Stop, Near Sakal Cinema, Ashok Stambh Circle, Gole Colony, Nashik","addr:postcode":"422001"}}},{"type":"Feature","geometry":{"type":"Point","coordinates":[73.75923,19.96847]},"properties":{"id":"place_n7655439105","type":"hospital","name":"Nitin Hospital and Medical","name_local":null,"category":null,"source":"openstreetmap","source_id":"node/7655439105","updated_at":"2020-06-26T08:58:07Z","tags":{"addr:full":"Saibaba Nagar, Cidco, Nashik","addr:postcode":"422010"}}},{"type":"Feature","geometry":{"type":"Point","coordinates":[73.76476,20.00401]},"properties":{"id":"place_n7655439106","type":"hospital","name":"Nivedita Maternity Home","name_local":null,"category":null,"source":"openstreetmap","source_id":"node/7655439106","updated_at":"2020-06-26T08:58:07Z","tags":{"addr:full":"Anshumali Tower, Godavari Colony HPT, College Road, Behind Big Bazar, Nashik","addr:postcode":"422005"}}},{"type":"Feature","geometry":{"type":"Point","coordinates":[73.77171,19.96735]},"properties":{"id":"place_n8753359991","type":"religious","name":"Sakshatkari Datta Mandir","name_local":null,"category":"hindu","source":"openstreetmap","source_id":"node/8753359991","updated_at":"2024-01-27T08:59:30Z","tags":{"religion":"hindu"}}},{"type":"Feature","geometry":{"type":"Point","coordinates":[73.77256,19.96738]},"properties":{"id":"place_n8753426650","type":"religious","name":"Mayureshwar Ganpati Temple","name_local":null,"category":"hindu","source":"openstreetmap","source_id":"node/8753426650","updated_at":"2024-01-27T08:59:21Z","tags":{"addr:street":"Pushpanjali Colony","addr:city":"Nashik","addr:postcode":"422009","religion":"hindu"}}},{"type":"Feature","geometry":{"type":"Point","coordinates":[73.64163,19.88489]},"properties":{"id":"place_n9197239139","type":"tourism","name":"Ghargad Fort","name_local":null,"category":"historic fort","source":"openstreetmap","source_id":"node/9197239139","updated_at":"2023-03-03T05:31:00Z","tags":{}}},{"type":"Feature","geometry":{"type":"Point","coordinates":[73.63009,19.91114]},"properties":{"id":"place_n9197240539","type":"tourism","name":"Ranjangiri Fort","name_local":null,"category":"historic fort","source":"openstreetmap","source_id":"node/9197240539","updated_at":"2021-10-24T11:09:11Z","tags":{}}},{"type":"Feature","geometry":{"type":"Point","coordinates":[73.56985,19.92006]},"properties":{"id":"place_n9197240540","type":"tourism","name":"Anjaneri fort","name_local":null,"category":"historic fort","source":"openstreetmap","source_id":"node/9197240540","updated_at":"2021-10-24T11:09:11Z","tags":{}}},{"type":"Feature","geometry":{"type":"Point","coordinates":[73.54782,19.92211]},"properties":{"id":"place_n9197240541","type":"tourism","name":"Navara Navri Fort","name_local":null,"category":"historic fort","source":"openstreetmap","source_id":"node/9197240541","updated_at":"2021-10-24T11:09:11Z","tags":{}}},{"type":"Feature","geometry":{"type":"Point","coordinates":[73.5236,19.91519]},"properties":{"id":"place_n9197240542","type":"tourism","name":"Brahmagiri","name_local":null,"category":"historic fort","source":"openstreetmap","source_id":"node/9197240542","updated_at":"2021-10-24T11:09:11Z","tags":{}}},{"type":"Feature","geometry":{"type":"Point","coordinates":[73.51534,19.9308]},"properties":{"id":"place_n9197240543","type":"tourism","name":"Durg Bhandar","name_local":null,"category":"historic fort","source":"openstreetmap","source_id":"node/9197240543","updated_at":"2021-10-24T11:09:11Z","tags":{}}},{"type":"Feature","geometry":{"type":"Point","coordinates":[73.67628,20.1416]},"properties":{"id":"place_n9318491101","type":"school","name":"Dyanjyoti Kanya Ashram School","name_local":null,"category":null,"source":"openstreetmap","source_id":"node/9318491101","updated_at":"2021-12-08T03:48:51Z","tags":{"phone":"+91 88885 68152"}}},{"type":"Feature","geometry":{"type":"Point","coordinates":[73.81295,19.93406]},"properties":{"id":"place_n9485884537","type":"landmark","name":"Varkari Chowk","name_local":"वारकरी चौक","category":"chowk / junction","source":"openstreetmap","source_id":"node/9485884537","updated_at":"2026-02-15T11:09:53Z","tags":{"name:en":"Varkari Chowk","name:mr":"वारकरी चौक"}}},{"type":"Feature","geometry":{"type":"Point","coordinates":[73.76705,20.11368]},"properties":{"id":"place_n9893202946","type":"tourism","name":"Ramshej Fort","name_local":null,"category":"historic fort","source":"openstreetmap","source_id":"node/9893202946","updated_at":"2026-04-05T04:57:36Z","tags":{"access":"yes"}}},{"type":"Feature","geometry":{"type":"Point","coordinates":[73.5306,19.93325]},"properties":{"id":"place_n10049391878","type":"government","name":"Trimbak post office","name_local":"त्र्यंबक डाकघर","category":"post_office","source":"openstreetmap","source_id":"node/10049391878","updated_at":"2022-09-24T16:18:51Z","tags":{"name:en":"Trimbak post office","name:mr":"त्र्यंबक डाकघर","addr:postcode":"422212"}}},{"type":"Feature","geometry":{"type":"Point","coordinates":[73.53161,19.92999]},"properties":{"id":"place_n10050111556","type":"religious","name":"गुरू गंगेश्वर धाम मंदिर","name_local":null,"category":"hindu","source":"openstreetmap","source_id":"node/10050111556","updated_at":"2022-09-25T01:22:49Z","tags":{"religion":"hindu"}}},{"type":"Feature","geometry":{"type":"Point","coordinates":[73.68028,19.97158]},"properties":{"id":"place_n10050836329","type":"toilets","name":null,"name_local":null,"category":"public toilet","source":"openstreetmap","source_id":"node/10050836329","updated_at":"2022-09-25T11:58:12Z","tags":{"access":"customers"}}},{"type":"Feature","geometry":{"type":"Point","coordinates":[73.76257,20.00723]},"properties":{"id":"place_n10166350017","type":"school","name":"Yogapoint - Yoga Vidya Dham","name_local":null,"category":null,"source":"openstreetmap","source_id":"node/10166350017","updated_at":"2022-11-07T12:04:49Z","tags":{"name:en":"Yogapoint - Yoga Vidya Dham"}}},{"type":"Feature","geometry":{"type":"Point","coordinates":[73.80279,20.07869]},"properties":{"id":"place_n10232679184","type":"college","name":"MUHS Administrative Building","name_local":null,"category":"university","source":"openstreetmap","source_id":"node/10232679184","updated_at":"2022-12-02T09:34:21Z","tags":{}}},{"type":"Feature","geometry":{"type":"Point","coordinates":[73.78564,20.01385]},"properties":{"id":"place_n10272523949","type":"religious","name":"Shankar Bhagwan","name_local":null,"category":"hindu","source":"openstreetmap","source_id":"node/10272523949","updated_at":"2022-12-19T05:32:41Z","tags":{"religion":"hindu"}}},{"type":"Feature","geometry":{"type":"Point","coordinates":[73.78778,20.01387]},"properties":{"id":"place_n10272523950","type":"religious","name":"Hanuman Mandir","name_local":null,"category":"hindu","source":"openstreetmap","source_id":"node/10272523950","updated_at":"2022-12-19T05:32:41Z","tags":{"religion":"hindu"}}},{"type":"Feature","geometry":{"type":"Point","coordinates":[73.78863,20.01264]},"properties":{"id":"place_n10272523951","type":"religious","name":"Devi Mandir","name_local":null,"category":"hindu","source":"openstreetmap","source_id":"node/10272523951","updated_at":"2026-03-21T10:18:46Z","tags":{"religion":"hindu"}}},{"type":"Feature","geometry":{"type":"Point","coordinates":[73.78596,20.01413]},"properties":{"id":"place_n10281649592","type":"religious","name":"Sai Baba Mandir","name_local":null,"category":"hindu","source":"openstreetmap","source_id":"node/10281649592","updated_at":"2022-12-23T06:19:45Z","tags":{"religion":"hindu"}}},{"type":"Feature","geometry":{"type":"Point","coordinates":[73.7872,20.01294]},"properties":{"id":"place_n10536398592","type":"religious","name":"Sai Baba Temple","name_local":null,"category":"hindu","source":"openstreetmap","source_id":"node/10536398592","updated_at":"2023-01-10T07:34:32Z","tags":{"religion":"hindu"}}},{"type":"Feature","geometry":{"type":"Point","coordinates":[73.84414,20.02761]},"properties":{"id":"place_n10539647615","type":"religious","name":"Ganpati Mandir","name_local":null,"category":"hindu","source":"openstreetmap","source_id":"node/10539647615","updated_at":"2023-01-11T13:06:08Z","tags":{"addr:street":"NH3","addr:city":"Nashik","addr:postcode":"422003","religion":"hindu","denomination":"hindu"}}},{"type":"Feature","geometry":{"type":"Point","coordinates":[73.52611,19.90855]},"properties":{"id":"place_n10578525641","type":"religious","name":"Mandir","name_local":null,"category":null,"source":"openstreetmap","source_id":"node/10578525641","updated_at":"2026-06-29T12:42:56Z","tags":{}}},{"type":"Feature","geometry":{"type":"Point","coordinates":[73.52598,19.91167]},"properties":{"id":"place_n10580560942","type":"religious","name":"renuka devi mandir","name_local":"mandir","category":null,"source":"openstreetmap","source_id":"node/10580560942","updated_at":"2023-01-25T02:26:21Z","tags":{"name:en":"renuka devi mandir"}}},{"type":"Feature","geometry":{"type":"Point","coordinates":[73.83895,19.96471]},"properties":{"id":"place_n10807002735","type":"government","name":"Currency note press","name_local":null,"category":"government government","source":"openstreetmap","source_id":"node/10807002735","updated_at":"2023-04-13T09:08:11Z","tags":{"addr:street":"Jail Road","addr:city":"Nashik"}}},{"type":"Feature","geometry":{"type":"Point","coordinates":[73.80341,20.0356]},"properties":{"id":"place_n10807045459","type":"landmark","name":"Shivanjali Reliance Petrol Pump","name_local":null,"category":"petrol pump","source":"openstreetmap","source_id":"node/10807045459","updated_at":"2023-04-13T09:12:22Z","tags":{"addr:street":"Dindori Road","addr:city":"Nashik","addr:postcode":"422004","brand":"Reliance"}}},{"type":"Feature","geometry":{"type":"Point","coordinates":[73.98473,19.85075]},"properties":{"id":"place_n10807088168","type":"college","name":"GMD ARTS BW COMMERCE SCIENCE COLLAGE ,SINNER","name_local":null,"category":"college","source":"openstreetmap","source_id":"node/10807088168","updated_at":"2023-04-13T09:18:39Z","tags":{"addr:street":"Pune Nashik Road","addr:city":"sinner","addr:postcode":"422103"}}},{"type":"Feature","geometry":{"type":"Point","coordinates":[73.66869,19.96348]},"properties":{"id":"place_n10869963788","type":"college","name":"Sandip Institute of Pharmaceutical Sciences","name_local":null,"category":"university","source":"openstreetmap","source_id":"node/10869963788","updated_at":"2023-05-05T05:42:59Z","tags":{}}},{"type":"Feature","geometry":{"type":"Point","coordinates":[73.66771,19.96204]},"properties":{"id":"place_n10869963789","type":"college","name":"Sandip Institute Of Engineering And Management","name_local":null,"category":"college","source":"openstreetmap","source_id":"node/10869963789","updated_at":"2023-05-05T05:42:59Z","tags":{}}},{"type":"Feature","geometry":{"type":"Point","coordinates":[73.53608,19.91787]},"properties":{"id":"place_n11035027991","type":"religious","name":"Renuka Devi Mandir","name_local":null,"category":null,"source":"openstreetmap","source_id":"node/11035027991","updated_at":"2023-07-09T02:57:50Z","tags":{}}},{"type":"Feature","geometry":{"type":"Point","coordinates":[73.52542,19.90843]},"properties":{"id":"place_n11035036236","type":"religious","name":"Mandir","name_local":null,"category":null,"source":"openstreetmap","source_id":"node/11035036236","updated_at":"2023-07-09T02:57:49Z","tags":{}}},{"type":"Feature","geometry":{"type":"Point","coordinates":[73.51671,19.92027]},"properties":{"id":"place_n11035051834","type":"religious","name":"Shiv Jata Mandir","name_local":null,"category":null,"source":"openstreetmap","source_id":"node/11035051834","updated_at":"2023-07-09T02:57:52Z","tags":{}}},{"type":"Feature","geometry":{"type":"Point","coordinates":[73.75808,20.01053]},"properties":{"id":"place_n11215110073","type":"landmark","name":"DCB Bank","name_local":null,"category":"bank","source":"openstreetmap","source_id":"node/11215110073","updated_at":"2023-09-24T07:31:29Z","tags":{}}},{"type":"Feature","geometry":{"type":"Point","coordinates":[73.77887,19.99451]},"properties":{"id":"place_n11373727719","type":"toilets","name":null,"name_local":null,"category":"public toilet","source":"openstreetmap","source_id":"node/11373727719","updated_at":"2023-11-24T15:23:05Z","tags":{}}},{"type":"Feature","geometry":{"type":"Point","coordinates":[73.66129,19.96629]},"properties":{"id":"place_n11419489324","type":"government","name":"Grampanchayat Mahiravni","name_local":null,"category":"government office","source":"openstreetmap","source_id":"node/11419489324","updated_at":"2023-12-15T04:49:33Z","tags":{}}},{"type":"Feature","geometry":{"type":"Point","coordinates":[73.53635,19.93815]},"properties":{"id":"place_n11907115857","type":"bus_stop","name":"Trimbakeshwar Bus Depot","name_local":null,"category":"bus station","source":"openstreetmap","source_id":"node/11907115857","updated_at":"2024-05-15T13:23:12Z","tags":{}}},{"type":"Feature","geometry":{"type":"Point","coordinates":[73.53927,19.9398]},"properties":{"id":"place_n11907132365","type":"landmark","name":"Bharat Petroleum","name_local":null,"category":"petrol pump","source":"openstreetmap","source_id":"node/11907132365","updated_at":"2024-05-15T13:26:52Z","tags":{}}},{"type":"Feature","geometry":{"type":"Point","coordinates":[73.82545,19.95399]},"properties":{"id":"place_n12205234114","type":"religious","name":"Shree Tulja Bhavani Mandir Devasthan, Jai Bhavani Road","name_local":null,"category":"hindu","source":"openstreetmap","source_id":"node/12205234114","updated_at":"2024-10-04T18:02:50Z","tags":{"addr:street":"Jai Bhavani Road","addr:city":"Nashik","religion":"hindu","denomination":"hindu"}}},{"type":"Feature","geometry":{"type":"Point","coordinates":[73.91554,20.07973]},"properties":{"id":"place_n12206652870","type":"hospital","name":"USHA HOSPITAL","name_local":null,"category":"general","source":"openstreetmap","source_id":"node/12206652870","updated_at":"2024-09-28T09:34:26Z","tags":{"addr:street":"Agra Mumbai Road","addr:city":"OZAR","addr:postcode":"422207","emergency":"yes"}}},{"type":"Feature","geometry":{"type":"Point","coordinates":[73.72785,20.02311]},"properties":{"id":"place_n12270798789","type":"religious","name":"Someshwar Mandir","name_local":null,"category":"hindu","source":"openstreetmap","source_id":"node/12270798789","updated_at":"2024-10-20T11:04:45Z","tags":{"addr:city":"NASHIK","addr:postcode":"422013","religion":"hindu"}}},{"type":"Feature","geometry":{"type":"Point","coordinates":[73.7234,20.0292]},"properties":{"id":"place_n12382458800","type":"tourism","name":"Someshwar waterfall","name_local":null,"category":"attraction","source":"openstreetmap","source_id":"node/12382458800","updated_at":"2024-11-28T14:36:11Z","tags":{}}},{"type":"Feature","geometry":{"type":"Point","coordinates":[73.59116,19.89333]},"properties":{"id":"place_n12464844216","type":"religious","name":"Temple","name_local":null,"category":null,"source":"openstreetmap","source_id":"node/12464844216","updated_at":"2024-12-31T08:03:17Z","tags":{}}},{"type":"Feature","geometry":{"type":"Point","coordinates":[73.57005,19.9226]},"properties":{"id":"place_n12464856136","type":"tourism","name":"Trimbakeshwar viewpoint","name_local":null,"category":"viewpoint","source":"openstreetmap","source_id":"node/12464856136","updated_at":"2024-12-31T08:03:16Z","tags":{}}},{"type":"Feature","geometry":{"type":"Point","coordinates":[73.60346,19.90053]},"properties":{"id":"place_n12464866527","type":"school","name":"Primary School","name_local":null,"category":null,"source":"openstreetmap","source_id":"node/12464866527","updated_at":"2024-12-31T08:03:17Z","tags":{}}},{"type":"Feature","geometry":{"type":"Point","coordinates":[73.57756,19.92976]},"properties":{"id":"place_n12464867585","type":"religious","name":"Anjani Maata Mandir","name_local":null,"category":null,"source":"openstreetmap","source_id":"node/12464867585","updated_at":"2024-12-31T08:03:14Z","tags":{}}},{"type":"Feature","geometry":{"type":"Point","coordinates":[73.61465,19.90119]},"properties":{"id":"place_n12464878163","type":"religious","name":"Shree Ashtavinayak Ganesh Mandir","name_local":null,"category":"hindu","source":"openstreetmap","source_id":"node/12464878163","updated_at":"2024-12-31T08:03:19Z","tags":{"religion":"hindu"}}},{"type":"Feature","geometry":{"type":"Point","coordinates":[73.62272,19.8832]},"properties":{"id":"place_n12464884439","type":"religious","name":"Tribal Shrine","name_local":null,"category":null,"source":"openstreetmap","source_id":"node/12464884439","updated_at":"2024-12-31T08:03:28Z","tags":{}}},{"type":"Feature","geometry":{"type":"Point","coordinates":[73.79267,20.00644]},"properties":{"id":"place_n12609023753","type":"religious","name":"Nashik - Banks of Godavari","name_local":null,"category":"hindu","source":"openstreetmap","source_id":"node/12609023753","updated_at":"2025-02-22T04:47:08Z","tags":{"religion":"hindu"}}},{"type":"Feature","geometry":{"type":"Point","coordinates":[73.64252,19.88459]},"properties":{"id":"place_n12875171867","type":"religious","name":"Bhagwat mata mandir","name_local":null,"category":"hindu","source":"openstreetmap","source_id":"node/12875171867","updated_at":"2025-05-30T11:42:11Z","tags":{"religion":"hindu"}}},{"type":"Feature","geometry":{"type":"Point","coordinates":[73.50961,19.90675]},"properties":{"id":"place_n12876659958","type":"religious","name":"Gautam Ahilya rishi temple","name_local":null,"category":"hindu","source":"openstreetmap","source_id":"node/12876659958","updated_at":"2025-05-31T07:21:25Z","tags":{"religion":"hindu"}}},{"type":"Feature","geometry":{"type":"Point","coordinates":[73.51656,19.92809]},"properties":{"id":"place_n12876742451","type":"religious","name":"Ganga dwar","name_local":null,"category":"hindu","source":"openstreetmap","source_id":"node/12876742451","updated_at":"2025-05-31T07:36:16Z","tags":{"religion":"hindu"}}},{"type":"Feature","geometry":{"type":"Point","coordinates":[73.88864,19.92653]},"properties":{"id":"place_n13245070313","type":"religious","name":"Radha Nikunj","name_local":null,"category":"hindu","source":"openstreetmap","source_id":"node/13245070313","updated_at":"2025-10-20T03:11:31Z","tags":{"addr:street":"Pune Nashik Road","addr:city":"Nashik","addr:postcode":"422102","religion":"hindu","denomination":"hindu"}}},{"type":"Feature","geometry":{"type":"Point","coordinates":[73.83339,19.8753]},"properties":{"id":"place_n13264751284","type":"tourism","name":"Swatantryaveer Savarkar Janmasthan Wada Bhagur","name_local":null,"category":"museum","source":"openstreetmap","source_id":"node/13264751284","updated_at":"2025-10-28T10:27:51Z","tags":{}}},{"type":"Feature","geometry":{"type":"Point","coordinates":[73.83373,19.8744]},"properties":{"id":"place_n13264751285","type":"religious","name":"Somnath Mandir Bhagur","name_local":null,"category":"hindu","source":"openstreetmap","source_id":"node/13264751285","updated_at":"2025-10-28T10:27:51Z","tags":{"religion":"hindu"}}},{"type":"Feature","geometry":{"type":"Point","coordinates":[73.83369,19.8745]},"properties":{"id":"place_n13264751286","type":"religious","name":"Ganpati Mandir Bhagur","name_local":null,"category":"hindu","source":"openstreetmap","source_id":"node/13264751286","updated_at":"2025-10-28T10:27:51Z","tags":{"religion":"hindu"}}},{"type":"Feature","geometry":{"type":"Point","coordinates":[73.83385,19.87773]},"properties":{"id":"place_n13264751287","type":"religious","name":"Shri Tenuka Mata Mandir Bhagur","name_local":null,"category":"hindu","source":"openstreetmap","source_id":"node/13264751287","updated_at":"2025-10-28T10:27:51Z","tags":{"religion":"hindu"}}},{"type":"Feature","geometry":{"type":"Point","coordinates":[73.78399,19.98708]},"properties":{"id":"place_n13446879374","type":"landmark","name":"Mumbai Naka","name_local":null,"category":"chowk / junction","source":"openstreetmap","source_id":"node/13446879374","updated_at":"2026-01-10T19:40:16Z","tags":{}}},{"type":"Feature","geometry":{"type":"Point","coordinates":[73.75811,19.95665]},"properties":{"id":"place_n13446879391","type":"landmark","name":"Pathardi Phata","name_local":null,"category":"chowk / junction","source":"openstreetmap","source_id":"node/13446879391","updated_at":"2026-01-10T19:40:16Z","tags":{}}},{"type":"Feature","geometry":{"type":"Point","coordinates":[73.79708,19.99411]},"properties":{"id":"place_n13446959144","type":"landmark","name":"Dwarka Circle","name_local":null,"category":"chowk / junction","source":"openstreetmap","source_id":"node/13446959144","updated_at":"2026-04-29T05:27:47Z","tags":{}}},{"type":"Feature","geometry":{"type":"Point","coordinates":[73.79023,19.99435]},"properties":{"id":"place_n13447336290","type":"landmark","name":"Sarda Circle","name_local":null,"category":"chowk / junction","source":"openstreetmap","source_id":"node/13447336290","updated_at":"2026-01-11T02:26:57Z","tags":{}}},{"type":"Feature","geometry":{"type":"Point","coordinates":[73.7849,20.00687]},"properties":{"id":"place_n13447352863","type":"landmark","name":"Ashok Stambh Circle","name_local":null,"category":"chowk / junction","source":"openstreetmap","source_id":"node/13447352863","updated_at":"2026-01-11T02:52:44Z","tags":{}}},{"type":"Feature","geometry":{"type":"Point","coordinates":[73.78939,20.0067]},"properties":{"id":"place_n13447356641","type":"landmark","name":"Raviwar Karanja Circle","name_local":null,"category":"chowk / junction","source":"openstreetmap","source_id":"node/13447356641","updated_at":"2026-01-11T03:42:54Z","tags":{}}},{"type":"Feature","geometry":{"type":"Point","coordinates":[73.81439,20.00827]},"properties":{"id":"place_n13447638414","type":"bus_stop","name":"Tapovan Depot","name_local":null,"category":"bus station","source":"openstreetmap","source_id":"node/13447638414","updated_at":"2026-01-11T09:08:11Z","tags":{}}},{"type":"Feature","geometry":{"type":"Point","coordinates":[73.78225,19.99131]},"properties":{"id":"place_n13447656739","type":"religious","name":"Kalika Mata Mandir","name_local":null,"category":"hindu","source":"openstreetmap","source_id":"node/13447656739","updated_at":"2026-01-11T09:12:22Z","tags":{"religion":"hindu"}}},{"type":"Feature","geometry":{"type":"Point","coordinates":[73.83154,20.01939]},"properties":{"id":"place_n13448712146","type":"landmark","name":"Bali Maharaj Chowk","name_local":null,"category":"chowk / junction","source":"openstreetmap","source_id":"node/13448712146","updated_at":"2026-01-11T19:23:41Z","tags":{}}},{"type":"Feature","geometry":{"type":"Point","coordinates":[73.76677,20.00931]},"properties":{"id":"place_n13450167971","type":"landmark","name":"Vidya Vikas CIrcle","name_local":null,"category":"chowk / junction","source":"openstreetmap","source_id":"node/13450167971","updated_at":"2026-01-12T12:58:00Z","tags":{}}},{"type":"Feature","geometry":{"type":"Point","coordinates":[73.76414,20.01022]},"properties":{"id":"place_n13450167972","type":"landmark","name":"KBT Circle","name_local":null,"category":"chowk / junction","source":"openstreetmap","source_id":"node/13450167972","updated_at":"2026-04-11T15:24:56Z","tags":{}}},{"type":"Feature","geometry":{"type":"Point","coordinates":[73.79448,20.00755]},"properties":{"id":"place_n13474093804","type":"religious","name":"Sri Sonya Maruti Prasanna","name_local":null,"category":"hindu","source":"openstreetmap","source_id":"node/13474093804","updated_at":"2026-01-21T15:26:52Z","tags":{"religion":"hindu"}}},{"type":"Feature","geometry":{"type":"Point","coordinates":[73.78994,20.00811]},"properties":{"id":"place_n13474093806","type":"religious","name":"Sundar Narayan Mandir","name_local":null,"category":"hindu","source":"openstreetmap","source_id":"node/13474093806","updated_at":"2026-01-21T15:26:52Z","tags":{"religion":"hindu"}}},{"type":"Feature","geometry":{"type":"Point","coordinates":[73.79515,20.00705]},"properties":{"id":"place_n13474277769","type":"religious","name":"Sti Datta Paduka","name_local":null,"category":"hindu","source":"openstreetmap","source_id":"node/13474277769","updated_at":"2026-01-21T17:02:26Z","tags":{"religion":"hindu"}}},{"type":"Feature","geometry":{"type":"Point","coordinates":[73.79377,20.00628]},"properties":{"id":"place_n13474286805","type":"religious","name":"Dakshinabhimukhi Prachin Sri Hanuman Mandir","name_local":null,"category":"hindu","source":"openstreetmap","source_id":"node/13474286805","updated_at":"2026-01-21T17:02:26Z","tags":{"religion":"hindu"}}},{"type":"Feature","geometry":{"type":"Point","coordinates":[73.79652,20.0115]},"properties":{"id":"place_n13475353247","type":"toilets","name":null,"name_local":null,"category":"public toilet","source":"openstreetmap","source_id":"node/13475353247","updated_at":"2026-01-22T03:44:10Z","tags":{}}},{"type":"Feature","geometry":{"type":"Point","coordinates":[73.78809,20.00567]},"properties":{"id":"place_n13475353248","type":"bus_stop","name":"Raviwar Karanja","name_local":null,"category":"bus stop","source":"openstreetmap","source_id":"node/13475353248","updated_at":"2026-01-22T03:44:10Z","tags":{}}},{"type":"Feature","geometry":{"type":"Point","coordinates":[73.79465,20.0098]},"properties":{"id":"place_n13475353268","type":"bus_stop","name":"Panchavati Karanja","name_local":null,"category":"bus stop","source":"openstreetmap","source_id":"node/13475353268","updated_at":"2026-01-22T03:44:10Z","tags":{}}},{"type":"Feature","geometry":{"type":"Point","coordinates":[73.76368,19.97358]},"properties":{"id":"place_n13475543500","type":"landmark","name":"Laxmi Nagar Water Tank","name_local":null,"category":"water tank","source":"openstreetmap","source_id":"node/13475543500","updated_at":"2026-01-22T06:38:55Z","tags":{}}},{"type":"Feature","geometry":{"type":"Point","coordinates":[73.7183,19.98324]},"properties":{"id":"place_n13476206228","type":"landmark","name":"Papayas Chowk","name_local":null,"category":"chowk / junction","source":"openstreetmap","source_id":"node/13476206228","updated_at":"2026-01-22T10:55:21Z","tags":{}}},{"type":"Feature","geometry":{"type":"Point","coordinates":[73.79056,20.00613]},"properties":{"id":"place_n13476881638","type":"religious","name":"Renaka Devi Prasanna","name_local":null,"category":"hindu","source":"openstreetmap","source_id":"node/13476881638","updated_at":"2026-01-22T16:05:38Z","tags":{"religion":"hindu"}}},{"type":"Feature","geometry":{"type":"Point","coordinates":[73.74433,19.94438]},"properties":{"id":"place_n13479339756","type":"bus_stop","name":"Garware","name_local":null,"category":"bus stop","source":"openstreetmap","source_id":"node/13479339756","updated_at":"2026-01-24T03:56:51Z","tags":{}}},{"type":"Feature","geometry":{"type":"Point","coordinates":[73.74554,19.94565]},"properties":{"id":"place_n13479414543","type":"bus_stop","name":null,"name_local":null,"category":"bus stop","source":"openstreetmap","source_id":"node/13479414543","updated_at":"2026-01-23T15:53:15Z","tags":{}}},{"type":"Feature","geometry":{"type":"Point","coordinates":[73.79459,20.00974]},"properties":{"id":"place_n13479578054","type":"government","name":"Panchavato Karanja Police Chowky","name_local":null,"category":"police","source":"openstreetmap","source_id":"node/13479578054","updated_at":"2026-01-23T17:23:23Z","tags":{}}},{"type":"Feature","geometry":{"type":"Point","coordinates":[73.76059,19.95572]},"properties":{"id":"place_n13480993298","type":"landmark","name":"Axis Bank","name_local":null,"category":"bank","source":"openstreetmap","source_id":"node/13480993298","updated_at":"2026-01-24T02:20:57Z","tags":{}}},{"type":"Feature","geometry":{"type":"Point","coordinates":[73.76043,19.95579]},"properties":{"id":"place_n13480993299","type":"landmark","name":"Bank Of India","name_local":null,"category":"bank","source":"openstreetmap","source_id":"node/13480993299","updated_at":"2026-01-24T02:20:57Z","tags":{}}},{"type":"Feature","geometry":{"type":"Point","coordinates":[73.77316,19.97294]},"properties":{"id":"place_n13481105238","type":"bus_stop","name":null,"name_local":null,"category":"bus stop","source":"openstreetmap","source_id":"node/13481105238","updated_at":"2026-01-24T03:31:28Z","tags":{}}},{"type":"Feature","geometry":{"type":"Point","coordinates":[73.7773,19.97612]},"properties":{"id":"place_n13481105243","type":"bus_stop","name":null,"name_local":null,"category":"bus stop","source":"openstreetmap","source_id":"node/13481105243","updated_at":"2026-01-24T03:31:28Z","tags":{}}},{"type":"Feature","geometry":{"type":"Point","coordinates":[73.74393,19.94392]},"properties":{"id":"place_n13481140148","type":"landmark","name":"Sahityaratna Lokshahir Annabhau Sathe Chowk","name_local":"साहित्यरत्न लोकशाहीर अण्णाभाऊ साठे चौक","category":"chowk / junction","source":"openstreetmap","source_id":"node/13481140148","updated_at":"2026-01-24T03:56:51Z","tags":{"name:mr":"साहित्यरत्न लोकशाहीर अण्णाभाऊ साठे चौक"}}},{"type":"Feature","geometry":{"type":"Point","coordinates":[73.79125,20.0095]},"properties":{"id":"place_n13482055272","type":"landmark","name":"HP","name_local":null,"category":"petrol pump","source":"openstreetmap","source_id":"node/13482055272","updated_at":"2026-01-24T16:10:06Z","tags":{"name:en":"HP","official_name":"Hindustan Petroleum","brand":"Hindustan Petroleum"}}},{"type":"Feature","geometry":{"type":"Point","coordinates":[73.79242,20.00996]},"properties":{"id":"place_n13482071672","type":"landmark","name":"HP","name_local":null,"category":"petrol pump","source":"openstreetmap","source_id":"node/13482071672","updated_at":"2026-01-24T16:12:56Z","tags":{"name:en":"HP","official_name":"Hindustan Petroleum","brand":"Hindustan Petroleum"}}},{"type":"Feature","geometry":{"type":"Point","coordinates":[73.73522,19.96065]},"properties":{"id":"place_n13482222685","type":"bus_stop","name":null,"name_local":null,"category":"bus stop","source":"openstreetmap","source_id":"node/13482222685","updated_at":"2026-02-10T14:26:04Z","tags":{}}},{"type":"Feature","geometry":{"type":"Point","coordinates":[73.7264,19.98714]},"properties":{"id":"place_n13483091592","type":"hospital","name":"Shiv Multi Speciality Hospital","name_local":null,"category":null,"source":"openstreetmap","source_id":"node/13483091592","updated_at":"2026-01-25T06:59:04Z","tags":{"name:en":"Shiv Multi Speciality Hospital"}}},{"type":"Feature","geometry":{"type":"Point","coordinates":[73.72499,19.98015]},"properties":{"id":"place_n13483129491","type":"landmark","name":"Nayara","name_local":null,"category":"petrol pump","source":"openstreetmap","source_id":"node/13483129491","updated_at":"2026-01-25T06:55:32Z","tags":{"name:en":"Nayara","brand":"Nayara"}}},{"type":"Feature","geometry":{"type":"Point","coordinates":[73.7111,20.00261]},"properties":{"id":"place_n13483145418","type":"landmark","name":"HP","name_local":null,"category":"petrol pump","source":"openstreetmap","source_id":"node/13483145418","updated_at":"2026-01-25T07:06:57Z","tags":{"name:en":"HP","official_name":"Hindustan Petroleum","brand":"Hindustan Petroleum"}}},{"type":"Feature","geometry":{"type":"Point","coordinates":[73.71856,20.01928]},"properties":{"id":"place_n13483149533","type":"landmark","name":"Jio BP","name_local":null,"category":"petrol pump","source":"openstreetmap","source_id":"node/13483149533","updated_at":"2026-01-25T07:11:24Z","tags":{"name:en":"Jio BP","brand":"JIO BP"}}},{"type":"Feature","geometry":{"type":"Point","coordinates":[73.72248,19.98478]},"properties":{"id":"place_n13483151108","type":"landmark","name":"Indian Oil","name_local":null,"category":"petrol pump","source":"openstreetmap","source_id":"node/13483151108","updated_at":"2026-01-25T06:57:05Z","tags":{"name:en":"Indian Oil","brand":"Indian Oil"}}},{"type":"Feature","geometry":{"type":"Point","coordinates":[73.53054,19.93721]},"properties":{"id":"place_n13483164960","type":"religious","name":"Annapurna Mandir","name_local":null,"category":"hindu","source":"openstreetmap","source_id":"node/13483164960","updated_at":"2026-01-25T07:27:17Z","tags":{"religion":"hindu"}}},{"type":"Feature","geometry":{"type":"Point","coordinates":[73.5304,19.93183]},"properties":{"id":"place_n13483206110","type":"religious","name":"Gayatri Mata Mandir","name_local":null,"category":"hindu","source":"openstreetmap","source_id":"node/13483206110","updated_at":"2026-06-28T10:50:03Z","tags":{"religion":"hindu"}}},{"type":"Feature","geometry":{"type":"Point","coordinates":[73.53058,19.93189]},"properties":{"id":"place_n13483206112","type":"drinking_water","name":null,"name_local":null,"category":"drinking water","source":"openstreetmap","source_id":"node/13483206112","updated_at":"2026-01-25T08:05:52Z","tags":{}}},{"type":"Feature","geometry":{"type":"Point","coordinates":[73.53149,19.93265]},"properties":{"id":"place_n13483206113","type":"toilets","name":null,"name_local":null,"category":"public toilet","source":"openstreetmap","source_id":"node/13483206113","updated_at":"2026-01-25T08:05:52Z","tags":{}}},{"type":"Feature","geometry":{"type":"Point","coordinates":[73.74595,20.01204]},"properties":{"id":"place_n13483208247","type":"landmark","name":"Kotak Mahindra Bank","name_local":null,"category":"bank","source":"openstreetmap","source_id":"node/13483208247","updated_at":"2026-01-25T08:06:59Z","tags":{"brand":"Kotak Mahindra Bank"}}},{"type":"Feature","geometry":{"type":"Point","coordinates":[73.79615,20.01122]},"properties":{"id":"place_n13483219866","type":"landmark","name":"Kotak Mahindra Bank","name_local":null,"category":"bank","source":"openstreetmap","source_id":"node/13483219866","updated_at":"2026-01-25T08:30:49Z","tags":{"brand":"Kotak Mahindra Bank"}}},{"type":"Feature","geometry":{"type":"Point","coordinates":[73.79243,20.01254]},"properties":{"id":"place_n13483222464","type":"landmark","name":"State Bank of India","name_local":null,"category":"bank","source":"openstreetmap","source_id":"node/13483222464","updated_at":"2026-01-25T08:27:22Z","tags":{"name:en":"State Bank of India","short_name":"SBI","brand":"State Bank of India"}}},{"type":"Feature","geometry":{"type":"Point","coordinates":[73.93956,19.88718]},"properties":{"id":"place_n13483674014","type":"landmark","name":"Hindustan Petroleum","name_local":null,"category":"petrol pump","source":"openstreetmap","source_id":"node/13483674014","updated_at":"2026-01-25T12:58:48Z","tags":{}}},{"type":"Feature","geometry":{"type":"Point","coordinates":[73.88826,19.91938]},"properties":{"id":"place_n13483675842","type":"landmark","name":"Bharat Petroleum","name_local":null,"category":"petrol pump","source":"openstreetmap","source_id":"node/13483675842","updated_at":"2026-01-25T12:58:55Z","tags":{}}},{"type":"Feature","geometry":{"type":"Point","coordinates":[73.74877,19.9412]},"properties":{"id":"place_n13483798851","type":"toilets","name":null,"name_local":null,"category":"public toilet","source":"openstreetmap","source_id":"node/13483798851","updated_at":"2026-01-25T14:09:40Z","tags":{}}},{"type":"Feature","geometry":{"type":"Point","coordinates":[73.74879,19.94118]},"properties":{"id":"place_n13483798882","type":"drinking_water","name":null,"name_local":null,"category":"drinking water","source":"openstreetmap","source_id":"node/13483798882","updated_at":"2026-01-25T14:09:40Z","tags":{}}},{"type":"Feature","geometry":{"type":"Point","coordinates":[73.84364,19.9467]},"properties":{"id":"place_n13484084970","type":"toilets","name":null,"name_local":null,"category":"public toilet","source":"openstreetmap","source_id":"node/13484084970","updated_at":"2026-09-22T18:06:07Z","tags":{}}},{"type":"Feature","geometry":{"type":"Point","coordinates":[73.79053,20.00769]},"properties":{"id":"place_n13484505826","type":"religious","name":"Sri Dakshinmukhi Hanuman Mandir","name_local":null,"category":"hindu","source":"openstreetmap","source_id":"node/13484505826","updated_at":"2026-01-25T17:57:35Z","tags":{"religion":"hindu"}}},{"type":"Feature","geometry":{"type":"Point","coordinates":[73.79033,20.00802]},"properties":{"id":"place_n13484505836","type":"toilets","name":null,"name_local":null,"category":"public toilet · free","source":"openstreetmap","source_id":"node/13484505836","updated_at":"2026-02-05T16:42:32Z","tags":{"fee":"no"}}},{"type":"Feature","geometry":{"type":"Point","coordinates":[73.7924,20.0083]},"properties":{"id":"place_n13484718819","type":"tourism","name":"Sri Ram Maha Stambh","name_local":null,"category":"historic memorial","source":"openstreetmap","source_id":"node/13484718819","updated_at":"2026-01-25T19:49:04Z","tags":{}}},{"type":"Feature","geometry":{"type":"Point","coordinates":[73.79172,20.00819]},"properties":{"id":"place_n13484719180","type":"tourism","name":"Vinayak Gopal Dive","name_local":null,"category":"historic memorial","source":"openstreetmap","source_id":"node/13484719180","updated_at":"2026-01-25T20:05:15Z","tags":{}}},{"type":"Feature","geometry":{"type":"Point","coordinates":[73.8419,19.94463]},"properties":{"id":"place_n13484816619","type":"drinking_water","name":null,"name_local":null,"category":"drinking water","source":"openstreetmap","source_id":"node/13484816619","updated_at":"2026-01-25T20:49:00Z","tags":{}}},{"type":"Feature","geometry":{"type":"Point","coordinates":[73.84187,19.94579]},"properties":{"id":"place_n13484816621","type":"drinking_water","name":null,"name_local":null,"category":"drinking water","source":"openstreetmap","source_id":"node/13484816621","updated_at":"2026-02-01T20:04:50Z","tags":{"fee":"no"}}},{"type":"Feature","geometry":{"type":"Point","coordinates":[73.84178,19.94539]},"properties":{"id":"place_n13484816623","type":"drinking_water","name":null,"name_local":null,"category":"drinking water","source":"openstreetmap","source_id":"node/13484816623","updated_at":"2026-01-25T20:49:00Z","tags":{}}},{"type":"Feature","geometry":{"type":"Point","coordinates":[73.84199,19.94502]},"properties":{"id":"place_n13484816625","type":"drinking_water","name":null,"name_local":null,"category":"drinking water","source":"openstreetmap","source_id":"node/13484816625","updated_at":"2026-01-25T20:49:00Z","tags":{}}},{"type":"Feature","geometry":{"type":"Point","coordinates":[73.84195,19.94612]},"properties":{"id":"place_n13484816626","type":"drinking_water","name":null,"name_local":null,"category":"drinking water","source":"openstreetmap","source_id":"node/13484816626","updated_at":"2026-02-01T20:04:50Z","tags":{"fee":"no"}}},{"type":"Feature","geometry":{"type":"Point","coordinates":[73.84214,19.94574]},"properties":{"id":"place_n13484816633","type":"drinking_water","name":null,"name_local":null,"category":"drinking water","source":"openstreetmap","source_id":"node/13484816633","updated_at":"2026-01-25T20:49:00Z","tags":{}}},{"type":"Feature","geometry":{"type":"Point","coordinates":[73.84169,19.94499]},"properties":{"id":"place_n13484816636","type":"drinking_water","name":null,"name_local":null,"category":"drinking water","source":"openstreetmap","source_id":"node/13484816636","updated_at":"2026-01-25T20:49:00Z","tags":{}}},{"type":"Feature","geometry":{"type":"Point","coordinates":[73.84224,19.94606]},"properties":{"id":"place_n13484816639","type":"drinking_water","name":null,"name_local":null,"category":"drinking water","source":"openstreetmap","source_id":"node/13484816639","updated_at":"2026-01-25T20:49:00Z","tags":{}}},{"type":"Feature","geometry":{"type":"Point","coordinates":[73.84204,19.94533]},"properties":{"id":"place_n13484816651","type":"drinking_water","name":null,"name_local":null,"category":"drinking water","source":"openstreetmap","source_id":"node/13484816651","updated_at":"2026-01-25T20:49:00Z","tags":{}}},{"type":"Feature","geometry":{"type":"Point","coordinates":[73.84162,19.94466]},"properties":{"id":"place_n13484816654","type":"drinking_water","name":null,"name_local":null,"category":"drinking water","source":"openstreetmap","source_id":"node/13484816654","updated_at":"2026-01-25T20:49:00Z","tags":{}}},{"type":"Feature","geometry":{"type":"Point","coordinates":[73.79188,20.00735]},"properties":{"id":"place_n13502376721","type":"tourism","name":"Ram Kund Boating","name_local":null,"category":"attraction","source":"openstreetmap","source_id":"node/13502376721","updated_at":"2026-01-26T19:31:14Z","tags":{}}},{"type":"Feature","geometry":{"type":"Point","coordinates":[73.84201,19.94639]},"properties":{"id":"place_n13517342781","type":"drinking_water","name":null,"name_local":null,"category":"drinking water","source":"openstreetmap","source_id":"node/13517342781","updated_at":"2026-02-01T20:04:50Z","tags":{"fee":"no"}}},{"type":"Feature","geometry":{"type":"Point","coordinates":[73.8422,19.94699]},"properties":{"id":"place_n13517342789","type":"drinking_water","name":null,"name_local":null,"category":"drinking water","source":"openstreetmap","source_id":"node/13517342789","updated_at":"2026-02-01T20:04:50Z","tags":{"fee":"no"}}},{"type":"Feature","geometry":{"type":"Point","coordinates":[73.84235,19.94792]},"properties":{"id":"place_n13517529140","type":"drinking_water","name":null,"name_local":null,"category":"drinking water","source":"openstreetmap","source_id":"node/13517529140","updated_at":"2026-02-01T20:04:50Z","tags":{"fee":"no"}}},{"type":"Feature","geometry":{"type":"Point","coordinates":[73.84249,19.94924]},"properties":{"id":"place_n13517529154","type":"drinking_water","name":null,"name_local":null,"category":"drinking water","source":"openstreetmap","source_id":"node/13517529154","updated_at":"2026-02-09T14:25:00Z","tags":{"fee":"no"}}},{"type":"Feature","geometry":{"type":"Point","coordinates":[73.84241,19.94891]},"properties":{"id":"place_n13517529166","type":"drinking_water","name":null,"name_local":null,"category":"drinking water","source":"openstreetmap","source_id":"node/13517529166","updated_at":"2026-02-01T20:04:50Z","tags":{"fee":"no"}}},{"type":"Feature","geometry":{"type":"Point","coordinates":[73.84253,19.94874]},"properties":{"id":"place_n13517529183","type":"drinking_water","name":null,"name_local":null,"category":"drinking water","source":"openstreetmap","source_id":"node/13517529183","updated_at":"2026-02-09T14:25:00Z","tags":{"fee":"no"}}},{"type":"Feature","geometry":{"type":"Point","coordinates":[73.73189,19.96375]},"properties":{"id":"place_n13540932210","type":"landmark","name":"Krushna Medical and General Stores","name_local":"कृष्णा मेडिकल अँड जनरल स्टोअर्स","category":"pharmacy","source":"openstreetmap","source_id":"node/13540932210","updated_at":"2026-02-10T14:26:04Z","tags":{"name:en":"Krushna Medical and General Stores","name:mr":"कृष्णा मेडिकल अँड जनरल स्टोअर्स"}}},{"type":"Feature","geometry":{"type":"Point","coordinates":[73.72923,19.96987]},"properties":{"id":"place_n13541162568","type":"landmark","name":"Afreen Medical","name_local":"आफरीन मेडिकल","category":"pharmacy","source":"openstreetmap","source_id":"node/13541162568","updated_at":"2026-02-10T16:14:54Z","tags":{"name:en":"Afreen Medical","name:mr":"आफरीन मेडिकल"}}},{"type":"Feature","geometry":{"type":"Point","coordinates":[73.72942,19.96918]},"properties":{"id":"place_n13541184936","type":"landmark","name":"Healthcare Medical and General Stores","name_local":"हेल्थकेअर मेडिकल ॲन्ड जनरल स्टोअर्स","category":"pharmacy","source":"openstreetmap","source_id":"node/13541184936","updated_at":"2026-02-10T16:14:54Z","tags":{"name:en":"Healthcare Medical and General Stores","name:mr":"हेल्थकेअर मेडिकल ॲन्ड जनरल स्टोअर्स"}}},{"type":"Feature","geometry":{"type":"Point","coordinates":[73.72892,19.96893]},"properties":{"id":"place_n13541184951","type":"landmark","name":"Seva Medical & General Stores","name_local":"सेवा मेडिकल ॲन्ड जनरल स्टोअर्स","category":"pharmacy","source":"openstreetmap","source_id":"node/13541184951","updated_at":"2026-02-10T16:14:54Z","tags":{"name:en":"Seva Medical & General Stores","name:mr":"सेवा मेडिकल ॲन्ड जनरल स्टोअर्स"}}},{"type":"Feature","geometry":{"type":"Point","coordinates":[73.72881,19.9688]},"properties":{"id":"place_n13541184966","type":"landmark","name":"Nijami Medical","name_local":"निजामी मेडिकल","category":"pharmacy","source":"openstreetmap","source_id":"node/13541184966","updated_at":"2026-02-10T16:14:54Z","tags":{"name:en":"Nijami Medical","name:mr":"निजामी मेडिकल"}}},{"type":"Feature","geometry":{"type":"Point","coordinates":[73.72849,19.96923]},"properties":{"id":"place_n13541184977","type":"landmark","name":"Alshifa Medical and General Stores","name_local":"अलशिफा मेडिकल ॲण्ड जनरल स्टोअर्स","category":"pharmacy","source":"openstreetmap","source_id":"node/13541184977","updated_at":"2026-02-10T16:14:54Z","tags":{"name:en":"Alshifa Medical and General Stores","name:mr":"अलशिफा मेडिकल ॲण्ड जनरल स्टोअर्स"}}},{"type":"Feature","geometry":{"type":"Point","coordinates":[73.72832,19.96926]},"properties":{"id":"place_n13541184988","type":"landmark","name":"Tirupati Medical and General Stores","name_local":"तिरुपती मेडिकल ॲण्ड जनरल स्टोअर्स","category":"pharmacy","source":"openstreetmap","source_id":"node/13541184988","updated_at":"2026-02-10T16:14:54Z","tags":{"name:en":"Tirupati Medical and General Stores","name:mr":"तिरुपती मेडिकल ॲण्ड जनरल स्टोअर्स"}}},{"type":"Feature","geometry":{"type":"Point","coordinates":[73.72756,19.97118]},"properties":{"id":"place_n13541185037","type":"landmark","name":"Aj Jahir Medical and General Stores","name_local":"अज जाहिर मेडिकल ॲण्ड जनरल स्टोअर्स","category":"pharmacy","source":"openstreetmap","source_id":"node/13541185037","updated_at":"2026-02-10T16:14:54Z","tags":{"name:en":"Aj Jahir Medical and General Stores","name:mr":"अज जाहिर मेडिकल ॲण्ड जनरल स्टोअर्स"}}},{"type":"Feature","geometry":{"type":"Point","coordinates":[73.74001,19.96312]},"properties":{"id":"place_n13546459165","type":"bus_stop","name":"Ambad Jalkumbh","name_local":"अंबड जलकुंभ","category":"bus stop","source":"openstreetmap","source_id":"node/13546459165","updated_at":"2026-02-12T15:16:17Z","tags":{"name:en":"Ambad Jalkumbh","name:mr":"अंबड जलकुंभ"}}},{"type":"Feature","geometry":{"type":"Point","coordinates":[73.74339,19.96165]},"properties":{"id":"place_n13546500261","type":"bus_stop","name":null,"name_local":null,"category":"bus stop","source":"openstreetmap","source_id":"node/13546500261","updated_at":"2026-02-13T08:01:40Z","tags":{}}},{"type":"Feature","geometry":{"type":"Point","coordinates":[73.74474,19.96147]},"properties":{"id":"place_n13546500312","type":"landmark","name":"Yogeshwar Medical and General Stores","name_local":"योगेश्वर मेडिकल ॲण्ड जनरल स्टोअर्स","category":"pharmacy","source":"openstreetmap","source_id":"node/13546500312","updated_at":"2026-02-13T08:01:40Z","tags":{"name:en":"Yogeshwar Medical and General Stores","name:mr":"योगेश्वर मेडिकल ॲण्ड जनरल स्टोअर्स"}}},{"type":"Feature","geometry":{"type":"Point","coordinates":[73.74512,19.96099]},"properties":{"id":"place_n13546500324","type":"landmark","name":"Harshvardhan Pharma Swast Aushadhi Seva","name_local":"हर्षवर्धन फार्मा स्वस्त औषधी सेवा","category":"pharmacy","source":"openstreetmap","source_id":"node/13546500324","updated_at":"2026-02-12T15:16:17Z","tags":{"name:en":"Harshvardhan Pharma Swast Aushadhi Seva","name:mr":"हर्षवर्धन फार्मा स्वस्त औषधी सेवा"}}},{"type":"Feature","geometry":{"type":"Point","coordinates":[73.74466,19.96162]},"properties":{"id":"place_n13551234294","type":"landmark","name":"Gayatri Kirana and General Stores","name_local":"गायत्री किराणा ॲण्ड जनरल स्टोअर्स","category":"pharmacy","source":"openstreetmap","source_id":"node/13551234294","updated_at":"2026-02-13T08:01:40Z","tags":{"name:en":"Gayatri Kirana and General Stores","name:mr":"गायत्री किराणा ॲण्ड जनरल स्टोअर्स"}}},{"type":"Feature","geometry":{"type":"Point","coordinates":[73.79678,20.01183]},"properties":{"id":"place_n13586356560","type":"bus_stop","name":"nimani bus stop","name_local":null,"category":"bus stop","source":"openstreetmap","source_id":"node/13586356560","updated_at":"2026-02-21T08:40:40Z","tags":{}}},{"type":"Feature","geometry":{"type":"Point","coordinates":[73.79789,20.01189]},"properties":{"id":"place_n13586356561","type":"school","name":"rp vidyalaya","name_local":null,"category":null,"source":"openstreetmap","source_id":"node/13586356561","updated_at":"2026-02-21T08:40:40Z","tags":{}}},{"type":"Feature","geometry":{"type":"Point","coordinates":[73.75124,19.96924]},"properties":{"id":"place_n13691310801","type":"religious","name":"Ganpati Mandir","name_local":null,"category":null,"source":"openstreetmap","source_id":"node/13691310801","updated_at":"2026-03-30T11:48:00Z","tags":{}}},{"type":"Feature","geometry":{"type":"Point","coordinates":[73.75161,19.96762]},"properties":{"id":"place_n13691310901","type":"religious","name":"Shanidev Mandir","name_local":null,"category":null,"source":"openstreetmap","source_id":"node/13691310901","updated_at":"2026-03-30T11:48:02Z","tags":{}}},{"type":"Feature","geometry":{"type":"Point","coordinates":[73.75175,19.96867]},"properties":{"id":"place_n13704744203","type":"school","name":"Sony International School","name_local":null,"category":null,"source":"openstreetmap","source_id":"node/13704744203","updated_at":"2026-04-04T03:11:58Z","tags":{}}},{"type":"Feature","geometry":{"type":"Point","coordinates":[73.75516,19.96946]},"properties":{"id":"place_n13704746101","type":"school","name":"Dr. Vasamtrao Pawar Medical School, Clinic and Research Center","name_local":null,"category":null,"source":"openstreetmap","source_id":"node/13704746101","updated_at":"2026-04-04T03:12:00Z","tags":{}}},{"type":"Feature","geometry":{"type":"Point","coordinates":[73.76777,20.11258]},"properties":{"id":"place_n13707188268","type":"religious","name":"Bhavani Mandir","name_local":null,"category":"hindu","source":"openstreetmap","source_id":"node/13707188268","updated_at":"2026-04-05T04:47:24Z","tags":{"religion":"hindu"}}},{"type":"Feature","geometry":{"type":"Point","coordinates":[73.51458,19.90099]},"properties":{"id":"place_n13717734557","type":"religious","name":"Mandir","name_local":null,"category":null,"source":"openstreetmap","source_id":"node/13717734557","updated_at":"2026-04-09T05:55:58Z","tags":{}}},{"type":"Feature","geometry":{"type":"Point","coordinates":[73.61341,19.90651]},"properties":{"id":"place_n13717805205","type":"religious","name":"Malegaon Mandir","name_local":null,"category":null,"source":"openstreetmap","source_id":"node/13717805205","updated_at":"2026-04-09T05:55:41Z","tags":{}}},{"type":"Feature","geometry":{"type":"Point","coordinates":[73.51936,19.8821]},"properties":{"id":"place_n13717813935","type":"religious","name":"Mandir","name_local":null,"category":null,"source":"openstreetmap","source_id":"node/13717813935","updated_at":"2026-04-09T05:55:40Z","tags":{}}},{"type":"Feature","geometry":{"type":"Point","coordinates":[73.50408,19.88923]},"properties":{"id":"place_n13717814051","type":"religious","name":"Mandir","name_local":null,"category":null,"source":"openstreetmap","source_id":"node/13717814051","updated_at":"2026-04-09T05:55:56Z","tags":{}}},{"type":"Feature","geometry":{"type":"Point","coordinates":[73.76554,20.01491]},"properties":{"id":"place_n13723274618","type":"college","name":"MVPS RSM Polytechnic","name_local":null,"category":"college","source":"openstreetmap","source_id":"node/13723274618","updated_at":"2026-04-11T15:24:56Z","tags":{"website":"https://rsmpoly.org/"}}},{"type":"Feature","geometry":{"type":"Point","coordinates":[73.76403,20.01424]},"properties":{"id":"place_n13723274619","type":"college","name":"KBTCOE NASHIK","name_local":null,"category":"college","source":"openstreetmap","source_id":"node/13723274619","updated_at":"2026-04-11T15:24:56Z","tags":{"addr:city":"NASHIK","website":"https://kbtcoe.org/"}}},{"type":"Feature","geometry":{"type":"Point","coordinates":[73.76622,20.00507]},"properties":{"id":"place_n13808008528","type":"hospital","name":"Healing Hands Clinic - Nashik","name_local":null,"category":"proctology;hernia;piles;fissure;fistula;varicose_veins;pilondal_sinus","source":"openstreetmap","source_id":"node/13808008528","updated_at":"2026-05-08T10:06:19Z","tags":{"addr:street":"College Road","addr:city":"nashik","addr:postcode":"422005","website":"https://www.healinghandsclinic.co.in/nashik/piles-fistula-hospital-in-college-road/","opening_hours":"24/7"}}},{"type":"Feature","geometry":{"type":"Point","coordinates":[73.83779,19.94995]},"properties":{"id":"place_n13951272388","type":"hospital","name":"Dr. Kasar Hospital & Maternity Home","name_local":null,"category":"surgery;abortion;allergology;cardiology;child_psychiatry;cardiothoracic_surgery;diabetology;emergency;fertility;general;gynaecology;diagnostic_radiology;blood_check;dermatology;hospital;doctor","source":"openstreetmap","source_id":"node/13951272388","updated_at":"2026-06-19T05:38:30Z","tags":{"name:en":"Dr. Kasar Hospital & Maternity Home","operator":"Dr Sagar Kasar","operator:type":"dr_nishigandha_kasar","addr:street":"near Old Bytco Hospital, opp. Ugale Tower, Rajwada Nagar, Nashik Road, Nashik","addr:city":"Nashik","addr:postcode":"422101","emergency":"yes"}}},{"type":"Feature","geometry":{"type":"Point","coordinates":[73.52767,19.93259]},"properties":{"id":"place_n13971996292","type":"religious","name":"Shri Kedareshwar Mahadev Mandir","name_local":null,"category":"hindu","source":"openstreetmap","source_id":"node/13971996292","updated_at":"2026-06-28T10:50:03Z","tags":{"religion":"hindu"}}},{"type":"Feature","geometry":{"type":"Point","coordinates":[73.80259,20.00919]},"properties":{"id":"place_n14021641887","type":"hospital","name":"Sudharm Hospital","name_local":null,"category":"gynaecology;diabetology;general;gastroenterology;intensive;internal;surgery","source":"openstreetmap","source_id":"node/14021641887","updated_at":"2026-07-17T06:29:43Z","tags":{"addr:street":"Hirawadi Road","addr:city":"Nashik","addr:postcode":"422003","website":"https://www.sudharmhospital.com/","emergency":"yes"}}},{"type":"Feature","geometry":{"type":"Point","coordinates":[73.79976,19.9889]},"properties":{"id":"place_n14051285595","type":"bus_stop","name":"Poornima Bus Stop","name_local":null,"category":"bus stop","source":"openstreetmap","source_id":"node/14051285595","updated_at":"2026-07-26T11:16:40Z","tags":{}}},{"type":"Feature","geometry":{"type":"Point","coordinates":[73.79692,19.98714]},"properties":{"id":"place_n14051285596","type":"religious","name":"ISKCON Sri Sri Radha Madan Gopal Mandir","name_local":null,"category":"hindu","source":"openstreetmap","source_id":"node/14051285596","updated_at":"2026-07-26T11:16:40Z","tags":{"addr:city":"Nashik","addr:postcode":"422011","religion":"hindu","denomination":"hindu"}}},{"type":"Feature","geometry":{"type":"Point","coordinates":[73.75574,20.00841]},"properties":{"id":"place_n14051896477","type":"bus_stop","name":"Dsouza Colony Bus Stop","name_local":null,"category":"bus stop","source":"openstreetmap","source_id":"node/14051896477","updated_at":"2026-07-26T16:07:06Z","tags":{}}},{"type":"Feature","geometry":{"type":"Point","coordinates":[73.74092,20.00459]},"properties":{"id":"place_n14067913001","type":"landmark","name":"Jio-BP","name_local":null,"category":"petrol pump","source":"openstreetmap","source_id":"node/14067913001","updated_at":"2026-08-02T09:54:26Z","tags":{"addr:street":"Pipeline Road","addr:postcode":"422007","phone":"094222 47570","website":"https://mobilitystation.jiobp.com/jio-bp-petrol-pump-satpur-nashik-166871"}}},{"type":"Feature","geometry":{"type":"Point","coordinates":[73.74074,20.0022]},"properties":{"id":"place_n14067917101","type":"landmark","name":"Hindustan Petroleum Corporation Limited","name_local":null,"category":"petrol pump","source":"openstreetmap","source_id":"node/14067917101","updated_at":"2026-08-02T09:57:00Z","tags":{"phone":"098500 61121","website":"https://petrolpump.hpretail.in/hindustan-petroleum-corporation-limited-kausalya-petroleum-petrol-pump-satpur-nashik-388622/Home","opening_hours":"Mo-Su 05:00-23:00"}}},{"type":"Feature","geometry":{"type":"Point","coordinates":[73.74464,20.00998]},"properties":{"id":"place_n14067928201","type":"landmark","name":"Punkab National Bank","name_local":null,"category":"bank","source":"openstreetmap","source_id":"node/14067928201","updated_at":"2026-08-02T10:08:21Z","tags":{"addr:street":"Pipeline Road","addr:postcode":"422007","phone":"1800 1800","website":"https://locate.pnb.bank.in/punjab-national-bank-banks-anandvalli-nashik-505590/Home","opening_hours":"Mo-Fr 10:00-16:00"}}},{"type":"Feature","geometry":{"type":"Point","coordinates":[73.74428,20.01003]},"properties":{"id":"place_n14067928202","type":"landmark","name":"HDFC Bank","name_local":null,"category":"bank","source":"openstreetmap","source_id":"node/14067928202","updated_at":"2026-08-02T10:09:53Z","tags":{"addr:street":"Pipeline Road","addr:postcode":"422007","phone":"1800 1601","website":"https://www.hdfc.bank.in/branch-locator/maharashtra/nashik/hdfcbank-branch-anandwallibranch","opening_hours":"Mo-Sa 09:30-15:30"}}},{"type":"Feature","geometry":{"type":"Point","coordinates":[73.84347,19.94757]},"properties":{"id":"place_n14170075059","type":"religious","name":"Shri Hanuman Mandir श्री हनुमान मंदिर","name_local":null,"category":"hindu","source":"openstreetmap","source_id":"node/14170075059","updated_at":"2026-09-10T16:07:15Z","tags":{"religion":"hindu"}}},{"type":"Feature","geometry":{"type":"Point","coordinates":[73.84357,19.94803]},"properties":{"id":"place_n14170075060","type":"religious","name":"Hazrat Saiyyad Madarshah Wali Baba Dargah Sharif हजरत सैय्यद मदरशाह वाली बाबा दरगाह शरीफ","name_local":null,"category":"muslim","source":"openstreetmap","source_id":"node/14170075060","updated_at":"2026-09-10T16:11:49Z","tags":{"religion":"muslim","denomination":"sufi"}}},{"type":"Feature","geometry":{"type":"Point","coordinates":[73.84459,19.94847]},"properties":{"id":"place_n14170083917","type":"religious","name":"Imam Ahmad Raza Masjid","name_local":null,"category":"muslim","source":"openstreetmap","source_id":"node/14170083917","updated_at":"2026-09-10T16:18:45Z","tags":{"religion":"muslim","denomination":"sunni"}}},{"type":"Feature","geometry":{"type":"Point","coordinates":[73.84424,19.94893]},"properties":{"id":"place_n14170106042","type":"religious","name":"Shadwal Shah Baba Dargah","name_local":null,"category":"muslim","source":"openstreetmap","source_id":"node/14170106042","updated_at":"2026-09-10T16:15:35Z","tags":{"religion":"muslim","denomination":"sufi"}}},{"type":"Feature","geometry":{"type":"Point","coordinates":[73.84379,19.94801]},"properties":{"id":"place_n14170112675","type":"religious","name":"Madrasa-e Ahmadiya Chishtiya Ashrafiya मदरसा-ए अहमदियों चिश्तिया अशर्फियां","name_local":null,"category":"muslim","source":"openstreetmap","source_id":"node/14170112675","updated_at":"2026-09-10T16:29:22Z","tags":{"religion":"muslim","denomination":"sunni"}}},{"type":"Feature","geometry":{"type":"Point","coordinates":[73.84371,19.94699]},"properties":{"id":"place_n14170116441","type":"religious","name":"Mhasoba mandir महासभा मंदिर","name_local":null,"category":"hindu","source":"openstreetmap","source_id":"node/14170116441","updated_at":"2026-09-10T16:20:31Z","tags":{"religion":"hindu","denomination":"hindu_temple"}}},{"type":"Feature","geometry":{"type":"Point","coordinates":[73.84307,19.94613]},"properties":{"id":"place_n14170140861","type":"drinking_water","name":null,"name_local":null,"category":"drinking water","source":"openstreetmap","source_id":"node/14170140861","updated_at":"2026-09-10T16:34:04Z","tags":{"access":"yes"}}},{"type":"Feature","geometry":{"type":"Point","coordinates":[73.84362,19.94774]},"properties":{"id":"place_n14170155612","type":"religious","name":"kalika Mata Mandir","name_local":null,"category":null,"source":"openstreetmap","source_id":"node/14170155612","updated_at":"2026-09-10T16:51:40Z","tags":{}}},{"type":"Feature","geometry":{"type":"Point","coordinates":[73.84494,19.94648]},"properties":{"id":"place_n14174385582","type":"hospital","name":"Savitribai Phule Hospital Sinner phata UPHC सावित्रीबाई फुले हॉस्पिटल सिन्नर phata","name_local":null,"category":null,"source":"openstreetmap","source_id":"node/14174385582","updated_at":"2026-09-11T23:40:27Z","tags":{}}},{"type":"Feature","geometry":{"type":"Point","coordinates":[73.84633,19.94769]},"properties":{"id":"place_n14174420439","type":"religious","name":"Hanumaan Mandir हनुमान मंदिर","name_local":null,"category":"hindu","source":"openstreetmap","source_id":"node/14174420439","updated_at":"2026-09-12T00:02:00Z","tags":{"religion":"hindu"}}},{"type":"Feature","geometry":{"type":"Point","coordinates":[73.74824,19.94442]},"properties":{"id":"place_w51738223","type":"religious","name":"Buddha Vihar","name_local":null,"category":"buddhist","source":"openstreetmap","source_id":"way/51738223","updated_at":"2012-01-14T13:11:36Z","tags":{"religion":"buddhist"}}},{"type":"Feature","geometry":{"type":"Point","coordinates":[73.79915,19.99459]},"properties":{"id":"place_w154690306","type":"landmark","name":"Bharat Petroleum","name_local":null,"category":"petrol pump","source":"openstreetmap","source_id":"way/154690306","updated_at":"2026-01-12T19:03:50Z","tags":{"brand":"Bharat Petroleum"}}},{"type":"Feature","geometry":{"type":"Point","coordinates":[73.82154,20.01327]},"properties":{"id":"place_w221968742","type":"college","name":"K.K. Wagh Institute of Engineering Education & Research","name_local":null,"category":"college","source":"openstreetmap","source_id":"way/221968742","updated_at":"2024-07-20T07:47:25Z","tags":{"wikipedia":"en:K. K. Wagh Institute of Engineering Education & Research","wikidata":"Q6323479"}}},{"type":"Feature","geometry":{"type":"Point","coordinates":[73.79682,20.01168]},"properties":{"id":"place_w229989219","type":"bus_stop","name":"Nimani Bus Station","name_local":null,"category":"bus station","source":"openstreetmap","source_id":"way/229989219","updated_at":"2026-01-11T07:08:45Z","tags":{}}},{"type":"Feature","geometry":{"type":"Point","coordinates":[73.79517,20.0147]},"properties":{"id":"place_w229989229","type":"market","name":"Vegetable Market","name_local":null,"category":"marketplace","source":"openstreetmap","source_id":"way/229989229","updated_at":"2014-05-27T09:49:01Z","tags":{}}},{"type":"Feature","geometry":{"type":"Point","coordinates":[73.80285,20.00931]},"properties":{"id":"place_w229989310","type":"hospital","name":"Sadguru Hospital","name_local":null,"category":null,"source":"openstreetmap","source_id":"way/229989310","updated_at":"2026-01-11T06:53:06Z","tags":{"addr:full":"Hari Krishna Plaza, Old Adgaon Naka, Opp Panchavati Bus Depot, Nashik","addr:street":"Hari krishna Plaza","addr:city":"Nashik","addr:postcode":"422003"}}},{"type":"Feature","geometry":{"type":"Point","coordinates":[73.79272,20.00762]},"properties":{"id":"place_w229991258","type":"religious","name":"Shree Ahilyaram Mandir","name_local":null,"category":"hindu","source":"openstreetmap","source_id":"way/229991258","updated_at":"2026-01-21T17:24:24Z","tags":{"religion":"hindu"}}},{"type":"Feature","geometry":{"type":"Point","coordinates":[73.79329,20.00576]},"properties":{"id":"place_w229991259","type":"religious","name":"Rameshwara Temple","name_local":null,"category":"hindu","source":"openstreetmap","source_id":"way/229991259","updated_at":"2026-01-11T03:29:32Z","tags":{"religion":"hindu"}}},{"type":"Feature","geometry":{"type":"Point","coordinates":[73.79189,20.0072]},"properties":{"id":"place_w229991304","type":"religious","name":"Sri Yashwantrao Maharaj Samadhi Mandir","name_local":null,"category":"hindu","source":"openstreetmap","source_id":"way/229991304","updated_at":"2026-01-25T17:57:35Z","tags":{"religion":"hindu"}}},{"type":"Feature","geometry":{"type":"Point","coordinates":[73.81747,20.00873]},"properties":{"id":"place_w230005250","type":"bus_stop","name":null,"name_local":null,"category":"bus station","source":"openstreetmap","source_id":"way/230005250","updated_at":"2013-07-15T13:43:32Z","tags":{}}},{"type":"Feature","geometry":{"type":"Point","coordinates":[73.79163,19.99981]},"properties":{"id":"place_w230072391","type":"religious","name":"Dargah Hazrat Peer Syed Sadiq Shah","name_local":null,"category":"muslim","source":"openstreetmap","source_id":"way/230072391","updated_at":"2026-01-11T05:56:33Z","tags":{"religion":"muslim"}}},{"type":"Feature","geometry":{"type":"Point","coordinates":[73.7763,19.99302]},"properties":{"id":"place_w230101464","type":"landmark","name":"Chandak Circle","name_local":null,"category":"chowk / junction","source":"openstreetmap","source_id":"way/230101464","updated_at":"2023-09-21T09:07:02Z","tags":{}}},{"type":"Feature","geometry":{"type":"Point","coordinates":[73.78248,19.98944]},"properties":{"id":"place_w230102072","type":"bus_stop","name":"Private Bus Stand","name_local":null,"category":"bus station","source":"openstreetmap","source_id":"way/230102072","updated_at":"2026-01-10T19:40:16Z","tags":{}}},{"type":"Feature","geometry":{"type":"Point","coordinates":[73.80204,19.99261]},"properties":{"id":"place_w230300991","type":"school","name":"Ravindranath Tagore English Medium School","name_local":null,"category":null,"source":"openstreetmap","source_id":"way/230300991","updated_at":"2023-01-31T07:57:53Z","tags":{}}},{"type":"Feature","geometry":{"type":"Point","coordinates":[73.77839,20.00734]},"properties":{"id":"place_w230526317","type":"college","name":"KTHM College","name_local":null,"category":"college","source":"openstreetmap","source_id":"way/230526317","updated_at":"2013-07-20T05:09:32Z","tags":{}}},{"type":"Feature","geometry":{"type":"Point","coordinates":[73.84129,19.94815]},"properties":{"id":"place_w257421924","type":"bus_stop","name":"Nashik Road Railway Station","name_local":null,"category":"bus station","source":"openstreetmap","source_id":"way/257421924","updated_at":"2026-01-25T12:11:55Z","tags":{}}},{"type":"Feature","geometry":{"type":"Point","coordinates":[73.83248,19.90498]},"properties":{"id":"place_w257769689","type":"market","name":"Deolali Plaza","name_local":null,"category":"mall","source":"openstreetmap","source_id":"way/257769689","updated_at":"2014-01-22T14:58:59Z","tags":{}}},{"type":"Feature","geometry":{"type":"Point","coordinates":[73.83292,19.89212]},"properties":{"id":"place_w257769690","type":"landmark","name":"Essar","name_local":null,"category":"petrol pump","source":"openstreetmap","source_id":"way/257769690","updated_at":"2024-02-23T10:33:25Z","tags":{"operator":"Meher Filling Station","brand":"Essar"}}},{"type":"Feature","geometry":{"type":"Point","coordinates":[73.85274,20.03576]},"properties":{"id":"place_w268267108","type":"college","name":"Dr Vasantrao Pawar Medical College","name_local":null,"category":"college","source":"openstreetmap","source_id":"way/268267108","updated_at":"2014-03-23T11:11:21Z","tags":{}}},{"type":"Feature","geometry":{"type":"Point","coordinates":[73.7925,20.02947]},"properties":{"id":"place_w284593706","type":"market","name":"Sharad Chandra Pawar Market Yard","name_local":null,"category":"marketplace","source":"openstreetmap","source_id":"way/284593706","updated_at":"2026-01-12T15:52:40Z","tags":{}}},{"type":"Feature","geometry":{"type":"Point","coordinates":[73.70408,19.86844]},"properties":{"id":"place_w314517267","type":"tourism","name":"Bahula Fort","name_local":"बाहुला किल्ला","category":"historic fort","source":"openstreetmap","source_id":"way/314517267","updated_at":"2026-01-11T08:38:47Z","tags":{"name:mr":"बाहुला किल्ला"}}},{"type":"Feature","geometry":{"type":"Point","coordinates":[73.82119,19.96514]},"properties":{"id":"place_w314826214","type":"school","name":"St. Xavier's High School","name_local":null,"category":null,"source":"openstreetmap","source_id":"way/314826214","updated_at":"2022-07-17T02:33:35Z","tags":{}}},{"type":"Feature","geometry":{"type":"Point","coordinates":[73.78702,20.00275]},"properties":{"id":"place_w325219308","type":"hospital","name":"Rajebahadur Hospital and Research Centre Pvt. Ltd.","name_local":null,"category":null,"source":"openstreetmap","source_id":"way/325219308","updated_at":"2019-12-24T04:11:53Z","tags":{"addr:full":"Plot No 13,14/199, Tilak Road, Rajebahadur Lane","addr:street":"Shalimar","addr:city":"Nashik","addr:postcode":"422001"}}},{"type":"Feature","geometry":{"type":"Point","coordinates":[73.78717,20.00335]},"properties":{"id":"place_w325219309","type":"landmark","name":"Samarth Bank","name_local":null,"category":"bank","source":"openstreetmap","source_id":"way/325219309","updated_at":"2015-01-29T14:22:08Z","tags":{"addr:street":"Shalimar","addr:city":"Nashik","addr:postcode":"422001"}}},{"type":"Feature","geometry":{"type":"Point","coordinates":[73.75824,20.01325]},"properties":{"id":"place_w331007559","type":"religious","name":"Swami samartha mandir","name_local":null,"category":null,"source":"openstreetmap","source_id":"way/331007559","updated_at":"2015-03-03T02:51:46Z","tags":{}}},{"type":"Feature","geometry":{"type":"Point","coordinates":[73.71669,19.99137]},"properties":{"id":"place_w355701585","type":"school","name":"Modern School","name_local":null,"category":null,"source":"openstreetmap","source_id":"way/355701585","updated_at":"2026-01-22T10:55:22Z","tags":{}}},{"type":"Feature","geometry":{"type":"Point","coordinates":[73.78085,19.99836]},"properties":{"id":"place_w357509884","type":"bus_stop","name":"Thakkar Bazzar Bus Stand","name_local":null,"category":"bus station","source":"openstreetmap","source_id":"way/357509884","updated_at":"2026-01-22T06:49:15Z","tags":{"operator":"MSRTC"}}},{"type":"Feature","geometry":{"type":"Point","coordinates":[73.75801,20.00379]},"properties":{"id":"place_w359273878","type":"landmark","name":"Cycle Circle","name_local":null,"category":"chowk / junction","source":"openstreetmap","source_id":"way/359273878","updated_at":"2026-01-11T03:29:32Z","tags":{"surface":"asphalt","oneway":"yes"}}},{"type":"Feature","geometry":{"type":"Point","coordinates":[73.75911,20.00776]},"properties":{"id":"place_w359273909","type":"school","name":"Don Bosco","name_local":null,"category":null,"source":"openstreetmap","source_id":"way/359273909","updated_at":"2026-01-24T14:40:27Z","tags":{"addr:street":"College road","addr:city":"nashik","addr:postcode":"422005"}}},{"type":"Feature","geometry":{"type":"Point","coordinates":[73.78592,20.00781]},"properties":{"id":"place_w361247825","type":"school","name":"JS Rungta High School","name_local":null,"category":null,"source":"openstreetmap","source_id":"way/361247825","updated_at":"2015-07-19T09:46:52Z","tags":{}}},{"type":"Feature","geometry":{"type":"Point","coordinates":[73.78229,20.00217]},"properties":{"id":"place_w361247850","type":"government","name":"Nashik Court","name_local":null,"category":"courthouse","source":"openstreetmap","source_id":"way/361247850","updated_at":"2019-07-27T01:42:08Z","tags":{}}},{"type":"Feature","geometry":{"type":"Point","coordinates":[73.79522,20.00695]},"properties":{"id":"place_w361247890","type":"religious","name":"Kalaram Mandir","name_local":null,"category":"hindu","source":"openstreetmap","source_id":"way/361247890","updated_at":"2026-01-11T07:08:45Z","tags":{"religion":"hindu"}}},{"type":"Feature","geometry":{"type":"Point","coordinates":[73.79596,20.00122]},"properties":{"id":"place_w390057478","type":"religious","name":"Amar Dham","name_local":null,"category":"hindu","source":"openstreetmap","source_id":"way/390057478","updated_at":"2016-01-07T14:08:36Z","tags":{"religion":"hindu"}}},{"type":"Feature","geometry":{"type":"Point","coordinates":[73.81114,20.00155]},"properties":{"id":"place_w390062476","type":"religious","name":"Shri Laxmi Narayan Mandir","name_local":null,"category":null,"source":"openstreetmap","source_id":"way/390062476","updated_at":"2016-01-07T14:47:37Z","tags":{}}},{"type":"Feature","geometry":{"type":"Point","coordinates":[73.8232,19.96605]},"properties":{"id":"place_w406898487","type":"school","name":"K.V. School Ground","name_local":null,"category":null,"source":"openstreetmap","source_id":"way/406898487","updated_at":"2016-04-01T05:30:15Z","tags":{}}},{"type":"Feature","geometry":{"type":"Point","coordinates":[74.00192,19.85137]},"properties":{"id":"place_w410830577","type":"religious","name":"Shri Gondeshwar Temple","name_local":null,"category":"hindu","source":"openstreetmap","source_id":"way/410830577","updated_at":"2016-04-16T12:33:46Z","tags":{"religion":"hindu"}}},{"type":"Feature","geometry":{"type":"Point","coordinates":[73.53075,19.93213]},"properties":{"id":"place_w431774966","type":"religious","name":"Trimbakeshwar Temple","name_local":"त्र्यंबकेश्वर देऊळ","category":"hindu","source":"openstreetmap","source_id":"way/431774966","updated_at":"2025-08-28T12:39:53Z","tags":{"name:mr":"त्र्यंबकेश्वर देऊळ","wikidata":"Q2426825","religion":"hindu"}}},{"type":"Feature","geometry":{"type":"Point","coordinates":[73.79606,20.03315]},"properties":{"id":"place_w435276320","type":"government","name":"Nashik RTO Office","name_local":null,"category":"government office","source":"openstreetmap","source_id":"way/435276320","updated_at":"2023-08-29T06:26:30Z","tags":{}}},{"type":"Feature","geometry":{"type":"Point","coordinates":[73.83064,20.02008]},"properties":{"id":"place_w435639059","type":"school","name":"Rasbiharibos International School","name_local":null,"category":null,"source":"openstreetmap","source_id":"way/435639059","updated_at":"2016-08-04T12:16:22Z","tags":{}}},{"type":"Feature","geometry":{"type":"Point","coordinates":[73.83082,20.01939]},"properties":{"id":"place_w435639101","type":"religious","name":"Bali Mandir","name_local":null,"category":"hindu","source":"openstreetmap","source_id":"way/435639101","updated_at":"2016-08-04T12:17:14Z","tags":{"religion":"hindu"}}},{"type":"Feature","geometry":{"type":"Point","coordinates":[73.83258,20.02596]},"properties":{"id":"place_w435914198","type":"college","name":"Karmaveer Kakasaheb Wagh Education Society","name_local":null,"category":"college","source":"openstreetmap","source_id":"way/435914198","updated_at":"2022-09-05T10:34:30Z","tags":{}}},{"type":"Feature","geometry":{"type":"Point","coordinates":[73.76536,20.01404]},"properties":{"id":"place_w436197284","type":"school","name":"New Maratha High School","name_local":null,"category":null,"source":"openstreetmap","source_id":"way/436197284","updated_at":"2026-01-12T18:37:34Z","tags":{}}},{"type":"Feature","geometry":{"type":"Point","coordinates":[73.76401,20.01465]},"properties":{"id":"place_w436197285","type":"college","name":"Nashik District Maratha Vidya Prasarak Samaja's Karmaveer Adv.Baburao Ganapatrao Thakare College of Engineering","name_local":null,"category":"college","source":"openstreetmap","source_id":"way/436197285","updated_at":"2026-04-11T13:51:00Z","tags":{"website":"https://kbtcoe.org/"}}},{"type":"Feature","geometry":{"type":"Point","coordinates":[73.75183,20.00607]},"properties":{"id":"place_w436343756","type":"school","name":"Bhonsala Military School","name_local":null,"category":null,"source":"openstreetmap","source_id":"way/436343756","updated_at":"2019-01-28T08:41:05Z","tags":{}}},{"type":"Feature","geometry":{"type":"Point","coordinates":[73.75275,20.01063]},"properties":{"id":"place_w436347203","type":"college","name":"Bhonsala Military College","name_local":null,"category":"college","source":"openstreetmap","source_id":"way/436347203","updated_at":"2019-01-14T09:30:03Z","tags":{}}},{"type":"Feature","geometry":{"type":"Point","coordinates":[73.70917,20.00929]},"properties":{"id":"place_w436384768","type":"religious","name":"Sai Baba Mandir","name_local":null,"category":"hindu","source":"openstreetmap","source_id":"way/436384768","updated_at":"2016-08-09T11:57:16Z","tags":{"religion":"hindu"}}},{"type":"Feature","geometry":{"type":"Point","coordinates":[73.70404,19.99507]},"properties":{"id":"place_w436391725","type":"school","name":"Hindi Vidyalaya Shramik Nagar","name_local":null,"category":null,"source":"openstreetmap","source_id":"way/436391725","updated_at":"2016-08-09T12:47:29Z","tags":{}}},{"type":"Feature","geometry":{"type":"Point","coordinates":[73.8342,19.97495]},"properties":{"id":"place_w438116669","type":"school","name":"Abhinav Adarsh Marathi School","name_local":null,"category":null,"source":"openstreetmap","source_id":"way/438116669","updated_at":"2016-08-20T07:41:22Z","tags":{}}},{"type":"Feature","geometry":{"type":"Point","coordinates":[73.76175,20.01499]},"properties":{"id":"place_w561668310","type":"college","name":"CMCS College","name_local":null,"category":"college","source":"openstreetmap","source_id":"way/561668310","updated_at":"2026-01-12T18:37:34Z","tags":{}}},{"type":"Feature","geometry":{"type":"Point","coordinates":[73.80487,20.04418]},"properties":{"id":"place_w566023744","type":"religious","name":"Shani Maharaj","name_local":null,"category":"hindu","source":"openstreetmap","source_id":"way/566023744","updated_at":"2018-03-03T07:12:47Z","tags":{"opening_hours":"sunrise-sunset","religion":"hindu"}}},{"type":"Feature","geometry":{"type":"Point","coordinates":[73.80556,20.03282]},"properties":{"id":"place_w574967037","type":"hospital","name":"Tanmayee Hospital","name_local":null,"category":null,"source":"openstreetmap","source_id":"way/574967037","updated_at":"2019-12-09T05:13:38Z","tags":{"addr:full":"Sai Nagar Rto Corner, Dindori Road, Sai Nagar, Panchavati, Near Meri","addr:postcode":"422004"}}},{"type":"Feature","geometry":{"type":"Point","coordinates":[73.76125,20.0107]},"properties":{"id":"place_w607737677","type":"hospital","name":"Kasliwal Superspeciality Hospital","name_local":null,"category":null,"source":"openstreetmap","source_id":"way/607737677","updated_at":"2026-01-24T14:40:27Z","tags":{"addr:full":"Ashok Stambh,Gangapur Road,Prasad Circle","addr:postcode":"422002","website":"kasliwalhospital.com"}}},{"type":"Feature","geometry":{"type":"Point","coordinates":[73.74871,20.01161]},"properties":{"id":"place_w607743577","type":"hospital","name":"Shree Guruji Hospital","name_local":null,"category":null,"source":"openstreetmap","source_id":"way/607743577","updated_at":"2026-02-08T06:15:49Z","tags":{}}},{"type":"Feature","geometry":{"type":"Point","coordinates":[73.84563,19.8793]},"properties":{"id":"place_w807473460","type":"religious","name":"Shri Swami Samarth Temple","name_local":null,"category":"hindu","source":"openstreetmap","source_id":"way/807473460","updated_at":"2020-05-23T09:44:57Z","tags":{"religion":"hindu"}}},{"type":"Feature","geometry":{"type":"Point","coordinates":[73.8382,19.95046]},"properties":{"id":"place_w819109649","type":"hospital","name":"Matoshree Hospital","name_local":null,"category":null,"source":"openstreetmap","source_id":"way/819109649","updated_at":"2026-01-27T09:19:19Z","tags":{"addr:full":"Nashik - Pune Road, Near Bytco Hospital, Rajwada Nagar, Deolali Gaon, Nashik","addr:postcode":"422101"}}},{"type":"Feature","geometry":{"type":"Point","coordinates":[73.91456,20.10885]},"properties":{"id":"place_w993850344","type":"school","name":"Kendriya Vidyalaya AFS Ojhar","name_local":null,"category":null,"source":"openstreetmap","source_id":"way/993850344","updated_at":"2024-02-28T15:50:37Z","tags":{"name:en":"Kendriya Vidyalaya AFS Ojhar","alt_name":"KV AFS Ojhar","operator":"Kendriya Vidyalaya Sangathan","operator:type":"government_non_profit","addr:postcode":"422221","phone":"02550–295023","website":"https://afsojhar.kvs.ac.in","brand":"Kendriya Vidyalaya"}}},{"type":"Feature","geometry":{"type":"Point","coordinates":[73.95002,20.10181]},"properties":{"id":"place_w997835746","type":"religious","name":"HAL temple","name_local":null,"category":"hindu","source":"openstreetmap","source_id":"way/997835746","updated_at":"2021-10-31T07:42:48Z","tags":{"religion":"hindu"}}},{"type":"Feature","geometry":{"type":"Point","coordinates":[73.94695,20.10721]},"properties":{"id":"place_w997835750","type":"landmark","name":"State Bank of India","name_local":null,"category":"bank","source":"openstreetmap","source_id":"way/997835750","updated_at":"2021-10-31T07:42:48Z","tags":{"short_name":"SBI","brand":"State Bank of India"}}},{"type":"Feature","geometry":{"type":"Point","coordinates":[73.94679,20.10769]},"properties":{"id":"place_w997835751","type":"landmark","name":"Punjab National Bank","name_local":null,"category":"bank","source":"openstreetmap","source_id":"way/997835751","updated_at":"2021-10-31T07:42:48Z","tags":{"brand":"Punjab National Bank"}}},{"type":"Feature","geometry":{"type":"Point","coordinates":[73.81609,19.9751]},"properties":{"id":"place_w1051467801","type":"government","name":"Nirman Bhavan","name_local":null,"category":"government administrative","source":"openstreetmap","source_id":"way/1051467801","updated_at":"2022-04-13T08:51:03Z","tags":{}}},{"type":"Feature","geometry":{"type":"Point","coordinates":[73.53193,19.93204]},"properties":{"id":"place_w1097756723","type":"religious","name":"Shri Adi Tryambakeshwar Mandir","name_local":null,"category":"hindu","source":"openstreetmap","source_id":"way/1097756723","updated_at":"2026-06-28T10:50:03Z","tags":{"religion":"hindu"}}},{"type":"Feature","geometry":{"type":"Point","coordinates":[73.98535,19.84966]},"properties":{"id":"place_w1162012871","type":"college","name":"GMD ground","name_local":null,"category":"college","source":"openstreetmap","source_id":"way/1162012871","updated_at":"2023-04-13T09:12:01Z","tags":{"addr:city":"Sinner","addr:postcode":"422103"}}},{"type":"Feature","geometry":{"type":"Point","coordinates":[73.83466,19.8863]},"properties":{"id":"place_w1162014652","type":"school","name":"Kendriya Vidyalaya No.1","name_local":null,"category":null,"source":"openstreetmap","source_id":"way/1162014652","updated_at":"2024-02-23T10:33:25Z","tags":{"operator:type":"government_non_profit","brand":"Kendriya Vidyalaya"}}},{"type":"Feature","geometry":{"type":"Point","coordinates":[73.77892,19.99472]},"properties":{"id":"place_w1226534750","type":"toilets","name":null,"name_local":null,"category":"public toilet","source":"openstreetmap","source_id":"way/1226534750","updated_at":"2023-11-24T15:23:05Z","tags":{"wheelchair":"no"}}},{"type":"Feature","geometry":{"type":"Point","coordinates":[73.75975,19.99052]},"properties":{"id":"place_w1237972020","type":"market","name":"SSRF","name_local":null,"category":"mall","source":"openstreetmap","source_id":"way/1237972020","updated_at":"2024-01-08T05:29:22Z","tags":{}}},{"type":"Feature","geometry":{"type":"Point","coordinates":[73.83248,19.95848]},"properties":{"id":"place_w1283538248","type":"market","name":"Karda Constructions- Mega Commercial & Residential Projects","name_local":null,"category":"mall","source":"openstreetmap","source_id":"way/1283538248","updated_at":"2024-11-21T13:24:20Z","tags":{"addr:street":"Nashik Pune Highway","addr:city":"Nashik","addr:postcode":"422101"}}},{"type":"Feature","geometry":{"type":"Point","coordinates":[73.68778,20.0066]},"properties":{"id":"place_w1288334484","type":"tourism","name":"Sula Vineyards","name_local":null,"category":"attraction","source":"openstreetmap","source_id":"way/1288334484","updated_at":"2026-01-22T10:55:22Z","tags":{"website":"https://sulavineyards.com/"}}},{"type":"Feature","geometry":{"type":"Point","coordinates":[73.64198,19.8848]},"properties":{"id":"place_w1390932113","type":"tourism","name":"Ghargad fort (Gadgada)","name_local":null,"category":"historic fort","source":"openstreetmap","source_id":"way/1390932113","updated_at":"2025-05-30T11:40:54Z","tags":{"access":"yes"}}},{"type":"Feature","geometry":{"type":"Point","coordinates":[73.79316,20.00828]},"properties":{"id":"place_w1461787680","type":"religious","name":"Sri Kapaleshwar Mahadev Mandir","name_local":null,"category":"hindu","source":"openstreetmap","source_id":"way/1461787680","updated_at":"2026-01-25T19:49:04Z","tags":{"religion":"hindu"}}},{"type":"Feature","geometry":{"type":"Point","coordinates":[73.7487,19.9405]},"properties":{"id":"place_w1466071634","type":"tourism","name":"Pandav Leni Caves","name_local":null,"category":"attraction","source":"openstreetmap","source_id":"way/1466071634","updated_at":"2026-02-13T08:09:27Z","tags":{"alt_name":"Nashik Caves","website":"https://nashik.gov.in/en/tourist-place/pandav-caves/","wikidata":"Q7130537","fee":"yes","access":"customers"}}},{"type":"Feature","geometry":{"type":"Point","coordinates":[73.78405,19.9882]},"properties":{"id":"place_w1466082839","type":"hospital","name":"Shatabdi Super Speciality Hospital","name_local":null,"category":null,"source":"openstreetmap","source_id":"way/1466082839","updated_at":"2026-01-10T19:40:16Z","tags":{"addr:full":"Suyojit City Center, Opp Mahamarg Bus Stand, Mumbai Naka, Nashik","addr:postcode":"422005"}}},{"type":"Feature","geometry":{"type":"Point","coordinates":[73.7576,19.98462]},"properties":{"id":"place_w1466087819","type":"school","name":"Madhyamik Vidyalaya, Untawadi","name_local":null,"category":null,"source":"openstreetmap","source_id":"way/1466087819","updated_at":"2026-01-10T20:04:54Z","tags":{}}},{"type":"Feature","geometry":{"type":"Point","coordinates":[73.7561,19.98145]},"properties":{"id":"place_w1466087820","type":"hospital","name":"Divya Cinemas","name_local":null,"category":null,"source":"openstreetmap","source_id":"way/1466087820","updated_at":"2026-04-04T03:11:56Z","tags":{"addr:full":"2nd Floor, Purab-Paschim Plaza, Trimurti Chowk Divya Adlabs, Cidco, New Nashik","addr:postcode":"422008"}}},{"type":"Feature","geometry":{"type":"Point","coordinates":[73.78026,19.9981]},"properties":{"id":"place_w1466131662","type":"market","name":"Thakkar Bazzar","name_local":null,"category":"marketplace","source":"openstreetmap","source_id":"way/1466131662","updated_at":"2026-01-22T06:49:15Z","tags":{}}},{"type":"Feature","geometry":{"type":"Point","coordinates":[73.78078,19.99988]},"properties":{"id":"place_w1466131667","type":"bus_stop","name":"Mela Bus Stand","name_local":null,"category":"bus station","source":"openstreetmap","source_id":"way/1466131667","updated_at":"2026-01-11T02:26:57Z","tags":{}}},{"type":"Feature","geometry":{"type":"Point","coordinates":[73.76162,19.99048]},"properties":{"id":"place_w1466134492","type":"market","name":"Nashik City Center Mall","name_local":null,"category":"mall","source":"openstreetmap","source_id":"way/1466134492","updated_at":"2026-01-11T03:10:22Z","tags":{}}},{"type":"Feature","geometry":{"type":"Point","coordinates":[73.78229,19.99208]},"properties":{"id":"place_w1466135595","type":"hospital","name":"Sudarshan Hospital","name_local":null,"category":null,"source":"openstreetmap","source_id":"way/1466135595","updated_at":"2026-01-12T18:09:10Z","tags":{"addr:full":"City Plaza, Opp. Kalika Mandir, Old Agra Road, Mumbai Naka, Nashik","addr:postcode":"422002"}}},{"type":"Feature","geometry":{"type":"Point","coordinates":[73.76069,20.00468]},"properties":{"id":"place_w1466135601","type":"college","name":"H.P.T. Arts and R.Y.K. Science College","name_local":null,"category":"college","source":"openstreetmap","source_id":"way/1466135601","updated_at":"2026-01-11T03:29:32Z","tags":{}}},{"type":"Feature","geometry":{"type":"Point","coordinates":[73.73401,19.99225]},"properties":{"id":"place_w1466135604","type":"hospital","name":"ESI Hospital Satpur Nashik","name_local":null,"category":null,"source":"openstreetmap","source_id":"way/1466135604","updated_at":"2026-01-11T03:29:32Z","tags":{"addr:full":"ESI Hospital Satpur Nashik, NEAR DMO OFFICE, Satpur","addr:postcode":"422007"}}},{"type":"Feature","geometry":{"type":"Point","coordinates":[73.73154,19.99106]},"properties":{"id":"place_w1466135608","type":"bus_stop","name":"Satpur Bus Stand","name_local":null,"category":"bus station","source":"openstreetmap","source_id":"way/1466135608","updated_at":"2026-01-11T03:29:32Z","tags":{"operator":"MHRTC"}}},{"type":"Feature","geometry":{"type":"Point","coordinates":[73.79168,20.00185]},"properties":{"id":"place_w1466136048","type":"religious","name":"Sri Bhadrakali Devi Mandir","name_local":null,"category":"hindu","source":"openstreetmap","source_id":"way/1466136048","updated_at":"2026-01-11T03:42:54Z","tags":{"religion":"hindu"}}},{"type":"Feature","geometry":{"type":"Point","coordinates":[73.78947,20.01139]},"properties":{"id":"place_w1466136050","type":"government","name":"Nashik Municipal Corporation","name_local":null,"category":"townhall","source":"openstreetmap","source_id":"way/1466136050","updated_at":"2026-01-25T08:25:14Z","tags":{"short_name":"NMC","website":"https://nmc.gov.in/"}}},{"type":"Feature","geometry":{"type":"Point","coordinates":[73.86194,19.95757]},"properties":{"id":"place_w1466145700","type":"college","name":"Indian Railways Institute of Electrical Engineering","name_local":null,"category":"college","source":"openstreetmap","source_id":"way/1466145700","updated_at":"2026-01-11T05:56:31Z","tags":{}}},{"type":"Feature","geometry":{"type":"Point","coordinates":[73.83801,19.94858]},"properties":{"id":"place_w1466145716","type":"hospital","name":"NSKMC JDC Bytco Hospital-(D)","name_local":null,"category":null,"source":"openstreetmap","source_id":"way/1466145716","updated_at":"2026-01-27T09:19:19Z","tags":{"addr:full":"Shastri Path, Near NMC Divisional Office, Nashik","addr:postcode":"422214"}}},{"type":"Feature","geometry":{"type":"Point","coordinates":[73.78802,19.99427]},"properties":{"id":"place_w1466146693","type":"religious","name":"Jain Mandir","name_local":null,"category":"jain","source":"openstreetmap","source_id":"way/1466146693","updated_at":"2026-01-11T06:06:50Z","tags":{"religion":"jain"}}},{"type":"Feature","geometry":{"type":"Point","coordinates":[73.7993,19.99598]},"properties":{"id":"place_w1466151433","type":"hospital","name":"Dr Zakir Hussain Hospital","name_local":null,"category":null,"source":"openstreetmap","source_id":"way/1466151433","updated_at":"2026-01-11T06:53:06Z","tags":{"addr:full":"Mumbai-Agra national Highway, Opp. SBI, Kathda, Nashik","addr:postcode":"422001"}}},{"type":"Feature","geometry":{"type":"Point","coordinates":[73.74815,19.94393]},"properties":{"id":"place_w1466161772","type":"tourism","name":"Buddha Smarak","name_local":null,"category":"attraction","source":"openstreetmap","source_id":"way/1466161772","updated_at":"2026-01-11T08:38:28Z","tags":{"religion":"buddhist"}}},{"type":"Feature","geometry":{"type":"Point","coordinates":[73.75004,19.94335]},"properties":{"id":"place_w1466161773","type":"tourism","name":"Phalke Smarak","name_local":null,"category":"attraction","source":"openstreetmap","source_id":"way/1466161773","updated_at":"2026-01-11T08:38:28Z","tags":{}}},{"type":"Feature","geometry":{"type":"Point","coordinates":[73.79847,19.98631]},"properties":{"id":"place_w1466176698","type":"hospital","name":"Tulasi Eye Hospital","name_local":null,"category":null,"source":"openstreetmap","source_id":"way/1466176698","updated_at":"2026-01-11T10:26:43Z","tags":{"addr:full":"Happy Home Colony,Near General Vaitya Nagar,Pune Road","addr:postcode":"422011"}}},{"type":"Feature","geometry":{"type":"Point","coordinates":[73.53158,19.93438]},"properties":{"id":"place_w1466256681","type":"bus_stop","name":"Trimbak","name_local":"బస్టేషన్","category":"bus station","source":"openstreetmap","source_id":"way/1466256681","updated_at":"2026-01-11T16:47:15Z","tags":{"name:en":"Trimbak","name:mr":"त्र्यंबक"}}},{"type":"Feature","geometry":{"type":"Point","coordinates":[73.75889,19.99831]},"properties":{"id":"place_w1466462255","type":"government","name":"Police Training Academy","name_local":null,"category":"police","source":"openstreetmap","source_id":"way/1466462255","updated_at":"2026-03-10T06:46:08Z","tags":{}}},{"type":"Feature","geometry":{"type":"Point","coordinates":[73.76115,19.99365]},"properties":{"id":"place_w1466462263","type":"school","name":"Fravashi Academy","name_local":null,"category":null,"source":"openstreetmap","source_id":"way/1466462263","updated_at":"2026-01-12T12:58:01Z","tags":{}}},{"type":"Feature","geometry":{"type":"Point","coordinates":[73.76739,19.99854]},"properties":{"id":"place_w1466462307","type":"market","name":"Tibetan Market","name_local":null,"category":"marketplace","source":"openstreetmap","source_id":"way/1466462307","updated_at":"2026-01-12T12:58:02Z","tags":{}}},{"type":"Feature","geometry":{"type":"Point","coordinates":[73.77505,19.99597]},"properties":{"id":"place_w1466462310","type":"tourism","name":"Yashwantrao Chavan Planetarium","name_local":null,"category":"museum","source":"openstreetmap","source_id":"way/1466462310","updated_at":"2026-01-12T12:58:02Z","tags":{}}},{"type":"Feature","geometry":{"type":"Point","coordinates":[73.79363,20.03364]},"properties":{"id":"place_w1466510468","type":"hospital","name":"Namco Hospital","name_local":null,"category":null,"source":"openstreetmap","source_id":"way/1466510468","updated_at":"2026-01-12T15:52:40Z","tags":{"addr:full":"Peth Road, Opp. RTO Office, Nashik","addr:postcode":"422013"}}},{"type":"Feature","geometry":{"type":"Point","coordinates":[73.77809,19.99732]},"properties":{"id":"place_w1466555423","type":"hospital","name":"Civil Hospital, Nashik","name_local":null,"category":"general","source":"openstreetmap","source_id":"way/1466555423","updated_at":"2026-01-12T18:09:09Z","tags":{"operator":"NMC","operator:type":"government","addr:full":"Police Staff Colony, Nashik","addr:street":"thakkar bazar,opposite golg club maidan","addr:city":"Nashik","addr:postcode":"422002","emergency":"yes"}}},{"type":"Feature","geometry":{"type":"Point","coordinates":[73.75934,20.00879]},"properties":{"id":"place_w1466557393","type":"school","name":"Kilbil St. Joseph's Public School","name_local":null,"category":null,"source":"openstreetmap","source_id":"way/1466557393","updated_at":"2026-01-24T14:40:27Z","tags":{}}},{"type":"Feature","geometry":{"type":"Point","coordinates":[73.77639,20.00061]},"properties":{"id":"place_w1466557399","type":"hospital","name":"Soham Hospital and Medical Foundation Pvt. Ltd.","name_local":null,"category":null,"source":"openstreetmap","source_id":"way/1466557399","updated_at":"2026-01-12T18:15:48Z","tags":{"addr:full":"Suyojit Sankul,3Road Floor, Near Rajiv Gandhi Bhavan, Sharapur Road","addr:postcode":"422002"}}},{"type":"Feature","geometry":{"type":"Point","coordinates":[73.77551,20.00045]},"properties":{"id":"place_w1466557400","type":"government","name":"Rajiv Gandhi Bhawan","name_local":null,"category":"townhall","source":"openstreetmap","source_id":"way/1466557400","updated_at":"2026-06-03T07:56:05Z","tags":{}}},{"type":"Feature","geometry":{"type":"Point","coordinates":[73.77891,20.00746]},"properties":{"id":"place_w1466563987","type":"school","name":"K.T.H.M. College","name_local":null,"category":null,"source":"openstreetmap","source_id":"way/1466563987","updated_at":"2026-01-12T18:37:34Z","tags":{}}},{"type":"Feature","geometry":{"type":"Point","coordinates":[73.79044,19.99156]},"properties":{"id":"place_w1466572181","type":"hospital","name":"Wockhardt Hospitals","name_local":null,"category":null,"source":"openstreetmap","source_id":"way/1466572181","updated_at":"2026-01-12T19:03:50Z","tags":{"addr:full":"Wadala Naka Mumbai Agra Road","addr:postcode":"422001"}}},{"type":"Feature","geometry":{"type":"Point","coordinates":[73.79362,19.99371]},"properties":{"id":"place_w1466572188","type":"hospital","name":"Suryodaya Hospital","name_local":null,"category":null,"source":"openstreetmap","source_id":"way/1466572188","updated_at":"2026-01-12T19:03:50Z","tags":{"addr:full":"Dwarka Sarda Circle Link Road, Wadala Naka, Renuka Nagar, Nashik","addr:postcode":"422007"}}},{"type":"Feature","geometry":{"type":"Point","coordinates":[73.79379,19.99105]},"properties":{"id":"place_w1466572195","type":"hospital","name":"Metro Hospital","name_local":null,"category":null,"source":"openstreetmap","source_id":"way/1466572195","updated_at":"2026-01-12T19:03:50Z","tags":{"addr:full":"Wadala Road, Basement Raza Classic, Nashik","addr:postcode":"422011"}}},{"type":"Feature","geometry":{"type":"Point","coordinates":[73.79348,19.98927]},"properties":{"id":"place_w1466572199","type":"hospital","name":"Sahyadri Speciality Hospital","name_local":null,"category":null,"source":"openstreetmap","source_id":"way/1466572199","updated_at":"2026-01-12T19:03:50Z","tags":{"addr:full":"Mumbai Agra Road, Near Dwarka Circle, Wadala Road","addr:postcode":"422001"}}},{"type":"Feature","geometry":{"type":"Point","coordinates":[73.79465,20.00739]},"properties":{"id":"place_w1469179161","type":"religious","name":"Sri Karthik Swamy Mandir","name_local":null,"category":"hindu","source":"openstreetmap","source_id":"way/1469179161","updated_at":"2026-01-21T15:26:52Z","tags":{"religion":"hindu"}}},{"type":"Feature","geometry":{"type":"Point","coordinates":[73.79418,20.00789]},"properties":{"id":"place_w1469179163","type":"market","name":"Panchavati Bazaar","name_local":null,"category":"marketplace","source":"openstreetmap","source_id":"way/1469179163","updated_at":"2026-01-22T07:26:46Z","tags":{}}},{"type":"Feature","geometry":{"type":"Point","coordinates":[73.79502,20.00743]},"properties":{"id":"place_w1469179173","type":"religious","name":"Sri Karthik Swamy Mandir's Shiv Mandir","name_local":null,"category":"hindu","source":"openstreetmap","source_id":"way/1469179173","updated_at":"2026-01-21T15:26:52Z","tags":{"religion":"hindu"}}},{"type":"Feature","geometry":{"type":"Point","coordinates":[73.7933,20.00598]},"properties":{"id":"place_w1469202268","type":"religious","name":"Sandvyavarchi Devi","name_local":null,"category":"hindu","source":"openstreetmap","source_id":"way/1469202268","updated_at":"2026-01-21T17:02:26Z","tags":{"religion":"hindu"}}},{"type":"Feature","geometry":{"type":"Point","coordinates":[73.79174,20.00689]},"properties":{"id":"place_w1469207342","type":"religious","name":"Sundar Narayan Mandir","name_local":null,"category":"hindu","source":"openstreetmap","source_id":"way/1469207342","updated_at":"2026-01-21T17:24:24Z","tags":{"religion":"hindu"}}},{"type":"Feature","geometry":{"type":"Point","coordinates":[73.79201,20.00633]},"properties":{"id":"place_w1469207345","type":"religious","name":"Prachin Goraram Mandir","name_local":null,"category":"hindu","source":"openstreetmap","source_id":"way/1469207345","updated_at":"2026-01-21T17:24:24Z","tags":{"religion":"hindu"}}},{"type":"Feature","geometry":{"type":"Point","coordinates":[73.79335,20.00785]},"properties":{"id":"place_w1469207349","type":"religious","name":"Shree Goreram Mandir","name_local":null,"category":"hindu","source":"openstreetmap","source_id":"way/1469207349","updated_at":"2026-01-21T17:24:24Z","tags":{"religion":"hindu"}}},{"type":"Feature","geometry":{"type":"Point","coordinates":[73.79191,20.00663]},"properties":{"id":"place_w1469207350","type":"religious","name":"Sri Samarth Sadguru Daghe Maharaj Samadhi Mandir","name_local":null,"category":"hindu","source":"openstreetmap","source_id":"way/1469207350","updated_at":"2026-01-21T17:24:24Z","tags":{"religion":"hindu"}}},{"type":"Feature","geometry":{"type":"Point","coordinates":[73.79302,20.0076]},"properties":{"id":"place_w1469207351","type":"religious","name":"Shiv Mandir","name_local":null,"category":"hindu","source":"openstreetmap","source_id":"way/1469207351","updated_at":"2026-01-21T17:24:24Z","tags":{"religion":"hindu"}}},{"type":"Feature","geometry":{"type":"Point","coordinates":[73.78283,20.00367]},"properties":{"id":"place_w1469344960","type":"government","name":"Nashik Collector's Office","name_local":null,"category":"government administrative","source":"openstreetmap","source_id":"way/1469344960","updated_at":"2026-01-22T03:44:10Z","tags":{}}},{"type":"Feature","geometry":{"type":"Point","coordinates":[73.78101,19.9966]},"properties":{"id":"place_w1469344961","type":"market","name":"Pinnacle Mall","name_local":null,"category":"mall","source":"openstreetmap","source_id":"way/1469344961","updated_at":"2026-01-22T03:44:10Z","tags":{}}},{"type":"Feature","geometry":{"type":"Point","coordinates":[73.78294,19.98804]},"properties":{"id":"place_w1469372433","type":"bus_stop","name":"Mumbai Naka Mahamarg Bus Stand","name_local":null,"category":"bus station","source":"openstreetmap","source_id":"way/1469372433","updated_at":"2026-01-22T06:49:15Z","tags":{}}},{"type":"Feature","geometry":{"type":"Point","coordinates":[73.83104,19.9597]},"properties":{"id":"place_w1469375505","type":"hospital","name":"Sujata Birla Hospital and Medical Research Centre","name_local":null,"category":null,"source":"openstreetmap","source_id":"way/1469375505","updated_at":"2026-01-22T07:00:57Z","tags":{"addr:full":"Opp Bytco College, Nasik Road","addr:postcode":"422101"}}},{"type":"Feature","geometry":{"type":"Point","coordinates":[73.82542,19.96428]},"properties":{"id":"place_w1469375507","type":"hospital","name":"Indian Security Press Hospital","name_local":null,"category":null,"source":"openstreetmap","source_id":"way/1469375507","updated_at":"2026-01-22T07:00:57Z","tags":{}}},{"type":"Feature","geometry":{"type":"Point","coordinates":[73.83024,19.96172]},"properties":{"id":"place_w1469375509","type":"school","name":"Birla Open Mind School","name_local":null,"category":null,"source":"openstreetmap","source_id":"way/1469375509","updated_at":"2026-01-22T07:00:57Z","tags":{}}},{"type":"Feature","geometry":{"type":"Point","coordinates":[73.78909,20.00647]},"properties":{"id":"place_w1469526190","type":"market","name":"RK Circle Market","name_local":null,"category":"marketplace","source":"openstreetmap","source_id":"way/1469526190","updated_at":"2026-01-22T16:05:38Z","tags":{}}},{"type":"Feature","geometry":{"type":"Point","coordinates":[73.79603,20.00733]},"properties":{"id":"place_w1469541493","type":"religious","name":"Sri Harihareshwar Mahadev Mandir","name_local":null,"category":"hindu","source":"openstreetmap","source_id":"way/1469541493","updated_at":"2026-01-22T16:34:25Z","tags":{"religion":"hindu"}}},{"type":"Feature","geometry":{"type":"Point","coordinates":[73.79559,20.00695]},"properties":{"id":"place_w1469541495","type":"religious","name":"Hanuman Mandir","name_local":null,"category":"hindu","source":"openstreetmap","source_id":"way/1469541495","updated_at":"2026-01-22T16:34:25Z","tags":{"religion":"hindu"}}},{"type":"Feature","geometry":{"type":"Point","coordinates":[73.79221,20.00839]},"properties":{"id":"place_w1470252659","type":"religious","name":"Godavari Mandir","name_local":null,"category":"hindu","source":"openstreetmap","source_id":"way/1470252659","updated_at":"2026-01-25T19:49:04Z","tags":{"religion":"hindu"}}},{"type":"Feature","geometry":{"type":"Point","coordinates":[73.79221,20.0083]},"properties":{"id":"place_w1470252663","type":"religious","name":"Swayambu Baneshwar Mahadev Mandir","name_local":null,"category":"hindu","source":"openstreetmap","source_id":"way/1470252663","updated_at":"2026-01-25T14:09:40Z","tags":{"religion":"hindu"}}},{"type":"Feature","geometry":{"type":"Point","coordinates":[73.78951,20.00868]},"properties":{"id":"place_w1470352103","type":"religious","name":"Sri Omkeshwar Mahadev Mandir","name_local":null,"category":"hindu","source":"openstreetmap","source_id":"way/1470352103","updated_at":"2026-01-25T17:57:35Z","tags":{"religion":"hindu"}}},{"type":"Feature","geometry":{"type":"Point","coordinates":[73.79036,20.00774]},"properties":{"id":"place_w1470352109","type":"religious","name":"Prati Tryambakeshwar","name_local":null,"category":"hindu","source":"openstreetmap","source_id":"way/1470352109","updated_at":"2026-01-25T17:57:35Z","tags":{"religion":"hindu"}}},{"type":"Feature","geometry":{"type":"Point","coordinates":[73.78962,20.00893]},"properties":{"id":"place_w1470366104","type":"religious","name":"Navthya Maruti Devasthan","name_local":null,"category":"hindu","source":"openstreetmap","source_id":"way/1470366104","updated_at":"2026-01-25T19:00:27Z","tags":{"religion":"hindu"}}},{"type":"Feature","geometry":{"type":"Point","coordinates":[73.79319,20.00862]},"properties":{"id":"place_w1470375427","type":"religious","name":"Sti Pataleshwar Mandir","name_local":null,"category":"hindu","source":"openstreetmap","source_id":"way/1470375427","updated_at":"2026-01-25T19:49:04Z","tags":{"religion":"hindu"}}},{"type":"Feature","geometry":{"type":"Point","coordinates":[73.79277,20.0086]},"properties":{"id":"place_w1470375430","type":"religious","name":"Sti Ramkrishna Mandir","name_local":null,"category":"hindu","source":"openstreetmap","source_id":"way/1470375430","updated_at":"2026-01-25T19:49:04Z","tags":{"religion":"hindu"}}},{"type":"Feature","geometry":{"type":"Point","coordinates":[73.79283,20.00837]},"properties":{"id":"place_w1470375433","type":"religious","name":"Shiv Mandir","name_local":null,"category":"hindu","source":"openstreetmap","source_id":"way/1470375433","updated_at":"2026-01-25T19:49:04Z","tags":{"religion":"hindu"}}},{"type":"Feature","geometry":{"type":"Point","coordinates":[73.79213,20.00838]},"properties":{"id":"place_w1470375435","type":"religious","name":"Sti Karpureshwar Mahadev Mandir","name_local":null,"category":"hindu","source":"openstreetmap","source_id":"way/1470375435","updated_at":"2026-01-25T20:05:15Z","tags":{"religion":"hindu"}}},{"type":"Feature","geometry":{"type":"Point","coordinates":[73.79218,20.00845]},"properties":{"id":"place_w1470375436","type":"religious","name":"Saibaba Mandir","name_local":null,"category":"hindu","source":"openstreetmap","source_id":"way/1470375436","updated_at":"2026-01-25T19:49:04Z","tags":{"religion":"hindu"}}},{"type":"Feature","geometry":{"type":"Point","coordinates":[73.79281,20.00828]},"properties":{"id":"place_w1470375438","type":"religious","name":"Ganapathi Mandir","name_local":null,"category":"hindu","source":"openstreetmap","source_id":"way/1470375438","updated_at":"2026-01-25T19:49:04Z","tags":{"religion":"hindu"}}},{"type":"Feature","geometry":{"type":"Point","coordinates":[73.79231,20.00843]},"properties":{"id":"place_w1470375440","type":"religious","name":"Sri Siddh Hanuman Mandir","name_local":null,"category":"hindu","source":"openstreetmap","source_id":"way/1470375440","updated_at":"2026-01-25T19:49:04Z","tags":{"religion":"hindu"}}},{"type":"Feature","geometry":{"type":"Point","coordinates":[73.84193,19.94485]},"properties":{"id":"place_w1470387638","type":"toilets","name":null,"name_local":null,"category":"public toilet · free","source":"openstreetmap","source_id":"way/1470387638","updated_at":"2026-01-25T20:49:00Z","tags":{"fee":"no"}}},{"type":"Feature","geometry":{"type":"Point","coordinates":[73.79209,20.0089]},"properties":{"id":"place_w1471433401","type":"toilets","name":null,"name_local":null,"category":"public toilet","source":"openstreetmap","source_id":"way/1471433401","updated_at":"2026-01-26T19:31:14Z","tags":{}}},{"type":"Feature","geometry":{"type":"Point","coordinates":[73.79225,20.00868]},"properties":{"id":"place_w1471433402","type":"religious","name":"Shree Vyankatesh Balaji Mandir","name_local":null,"category":"hindu","source":"openstreetmap","source_id":"way/1471433402","updated_at":"2026-01-26T19:31:14Z","tags":{"religion":"hindu"}}},{"type":"Feature","geometry":{"type":"Point","coordinates":[73.79109,20.00853]},"properties":{"id":"place_w1471433404","type":"religious","name":"Bhagwan Shree Chakradhar Swami Mahanubhav Mandir","name_local":null,"category":"hindu","source":"openstreetmap","source_id":"way/1471433404","updated_at":"2026-01-26T19:31:14Z","tags":{"religion":"hindu"}}},{"type":"Feature","geometry":{"type":"Point","coordinates":[73.79237,20.0082]},"properties":{"id":"place_w1471433405","type":"religious","name":"Ganga Godavari Mandir","name_local":null,"category":"hindu","source":"openstreetmap","source_id":"way/1471433405","updated_at":"2026-01-26T19:31:14Z","tags":{"religion":"hindu"}}},{"type":"Feature","geometry":{"type":"Point","coordinates":[73.79549,20.00989]},"properties":{"id":"place_w1471585114","type":"hospital","name":"NSKMC Indira Gandhi Hospital","name_local":null,"category":null,"source":"openstreetmap","source_id":"way/1471585114","updated_at":"2026-01-27T09:37:18Z","tags":{"addr:full":"Panchavati Karanja Road, Near RO Care India, Panchavati, Nashik","addr:postcode":"422003"}}},{"type":"Feature","geometry":{"type":"Point","coordinates":[73.81609,20.01206]},"properties":{"id":"place_w1471883313","type":"hospital","name":"Apollo Hospitals","name_local":null,"category":null,"source":"openstreetmap","source_id":"way/1471883313","updated_at":"2026-01-28T07:13:46Z","tags":{"addr:full":"Swaminarayan Nagar, Panchavati, Near Lunge Mangal Karyalaya, Nashik","addr:postcode":"422003"}}},{"type":"Feature","geometry":{"type":"Point","coordinates":[73.84263,19.94916]},"properties":{"id":"place_w1473410589","type":"toilets","name":null,"name_local":null,"category":"public toilet","source":"openstreetmap","source_id":"way/1473410589","updated_at":"2026-02-01T20:04:50Z","tags":{"female":"yes","male":"yes"}}},{"type":"Feature","geometry":{"type":"Point","coordinates":[73.84057,19.94852]},"properties":{"id":"place_w1475594706","type":"landmark","name":"HP","name_local":null,"category":"petrol pump","source":"openstreetmap","source_id":"way/1475594706","updated_at":"2026-02-09T14:26:26Z","tags":{"official_name":"Hindustan Petroleum","brand":"Hindustan Petroleum"}}},{"type":"Feature","geometry":{"type":"Point","coordinates":[73.73097,19.93393]},"properties":{"id":"place_w1476182060","type":"landmark","name":"Bharat Petroleum","name_local":null,"category":"petrol pump","source":"openstreetmap","source_id":"way/1476182060","updated_at":"2026-02-10T13:44:47Z","tags":{"brand":"Bharat Petroleum"}}},{"type":"Feature","geometry":{"type":"Point","coordinates":[73.73515,19.96321]},"properties":{"id":"place_w1476197134","type":"landmark","name":"XLO Point/CTR Circle","name_local":null,"category":"chowk / junction","source":"openstreetmap","source_id":"way/1476197134","updated_at":"2026-02-10T14:26:04Z","tags":{"name:en":"XLO Point/CTR Circle"}}},{"type":"Feature","geometry":{"type":"Point","coordinates":[73.7297,19.96961]},"properties":{"id":"place_w1476227792","type":"market","name":"Sanjeev Nagar Vegetable Market","name_local":"संजीव नगर भाजी मार्केट","category":"marketplace","source":"openstreetmap","source_id":"way/1476227792","updated_at":"2026-02-10T16:14:54Z","tags":{"name:en":"Sanjeev Nagar Vegetable Market","name:mr":"संजीव नगर भाजी मार्केट"}}},{"type":"Feature","geometry":{"type":"Point","coordinates":[73.72851,19.96965]},"properties":{"id":"place_w1476227812","type":"landmark","name":"Faisal Medical and General Stores","name_local":"फैसल मेडिकल ॲण्ड जनरल स्टोअर्स","category":"pharmacy","source":"openstreetmap","source_id":"way/1476227812","updated_at":"2026-02-10T16:14:54Z","tags":{"name:en":"Faisal Medical and General Stores","name:mr":"फैसल मेडिकल ॲण्ड जनरल स्टोअर्स"}}},{"type":"Feature","geometry":{"type":"Point","coordinates":[73.72652,19.97132]},"properties":{"id":"place_w1476227824","type":"religious","name":"Om Siddh Chandra Mouleshwar Mahadev","name_local":"ॐ सिद्ध चंद्र मौलेश्वर महादेव","category":"hindu","source":"openstreetmap","source_id":"way/1476227824","updated_at":"2026-02-10T16:14:54Z","tags":{"name:en":"Om Siddh Chandra Mouleshwar Mahadev","name:mr":"ॐ सिद्ध चंद्र मौलेश्वर महादेव","religion":"hindu"}}},{"type":"Feature","geometry":{"type":"Point","coordinates":[73.72652,19.97128]},"properties":{"id":"place_w1476227825","type":"religious","name":"Shri Tuljabhavani Mata Mandir","name_local":"श्री तुळजाभवानी माता मंदिर","category":"hindu","source":"openstreetmap","source_id":"way/1476227825","updated_at":"2026-02-10T16:14:54Z","tags":{"name:en":"Shri Tuljabhavani Mata Mandir","name:mr":"श्री तुळजाभवानी माता मंदिर","religion":"hindu"}}},{"type":"Feature","geometry":{"type":"Point","coordinates":[73.72822,19.97289]},"properties":{"id":"place_w1476227826","type":"landmark","name":"Indian Oil","name_local":null,"category":"petrol pump","source":"openstreetmap","source_id":"way/1476227826","updated_at":"2026-02-10T16:14:54Z","tags":{"brand":"Indian Oil"}}},{"type":"Feature","geometry":{"type":"Point","coordinates":[73.82762,19.90165]},"properties":{"id":"place_w1479530744","type":"market","name":"Lewitt Market","name_local":null,"category":"marketplace","source":"openstreetmap","source_id":"way/1479530744","updated_at":"2026-03-11T09:45:05Z","tags":{}}},{"type":"Feature","geometry":{"type":"Point","coordinates":[73.82897,19.89995]},"properties":{"id":"place_w1479530755","type":"government","name":"Devlali Cantonment Board","name_local":null,"category":"government office","source":"openstreetmap","source_id":"way/1479530755","updated_at":"2026-02-17T08:35:24Z","tags":{}}},{"type":"Feature","geometry":{"type":"Point","coordinates":[73.83165,19.90385]},"properties":{"id":"place_w1482111277","type":"landmark","name":"Indian Oil","name_local":null,"category":"petrol pump","source":"openstreetmap","source_id":"way/1482111277","updated_at":"2026-02-23T05:51:53Z","tags":{"brand":"Indian Oil"}}},{"type":"Feature","geometry":{"type":"Point","coordinates":[73.80353,19.94198]},"properties":{"id":"place_w1482208093","type":"landmark","name":"Indian Oil","name_local":null,"category":"petrol pump","source":"openstreetmap","source_id":"way/1482208093","updated_at":"2026-02-23T12:57:44Z","tags":{"brand":"Indian Oil"}}},{"type":"Feature","geometry":{"type":"Point","coordinates":[73.79773,19.94281]},"properties":{"id":"place_w1482208096","type":"landmark","name":"HP Tulja Bhavani Petrol Pump","name_local":"HP तुळजा भवानी पेट्रोल पंप","category":"petrol pump","source":"openstreetmap","source_id":"way/1482208096","updated_at":"2026-02-23T12:57:44Z","tags":{"name:en":"HP Tulja Bhavani Petrol Pump","name:mr":"HP तुळजा भवानी पेट्रोल पंप","official_name":"Hindustan Petroleum","brand":"Hindustan Petroleum"}}},{"type":"Feature","geometry":{"type":"Point","coordinates":[73.7916,19.94313]},"properties":{"id":"place_w1482208100","type":"landmark","name":"HP","name_local":null,"category":"petrol pump","source":"openstreetmap","source_id":"way/1482208100","updated_at":"2026-02-23T12:57:44Z","tags":{"official_name":"Hindustan Petroleum","brand":"Hindustan Petroleum"}}},{"type":"Feature","geometry":{"type":"Point","coordinates":[73.77536,19.94308]},"properties":{"id":"place_w1482208118","type":"landmark","name":"HP Laxmi Petroleum","name_local":null,"category":"petrol pump","source":"openstreetmap","source_id":"way/1482208118","updated_at":"2026-02-23T12:57:44Z","tags":{"name:en":"HP Laxmi Petroleum","official_name":"Hindustan Petroleum","brand":"Hindustan Petroleum"}}},{"type":"Feature","geometry":{"type":"Point","coordinates":[73.77354,19.9452]},"properties":{"id":"place_w1482208128","type":"landmark","name":"HP","name_local":null,"category":"petrol pump","source":"openstreetmap","source_id":"way/1482208128","updated_at":"2026-02-23T12:57:44Z","tags":{"official_name":"Hindustan Petroleum","brand":"Hindustan Petroleum"}}},{"type":"Feature","geometry":{"type":"Point","coordinates":[73.77074,19.94892]},"properties":{"id":"place_w1482229098","type":"landmark","name":"Shell","name_local":null,"category":"petrol pump","source":"openstreetmap","source_id":"way/1482229098","updated_at":"2026-02-23T14:02:45Z","tags":{"brand":"Shell"}}},{"type":"Feature","geometry":{"type":"Point","coordinates":[73.76835,19.95253]},"properties":{"id":"place_w1482229102","type":"landmark","name":"Indian Oil","name_local":null,"category":"petrol pump","source":"openstreetmap","source_id":"way/1482229102","updated_at":"2026-02-23T14:02:45Z","tags":{"brand":"Indian Oil"}}},{"type":"Feature","geometry":{"type":"Point","coordinates":[73.826,19.90293]},"properties":{"id":"place_w1482837318","type":"hospital","name":"Cantoment General Hospital","name_local":null,"category":null,"source":"openstreetmap","source_id":"way/1482837318","updated_at":"2026-02-25T10:17:51Z","tags":{"addr:full":"Devlali","addr:postcode":"422002"}}},{"type":"Feature","geometry":{"type":"Point","coordinates":[73.829,19.90266]},"properties":{"id":"place_w1489328262","type":"religious","name":"Sunni Jama Masjid","name_local":null,"category":"muslim","source":"openstreetmap","source_id":"way/1489328262","updated_at":"2026-03-16T04:51:04Z","tags":{"religion":"muslim","denomination":"sunni"}}},{"type":"Feature","geometry":{"type":"Point","coordinates":[73.82828,19.90324]},"properties":{"id":"place_w1490074053","type":"religious","name":"Gyan Mandir","name_local":null,"category":"buddhist","source":"openstreetmap","source_id":"way/1490074053","updated_at":"2026-03-18T07:14:26Z","tags":{"religion":"buddhist","denomination":"theravada"}}},{"type":"Feature","geometry":{"type":"Point","coordinates":[73.69152,20.01986]},"properties":{"id":"place_w1524711602","type":"college","name":"Yashwant Rao Chavan Maharashtra Open University","name_local":null,"category":"university","source":"openstreetmap","source_id":"way/1524711602","updated_at":"2026-05-30T17:32:30Z","tags":{}}},{"type":"Feature","geometry":{"type":"Point","coordinates":[73.53072,19.93223]},"properties":{"id":"place_w1533200244","type":"religious","name":"Shri Tryambakeshwar Jyotirling Mandir","name_local":null,"category":"hindu","source":"openstreetmap","source_id":"way/1533200244","updated_at":"2026-07-01T09:32:18Z","tags":{"religion":"hindu"}}},{"type":"Feature","geometry":{"type":"Point","coordinates":[73.5326,19.93187]},"properties":{"id":"place_w1533200246","type":"religious","name":"Shri Guru Gorakshanath Math Tryambakeshwar","name_local":null,"category":"hindu","source":"openstreetmap","source_id":"way/1533200246","updated_at":"2026-07-01T09:32:18Z","tags":{"religion":"hindu"}}},{"type":"Feature","geometry":{"type":"Point","coordinates":[73.52336,19.9329]},"properties":{"id":"place_w1533200247","type":"religious","name":"Shri Nivruttinath Maharaj Samadhi","name_local":null,"category":"hindu","source":"openstreetmap","source_id":"way/1533200247","updated_at":"2026-06-28T10:50:03Z","tags":{"religion":"hindu"}}},{"type":"Feature","geometry":{"type":"Point","coordinates":[73.53733,19.9361]},"properties":{"id":"place_w1533201643","type":"religious","name":"Shree Gajanan Maharaj Mandir Tryambakeshwar","name_local":null,"category":"hindu","source":"openstreetmap","source_id":"way/1533201643","updated_at":"2026-06-28T10:58:52Z","tags":{"religion":"hindu"}}},{"type":"Feature","geometry":{"type":"Point","coordinates":[73.53756,19.93637]},"properties":{"id":"place_w1533201644","type":"religious","name":"Shree Gajanan Maharaj Sansthan Shegaon Tryambakeshwar Branch","name_local":null,"category":"hindu","source":"openstreetmap","source_id":"way/1533201644","updated_at":"2026-06-28T10:58:52Z","tags":{"religion":"hindu"}}},{"type":"Feature","geometry":{"type":"Point","coordinates":[73.54424,19.93758]},"properties":{"id":"place_w1533202357","type":"religious","name":"Akhil Bharatiya Shree Swami Samartha Gurupith Tryambakeshwar (Dindori Pranit)","name_local":null,"category":"hindu","source":"openstreetmap","source_id":"way/1533202357","updated_at":"2026-06-28T11:02:16Z","tags":{"religion":"hindu"}}},{"type":"Feature","geometry":{"type":"Point","coordinates":[73.54404,19.93784]},"properties":{"id":"place_w1533202358","type":"religious","name":"Shree Swami Samarth Mandir","name_local":null,"category":"hindu","source":"openstreetmap","source_id":"way/1533202358","updated_at":"2026-06-28T11:02:16Z","tags":{"religion":"hindu"}}},{"type":"Feature","geometry":{"type":"Point","coordinates":[73.75884,19.97764]},"properties":{"id":"place_w1544841439","type":"school","name":"Loknete Vyankatrav Hiray VIdyalaya","name_local":null,"category":null,"source":"openstreetmap","source_id":"way/1544841439","updated_at":"2026-07-26T14:35:09Z","tags":{"addr:city":"Nashik","addr:postcode":"422008"}}},{"type":"Feature","geometry":{"type":"Point","coordinates":[73.79535,20.00694]},"properties":{"id":"place_r5378221","type":"religious","name":"Sri Kala Rama Swamy Temple","name_local":null,"category":"hindu","source":"openstreetmap","source_id":"relation/5378221","updated_at":"2017-03-26T10:28:20Z","tags":{"religion":"hindu"}}},{"type":"Feature","geometry":{"type":"Point","coordinates":[73.76265,20.00526]},"properties":{"id":"place_r11758910","type":"college","name":"H.P.T. Art's B.Y.K Commerce and R.Y.K Science College","name_local":null,"category":"college","source":"openstreetmap","source_id":"relation/11758910","updated_at":"2020-10-15T18:38:30Z","tags":{}}},{"type":"Feature","geometry":{"type":"Point","coordinates":[73.80374,20.02938]},"properties":{"id":"place_r20125966","type":"college","name":"Maharashtra Engineering Research Institute","name_local":null,"category":"college","source":"openstreetmap","source_id":"relation/20125966","updated_at":"2026-01-22T11:00:18Z","tags":{"website":"https://www.merinasik.org/"}}},{"type":"Feature","geometry":{"type":"Point","coordinates":[73.82766,19.90386]},"properties":{"id":"place_r20317740","type":"religious","name":"Gurudwara Shri Guru Nanak Devji","name_local":null,"category":"sikh","source":"openstreetmap","source_id":"relation/20317740","updated_at":"2026-03-13T08:55:11Z","tags":{"religion":"sikh"}}}]}