{"type":"FeatureCollection","features":[{"type":"Feature","geometry":{"type":"LineString","coordinates":[[73.78806,20.01111],[73.78838,20.01108],[73.7885,20.01109],[73.78859,20.01112],[73.78868,20.01119],[73.78881,20.01131],[73.789,20.01144],[73.78934,20.01163],[73.78956,20.01174],[73.78966,20.0118],[73.78982,20.01191],[73.79017,20.01223],[73.79027,20.01235],[73.79033,20.01241],[73.79067,20.01277],[73.7908,20.01292],[73.79092,20.01304],[73.791,20.01311],[73.79107,20.01317],[73.79113,20.01321],[73.79119,20.01322],[73.79124,20.01323],[73.79129,20.01323],[73.79135,20.01323],[73.79146,20.01318],[73.79198,20.0129],[73.79207,20.01286],[73.79217,20.01281],[73.79227,20.01276],[73.79246,20.01268],[73.7927,20.0126],[73.79295,20.01255],[73.79308,20.01253]]},"properties":{"id":"road_w22867178","type":"road_segment","name":"Old Agra Road","name_local":null,"category":"trunk","source":"openstreetmap","source_id":"way/22867178","updated_at":"2025-09-09T08:17:13Z","tags":{"ref":"NH848","oneway":"yes"}}},{"type":"Feature","geometry":{"type":"LineString","coordinates":[[73.86575,19.93099],[73.86581,19.93097],[73.86774,19.93001],[73.86888,19.92952],[73.87151,19.92842],[73.87336,19.92765],[73.87441,19.92721],[73.87515,19.92687],[73.87542,19.92674],[73.87549,19.9267],[73.87563,19.92662],[73.8761,19.92634],[73.87643,19.92611],[73.87703,19.92565],[73.88132,19.92199],[73.88164,19.92174],[73.882,19.92149],[73.88245,19.92123],[73.88431,19.92028],[73.88466,19.92011],[73.88509,19.91993],[73.88758,19.91907],[73.88846,19.91872],[73.88953,19.91829],[73.89103,19.91768],[73.89139,19.91753],[73.89183,19.91739],[73.89474,19.91654],[73.89672,19.91592],[73.89696,19.91584],[73.89721,19.91574],[73.89761,19.91557],[73.89804,19.91534],[73.89862,19.91498],[73.90204,19.91261],[73.90241,19.91234],[73.90292,19.91198],[73.90518,19.91039],[73.90616,19.9097],[73.91517,19.90346],[73.91667,19.90244],[73.91849,19.90121],[73.92182,19.8989],[73.92594,19.89606],[73.92724,19.89517],[73.92746,19.89502],[73.92836,19.8944],[73.92846,19.89432],[73.92885,19.89406],[73.93307,19.89115]]},"properties":{"id":"road_w22867220","type":"road_segment","name":"Pune Nashik Road","name_local":null,"category":"trunk","source":"openstreetmap","source_id":"way/22867220","updated_at":"2025-12-12T11:12:56Z","tags":{"ref":"NH60;NH160","oneway":"yes"}}},{"type":"Feature","geometry":{"type":"LineString","coordinates":[[73.81069,19.94136],[73.81038,19.94149],[73.80957,19.9416],[73.80904,19.94162],[73.8081,19.94146],[73.80275,19.94245],[73.80233,19.94253],[73.80183,19.9426],[73.80122,19.94269],[73.79778,19.94315],[73.79758,19.94318],[73.79721,19.94323],[73.79686,19.94328],[73.7942,19.94306],[73.79416,19.94305],[73.79258,19.94292],[73.7918,19.94286],[73.79146,19.94283],[73.7913,19.94282],[73.79126,19.94282],[73.79051,19.94275],[73.78942,19.94253],[73.7849,19.94162],[73.78414,19.94146],[73.78092,19.94171],[73.77925,19.94185],[73.77862,19.9421],[73.77773,19.94245],[73.77669,19.94287],[73.77637,19.943],[73.77631,19.94302],[73.77563,19.94329],[73.77459,19.94366]]},"properties":{"id":"road_w50904902","type":"road_segment","name":"Pathardi Road","name_local":null,"category":"primary","source":"openstreetmap","source_id":"way/50904902","updated_at":"2026-02-23T12:57:44Z","tags":{"ref":"SH27","oneway":"no"}}},{"type":"Feature","geometry":{"type":"LineString","coordinates":[[73.73506,19.96324],[73.73429,19.96352],[73.73419,19.9636],[73.73404,19.96377],[73.73368,19.96428],[73.73331,19.96483],[73.73314,19.96507],[73.73249,19.96631],[73.73193,19.96733],[73.73146,19.96816],[73.73099,19.96903],[73.73077,19.96938],[73.73039,19.97005],[73.7303,19.97022],[73.73019,19.97037],[73.73001,19.97067],[73.7293,19.97181],[73.72904,19.97221],[73.72838,19.9732],[73.72786,19.97397],[73.72768,19.97436],[73.72711,19.97583],[73.72687,19.97641],[73.7264,19.97766],[73.72629,19.97791],[73.7255,19.97975],[73.72523,19.98035],[73.72505,19.9808],[73.72464,19.98213],[73.72447,19.98274],[73.72445,19.98279]]},"properties":{"id":"road_w50904905","type":"road_segment","name":"Ambad Satpur Link Road","name_local":"अंबड सातपूर लिंक रोड","category":"primary","source":"openstreetmap","source_id":"way/50904905","updated_at":"2026-02-10T16:17:04Z","tags":{"name:en":"Ambad Satpur Link Road","name:mr":"अंबड सातपूर लिंक रोड","ref":"SH27","surface":"asphalt","oneway":"yes"}}},{"type":"Feature","geometry":{"type":"LineString","coordinates":[[73.71829,19.98317],[73.71819,19.98326],[73.71793,19.98346],[73.71773,19.98363],[73.7175,19.9838],[73.7172,19.98399],[73.71697,19.98415],[73.71643,19.98481],[73.71593,19.98549],[73.71565,19.98587],[73.71532,19.98634],[73.71515,19.98658],[73.7145,19.98758],[73.71397,19.98844],[73.71362,19.9891],[73.713,19.99006],[73.71261,19.99064],[73.71237,19.99099],[73.71191,19.99197],[73.71147,19.99291],[73.71139,19.99331],[73.71141,19.99397],[73.71142,19.99435],[73.71146,19.99584],[73.71147,19.99623],[73.71144,19.99808],[73.71146,19.99914],[73.7114,20.0005],[73.71136,20.00146],[73.71135,20.00239],[73.71136,20.00254],[73.71137,20.00315],[73.71137,20.00362],[73.71137,20.00474],[73.71143,20.00516],[73.71145,20.0053],[73.71158,20.00599],[73.71176,20.00632],[73.71193,20.00664],[73.71216,20.00694],[73.71231,20.00715],[73.71248,20.00736],[73.71291,20.0081],[73.7135,20.00911],[73.71357,20.00923],[73.71378,20.0096],[73.71408,20.01011],[73.71436,20.0106],[73.71444,20.01073],[73.7146,20.01109],[73.71478,20.01149],[73.71482,20.01159],[73.71492,20.01203],[73.71498,20.01224],[73.71502,20.01235],[73.71508,20.01249],[73.71519,20.01276],[73.71538,20.01311],[73.71552,20.01333],[73.71621,20.01449],[73.71645,20.01492],[73.71691,20.01575],[73.7173,20.01642],[73.71767,20.01709],[73.71796,20.0176],[73.71832,20.01822],[73.71852,20.01856],[73.7186,20.01867]]},"properties":{"id":"road_w51014447","type":"road_segment","name":"Gangapur-Satpur Link Road","name_local":null,"category":"primary","source":"openstreetmap","source_id":"way/51014447","updated_at":"2024-08-12T09:32:32Z","tags":{"oneway":"yes"}}},{"type":"Feature","geometry":{"type":"LineString","coordinates":[[73.69954,20.01385],[73.6994,20.01384],[73.69913,20.01374],[73.69738,20.01232],[73.69701,20.01197],[73.69679,20.01174],[73.69607,20.0113],[73.69439,20.01027],[73.69385,20.00993],[73.69332,20.00951],[73.69281,20.00898],[73.69265,20.00885],[73.69231,20.00876],[73.69193,20.00872],[73.69161,20.00871],[73.69081,20.00868],[73.6904,20.00867],[73.69023,20.00866],[73.68977,20.00864],[73.68962,20.00866],[73.68877,20.00879],[73.68844,20.00886],[73.68837,20.00886],[73.68804,20.00888],[73.68733,20.00889],[73.68666,20.0089],[73.68641,20.00897],[73.68578,20.00914],[73.68531,20.00917],[73.68499,20.00912],[73.6847,20.00904],[73.68337,20.00892],[73.68283,20.00895],[73.68222,20.00901],[73.68197,20.00914],[73.68149,20.00971],[73.6812,20.01002],[73.68107,20.01012],[73.6809,20.01025],[73.68008,20.01077],[73.6791,20.01122],[73.67826,20.01162],[73.67755,20.01197],[73.67721,20.01216],[73.67695,20.0122],[73.67664,20.01216],[73.6763,20.01202],[73.67602,20.01183],[73.67578,20.01164],[73.67478,20.01142],[73.67391,20.01104],[73.67344,20.0108],[73.67292,20.01056],[73.67225,20.01021],[73.67179,20.01006],[73.67149,20.00997],[73.67126,20.00988],[73.67036,20.00955],[73.66995,20.00942],[73.6695,20.00938],[73.66874,20.00939],[73.66776,20.00951],[73.66681,20.00963],[73.66654,20.00964],[73.6663,20.00963],[73.666,20.00951],[73.66571,20.00935],[73.66518,20.00893],[73.66493,20.00885],[73.66452,20.00888],[73.66388,20.00892],[73.66333,20.00897],[73.66289,20.00905],[73.6625,20.00902],[73.66193,20.00891],[73.66148,20.00881],[73.66081,20.00867],[73.65968,20.00854],[73.65952,20.00849],[73.65952,20.00835],[73.65972,20.00678],[73.65973,20.00655],[73.65984,20.00606],[73.6599,20.00595],[73.66007,20.00585],[73.66023,20.00577],[73.66033,20.00565],[73.66028,20.00551],[73.66039,20.00532],[73.66056,20.00508],[73.66066,20.00495],[73.66085,20.00458],[73.66098,20.00436],[73.66107,20.00421]]},"properties":{"id":"road_w51015001","type":"road_segment","name":"Gangapur-Savargaon Road","name_local":null,"category":"residential","source":"openstreetmap","source_id":"way/51015001","updated_at":"2026-01-14T11:43:44Z","tags":{}}},{"type":"Feature","geometry":{"type":"LineString","coordinates":[[73.55127,19.94489],[73.55128,19.9448],[73.55138,19.94422],[73.55159,19.94274],[73.55227,19.94017],[73.5524,19.93972],[73.55261,19.93935],[73.55291,19.93903],[73.55298,19.93896],[73.55329,19.93865],[73.55352,19.93823],[73.5536,19.93772],[73.55358,19.93736],[73.55334,19.9359],[73.55337,19.93556],[73.5535,19.93525],[73.55374,19.93479],[73.55379,19.93421],[73.55387,19.93343],[73.55395,19.9329],[73.55417,19.93222],[73.55438,19.93173],[73.5543,19.93101],[73.5543,19.93016],[73.55438,19.92899],[73.5543,19.92717],[73.55417,19.92604],[73.55462,19.9254],[73.55468,19.92485],[73.5546,19.92383],[73.55469,19.92326],[73.55486,19.92294],[73.55505,19.92239],[73.55534,19.92144],[73.55541,19.92072],[73.55547,19.91964],[73.55563,19.91932],[73.55598,19.91904],[73.55609,19.91893],[73.55613,19.91874],[73.55614,19.91848],[73.55618,19.91829],[73.55605,19.9179]]},"properties":{"id":"road_w51512925","type":"road_segment","name":"Maharashtra State Highway 21","name_local":null,"category":"trunk","source":"openstreetmap","source_id":"way/51512925","updated_at":"2019-01-15T11:26:09Z","tags":{"ref":"NH160A","oneway":"no"}}},{"type":"Feature","geometry":{"type":"LineString","coordinates":[[73.71819,19.98326],[73.7183,19.98335],[73.71836,19.98341],[73.71912,19.98388],[73.71973,19.98415],[73.72204,19.98514],[73.72254,19.9854],[73.72276,19.9855],[73.72309,19.98564],[73.72321,19.98567],[73.72356,19.98577]]},"properties":{"id":"road_w51559946","type":"road_segment","name":"Trimbak Road","name_local":null,"category":"trunk","source":"openstreetmap","source_id":"way/51559946","updated_at":"2023-03-25T13:54:08Z","tags":{"ref":"SH27;SH30","oneway":"yes"}}},{"type":"Feature","geometry":{"type":"LineString","coordinates":[[73.79572,19.99417],[73.79548,19.99416],[73.79467,19.99409],[73.794,19.99404],[73.79335,19.99399],[73.79317,19.99399],[73.79296,19.994],[73.79244,19.99404],[73.79197,19.99409],[73.79126,19.99419],[73.79091,19.99424],[73.79061,19.99425],[73.7904,19.99428]]},"properties":{"id":"road_w51686487","type":"road_segment","name":"Pune Nashik Highway","name_local":null,"category":"trunk","source":"openstreetmap","source_id":"way/51686487","updated_at":"2026-04-29T05:27:47Z","tags":{"lanes":"2","surface":"asphalt","oneway":"yes"}}},{"type":"Feature","geometry":{"type":"LineString","coordinates":[[73.53615,19.93739],[73.53624,19.93747],[73.53655,19.93774],[73.53688,19.93801],[73.53728,19.93835],[73.53735,19.93841]]},"properties":{"id":"road_w51687798","type":"road_segment","name":"Trimbak Road","name_local":null,"category":"trunk","source":"openstreetmap","source_id":"way/51687798","updated_at":"2025-12-10T12:02:31Z","tags":{"ref":"NH160A","lanes":"4","surface":"asphalt","oneway":"yes"}}},{"type":"Feature","geometry":{"type":"LineString","coordinates":[[73.67001,19.85809],[73.66954,19.85789],[73.66724,19.8566],[73.66638,19.85609],[73.66605,19.85587],[73.66578,19.85571],[73.66556,19.85564],[73.66523,19.85561],[73.66465,19.85556],[73.6643,19.85553],[73.6639,19.85537],[73.66321,19.85498],[73.66306,19.8549],[73.6628,19.85474],[73.6624,19.85451],[73.662,19.85426],[73.66166,19.85399],[73.66131,19.85377],[73.66106,19.85365],[73.66079,19.85358],[73.6606,19.85348],[73.66043,19.85328],[73.66032,19.85304],[73.66022,19.85285],[73.66006,19.85267],[73.65988,19.85254],[73.65959,19.85243],[73.65899,19.85228],[73.65828,19.85219],[73.65806,19.85216],[73.6574,19.85196],[73.6569,19.85185],[73.65621,19.85166],[73.65556,19.85143],[73.65517,19.85128],[73.65473,19.8512],[73.65417,19.85113],[73.65367,19.85101],[73.65337,19.8509],[73.65301,19.85066],[73.65269,19.8504],[73.65246,19.85024],[73.65198,19.85013],[73.65141,19.85001],[73.65093,19.84987],[73.65066,19.84977],[73.65033,19.84947],[73.64993,19.84913],[73.64961,19.84886],[73.64933,19.84868],[73.64895,19.84853],[73.64815,19.84835],[73.64719,19.84808],[73.64683,19.84797],[73.64645,19.84777],[73.64605,19.84751],[73.64566,19.84723],[73.6454,19.84704],[73.64454,19.84648],[73.64355,19.8458],[73.64305,19.84539],[73.64248,19.84485],[73.6419,19.84433],[73.6418,19.84416],[73.64176,19.84397],[73.64172,19.84363],[73.64163,19.84332],[73.64148,19.84318],[73.64123,19.84305],[73.64083,19.84303],[73.64036,19.84302],[73.64003,19.84299],[73.6397,19.84282],[73.63937,19.84239],[73.63908,19.84189],[73.6389,19.84148],[73.63871,19.8411],[73.63844,19.84086],[73.63812,19.84068],[73.63721,19.84015]]},"properties":{"id":"road_w51732293","type":"road_segment","name":"MDR 59","name_local":null,"category":"secondary","source":"openstreetmap","source_id":"way/51732293","updated_at":"2021-11-04T03:46:45Z","tags":{"ref":"MDR59"}}},{"type":"Feature","geometry":{"type":"LineString","coordinates":[[73.78743,20.00516],[73.78734,20.00515],[73.78728,20.0051],[73.78721,20.00498],[73.78701,20.00441],[73.78696,20.00426]]},"properties":{"id":"road_w51736219","type":"road_segment","name":"Tilak Road","name_local":null,"category":"primary","source":"openstreetmap","source_id":"way/51736219","updated_at":"2026-01-26T20:14:08Z","tags":{"oneway":"yes"}}},{"type":"Feature","geometry":{"type":"LineString","coordinates":[[73.79136,20.00923],[73.79016,20.00799]]},"properties":{"id":"road_w51736220","type":"road_segment","name":"Ahilyabai Holkar Bridge","name_local":null,"category":"primary","source":"openstreetmap","source_id":"way/51736220","updated_at":"2026-01-26T20:14:08Z","tags":{"old_name":"Victoria Bridge","oneway":"yes","bridge":"yes"}}},{"type":"Feature","geometry":{"type":"LineString","coordinates":[[73.75328,19.96752],[73.75329,19.96761],[73.7533,19.96784],[73.7534,19.96877],[73.75349,19.96923],[73.75351,19.96939],[73.75354,19.96961],[73.75357,19.96976],[73.75361,19.96999],[73.7537,19.97035],[73.75377,19.97061],[73.75389,19.97104],[73.75394,19.97126],[73.75396,19.97131],[73.75397,19.97132],[73.75402,19.97148],[73.75405,19.97158],[73.75424,19.97208],[73.75428,19.97222],[73.75436,19.97277],[73.75451,19.97347],[73.75455,19.97377],[73.75459,19.97407],[73.75462,19.97429],[73.75464,19.97442],[73.75467,19.97457],[73.7547,19.97493],[73.75473,19.9752],[73.75477,19.97566],[73.75477,19.97597],[73.75479,19.97628],[73.75481,19.97649],[73.75482,19.97662],[73.75489,19.97733],[73.75491,19.97768],[73.75497,19.97839],[73.75498,19.97852],[73.75507,19.97927],[73.75509,19.9796],[73.75515,19.98018],[73.75521,19.98061],[73.75531,19.98085]]},"properties":{"id":"road_w51736223","type":"road_segment","name":"Ambad Link Road (M17)","name_local":null,"category":"secondary","source":"openstreetmap","source_id":"way/51736223","updated_at":"2023-08-26T09:26:43Z","tags":{"oneway":"yes"}}},{"type":"Feature","geometry":{"type":"LineString","coordinates":[[73.78696,20.00426],[73.78695,20.00409],[73.78678,20.00339],[73.78668,20.003],[73.78665,20.00288],[73.78665,20.00278],[73.78669,20.00263],[73.78689,20.0024],[73.78709,20.00216],[73.7873,20.00189],[73.78734,20.00178],[73.78733,20.00169],[73.7872,20.00131],[73.78715,20.00118],[73.78708,20.001],[73.78688,20.0008],[73.78684,20.0007],[73.78676,20.00055],[73.78663,20.00024]]},"properties":{"id":"road_w51736225","type":"road_segment","name":"Tilak Road","name_local":null,"category":"secondary","source":"openstreetmap","source_id":"way/51736225","updated_at":"2026-01-11T03:29:32Z","tags":{"lanes":"2","surface":"asphalt","oneway":"yes"}}},{"type":"Feature","geometry":{"type":"LineString","coordinates":[[73.78696,20.00426],[73.78746,20.00422],[73.78757,20.00429],[73.78792,20.00428],[73.78814,20.00428],[73.78851,20.00423],[73.78874,20.0042],[73.78876,20.0042],[73.78903,20.00415],[73.78915,20.00412],[73.78957,20.00408],[73.78981,20.00405],[73.79023,20.00401]]},"properties":{"id":"road_w51736226","type":"road_segment","name":"MG Road","name_local":null,"category":"tertiary","source":"openstreetmap","source_id":"way/51736226","updated_at":"2025-12-26T07:51:34Z","tags":{}}},{"type":"Feature","geometry":{"type":"LineString","coordinates":[[73.79283,20.00414],[73.79421,20.00453]]},"properties":{"id":"road_w51736666","type":"road_segment","name":"Gadge Maharaj Bridge","name_local":null,"category":"tertiary","source":"openstreetmap","source_id":"way/51736666","updated_at":"2026-01-11T03:42:54Z","tags":{"bridge":"yes"}}},{"type":"Feature","geometry":{"type":"LineString","coordinates":[[73.77173,19.99452],[73.77177,19.99455],[73.77182,19.99457],[73.77187,19.99458],[73.77192,19.99457],[73.77194,19.99457],[73.77197,19.99456],[73.77199,19.99454],[73.77203,19.9945],[73.77205,19.99445],[73.77205,19.99441],[73.77205,19.99435],[73.77203,19.99433]]},"properties":{"id":"road_w51737041","type":"road_segment","name":"Trimbak Road","name_local":null,"category":"trunk","source":"openstreetmap","source_id":"way/51737041","updated_at":"2023-03-25T13:54:08Z","tags":{"ref":"SH30"}}},{"type":"Feature","geometry":{"type":"LineString","coordinates":[[73.71143,20.00516],[73.71131,20.00514],[73.71117,20.00511],[73.71042,20.00494],[73.71022,20.00494],[73.70964,20.00545],[73.70886,20.00602],[73.7087,20.00611],[73.70828,20.00629],[73.70805,20.00637],[73.70738,20.00665],[73.7072,20.00671],[73.70699,20.00681],[73.7065,20.00702],[73.70546,20.00754],[73.70469,20.00794],[73.70452,20.00809],[73.70407,20.00827],[73.70313,20.00864],[73.70241,20.00879],[73.70145,20.00894],[73.70026,20.00915],[73.69982,20.00919],[73.69886,20.00917],[73.69783,20.00909],[73.6974,20.00923],[73.69698,20.00934]]},"properties":{"id":"road_w51824297","type":"road_segment","name":"Old Datta Mandir Road","name_local":null,"category":"tertiary","source":"openstreetmap","source_id":"way/51824297","updated_at":"2023-08-31T08:41:00Z","tags":{}}},{"type":"Feature","geometry":{"type":"LineString","coordinates":[[73.72427,19.98336],[73.72383,19.98488],[73.72372,19.98515],[73.72367,19.98534],[73.72362,19.98565]]},"properties":{"id":"road_w51824304","type":"road_segment","name":"Ambad Satpur Link Road","name_local":"अंबड सातपूर लिंक रोड","category":"primary","source":"openstreetmap","source_id":"way/51824304","updated_at":"2026-02-10T16:17:04Z","tags":{"name:en":"Ambad Satpur Link Road","name:mr":"अंबड सातपूर लिंक रोड","ref":"SH27","oneway":"yes"}}},{"type":"Feature","geometry":{"type":"LineString","coordinates":[[73.72445,19.98279],[73.72427,19.98336]]},"properties":{"id":"road_w51824305","type":"road_segment","name":"Ambad Satpur Link Road","name_local":"अंबड सातपूर लिंक रोड","category":"primary","source":"openstreetmap","source_id":"way/51824305","updated_at":"2026-02-10T16:17:04Z","tags":{"name:en":"Ambad Satpur Link Road","name:mr":"अंबड सातपूर लिंक रोड","ref":"SH27","oneway":"yes","bridge":"yes"}}},{"type":"Feature","geometry":{"type":"LineString","coordinates":[[73.79545,20.01132],[73.79551,20.01164],[73.79557,20.01175],[73.79591,20.01281],[73.79602,20.01326],[73.79603,20.01329],[73.79622,20.01406],[73.79634,20.01464],[73.79637,20.01477],[73.79662,20.01598],[73.79684,20.01671],[73.7972,20.01769],[73.79744,20.01823],[73.79769,20.01884],[73.79792,20.01941],[73.79812,20.01995],[73.79829,20.02039],[73.79844,20.02073],[73.79863,20.02104],[73.79913,20.02166],[73.79927,20.02182],[73.79937,20.02193],[73.79987,20.02251],[73.79993,20.02265],[73.79999,20.02279],[73.80005,20.02308],[73.80036,20.02453],[73.80052,20.02534],[73.80082,20.02661],[73.80084,20.02669],[73.80097,20.02709],[73.80112,20.02754],[73.80135,20.02817],[73.80146,20.02853],[73.80197,20.02983],[73.80211,20.03022],[73.80212,20.03024],[73.80255,20.03145],[73.80285,20.03231],[73.80294,20.03265],[73.80298,20.03283],[73.80301,20.03293],[73.8032,20.03359],[73.80332,20.03415],[73.80343,20.03469],[73.80346,20.03479],[73.8036,20.03538],[73.80365,20.03568],[73.80369,20.03589]]},"properties":{"id":"road_w55802678","type":"road_segment","name":"Dindori Road","name_local":null,"category":"primary","source":"openstreetmap","source_id":"way/55802678","updated_at":"2026-01-11T07:08:45Z","tags":{"ref":"SH17","oneway":"yes"}}},{"type":"Feature","geometry":{"type":"LineString","coordinates":[[73.79023,20.00401],[73.79061,20.00393],[73.7909,20.00388],[73.79117,20.00391],[73.79141,20.00397],[73.79163,20.00405],[73.79186,20.00413],[73.79216,20.00422]]},"properties":{"id":"road_w55802740","type":"road_segment","name":"Kapad Bazaar","name_local":null,"category":"tertiary","source":"openstreetmap","source_id":"way/55802740","updated_at":"2024-09-10T09:12:47Z","tags":{}}},{"type":"Feature","geometry":{"type":"LineString","coordinates":[[73.80317,20.00086],[73.80314,20.00168],[73.80309,20.0024]]},"properties":{"id":"road_w116833047","type":"road_segment","name":"Mumbai Agra Highway Elevated Corridor","name_local":null,"category":"motorway","source":"openstreetmap","source_id":"way/116833047","updated_at":"2026-01-11T19:23:41Z","tags":{"ref":"NH60","oneway":"yes","bridge":"yes"}}},{"type":"Feature","geometry":{"type":"LineString","coordinates":[[73.78942,20.0067],[73.7896,20.00679],[73.78968,20.00687],[73.78977,20.00735],[73.78984,20.00749],[73.78993,20.00774],[73.78999,20.00789]]},"properties":{"id":"road_w116833048","type":"road_segment","name":"Tilak Road","name_local":null,"category":"primary","source":"openstreetmap","source_id":"way/116833048","updated_at":"2026-01-26T20:14:08Z","tags":{}}},{"type":"Feature","geometry":{"type":"LineString","coordinates":[[73.83767,19.95378],[73.8375,19.95276],[73.83749,19.95263],[73.83744,19.9522],[73.83735,19.95132],[73.83732,19.95106],[73.83726,19.95035],[73.83723,19.94985],[73.8371,19.94843],[73.83696,19.9476],[73.83693,19.9475]]},"properties":{"id":"road_w116833049","type":"road_segment","name":"Jail Road","name_local":null,"category":"primary","source":"openstreetmap","source_id":"way/116833049","updated_at":"2026-01-11T05:56:32Z","tags":{"oneway":"yes"}}},{"type":"Feature","geometry":{"type":"LineString","coordinates":[[73.7902,19.99452],[73.79038,19.99525],[73.79044,19.99551],[73.79055,19.99597],[73.79058,19.99626],[73.79055,19.99658],[73.79051,19.99673],[73.79053,19.99678]]},"properties":{"id":"road_w116833058","type":"road_segment","name":"Falke Road","name_local":null,"category":"tertiary","source":"openstreetmap","source_id":"way/116833058","updated_at":"2026-01-11T02:26:58Z","tags":{"oneway":"yes"}}},{"type":"Feature","geometry":{"type":"LineString","coordinates":[[73.80612,20.01395],[73.80619,20.01389],[73.80781,20.01246],[73.80818,20.01214],[73.80869,20.01173],[73.8088,20.01164],[73.809,20.01152],[73.80919,20.01141],[73.80985,20.01102],[73.80991,20.011],[73.81002,20.01092]]},"properties":{"id":"road_w116833060","type":"road_segment","name":"Bappa Sitaram Marg","name_local":null,"category":"tertiary","source":"openstreetmap","source_id":"way/116833060","updated_at":"2026-01-11T06:53:06Z","tags":{}}},{"type":"Feature","geometry":{"type":"LineString","coordinates":[[73.80317,20.0024],[73.80321,20.00168],[73.80326,20.00086]]},"properties":{"id":"road_w116833063","type":"road_segment","name":"Mumbai Agra Highway Elevated Corridor","name_local":null,"category":"motorway","source":"openstreetmap","source_id":"way/116833063","updated_at":"2026-01-11T19:23:41Z","tags":{"ref":"NH60","oneway":"yes","bridge":"yes"}}},{"type":"Feature","geometry":{"type":"LineString","coordinates":[[73.82828,19.89767],[73.82881,19.89754],[73.82926,19.89749],[73.83002,19.8975],[73.83074,19.8975],[73.8313,19.89754],[73.83176,19.89755]]},"properties":{"id":"road_w116833073","type":"road_segment","name":"Dhondy Road","name_local":null,"category":"tertiary","source":"openstreetmap","source_id":"way/116833073","updated_at":"2022-05-11T06:06:18Z","tags":{}}},{"type":"Feature","geometry":{"type":"LineString","coordinates":[[73.92354,20.09032],[73.92345,20.08986],[73.92331,20.08945],[73.9232,20.0892],[73.92302,20.08881],[73.92281,20.0885],[73.92245,20.088],[73.92202,20.08757],[73.92163,20.08721]]},"properties":{"id":"road_w116833074","type":"road_segment","name":"Agra Mumbai Road","name_local":null,"category":"trunk","source":"openstreetmap","source_id":"way/116833074","updated_at":"2023-11-06T10:44:18Z","tags":{"ref":"NH60","lanes":"3","surface":"asphalt","oneway":"yes","bridge":"yes"}}},{"type":"Feature","geometry":{"type":"LineString","coordinates":[[73.78558,20.00933],[73.78559,20.01052]]},"properties":{"id":"road_w116833075","type":"road_segment","name":"Old Agra Road","name_local":null,"category":"trunk","source":"openstreetmap","source_id":"way/116833075","updated_at":"2018-11-13T09:18:17Z","tags":{"ref":"NH848","bridge":"yes"}}},{"type":"Feature","geometry":{"type":"LineString","coordinates":[[73.7873,20.00189],[73.7877,20.00175],[73.78785,20.0017],[73.78834,20.00161],[73.78883,20.00162]]},"properties":{"id":"road_w116833078","type":"road_segment","name":"Shivaji Road","name_local":null,"category":"tertiary","source":"openstreetmap","source_id":"way/116833078","updated_at":"2026-01-11T05:56:33Z","tags":{}}},{"type":"Feature","geometry":{"type":"LineString","coordinates":[[73.78658,19.99888],[73.78663,19.9986],[73.78672,19.99832],[73.78685,19.99804],[73.78707,19.99759],[73.78722,19.99732],[73.78734,19.99712],[73.78751,19.99679],[73.78767,19.99654],[73.7877,19.99649],[73.78793,19.99619],[73.78814,19.99593],[73.78824,19.99582],[73.78832,19.99572],[73.7887,19.99536],[73.78885,19.99523],[73.7893,19.99492],[73.78956,19.99475],[73.78987,19.9946],[73.79014,19.99451]]},"properties":{"id":"road_w116833079","type":"road_segment","name":"Tilak Road","name_local":null,"category":"secondary","source":"openstreetmap","source_id":"way/116833079","updated_at":"2026-01-11T03:29:32Z","tags":{"ref":"SH30","lanes":"2","surface":"asphalt","oneway":"yes"}}},{"type":"Feature","geometry":{"type":"LineString","coordinates":[[73.80326,20.00086],[73.8033,20.00021],[73.80326,19.99968],[73.80318,19.99925],[73.8031,19.99892],[73.80294,19.99847],[73.80278,19.99812],[73.80253,19.9977],[73.80226,19.99731],[73.80185,19.99686],[73.80141,19.99647],[73.80109,19.99623],[73.80004,19.99563]]},"properties":{"id":"road_w116833082","type":"road_segment","name":"Mumbai Agra Highway Elevated Corridor","name_local":null,"category":"motorway","source":"openstreetmap","source_id":"way/116833082","updated_at":"2026-01-11T19:23:41Z","tags":{"ref":"NH60","lanes":"2","surface":"asphalt","oneway":"yes","bridge":"yes"}}},{"type":"Feature","geometry":{"type":"LineString","coordinates":[[73.7905,19.99691],[73.79113,19.99671],[73.79135,19.99663],[73.79158,19.99648],[73.79169,19.99641],[73.79186,19.99619],[73.79216,19.99582]]},"properties":{"id":"road_w116833089","type":"road_segment","name":"Fadke Road","name_local":null,"category":"tertiary","source":"openstreetmap","source_id":"way/116833089","updated_at":"2026-01-11T02:26:58Z","tags":{}}},{"type":"Feature","geometry":{"type":"LineString","coordinates":[[73.78559,20.01052],[73.78554,20.01065],[73.78554,20.01069],[73.78556,20.01077],[73.78559,20.01083],[73.78562,20.01088],[73.78568,20.01092],[73.78577,20.01095],[73.78628,20.01107],[73.78676,20.01116],[73.78687,20.01117],[73.7872,20.01119],[73.78769,20.01115]]},"properties":{"id":"road_w116833093","type":"road_segment","name":"Old Agra Road","name_local":null,"category":"trunk","source":"openstreetmap","source_id":"way/116833093","updated_at":"2024-05-22T04:43:40Z","tags":{"ref":"NH848","oneway":"yes"}}},{"type":"Feature","geometry":{"type":"LineString","coordinates":[[73.79535,19.99589],[73.79539,19.99599],[73.79576,19.99623],[73.79597,19.99643],[73.79618,19.99663],[73.79635,19.99678],[73.79644,19.99692],[73.79654,19.99728],[73.79651,19.99739],[73.79652,19.99754],[73.79652,19.99784],[73.79664,19.99821],[73.79669,19.99839],[73.79677,19.99851],[73.79698,19.99885],[73.79768,20.00008],[73.79805,20.00058],[73.7983,20.0009],[73.79839,20.001],[73.7984,20.00105],[73.79843,20.00113]]},"properties":{"id":"road_w116833095","type":"road_segment","name":"Amardham Road","name_local":null,"category":"tertiary","source":"openstreetmap","source_id":"way/116833095","updated_at":"2026-01-11T08:07:56Z","tags":{}}},{"type":"Feature","geometry":{"type":"LineString","coordinates":[[73.78308,19.98891],[73.78297,19.98885],[73.78282,19.98886],[73.78262,19.98894],[73.78246,19.98899],[73.78209,19.98912],[73.78198,19.98915],[73.78116,19.98925],[73.78077,19.98926],[73.7805,19.98925],[73.78018,19.98925],[73.77927,19.98923],[73.77805,19.9892],[73.77781,19.9892],[73.77707,19.98927],[73.77695,19.98929],[73.77684,19.98934],[73.77665,19.98946],[73.77653,19.98957],[73.77639,19.98974]]},"properties":{"id":"road_w116833096","type":"road_segment","name":"Ahilyabai Holkar Road","name_local":null,"category":"secondary","source":"openstreetmap","source_id":"way/116833096","updated_at":"2023-09-21T09:07:02Z","tags":{"lanes":"2","surface":"asphalt","oneway":"yes"}}},{"type":"Feature","geometry":{"type":"LineString","coordinates":[[73.80619,20.01389],[73.80583,20.01347],[73.80539,20.01295],[73.80522,20.01273],[73.80476,20.01217],[73.80445,20.01181],[73.80423,20.01155],[73.80414,20.01143],[73.80386,20.01107],[73.80345,20.01052],[73.80295,20.00985],[73.80245,20.00919],[73.80239,20.00912],[73.80227,20.00898],[73.80219,20.00889],[73.8021,20.0088],[73.80195,20.00871]]},"properties":{"id":"road_w116833099","type":"road_segment","name":"Hirawadi Road","name_local":null,"category":"tertiary","source":"openstreetmap","source_id":"way/116833099","updated_at":"2023-09-14T08:49:48Z","tags":{"oneway":"yes"}}},{"type":"Feature","geometry":{"type":"LineString","coordinates":[[73.80674,19.9791],[73.80667,19.97898],[73.80612,19.97858],[73.80592,19.97843],[73.80475,19.97751],[73.80465,19.97743],[73.80458,19.97736],[73.80434,19.97715],[73.80418,19.97697],[73.80402,19.97675],[73.80379,19.97636],[73.80376,19.97629],[73.80328,19.97534],[73.80322,19.97521],[73.80304,19.97486],[73.80288,19.97443],[73.80267,19.97358],[73.80245,19.97288],[73.80207,19.97191],[73.80194,19.97161],[73.80187,19.97141],[73.8016,19.97051],[73.80134,19.96998],[73.8011,19.9696],[73.80083,19.9693],[73.79993,19.96831],[73.7998,19.96817]]},"properties":{"id":"road_w116833108","type":"road_segment","name":"Pujya Ravi Shankar Marg","name_local":null,"category":"primary","source":"openstreetmap","source_id":"way/116833108","updated_at":"2026-01-13T10:01:14Z","tags":{"oneway":"yes"}}},{"type":"Feature","geometry":{"type":"LineString","coordinates":[[73.74387,20.05423],[73.74239,20.05438],[73.7405,20.05404],[73.7388,20.05374],[73.73757,20.05386],[73.7352,20.05427],[73.73439,20.05441],[73.73308,20.05465],[73.73253,20.05451],[73.73176,20.05426],[73.73066,20.05374],[73.72952,20.05329],[73.72713,20.0524],[73.72689,20.05233],[73.72312,20.05132]]},"properties":{"id":"road_w116833125","type":"road_segment","name":"SH26","name_local":null,"category":"primary","source":"openstreetmap","source_id":"way/116833125","updated_at":"2019-11-21T09:42:34Z","tags":{"ref":"SH26","oneway":"no"}}},{"type":"Feature","geometry":{"type":"LineString","coordinates":[[73.62037,19.95851],[73.62135,19.95813],[73.62222,19.95791],[73.62235,19.95788],[73.62342,19.95763],[73.62425,19.95752],[73.62458,19.95749]]},"properties":{"id":"road_w151537523","type":"road_segment","name":"Trimbak Road","name_local":null,"category":"trunk","source":"openstreetmap","source_id":"way/151537523","updated_at":"2025-02-17T15:25:32Z","tags":{"ref":"NH848","oneway":"yes"}}},{"type":"Feature","geometry":{"type":"LineString","coordinates":[[73.5143,19.9582],[73.514,19.9583],[73.51314,19.95869],[73.5126,19.95895],[73.51233,19.95914],[73.51206,19.95935],[73.51178,19.95961],[73.51106,19.96035],[73.50864,19.96266],[73.50667,19.96413],[73.505,19.96518]]},"properties":{"id":"road_w151537524","type":"road_segment","name":"Jawhar Trimbhak Highway","name_local":null,"category":"trunk","source":"openstreetmap","source_id":"way/151537524","updated_at":"2023-03-25T13:54:08Z","tags":{"ref":"NH160A","oneway":"no"}}},{"type":"Feature","geometry":{"type":"LineString","coordinates":[[73.78462,19.98682],[73.78494,19.98681],[73.78499,19.98681],[73.78509,19.98681],[73.78532,19.9868],[73.78541,19.98681],[73.78596,19.98686],[73.7861,19.98687],[73.78655,19.9869],[73.78684,19.98692],[73.78687,19.98693],[73.78723,19.98694],[73.78772,19.98698],[73.78801,19.98701],[73.78837,19.98708],[73.7886,19.98714],[73.78887,19.98724],[73.78941,19.98746],[73.78969,19.98756],[73.78995,19.98765],[73.79018,19.98775],[73.79047,19.98782],[73.79107,19.988],[73.79198,19.98827],[73.79224,19.98835],[73.79277,19.98853],[73.79284,19.98856]]},"properties":{"id":"road_w154693706","type":"road_segment","name":"Bhabha Nagar Road","name_local":null,"category":"secondary","source":"openstreetmap","source_id":"way/154693706","updated_at":"2026-01-11T05:56:33Z","tags":{"lanes":"2","surface":"asphalt"}}},{"type":"Feature","geometry":{"type":"LineString","coordinates":[[73.77056,19.97862],[73.77077,19.97886],[73.77097,19.97894],[73.77116,19.97897],[73.77204,19.97898],[73.77294,19.97897],[73.77313,19.97896],[73.77326,19.9789],[73.77343,19.97878],[73.77396,19.97829],[73.77427,19.97803],[73.77456,19.97776],[73.77476,19.97755],[73.77502,19.9773],[73.77541,19.97696],[73.77586,19.97657],[73.77621,19.97628],[73.77646,19.97609]]},"properties":{"id":"road_w154697023","type":"road_segment","name":"Bhujbal Farm Road","name_local":null,"category":"secondary","source":"openstreetmap","source_id":"way/154697023","updated_at":"2026-03-14T11:55:22Z","tags":{"oneway":"yes"}}},{"type":"Feature","geometry":{"type":"LineString","coordinates":[[73.68353,20.06997],[73.6838,20.0694],[73.68398,20.06878],[73.68409,20.06798],[73.68407,20.06757],[73.68399,20.06715],[73.68286,20.06191],[73.68275,20.06108],[73.68275,20.06103],[73.68284,20.06006],[73.68342,20.05753],[73.68377,20.05602],[73.68435,20.05352],[73.68599,20.04643],[73.68835,20.04233]]},"properties":{"id":"road_w169998848","type":"road_segment","name":"Gangapur Road","name_local":null,"category":"primary","source":"openstreetmap","source_id":"way/169998848","updated_at":"2024-03-05T11:57:08Z","tags":{"ref":"SH27"}}},{"type":"Feature","geometry":{"type":"LineString","coordinates":[[73.68835,20.04233],[73.68853,20.04202]]},"properties":{"id":"road_w169998849","type":"road_segment","name":"Gangapur Road","name_local":null,"category":"primary","source":"openstreetmap","source_id":"way/169998849","updated_at":"2016-10-24T16:03:51Z","tags":{"ref":"SH27","bridge":"yes"}}},{"type":"Feature","geometry":{"type":"LineString","coordinates":[[73.68896,20.03963],[73.68909,20.03886]]},"properties":{"id":"road_w169998850","type":"road_segment","name":"Gangapur Road","name_local":null,"category":"primary","source":"openstreetmap","source_id":"way/169998850","updated_at":"2014-11-07T09:56:29Z","tags":{"ref":"SH27","bridge":"yes"}}},{"type":"Feature","geometry":{"type":"LineString","coordinates":[[73.68909,20.03886],[73.68936,20.03701],[73.68934,20.03406],[73.68933,20.03389],[73.68935,20.03373],[73.68947,20.03356],[73.68969,20.0335],[73.69021,20.03342],[73.69034,20.03339],[73.69265,20.03303],[73.69303,20.03296],[73.69665,20.03228],[73.6979,20.03205],[73.69936,20.03177],[73.6995,20.03175],[73.69975,20.03169],[73.69995,20.03159],[73.70016,20.03147],[73.70021,20.03142],[73.70029,20.03134],[73.70086,20.03061],[73.7011,20.03036],[73.7013,20.03021],[73.70152,20.0301],[73.70183,20.02996],[73.70221,20.02983],[73.70293,20.02973],[73.70416,20.02958],[73.70498,20.02949],[73.70584,20.02939],[73.70696,20.02926],[73.70864,20.02926],[73.71006,20.02938],[73.71062,20.02946],[73.71098,20.02952],[73.71126,20.02956],[73.71174,20.02964],[73.71219,20.02971],[73.71244,20.02975],[73.71255,20.02976],[73.71373,20.02994],[73.7147,20.03009],[73.71476,20.03009],[73.71547,20.03007],[73.71558,20.03004],[73.71576,20.02999],[73.71581,20.02997],[73.71616,20.02975],[73.71632,20.02958]]},"properties":{"id":"road_w169998851","type":"road_segment","name":"Gangapur Road","name_local":null,"category":"primary","source":"openstreetmap","source_id":"way/169998851","updated_at":"2024-03-06T04:28:23Z","tags":{"ref":"SH27"}}},{"type":"Feature","geometry":{"type":"LineString","coordinates":[[73.68853,20.04202],[73.68878,20.04135],[73.68896,20.03963]]},"properties":{"id":"road_w169998852","type":"road_segment","name":"Gangapur Road","name_local":null,"category":"primary","source":"openstreetmap","source_id":"way/169998852","updated_at":"2016-10-24T16:03:51Z","tags":{"ref":"SH27"}}},{"type":"Feature","geometry":{"type":"LineString","coordinates":[[73.83176,19.89755],[73.83218,19.89756],[73.83233,19.89757],[73.83254,19.89758],[73.83267,19.89761],[73.83279,19.89769],[73.83286,19.89793],[73.83285,19.89814],[73.8328,19.8984],[73.83278,19.89847],[73.83272,19.8987],[73.83268,19.89903],[73.83269,19.89938],[73.83269,19.89981],[73.83269,19.9],[73.83266,19.9006],[73.83258,19.90077],[73.83249,19.90087],[73.83234,19.901],[73.83216,19.90121],[73.83215,19.90123],[73.832,19.90149],[73.83203,19.90174],[73.83213,19.90189],[73.83264,19.90245],[73.83271,19.90255],[73.83274,19.90266],[73.83277,19.90297],[73.83279,19.90306],[73.83289,19.90442],[73.8329,19.90459],[73.83291,19.90515],[73.83291,19.90533],[73.83293,19.90608],[73.83294,19.90682],[73.83297,19.9082],[73.83306,19.91279],[73.83307,19.9131],[73.83312,19.91411],[73.83314,19.91442],[73.83314,19.91452],[73.83315,19.9146],[73.83319,19.91545],[73.83321,19.91587],[73.83322,19.91602],[73.83334,19.91852],[73.83336,19.91897],[73.83343,19.91995],[73.83346,19.92048],[73.83352,19.92136],[73.83361,19.92263],[73.83366,19.92341],[73.8337,19.92398],[73.83371,19.9242],[73.83373,19.92451],[73.83375,19.92472],[73.83382,19.9256],[73.83391,19.92685],[73.8339,19.92786],[73.83389,19.92805]]},"properties":{"id":"road_w197566762","type":"road_segment","name":"Lam Road","name_local":null,"category":"secondary","source":"openstreetmap","source_id":"way/197566762","updated_at":"2026-02-24T11:29:22Z","tags":{"ref":"MDR55"}}},{"type":"Feature","geometry":{"type":"LineString","coordinates":[[73.53064,19.93394],[73.52948,19.93402],[73.52825,19.93409],[73.5282,19.93389],[73.5281,19.93362],[73.52804,19.93341],[73.52799,19.93327],[73.52795,19.93315],[73.52791,19.9331],[73.52777,19.93304]]},"properties":{"id":"road_w199009724","type":"road_segment","name":"Patil Gali","name_local":null,"category":"residential","source":"openstreetmap","source_id":"way/199009724","updated_at":"2026-01-11T16:47:16Z","tags":{"oneway":"no"}}},{"type":"Feature","geometry":{"type":"LineString","coordinates":[[73.53682,19.89583],[73.53567,19.89554],[73.53465,19.89567],[73.53432,19.89571],[73.53268,19.89613],[73.53155,19.89655],[73.53064,19.89708],[73.53009,19.89719],[73.52948,19.89723],[73.52906,19.89715],[73.52898,19.8971],[73.52861,19.89683],[73.52852,19.89675],[73.52805,19.89631],[73.52735,19.89598],[73.52694,19.89588],[73.5266,19.8958],[73.52645,19.89571],[73.52623,19.89557],[73.52595,19.89546],[73.52534,19.89535],[73.52424,19.89501],[73.52266,19.89488],[73.52222,19.89478],[73.52203,19.89476],[73.52158,19.8948],[73.52112,19.89473],[73.52091,19.89463],[73.52039,19.89429],[73.52003,19.89412],[73.5195,19.89402],[73.51858,19.894],[73.51798,19.89401],[73.51757,19.89405],[73.51696,19.89393],[73.51627,19.89356],[73.5158,19.89324],[73.51559,19.89291],[73.51557,19.89258],[73.51558,19.89198],[73.51556,19.89169],[73.51552,19.89158],[73.51542,19.89146],[73.5146,19.89122],[73.51413,19.89098],[73.51361,19.89029],[73.51314,19.88997],[73.51262,19.88979]]},"properties":{"id":"road_w199210669","type":"road_segment","name":"Maharashtra State Highway 21","name_local":null,"category":"trunk","source":"openstreetmap","source_id":"way/199210669","updated_at":"2025-10-24T07:02:52Z","tags":{"ref":"NH160A","oneway":"no"}}},{"type":"Feature","geometry":{"type":"LineString","coordinates":[[73.54769,19.89966],[73.5474,19.89982]]},"properties":{"id":"road_w199210672","type":"road_segment","name":"Maharashtra State Highway 21","name_local":null,"category":"trunk","source":"openstreetmap","source_id":"way/199210672","updated_at":"2018-10-21T19:03:41Z","tags":{"ref":"NH160A","oneway":"no","bridge":"yes"}}},{"type":"Feature","geometry":{"type":"LineString","coordinates":[[73.55224,19.90886],[73.55219,19.90869]]},"properties":{"id":"road_w199210681","type":"road_segment","name":"Maharashtra State Highway 21","name_local":null,"category":"trunk","source":"openstreetmap","source_id":"way/199210681","updated_at":"2019-03-19T21:10:49Z","tags":{"ref":"NH160A","oneway":"no","bridge":"yes"}}},{"type":"Feature","geometry":{"type":"LineString","coordinates":[[73.55219,19.90869],[73.55217,19.90842],[73.5521,19.9079],[73.55207,19.90723],[73.55201,19.9069],[73.55184,19.90654],[73.55157,19.90599],[73.55121,19.90525],[73.55112,19.90509],[73.55097,19.90482],[73.55065,19.90389],[73.55058,19.90368],[73.55011,19.90218],[73.54981,19.90163],[73.54961,19.90098],[73.54907,19.9003],[73.54859,19.89965],[73.54837,19.89933],[73.5483,19.89932],[73.54813,19.89937],[73.54769,19.89966]]},"properties":{"id":"road_w199210683","type":"road_segment","name":"Maharashtra State Highway 21","name_local":null,"category":"trunk","source":"openstreetmap","source_id":"way/199210683","updated_at":"2025-12-05T10:43:31Z","tags":{"ref":"NH160A","oneway":"no"}}},{"type":"Feature","geometry":{"type":"LineString","coordinates":[[73.52803,20.07152],[73.52738,20.07103]]},"properties":{"id":"road_w209960248","type":"road_segment","name":"State Highway 26","name_local":null,"category":"primary","source":"openstreetmap","source_id":"way/209960248","updated_at":"2019-03-19T20:46:57Z","tags":{"ref":"SH26","oneway":"no","bridge":"yes"}}},{"type":"Feature","geometry":{"type":"LineString","coordinates":[[73.61051,20.06697],[73.61013,20.06639]]},"properties":{"id":"road_w209960249","type":"road_segment","name":"State Highway 26","name_local":null,"category":"primary","source":"openstreetmap","source_id":"way/209960249","updated_at":"2019-03-19T20:46:57Z","tags":{"ref":"SH26","oneway":"no","bridge":"yes"}}},{"type":"Feature","geometry":{"type":"LineString","coordinates":[[73.61013,20.06639],[73.60972,20.06575],[73.60941,20.06547],[73.609,20.06476],[73.6085,20.064],[73.60827,20.06343],[73.60803,20.06297],[73.60758,20.06237],[73.60722,20.06195],[73.60704,20.06187],[73.60688,20.0618],[73.60656,20.06188],[73.6063,20.06204],[73.60615,20.06232],[73.60606,20.0626],[73.60595,20.06278],[73.60437,20.0631],[73.6038,20.06319],[73.60357,20.06321],[73.6033,20.06333],[73.60304,20.06348],[73.60241,20.06377],[73.60209,20.064],[73.60188,20.06428],[73.6018,20.06471],[73.6017,20.06516],[73.60121,20.06579],[73.60102,20.06605],[73.6008,20.06618],[73.60039,20.06614],[73.60001,20.06607],[73.59973,20.06607],[73.59929,20.06631],[73.59886,20.06666],[73.59878,20.06681],[73.59852,20.06764],[73.59795,20.0685],[73.59709,20.06914],[73.59593,20.06983],[73.59562,20.07001],[73.59546,20.07039],[73.59527,20.07099],[73.59501,20.07167],[73.59481,20.07204],[73.59467,20.07212],[73.58921,20.07157],[73.58892,20.07155],[73.58861,20.07152],[73.58802,20.07169],[73.58716,20.07202],[73.58577,20.07264],[73.58318,20.07391],[73.58199,20.0743],[73.58142,20.07435],[73.58086,20.07412],[73.58056,20.07392],[73.58024,20.07365],[73.57933,20.07214],[73.5789,20.07143],[73.57837,20.07056],[73.57794,20.07014],[73.57718,20.06974],[73.576,20.06937],[73.57382,20.06873],[73.57364,20.06868],[73.57212,20.06822],[73.57158,20.06814],[73.56875,20.0686],[73.56842,20.06868],[73.56784,20.06903],[73.56513,20.07135],[73.561,20.07523],[73.55785,20.07873],[73.55752,20.07898],[73.55708,20.07901],[73.55657,20.07886],[73.55374,20.07768],[73.5522,20.0766],[73.5499,20.0737],[73.54859,20.0721],[73.54823,20.07168],[73.54817,20.07161],[73.54741,20.07105],[73.54663,20.0708],[73.54492,20.07039],[73.5441,20.0702],[73.54259,20.06975],[73.54229,20.06964],[73.54125,20.06955],[73.5406,20.06936],[73.53984,20.06926],[73.53948,20.06925],[73.53859,20.0694],[73.53757,20.06955],[73.53596,20.0695],[73.53488,20.06951],[73.53421,20.06963],[73.53363,20.06978],[73.53257,20.07016],[73.53196,20.07029],[73.53159,20.07028],[73.53137,20.07027],[73.5311,20.07015],[73.5309,20.07015],[73.53079,20.07018],[73.53067,20.07022],[73.5304,20.07037],[73.53014,20.07054],[73.52983,20.07106],[73.52956,20.07142],[73.52928,20.07168],[73.52896,20.07175],[73.52868,20.07177],[73.52846,20.07175],[73.52818,20.0716],[73.52803,20.07152]]},"properties":{"id":"road_w209960250","type":"road_segment","name":"State Highway 26","name_local":null,"category":"primary","source":"openstreetmap","source_id":"way/209960250","updated_at":"2022-11-01T19:40:22Z","tags":{"ref":"SH26","oneway":"no"}}},{"type":"Feature","geometry":{"type":"LineString","coordinates":[[73.52738,20.07103],[73.52646,20.07044],[73.52584,20.07021],[73.52531,20.07018]]},"properties":{"id":"road_w209960255","type":"road_segment","name":"State Highway 26","name_local":null,"category":"primary","source":"openstreetmap","source_id":"way/209960255","updated_at":"2014-11-06T10:42:21Z","tags":{"ref":"SH26","oneway":"no"}}},{"type":"Feature","geometry":{"type":"LineString","coordinates":[[73.72312,20.05132],[73.72221,20.05106]]},"properties":{"id":"road_w209960256","type":"road_segment","name":"SH26","name_local":null,"category":"primary","source":"openstreetmap","source_id":"way/209960256","updated_at":"2018-11-13T06:46:14Z","tags":{"ref":"SH26","oneway":"no","bridge":"yes"}}},{"type":"Feature","geometry":{"type":"LineString","coordinates":[[73.68353,20.06997],[73.68265,20.0701],[73.67961,20.07032],[73.67343,20.07071],[73.66479,20.0713],[73.66369,20.07135],[73.66311,20.07145],[73.66298,20.07155],[73.66283,20.07179],[73.66248,20.07236],[73.66211,20.07281],[73.66171,20.07306],[73.66131,20.07306],[73.66086,20.07306],[73.66039,20.07301],[73.66009,20.07291],[73.65959,20.0724],[73.65809,20.07033],[73.65741,20.06985],[73.65656,20.06951],[73.65561,20.06928],[73.65481,20.069],[73.65432,20.06884],[73.65385,20.06869],[73.6527,20.06839],[73.65147,20.06841],[73.64981,20.06876],[73.6473,20.06988],[73.64171,20.07196],[73.63955,20.07247],[73.63785,20.07273],[73.63703,20.07292],[73.63624,20.07306],[73.6336,20.07291],[73.62954,20.07269],[73.62846,20.07272],[73.6255,20.07404],[73.62462,20.07468],[73.62384,20.07509],[73.62291,20.07544],[73.62034,20.07591],[73.61596,20.0764],[73.61541,20.07657],[73.61504,20.07671],[73.61405,20.07515],[73.61329,20.07402],[73.61189,20.07195],[73.61185,20.07164],[73.61181,20.07114],[73.61176,20.07021],[73.61164,20.06922],[73.61051,20.06697]]},"properties":{"id":"road_w209960259","type":"road_segment","name":"State Highway 26","name_local":null,"category":"primary","source":"openstreetmap","source_id":"way/209960259","updated_at":"2024-03-05T11:57:08Z","tags":{"ref":"SH26","oneway":"no"}}},{"type":"Feature","geometry":{"type":"LineString","coordinates":[[73.76691,20.00538],[73.76775,20.0051],[73.76832,20.00489],[73.76864,20.00476],[73.76884,20.00467],[73.76903,20.00458],[73.76954,20.00433],[73.7704,20.00394],[73.7705,20.00392]]},"properties":{"id":"road_w213457979","type":"road_segment","name":"College road","name_local":null,"category":"secondary","source":"openstreetmap","source_id":"way/213457979","updated_at":"2022-09-22T11:09:27Z","tags":{"lanes":"2","surface":"concrete","oneway":"yes"}}},{"type":"Feature","geometry":{"type":"LineString","coordinates":[[73.77155,20.00729],[73.7715,20.00717],[73.77145,20.00708],[73.77137,20.00691],[73.77099,20.00547],[73.77086,20.005],[73.77069,20.00446],[73.7705,20.00392],[73.77046,20.0038],[73.77027,20.00312]]},"properties":{"id":"road_w213467813","type":"road_segment","name":"Canada Corner Link Road","name_local":null,"category":"primary","source":"openstreetmap","source_id":"way/213467813","updated_at":"2026-01-12T15:57:41Z","tags":{"surface":"asphalt","oneway":"yes"}}},{"type":"Feature","geometry":{"type":"LineString","coordinates":[[73.92477,20.09528],[73.92473,20.09523],[73.92451,20.09494],[73.92434,20.0947],[73.92425,20.0945],[73.92414,20.09422],[73.92403,20.09387],[73.92397,20.09358],[73.92391,20.09315],[73.9239,20.09306],[73.9239,20.09289]]},"properties":{"id":"road_w217615104","type":"road_segment","name":"Agra Mumbai Road","name_local":null,"category":"trunk","source":"openstreetmap","source_id":"way/217615104","updated_at":"2024-06-13T06:13:11Z","tags":{"ref":"NH60","oneway":"yes"}}},{"type":"Feature","geometry":{"type":"LineString","coordinates":[[73.84451,19.95074],[73.84438,19.95081],[73.84401,19.95094],[73.84368,19.95102]]},"properties":{"id":"road_w219037484","type":"road_segment","name":"Nashik Pune Highway Flyover","name_local":null,"category":"trunk","source":"openstreetmap","source_id":"way/219037484","updated_at":"2025-02-25T21:39:34Z","tags":{"ref":"NH60;NH160","lanes":"2","surface":"asphalt","oneway":"yes"}}},{"type":"Feature","geometry":{"type":"LineString","coordinates":[[73.85051,19.94378],[73.85109,19.94322],[73.85128,19.94301],[73.85255,19.94173],[73.85406,19.9402],[73.85507,19.93917],[73.85561,19.93861],[73.85581,19.93841],[73.85612,19.93816],[73.85637,19.93795],[73.85659,19.93781],[73.85752,19.9373],[73.85921,19.93645],[73.85942,19.93634],[73.85989,19.93607],[73.86035,19.93575],[73.86057,19.93556],[73.86082,19.9353],[73.86114,19.93494],[73.86196,19.93406]]},"properties":{"id":"road_w219037485","type":"road_segment","name":"Pune Nashik Road","name_local":null,"category":"trunk","source":"openstreetmap","source_id":"way/219037485","updated_at":"2023-11-28T11:24:52Z","tags":{"ref":"NH60","oneway":"yes"}}},{"type":"Feature","geometry":{"type":"LineString","coordinates":[[73.83566,19.95536],[73.83477,19.95607],[73.83438,19.95636],[73.83433,19.95641],[73.83417,19.95653],[73.83406,19.95662],[73.83389,19.95676],[73.83257,19.95777],[73.83251,19.95782],[73.83119,19.95886],[73.83116,19.95889],[73.83064,19.95929],[73.83054,19.95937],[73.82916,19.96043],[73.82855,19.9609],[73.82846,19.96097],[73.828,19.96131],[73.82751,19.96169],[73.82702,19.96207],[73.82637,19.96257],[73.82536,19.96334],[73.82528,19.96341],[73.82488,19.9637],[73.82447,19.96402],[73.82407,19.96435],[73.82396,19.96443],[73.82378,19.96456],[73.82351,19.96477],[73.82342,19.96484],[73.82276,19.96535],[73.82242,19.9656],[73.8216,19.96629],[73.82123,19.96658],[73.82086,19.9669],[73.82074,19.967],[73.81996,19.96764],[73.81919,19.96827],[73.81904,19.96841],[73.81895,19.9685],[73.81867,19.96873],[73.81865,19.96875],[73.81836,19.96898],[73.81829,19.96906],[73.81751,19.9697],[73.81722,19.96994],[73.81667,19.97038],[73.8161,19.97084],[73.8156,19.97126],[73.81517,19.97162],[73.81515,19.97164],[73.81466,19.97207],[73.81418,19.9725],[73.81395,19.97272],[73.81351,19.97313],[73.81299,19.97365],[73.81275,19.97391],[73.81237,19.97432],[73.8115,19.97524],[73.81084,19.97592],[73.81046,19.97632],[73.81033,19.97646],[73.81007,19.97673],[73.80966,19.97714],[73.80962,19.97718],[73.80939,19.97743],[73.80921,19.97761],[73.80915,19.97768],[73.80893,19.9779],[73.8088,19.97805],[73.80839,19.97847],[73.80831,19.97855],[73.80811,19.97877],[73.80772,19.97922],[73.80753,19.97942],[73.80747,19.97949],[73.80724,19.97973],[73.80686,19.98012],[73.80648,19.98053],[73.80634,19.98067],[73.80594,19.98109],[73.80548,19.98159],[73.80483,19.98227],[73.80465,19.98247],[73.80424,19.98289],[73.8041,19.98305],[73.80372,19.98347],[73.80322,19.98407],[73.80294,19.9844],[73.80279,19.98457],[73.80246,19.98494],[73.80203,19.98538],[73.80183,19.98561],[73.80174,19.98572],[73.80165,19.98583],[73.80154,19.986],[73.80148,19.98609]]},"properties":{"id":"road_w219037487","type":"road_segment","name":"Nashik Pune Highway","name_local":null,"category":"trunk","source":"openstreetmap","source_id":"way/219037487","updated_at":"2025-12-11T07:55:16Z","tags":{"ref":"NH60;NH160","lanes":"3","surface":"asphalt","oneway":"yes"}}},{"type":"Feature","geometry":{"type":"LineString","coordinates":[[73.75201,19.99332],[73.75205,19.99315],[73.75197,19.9931],[73.75198,19.9929]]},"properties":{"id":"road_w220558034","type":"road_segment","name":"Vikas Colony","name_local":null,"category":"residential","source":"openstreetmap","source_id":"way/220558034","updated_at":"2013-05-11T01:48:41Z","tags":{}}},{"type":"Feature","geometry":{"type":"LineString","coordinates":[[73.75198,19.9929],[73.752,19.9926],[73.75181,19.99261],[73.75173,19.99006]]},"properties":{"id":"road_w220558087","type":"road_segment","name":"Satya Colony","name_local":null,"category":"residential","source":"openstreetmap","source_id":"way/220558087","updated_at":"2013-05-11T01:48:35Z","tags":{}}},{"type":"Feature","geometry":{"type":"LineString","coordinates":[[73.75245,19.99266],[73.75231,19.99006],[73.75232,19.9899]]},"properties":{"id":"road_w220558168","type":"road_segment","name":"Radha Nagari","name_local":null,"category":"residential","source":"openstreetmap","source_id":"way/220558168","updated_at":"2019-10-25T03:23:50Z","tags":{}}},{"type":"Feature","geometry":{"type":"LineString","coordinates":[[73.75545,20.00849],[73.75542,20.00834],[73.75518,20.0076],[73.75502,20.00696],[73.75501,20.00689],[73.75497,20.0067],[73.75493,20.00637],[73.75489,20.00612],[73.75476,20.00533],[73.75469,20.00471],[73.75456,20.00283]]},"properties":{"id":"road_w220559189","type":"road_segment","name":"Mahatma Nagar Link Road","name_local":null,"category":"secondary","source":"openstreetmap","source_id":"way/220559189","updated_at":"2026-01-12T18:09:09Z","tags":{"oneway":"yes"}}},{"type":"Feature","geometry":{"type":"LineString","coordinates":[[73.75759,20.00802],[73.75762,20.00825],[73.75774,20.00895],[73.75778,20.00924],[73.75786,20.00971],[73.75791,20.01001],[73.75798,20.01036],[73.75814,20.01134],[73.75817,20.01149],[73.75824,20.01186]]},"properties":{"id":"road_w220784448","type":"road_segment","name":"Gajanan Janardhan Mhatre Road","name_local":null,"category":"tertiary","source":"openstreetmap","source_id":"way/220784448","updated_at":"2022-01-20T16:36:52Z","tags":{"lanes":"2","oneway":"no"}}},{"type":"Feature","geometry":{"type":"LineString","coordinates":[[73.78926,20.00677],[73.78923,20.00727],[73.78918,20.00818]]},"properties":{"id":"road_w229991251","type":"road_segment","name":"Teli Galli","name_local":null,"category":"residential","source":"openstreetmap","source_id":"way/229991251","updated_at":"2023-10-19T05:02:00Z","tags":{}}},{"type":"Feature","geometry":{"type":"LineString","coordinates":[[73.78961,20.00641],[73.78971,20.00644],[73.78989,20.0064],[73.79009,20.00633],[73.79038,20.00624],[73.7906,20.00617]]},"properties":{"id":"road_w229991305","type":"road_segment","name":"Gaydhani Lane","name_local":null,"category":"living_street","source":"openstreetmap","source_id":"way/229991305","updated_at":"2026-01-22T16:05:38Z","tags":{}}},{"type":"Feature","geometry":{"type":"LineString","coordinates":[[73.80909,19.98874],[73.80898,19.98914],[73.80884,19.99036],[73.80888,19.99071],[73.80894,19.9912],[73.80898,19.99148],[73.80905,19.99225],[73.80907,19.99247],[73.8092,19.99404],[73.80951,19.99567],[73.80955,19.99605],[73.80964,19.99744],[73.80974,19.99772]]},"properties":{"id":"road_w230005881","type":"road_segment","name":"Tapovan Road","name_local":null,"category":"secondary","source":"openstreetmap","source_id":"way/230005881","updated_at":"2023-08-30T05:27:06Z","tags":{"oneway":"yes"}}},{"type":"Feature","geometry":{"type":"LineString","coordinates":[[73.79652,19.99784],[73.79643,19.99779],[73.79611,19.99771],[73.79606,19.9977],[73.79582,19.99761],[73.79576,19.99756],[73.79553,19.99725],[73.79517,19.99698],[73.79478,19.9968],[73.79475,19.99679],[73.79434,19.99673],[73.79412,19.99672],[73.79369,19.99676],[73.79327,19.99682],[73.79289,19.99687],[73.79265,19.9969]]},"properties":{"id":"road_w230072185","type":"road_segment","name":"Koknipura Road","name_local":null,"category":"residential","source":"openstreetmap","source_id":"way/230072185","updated_at":"2026-03-14T12:10:39Z","tags":{}}},{"type":"Feature","geometry":{"type":"LineString","coordinates":[[73.79216,19.99582],[73.79209,19.99567],[73.79207,19.99562],[73.79181,19.99529],[73.79142,19.99484],[73.79091,19.99434]]},"properties":{"id":"road_w230072190","type":"road_segment","name":"Imam Shahi Road","name_local":null,"category":"unclassified","source":"openstreetmap","source_id":"way/230072190","updated_at":"2026-01-11T02:26:58Z","tags":{}}},{"type":"Feature","geometry":{"type":"LineString","coordinates":[[73.79652,19.99784],[73.79669,19.99782],[73.79689,19.99774],[73.79705,19.99767],[73.79726,19.99765],[73.79742,19.99765],[73.79761,19.99765],[73.79776,19.9976],[73.7979,19.99752],[73.79808,19.99742],[73.7983,19.99731],[73.7984,19.99726],[73.79878,19.99712],[73.79938,19.9969],[73.79986,19.99666],[73.80013,19.99643],[73.80026,19.99622],[73.80039,19.99608]]},"properties":{"id":"road_w230072201","type":"road_segment","name":"Koknipura Road","name_local":null,"category":"residential","source":"openstreetmap","source_id":"way/230072201","updated_at":"2024-09-18T04:21:56Z","tags":{}}},{"type":"Feature","geometry":{"type":"LineString","coordinates":[[73.79956,19.99364],[73.80012,19.99353],[73.80037,19.9935],[73.80081,19.99343],[73.80102,19.9934],[73.80104,19.9934],[73.80276,19.99321],[73.8032,19.99316],[73.80365,19.99312],[73.80421,19.99304],[73.80446,19.99301],[73.80491,19.99294],[73.80521,19.99287],[73.80573,19.99275]]},"properties":{"id":"road_w230098371","type":"road_segment","name":"Kathe Lane","name_local":null,"category":"residential","source":"openstreetmap","source_id":"way/230098371","updated_at":"2017-10-14T03:40:18Z","tags":{}}},{"type":"Feature","geometry":{"type":"LineString","coordinates":[[73.77623,19.9941],[73.77621,19.99328],[73.77625,19.99314]]},"properties":{"id":"road_w230101462","type":"road_segment","name":"Shrihari Narayan Kute Marg","name_local":null,"category":"tertiary","source":"openstreetmap","source_id":"way/230101462","updated_at":"2026-01-12T18:09:09Z","tags":{"lanes":"2","surface":"asphalt","oneway":"no"}}},{"type":"Feature","geometry":{"type":"LineString","coordinates":[[73.78403,19.99797],[73.78406,19.99789],[73.78415,19.99768],[73.78423,19.99741],[73.78428,19.99722],[73.7843,19.99717],[73.78436,19.99677],[73.78436,19.99666],[73.78437,19.99645],[73.78442,19.99562],[73.78446,19.99363],[73.78446,19.99344],[73.78447,19.99335]]},"properties":{"id":"road_w230102925","type":"road_segment","name":"ND Patel Road","name_local":null,"category":"unclassified","source":"openstreetmap","source_id":"way/230102925","updated_at":"2026-01-11T05:56:33Z","tags":{}}},{"type":"Feature","geometry":{"type":"LineString","coordinates":[[73.79038,19.99426],[73.79049,19.99417],[73.7905,19.99415],[73.79053,19.99407],[73.79056,19.99391],[73.79057,19.9938],[73.79056,19.99376],[73.79046,19.99347],[73.79033,19.99324],[73.79025,19.99314],[73.78985,19.99262],[73.78929,19.99187],[73.78897,19.99147],[73.7888,19.99124],[73.78872,19.99111],[73.78863,19.99101],[73.78851,19.99091],[73.78839,19.99082],[73.78837,19.9908],[73.78825,19.99073],[73.78812,19.99066],[73.78795,19.9906],[73.78767,19.99049],[73.78729,19.99033],[73.78718,19.99028],[73.78702,19.9902],[73.78689,19.9901],[73.78684,19.99005],[73.78654,19.98975],[73.78645,19.98967],[73.78605,19.9893],[73.78588,19.98916],[73.78573,19.98903],[73.78562,19.98894],[73.78552,19.98887],[73.78514,19.9887],[73.78506,19.98865],[73.78487,19.98852],[73.78475,19.98842],[73.7846,19.98827],[73.78449,19.98812],[73.78438,19.98794],[73.7843,19.9878],[73.78418,19.98758],[73.78416,19.98753]]},"properties":{"id":"road_w230102929","type":"road_segment","name":"Maulana Abdul Kalam Azad Road","name_local":null,"category":"tertiary","source":"openstreetmap","source_id":"way/230102929","updated_at":"2026-01-10T19:40:17Z","tags":{"oneway":"yes"}}},{"type":"Feature","geometry":{"type":"LineString","coordinates":[[73.79645,19.99344],[73.7964,19.99319],[73.79637,19.99275],[73.7963,19.99225],[73.79625,19.99207],[73.79607,19.9915],[73.79599,19.99123],[73.79594,19.99108],[73.79581,19.9906],[73.79559,19.98979],[73.79548,19.98939],[73.7953,19.98841],[73.79524,19.98813],[73.79524,19.98809],[73.79521,19.98796],[73.79517,19.98773],[73.79508,19.98723],[73.79505,19.98707],[73.79505,19.987]]},"properties":{"id":"road_w230288897","type":"road_segment","name":"Pakhal Road","name_local":null,"category":"tertiary","source":"openstreetmap","source_id":"way/230288897","updated_at":"2024-08-06T03:24:48Z","tags":{}}},{"type":"Feature","geometry":{"type":"LineString","coordinates":[[73.80105,19.98712],[73.80101,19.98726],[73.80092,19.98747]]},"properties":{"id":"road_w230300981","type":"road_segment","name":"Nashik Pune Highway","name_local":null,"category":"trunk","source":"openstreetmap","source_id":"way/230300981","updated_at":"2023-03-21T14:54:58Z","tags":{"ref":"NH60","lanes":"3","oneway":"yes"}}},{"type":"Feature","geometry":{"type":"LineString","coordinates":[[73.79245,19.9812],[73.79241,19.98109],[73.79241,19.98082],[73.79242,19.98072],[73.79252,19.97988],[73.79261,19.97907],[73.79268,19.97858],[73.79275,19.97802],[73.79282,19.97748],[73.79292,19.97671],[73.79294,19.97648],[73.79303,19.97588],[73.79305,19.97579],[73.79316,19.97546],[73.79322,19.97529],[73.7933,19.97499],[73.79332,19.97492],[73.79336,19.9748],[73.79343,19.97459],[73.79345,19.97454],[73.79347,19.97448],[73.79363,19.97413],[73.79375,19.97379],[73.79377,19.97372],[73.79381,19.97339],[73.79385,19.97313],[73.79392,19.97271]]},"properties":{"id":"road_w230300983","type":"road_segment","name":"Wadala Road","name_local":null,"category":"tertiary","source":"openstreetmap","source_id":"way/230300983","updated_at":"2026-01-11T10:26:43Z","tags":{"oneway":"yes"}}},{"type":"Feature","geometry":{"type":"LineString","coordinates":[[73.79368,19.992],[73.7936,19.99148],[73.79358,19.99131],[73.79352,19.99097],[73.79349,19.99082],[73.79338,19.99049],[73.79328,19.99023],[73.79321,19.99],[73.79316,19.98985],[73.7931,19.98968],[73.79301,19.98934],[73.79294,19.9891],[73.79284,19.98856]]},"properties":{"id":"road_w230301001","type":"road_segment","name":"Wadala Road","name_local":"वडाळा रस्ता","category":"secondary","source":"openstreetmap","source_id":"way/230301001","updated_at":"2024-08-08T06:59:06Z","tags":{"name:mr":"वडाळा रस्ता","lanes":"2","oneway":"yes"}}},{"type":"Feature","geometry":{"type":"LineString","coordinates":[[73.80671,19.97927],[73.80657,19.97929],[73.80631,19.97945],[73.80612,19.97957],[73.80573,19.97965],[73.80481,19.97984],[73.80426,19.97995],[73.8042,19.97996],[73.80345,19.98012],[73.80316,19.98018],[73.803,19.9802],[73.80238,19.98031],[73.80186,19.98037],[73.80153,19.98039],[73.80075,19.98042],[73.80062,19.98042],[73.80019,19.98042],[73.79969,19.98043],[73.79927,19.98051],[73.79877,19.9806],[73.79854,19.98062],[73.79801,19.98068],[73.79784,19.9807],[73.79765,19.98073],[73.7975,19.98075],[73.7967,19.98083],[73.79506,19.98096],[73.7948,19.98097],[73.79313,19.98105],[73.79252,19.98107],[73.79241,19.98109],[73.79234,19.98115],[73.79231,19.98145]]},"properties":{"id":"road_w230307834","type":"road_segment","name":"Ashok Marg","name_local":null,"category":"tertiary","source":"openstreetmap","source_id":"way/230307834","updated_at":"2026-01-11T10:26:43Z","tags":{"oneway":"yes"}}},{"type":"Feature","geometry":{"type":"LineString","coordinates":[[73.79988,19.98741],[73.79969,19.98739],[73.79955,19.98738],[73.79946,19.98736],[73.79936,19.98733],[73.79926,19.98728],[73.79913,19.98723],[73.79858,19.98695],[73.79815,19.98681],[73.79765,19.98668],[73.79743,19.98662],[73.79729,19.9866],[73.7972,19.98659],[73.79711,19.98658],[73.79686,19.9866],[73.79655,19.98665],[73.79647,19.98667],[73.7962,19.98672],[73.79568,19.9869],[73.79553,19.98693],[73.79527,19.98701],[73.79505,19.98707]]},"properties":{"id":"road_w230309769","type":"road_segment","name":"Nasardi River Road","name_local":null,"category":"tertiary","source":"openstreetmap","source_id":"way/230309769","updated_at":"2024-08-24T08:40:56Z","tags":{}}},{"type":"Feature","geometry":{"type":"LineString","coordinates":[[73.77257,20.00077],[73.7729,20.00073],[73.77328,20.00072],[73.77355,20.00075],[73.77384,20.0008],[73.77411,20.00091],[73.77419,20.00095],[73.77456,20.00119],[73.77506,20.0015]]},"properties":{"id":"road_w230309808","type":"road_segment","name":"Ranka Colony Road","name_local":null,"category":"unclassified","source":"openstreetmap","source_id":"way/230309808","updated_at":"2026-01-11T03:09:58Z","tags":{}}},{"type":"Feature","geometry":{"type":"LineString","coordinates":[[73.77679,20.00068],[73.77655,20.00005],[73.77631,19.99962],[73.77627,19.99953],[73.77611,19.99913],[73.77606,19.99897],[73.77606,19.99882],[73.77608,19.99832],[73.77614,19.9981],[73.77619,19.99776],[73.77617,19.99733],[73.77617,19.99682],[73.77621,19.9965],[73.77627,19.99624],[73.77633,19.99586],[73.77636,19.99574]]},"properties":{"id":"road_w230310943","type":"road_segment","name":"Tilak Wadi Road","name_local":null,"category":"tertiary","source":"openstreetmap","source_id":"way/230310943","updated_at":"2026-01-12T18:09:09Z","tags":{}}},{"type":"Feature","geometry":{"type":"LineString","coordinates":[[73.76658,20.00698],[73.767,20.00685],[73.76707,20.00683],[73.76739,20.00672],[73.76825,20.00644],[73.76912,20.00616],[73.76946,20.00605],[73.77077,20.00551],[73.7709,20.00548]]},"properties":{"id":"road_w230310960","type":"road_segment","name":"Patil lane","name_local":null,"category":"unclassified","source":"openstreetmap","source_id":"way/230310960","updated_at":"2026-01-11T03:29:32Z","tags":{}}},{"type":"Feature","geometry":{"type":"LineString","coordinates":[[73.7632,20.00547],[73.76302,20.00458],[73.76286,20.00393],[73.76272,20.00325],[73.76266,20.003]]},"properties":{"id":"road_w230310963","type":"road_segment","name":"Shraddha Mall Road","name_local":null,"category":"tertiary","source":"openstreetmap","source_id":"way/230310963","updated_at":"2024-08-09T06:14:02Z","tags":{}}},{"type":"Feature","geometry":{"type":"LineString","coordinates":[[73.77623,20.00609],[73.7762,20.00598],[73.77612,20.00536],[73.77603,20.00475],[73.77588,20.00424],[73.77572,20.0037],[73.77559,20.00324],[73.77542,20.00264],[73.77532,20.00231],[73.77524,20.00196]]},"properties":{"id":"road_w230310980","type":"road_segment","name":"Pandit Colony Road","name_local":null,"category":"unclassified","source":"openstreetmap","source_id":"way/230310980","updated_at":"2026-01-11T03:09:58Z","tags":{"oneway":"no"}}},{"type":"Feature","geometry":{"type":"LineString","coordinates":[[73.7709,20.00548],[73.77099,20.00547],[73.77221,20.00529],[73.77276,20.00522],[73.77362,20.00514],[73.77399,20.00511],[73.77498,20.00497],[73.77522,20.00492],[73.77603,20.00475]]},"properties":{"id":"road_w230310987","type":"road_segment","name":"Pandit Colony Road","name_local":null,"category":"unclassified","source":"openstreetmap","source_id":"way/230310987","updated_at":"2026-01-11T03:09:58Z","tags":{}}},{"type":"Feature","geometry":{"type":"LineString","coordinates":[[73.78079,19.99716],[73.78129,19.9973]]},"properties":{"id":"road_w230311000","type":"road_segment","name":"Trimbak Road","name_local":null,"category":"trunk","source":"openstreetmap","source_id":"way/230311000","updated_at":"2022-06-04T04:52:04Z","tags":{"ref":"NH848","oneway":"yes"}}},{"type":"Feature","geometry":{"type":"LineString","coordinates":[[73.77603,20.00475],[73.77676,20.00461],[73.77758,20.00441]]},"properties":{"id":"road_w230525161","type":"road_segment","name":"Lane Number 1","name_local":null,"category":"unclassified","source":"openstreetmap","source_id":"way/230525161","updated_at":"2026-01-11T03:09:58Z","tags":{}}},{"type":"Feature","geometry":{"type":"LineString","coordinates":[[73.77737,20.00348],[73.77656,20.00361],[73.77572,20.0037]]},"properties":{"id":"road_w230525162","type":"road_segment","name":"Lane Number 3","name_local":null,"category":"residential","source":"openstreetmap","source_id":"way/230525162","updated_at":"2017-09-05T17:06:15Z","tags":{}}},{"type":"Feature","geometry":{"type":"LineString","coordinates":[[73.77588,20.00424],[73.77639,20.00421],[73.77686,20.00413],[73.77749,20.00401]]},"properties":{"id":"road_w230525169","type":"road_segment","name":"Lane Number 2","name_local":null,"category":"residential","source":"openstreetmap","source_id":"way/230525169","updated_at":"2017-09-05T17:06:15Z","tags":{}}},{"type":"Feature","geometry":{"type":"LineString","coordinates":[[73.77786,20.00579],[73.77758,20.00441],[73.77749,20.00401],[73.77737,20.00348],[73.77725,20.00294],[73.77705,20.0018],[73.77695,20.00125]]},"properties":{"id":"road_w230525178","type":"road_segment","name":"Pandit Colony Road","name_local":null,"category":"tertiary","source":"openstreetmap","source_id":"way/230525178","updated_at":"2023-10-17T04:50:58Z","tags":{}}},{"type":"Feature","geometry":{"type":"LineString","coordinates":[[73.75422,19.99369],[73.75426,19.99355],[73.75431,19.99331],[73.75441,19.99296],[73.75453,19.99269],[73.75462,19.99255],[73.7548,19.99237],[73.75514,19.99209],[73.75563,19.99166],[73.75601,19.9914],[73.75643,19.99129],[73.75684,19.99122],[73.75723,19.99118],[73.75822,19.99111],[73.75885,19.99109],[73.75912,19.99108],[73.75945,19.99107],[73.76013,19.99106],[73.76037,19.99107],[73.76082,19.99109],[73.76168,19.99112],[73.76294,19.99118],[73.76315,19.9912],[73.76321,19.99118],[73.76326,19.99117],[73.7633,19.99114],[73.76347,19.99093]]},"properties":{"id":"road_w230525372","type":"road_segment","name":"Canal Link Road","name_local":null,"category":"secondary","source":"openstreetmap","source_id":"way/230525372","updated_at":"2026-01-12T18:09:09Z","tags":{"lanes":"2","oneway":"yes"}}},{"type":"Feature","geometry":{"type":"LineString","coordinates":[[73.75777,20.00351],[73.7572,20.00243],[73.75659,20.00271],[73.75644,20.0024],[73.75593,20.00249],[73.75507,20.00272],[73.75458,20.00274]]},"properties":{"id":"road_w230525377","type":"road_segment","name":"Parijat Nagar Road","name_local":null,"category":"tertiary","source":"openstreetmap","source_id":"way/230525377","updated_at":"2022-02-03T07:57:49Z","tags":{}}},{"type":"Feature","geometry":{"type":"LineString","coordinates":[[73.72462,20.0136],[73.72582,20.01282],[73.726,20.01273],[73.72735,20.01185],[73.7274,20.01182],[73.72746,20.01176],[73.72753,20.01169],[73.72759,20.01162],[73.72764,20.01156],[73.72768,20.01147],[73.72778,20.01112],[73.72784,20.01093],[73.72787,20.01083],[73.7279,20.01075],[73.72794,20.01066],[73.72797,20.0106],[73.72803,20.01052],[73.72818,20.01031],[73.72822,20.01026],[73.72826,20.01022],[73.72832,20.01015],[73.7284,20.01008],[73.72848,20.01003],[73.72857,20.00999],[73.72901,20.00983],[73.72963,20.00958],[73.72995,20.00943],[73.73152,20.00865],[73.73209,20.00835],[73.73286,20.00793],[73.73322,20.00782],[73.73451,20.0076],[73.73501,20.00751],[73.73532,20.00743],[73.73537,20.00743],[73.73584,20.00745],[73.73716,20.00724],[73.73775,20.00713],[73.73831,20.00702],[73.73923,20.00685],[73.74026,20.00665],[73.74056,20.00659],[73.74174,20.00637]]},"properties":{"id":"road_w230525532","type":"road_segment","name":"Right Canal Road","name_local":null,"category":"tertiary","source":"openstreetmap","source_id":"way/230525532","updated_at":"2026-01-11T10:26:43Z","tags":{}}},{"type":"Feature","geometry":{"type":"LineString","coordinates":[[73.75239,20.00117],[73.75221,19.99987],[73.75219,19.99971],[73.75201,19.99786],[73.75194,19.99733],[73.75178,19.99629],[73.7516,19.99536],[73.75149,19.99481],[73.7514,19.99424]]},"properties":{"id":"road_w230533382","type":"road_segment","name":"F Road","name_local":null,"category":"residential","source":"openstreetmap","source_id":"way/230533382","updated_at":"2024-08-07T05:08:38Z","tags":{}}},{"type":"Feature","geometry":{"type":"LineString","coordinates":[[73.75304,19.9965],[73.75286,19.99446]]},"properties":{"id":"road_w230533387","type":"road_segment","name":"D Road","name_local":null,"category":"residential","source":"openstreetmap","source_id":"way/230533387","updated_at":"2015-02-27T16:57:00Z","tags":{}}},{"type":"Feature","geometry":{"type":"LineString","coordinates":[[73.75232,19.99438],[73.75235,19.99547],[73.75243,19.99656],[73.75249,19.9973],[73.75251,19.99766],[73.75252,19.99778],[73.75265,19.99935],[73.75271,19.99982],[73.75285,20.00105]]},"properties":{"id":"road_w230533392","type":"road_segment","name":"B Road","name_local":null,"category":"residential","source":"openstreetmap","source_id":"way/230533392","updated_at":"2023-01-13T09:42:05Z","tags":{}}},{"type":"Feature","geometry":{"type":"LineString","coordinates":[[73.75323,19.99976],[73.75306,19.99771]]},"properties":{"id":"road_w230533394","type":"road_segment","name":"D Road","name_local":null,"category":"residential","source":"openstreetmap","source_id":"way/230533394","updated_at":"2015-02-27T16:57:00Z","tags":{}}},{"type":"Feature","geometry":{"type":"LineString","coordinates":[[73.76935,19.96864],[73.76904,19.96883],[73.7685,19.96916],[73.76847,19.96918],[73.76844,19.96919],[73.76841,19.96919],[73.7679,19.96927],[73.7673,19.96937],[73.76643,19.96951],[73.76633,19.96953],[73.76629,19.96953],[73.76625,19.96952],[73.76622,19.96951],[73.76618,19.96949],[73.7657,19.96901],[73.76523,19.96853],[73.76507,19.96836],[73.76473,19.96799],[73.76405,19.96718],[73.76379,19.96687],[73.76308,19.96597],[73.76302,19.9659],[73.76256,19.96536],[73.76237,19.96515],[73.76195,19.96462],[73.76175,19.96436],[73.76163,19.96422],[73.76156,19.96413],[73.76137,19.96388],[73.76118,19.96365],[73.76102,19.96345],[73.76094,19.96335],[73.76089,19.96329],[73.76084,19.96324],[73.76062,19.96303],[73.75944,19.9621],[73.75905,19.96179],[73.75853,19.96137],[73.75844,19.96129],[73.75731,19.96035],[73.75678,19.95992],[73.75641,19.95962],[73.7561,19.95936],[73.75593,19.95921],[73.75582,19.95912],[73.75579,19.95909],[73.75567,19.95897],[73.75546,19.95875]]},"properties":{"id":"road_w230535406","type":"road_segment","name":"Veer Sawarkar Marg","name_local":null,"category":"tertiary","source":"openstreetmap","source_id":"way/230535406","updated_at":"2024-09-16T11:59:05Z","tags":{"oneway":"yes"}}},{"type":"Feature","geometry":{"type":"LineString","coordinates":[[73.75523,19.98228],[73.75541,19.98207],[73.7556,19.98188],[73.75635,19.98178],[73.75666,19.98167],[73.75668,19.98166],[73.7567,19.98162],[73.75672,19.98145],[73.75668,19.98115],[73.75666,19.98094],[73.75663,19.9807],[73.75659,19.98037],[73.75656,19.98016],[73.75652,19.97979],[73.75651,19.97973],[73.75647,19.97941],[73.75647,19.97938],[73.75645,19.97923],[73.75644,19.97914],[73.75639,19.97871],[73.75638,19.97867],[73.75634,19.97842],[73.75622,19.97758],[73.75614,19.97706],[73.7561,19.97676],[73.75606,19.97655],[73.75606,19.9765],[73.75592,19.97557],[73.7559,19.97543],[73.75586,19.97518],[73.75584,19.97508],[73.75584,19.97505],[73.75578,19.97464],[73.75577,19.97457],[73.75569,19.97398],[73.75567,19.97383],[73.7556,19.97331],[73.75557,19.97306],[73.75546,19.97228],[73.75541,19.97191],[73.7554,19.97188],[73.75533,19.97136],[73.75529,19.97107],[73.75525,19.97078],[73.75522,19.97052],[73.75518,19.97026],[73.75515,19.97005],[73.75511,19.96972],[73.75504,19.96934]]},"properties":{"id":"road_w230535409","type":"road_segment","name":"M 20","name_local":null,"category":"tertiary","source":"openstreetmap","source_id":"way/230535409","updated_at":"2026-01-10T20:04:54Z","tags":{}}},{"type":"Feature","geometry":{"type":"LineString","coordinates":[[73.73938,19.96322],[73.73937,19.96464],[73.73939,19.96504],[73.7395,19.96539],[73.73952,19.9654],[73.73993,19.96595],[73.74006,19.96611],[73.74009,19.96617],[73.74038,19.96654],[73.74081,19.96702],[73.74119,19.96732],[73.74144,19.96753],[73.74179,19.96781],[73.74185,19.96786],[73.74205,19.96803],[73.74258,19.96848],[73.74266,19.96855],[73.74397,19.96966],[73.74445,19.97007]]},"properties":{"id":"road_w230535416","type":"road_segment","name":"Ambad Kamatwade Rd","name_local":null,"category":"tertiary","source":"openstreetmap","source_id":"way/230535416","updated_at":"2024-08-13T10:06:31Z","tags":{}}},{"type":"Feature","geometry":{"type":"LineString","coordinates":[[73.75412,19.98801],[73.75371,19.98716],[73.75363,19.98698],[73.75342,19.98654],[73.7533,19.98629],[73.75329,19.98626],[73.7532,19.98608],[73.75308,19.98583],[73.75304,19.98573],[73.75297,19.98559],[73.75289,19.98542],[73.75278,19.98519],[73.75309,19.98499],[73.75343,19.98466],[73.7538,19.98436],[73.75398,19.98421],[73.75487,19.98413],[73.75517,19.9841],[73.75524,19.9841],[73.75549,19.98407],[73.75582,19.98404],[73.75616,19.98401],[73.7566,19.98397]]},"properties":{"id":"road_w230535421","type":"road_segment","name":"Navjeevan Road","name_local":null,"category":"residential","source":"openstreetmap","source_id":"way/230535421","updated_at":"2019-10-25T03:11:13Z","tags":{}}},{"type":"Feature","geometry":{"type":"LineString","coordinates":[[73.75995,19.96799],[73.75953,19.96816],[73.75904,19.96836],[73.75896,19.96839],[73.75859,19.96854],[73.75805,19.96876],[73.75793,19.9688],[73.7576,19.96887],[73.75716,19.96895],[73.75673,19.96903],[73.75665,19.96904],[73.75646,19.96908],[73.75578,19.9692],[73.75547,19.96926],[73.75504,19.96934],[73.75428,19.96948],[73.75401,19.96953],[73.75395,19.96953],[73.75366,19.96959],[73.75354,19.96961]]},"properties":{"id":"road_w230535428","type":"road_segment","name":"Ambad Police Station Road","name_local":null,"category":"secondary","source":"openstreetmap","source_id":"way/230535428","updated_at":"2026-01-10T20:04:54Z","tags":{}}},{"type":"Feature","geometry":{"type":"LineString","coordinates":[[73.76004,19.96799],[73.76043,19.96838],[73.76086,19.9688],[73.76119,19.96914],[73.76161,19.96952],[73.76207,19.96998],[73.76215,19.97007],[73.76252,19.97042],[73.76313,19.97104],[73.76338,19.97129],[73.76377,19.97165],[73.76431,19.97214],[73.76441,19.97225],[73.76463,19.97246],[73.7647,19.97253],[73.765,19.97286],[73.7652,19.97307],[73.76535,19.97322],[73.76541,19.97327],[73.76559,19.97345],[73.76575,19.97362],[73.76586,19.97372],[73.76591,19.97377],[73.76661,19.97448],[73.7668,19.97467],[73.7672,19.97506],[73.76728,19.97514],[73.76768,19.97553],[73.76775,19.97558],[73.76792,19.97576],[73.76841,19.97621],[73.76911,19.97696],[73.76995,19.97782],[73.77036,19.97838],[73.77044,19.97848],[73.77056,19.97862]]},"properties":{"id":"road_w230535439","type":"road_segment","name":"Maharana Pratap Chowk Road","name_local":null,"category":"secondary","source":"openstreetmap","source_id":"way/230535439","updated_at":"2026-01-10T20:04:54Z","tags":{"oneway":"yes"}}},{"type":"Feature","geometry":{"type":"LineString","coordinates":[[73.74685,19.97071],[73.74731,19.97073],[73.74768,19.97075],[73.74806,19.97077],[73.74825,19.97079],[73.74839,19.97093],[73.74848,19.97104],[73.74854,19.97109],[73.74862,19.97115],[73.74873,19.97119],[73.74882,19.97123],[73.74908,19.97123],[73.74928,19.97119],[73.74988,19.97108],[73.75017,19.97102],[73.75086,19.97088],[73.75152,19.97076],[73.75201,19.97066],[73.7522,19.97062],[73.75252,19.97056],[73.75309,19.97045],[73.7537,19.97035],[73.7538,19.97033]]},"properties":{"id":"road_w230555230","type":"road_segment","name":"M 11","name_local":null,"category":"residential","source":"openstreetmap","source_id":"way/230555230","updated_at":"2024-08-13T06:03:25Z","tags":{}}},{"type":"Feature","geometry":{"type":"LineString","coordinates":[[73.76035,19.98388],[73.76032,19.98371],[73.76028,19.98342],[73.76018,19.98275],[73.76013,19.98246],[73.7601,19.98219],[73.76004,19.98179],[73.76,19.98147],[73.75998,19.98136],[73.75989,19.98074],[73.75977,19.97988],[73.75967,19.97912],[73.75954,19.97861],[73.75942,19.97818],[73.75937,19.97798],[73.75926,19.97758],[73.75914,19.9771],[73.7591,19.97681],[73.75907,19.97661],[73.75901,19.97609],[73.75897,19.97584],[73.75895,19.97568],[73.75887,19.97505],[73.75883,19.97478],[73.75881,19.97461],[73.75876,19.97424],[73.75869,19.9737],[73.75867,19.97353],[73.75864,19.97328],[73.75862,19.97313],[73.75859,19.97287],[73.75853,19.97242],[73.75845,19.97173],[73.75843,19.97157],[73.75832,19.97101],[73.75814,19.97],[73.75805,19.96955],[73.75798,19.96913],[73.75793,19.9688]]},"properties":{"id":"road_w230555231","type":"road_segment","name":"M 22","name_local":null,"category":"tertiary","source":"openstreetmap","source_id":"way/230555231","updated_at":"2026-01-11T03:29:32Z","tags":{}}},{"type":"Feature","geometry":{"type":"LineString","coordinates":[[73.75578,19.97464],[73.7563,19.97457],[73.75663,19.97453],[73.75748,19.97441],[73.75876,19.97424]]},"properties":{"id":"road_w230555235","type":"road_segment","name":"M 56","name_local":null,"category":"unclassified","source":"openstreetmap","source_id":"way/230555235","updated_at":"2026-01-11T03:29:32Z","tags":{}}},{"type":"Feature","geometry":{"type":"LineString","coordinates":[[73.75596,20.01206],[73.75594,20.01191],[73.75588,20.01147],[73.75586,20.01121],[73.75549,20.00858]]},"properties":{"id":"road_w230555730","type":"road_segment","name":"Mahatmanagar Link Road","name_local":null,"category":"secondary","source":"openstreetmap","source_id":"way/230555730","updated_at":"2026-01-12T18:09:09Z","tags":{"lanes":"3","surface":"asphalt","oneway":"yes"}}},{"type":"Feature","geometry":{"type":"LineString","coordinates":[[73.76086,20.01375],[73.76075,20.01376],[73.76067,20.01377],[73.76023,20.0138],[73.75975,20.01384],[73.75921,20.0139],[73.75869,20.01399],[73.75786,20.01415],[73.75714,20.0143],[73.75632,20.01451],[73.7562,20.01455]]},"properties":{"id":"road_w230555740","type":"road_segment","name":"Swami Samarth Mandir Road","name_local":null,"category":"tertiary","source":"openstreetmap","source_id":"way/230555740","updated_at":"2023-09-04T06:25:38Z","tags":{"oneway":"yes"}}},{"type":"Feature","geometry":{"type":"LineString","coordinates":[[73.74563,20.0124],[73.74562,20.01229],[73.7455,20.01147],[73.74547,20.01139],[73.74536,20.01118],[73.74526,20.01105],[73.74492,20.01064],[73.74342,20.00873],[73.74332,20.00859],[73.74305,20.00821],[73.74289,20.008],[73.74273,20.00777],[73.74261,20.0076],[73.74256,20.00754],[73.74235,20.00724],[73.74178,20.00643],[73.74174,20.00637]]},"properties":{"id":"road_w230555741","type":"road_segment","name":"Pipeline Road","name_local":null,"category":"tertiary","source":"openstreetmap","source_id":"way/230555741","updated_at":"2023-08-29T06:06:35Z","tags":{}}},{"type":"Feature","geometry":{"type":"LineString","coordinates":[[73.71362,19.9891],[73.7137,19.98913],[73.71417,19.98931],[73.71429,19.98935],[73.71443,19.9894],[73.71539,19.98951],[73.71585,19.98957],[73.7159,19.98957],[73.71662,19.98957],[73.71716,19.98957],[73.71729,19.98951],[73.71735,19.98948],[73.71789,19.98907],[73.71796,19.98894],[73.71819,19.98857],[73.71832,19.98837],[73.71872,19.98773],[73.71884,19.98748],[73.71896,19.98726],[73.71913,19.98679],[73.71921,19.98641],[73.71924,19.98629],[73.71935,19.9858],[73.71942,19.98548],[73.71973,19.98415],[73.71977,19.98402]]},"properties":{"id":"road_w230555742","type":"road_segment","name":"Ashok Nagar Road","name_local":null,"category":"tertiary","source":"openstreetmap","source_id":"way/230555742","updated_at":"2019-10-31T05:28:24Z","tags":{}}},{"type":"Feature","geometry":{"type":"LineString","coordinates":[[73.74051,20.003],[73.7413,20.00294],[73.74184,20.00289]]},"properties":{"id":"road_w230555745","type":"road_segment","name":"Kamgar Nagar Road","name_local":null,"category":"residential","source":"openstreetmap","source_id":"way/230555745","updated_at":"2024-09-16T05:51:11Z","tags":{"oneway":"no"}}},{"type":"Feature","geometry":{"type":"LineString","coordinates":[[73.79906,20.03415],[73.79901,20.03448],[73.799,20.03484],[73.79899,20.03508],[73.79895,20.03633],[73.79892,20.03705],[73.7989,20.03765],[73.7989,20.03772],[73.7989,20.03794],[73.79888,20.03891],[73.79892,20.03949],[73.79891,20.03993],[73.79891,20.0403],[73.79893,20.04063],[73.79894,20.04115],[73.79901,20.04257],[73.79903,20.0429],[73.79902,20.04303],[73.79905,20.04341],[73.7991,20.04378],[73.79913,20.04417],[73.79918,20.04448],[73.79917,20.04452],[73.79925,20.04552],[73.79921,20.04583],[73.79921,20.04629],[73.79921,20.04666],[73.7992,20.04706]]},"properties":{"id":"road_w230624703","type":"road_segment","name":"Kishor Surywanshi Marg","name_local":null,"category":"tertiary","source":"openstreetmap","source_id":"way/230624703","updated_at":"2024-09-18T06:08:12Z","tags":{}}},{"type":"Feature","geometry":{"type":"LineString","coordinates":[[73.83421,19.96434],[73.83423,19.96415],[73.83429,19.96335],[73.8343,19.96321],[73.83431,19.96308],[73.83432,19.96288],[73.83434,19.96236],[73.83435,19.96218],[73.83438,19.96161],[73.83441,19.96091],[73.83441,19.96082],[73.83445,19.9601],[73.8345,19.95902],[73.8345,19.95899],[73.83451,19.95854],[73.83452,19.9583],[73.83452,19.95825],[73.83453,19.95782],[73.83452,19.95771],[73.83451,19.95762],[73.83443,19.95711],[73.83441,19.95692]]},"properties":{"id":"road_w230632182","type":"road_segment","name":"Bytco Factory Rd","name_local":null,"category":"residential","source":"openstreetmap","source_id":"way/230632182","updated_at":"2024-08-09T03:31:25Z","tags":{}}},{"type":"Feature","geometry":{"type":"LineString","coordinates":[[73.82663,19.94652],[73.82644,19.9469],[73.82628,19.9473],[73.82626,19.9474],[73.82619,19.94787],[73.82608,19.94861],[73.82607,19.94866],[73.82602,19.949],[73.82596,19.94936],[73.82594,19.94941],[73.82578,19.95005],[73.82563,19.95045],[73.8256,19.95054],[73.82557,19.95062],[73.82549,19.95093],[73.82532,19.9515],[73.82529,19.95162],[73.82516,19.95216],[73.82511,19.95235],[73.82499,19.95283],[73.82492,19.95312],[73.8247,19.954],[73.82469,19.95405],[73.8246,19.95455],[73.82452,19.95503],[73.82451,19.95508],[73.82445,19.95545],[73.82442,19.95564],[73.82438,19.95586],[73.82422,19.95675],[73.82417,19.95698],[73.82415,19.95708],[73.82409,19.95753],[73.82402,19.95772],[73.82395,19.95789],[73.82383,19.95814],[73.82364,19.95853],[73.82358,19.95863],[73.8234,19.95901],[73.82338,19.95904],[73.82319,19.95942],[73.823,19.9598],[73.82298,19.95985],[73.82284,19.96011],[73.82269,19.9604],[73.82266,19.96047],[73.82255,19.96068],[73.82242,19.96093],[73.82228,19.96121],[73.8219,19.96194],[73.8211,19.9635],[73.82108,19.96356],[73.82103,19.9637],[73.8215,19.96435],[73.82242,19.9656],[73.82248,19.96569]]},"properties":{"id":"road_w230632190","type":"road_segment","name":"Jai Bhavani Road","name_local":null,"category":"tertiary","source":"openstreetmap","source_id":"way/230632190","updated_at":"2024-08-06T11:53:30Z","tags":{"lanes":"1","maxspeed":"30","surface":"asphalt"}}},{"type":"Feature","geometry":{"type":"LineString","coordinates":[[73.83074,19.95362],[73.83123,19.95365],[73.83178,19.95369],[73.83231,19.95372],[73.83248,19.95373],[73.83287,19.95376],[73.83356,19.95379],[73.83456,19.95384]]},"properties":{"id":"road_w230632192","type":"road_segment","name":"Shivajirao Dhongade Road (S23)","name_local":null,"category":"residential","source":"openstreetmap","source_id":"way/230632192","updated_at":"2022-04-25T07:04:49Z","tags":{}}},{"type":"Feature","geometry":{"type":"LineString","coordinates":[[73.83735,19.95132],[73.83723,19.95132],[73.83463,19.95133],[73.83373,19.95127],[73.8334,19.95124],[73.83277,19.95121],[73.8316,19.95124],[73.83152,19.95125],[73.83092,19.95126],[73.82976,19.95124],[73.82969,19.95124],[73.82949,19.95123],[73.82879,19.95116],[73.82839,19.95113],[73.82773,19.95109]]},"properties":{"id":"road_w230632196","type":"road_segment","name":"Taran Talav Rd (S39)","name_local":null,"category":"tertiary","source":"openstreetmap","source_id":"way/230632196","updated_at":"2024-08-09T03:17:38Z","tags":{}}},{"type":"Feature","geometry":{"type":"LineString","coordinates":[[73.82103,19.9637],[73.82065,19.96429],[73.82045,19.96466],[73.81974,19.96593],[73.81966,19.96608],[73.81932,19.9667],[73.81919,19.96698],[73.81913,19.96753],[73.81907,19.96787],[73.81898,19.96818],[73.81895,19.9685]]},"properties":{"id":"road_w230632208","type":"road_segment","name":"Jai Bhavani Road","name_local":null,"category":"residential","source":"openstreetmap","source_id":"way/230632208","updated_at":"2022-05-25T08:19:54Z","tags":{"maxspeed":"30","surface":"asphalt"}}},{"type":"Feature","geometry":{"type":"LineString","coordinates":[[73.83042,19.95651],[73.83048,19.95591],[73.83056,19.95522]]},"properties":{"id":"road_w230632218","type":"road_segment","name":"Taran Talav Rd (S40)","name_local":null,"category":"residential","source":"openstreetmap","source_id":"way/230632218","updated_at":"2016-07-06T10:47:55Z","tags":{}}},{"type":"Feature","geometry":{"type":"LineString","coordinates":[[73.83231,19.95372],[73.83231,19.95411],[73.8323,19.95443]]},"properties":{"id":"road_w230632236","type":"road_segment","name":"9","name_local":null,"category":"residential","source":"openstreetmap","source_id":"way/230632236","updated_at":"2023-08-29T05:01:07Z","tags":{}}},{"type":"Feature","geometry":{"type":"LineString","coordinates":[[73.83164,20.01929],[73.83163,20.01934],[73.83158,20.01951],[73.83155,20.01959],[73.83111,20.02115],[73.83107,20.02131],[73.83105,20.02137],[73.83103,20.02143],[73.83085,20.02183],[73.83075,20.02207],[73.83058,20.02246],[73.83047,20.02269],[73.83005,20.02365],[73.82998,20.02381],[73.82973,20.02419],[73.82964,20.02433],[73.82939,20.02473],[73.82927,20.02489],[73.8291,20.0251],[73.82893,20.02528],[73.82883,20.02539],[73.82881,20.02541],[73.82853,20.02573],[73.82739,20.0268],[73.82731,20.02687],[73.82672,20.02735],[73.82639,20.02751],[73.82561,20.0279],[73.8255,20.02796],[73.82533,20.02805],[73.82502,20.0282],[73.8232,20.02912],[73.82247,20.02942],[73.82214,20.02951],[73.8219,20.02957],[73.82182,20.02959],[73.82081,20.02987],[73.82022,20.03003],[73.82013,20.03007],[73.81868,20.03063],[73.81849,20.0307],[73.81789,20.0308],[73.81725,20.03095],[73.8165,20.03112]]},"properties":{"id":"road_w230964585","type":"road_segment","name":"Meri-Rasbihari Link Road","name_local":null,"category":"secondary","source":"openstreetmap","source_id":"way/230964585","updated_at":"2026-01-11T09:22:41Z","tags":{}}},{"type":"Feature","geometry":{"type":"LineString","coordinates":[[73.81674,19.97041],[73.81695,19.97053],[73.81842,19.97104],[73.81855,19.97108],[73.81902,19.97128],[73.8198,19.97162],[73.81988,19.97165],[73.82045,19.97182],[73.82063,19.97186],[73.82111,19.97198],[73.82172,19.97213],[73.8228,19.97237],[73.823,19.97244],[73.82298,19.97259],[73.82296,19.97281]]},"properties":{"id":"road_w230965153","type":"road_segment","name":"Takli Road","name_local":null,"category":"secondary","source":"openstreetmap","source_id":"way/230965153","updated_at":"2026-01-11T09:29:08Z","tags":{}}},{"type":"Feature","geometry":{"type":"LineString","coordinates":[[73.81887,19.96922],[73.81919,19.96932],[73.81938,19.96935],[73.81995,19.96941],[73.82081,19.96951],[73.82233,19.96964],[73.82307,19.9697],[73.82324,19.96972],[73.82362,19.96975],[73.82415,19.9698],[73.82501,19.96989],[73.82511,19.96989],[73.82541,19.96991],[73.82632,19.96997],[73.82676,19.96993],[73.82821,19.9698],[73.82854,19.96978],[73.82971,19.96972],[73.82982,19.96972],[73.83064,19.96973],[73.83092,19.96974],[73.83163,19.96978],[73.83197,19.96979],[73.83223,19.9698],[73.83375,19.96985],[73.83432,19.96983],[73.83477,19.96979],[73.83544,19.96974],[73.83589,19.96972],[73.83598,19.96972],[73.83616,19.96972],[73.83627,19.96973],[73.83638,19.96973],[73.83656,19.96974],[73.83681,19.96977],[73.83755,19.96987],[73.83779,19.9699],[73.83863,19.96996],[73.83891,19.97004],[73.83909,19.97009],[73.83943,19.97019],[73.84013,19.97041]]},"properties":{"id":"road_w230965160","type":"road_segment","name":"Canal Road","name_local":null,"category":"tertiary","source":"openstreetmap","source_id":"way/230965160","updated_at":"2026-01-11T09:29:08Z","tags":{}}},{"type":"Feature","geometry":{"type":"LineString","coordinates":[[73.75622,19.97758],[73.75648,19.97755],[73.75679,19.97751],[73.75703,19.97748],[73.75716,19.97746],[73.75726,19.97745],[73.75754,19.97741],[73.75847,19.97729]]},"properties":{"id":"road_w243562382","type":"road_segment","name":"M 60","name_local":null,"category":"residential","source":"openstreetmap","source_id":"way/243562382","updated_at":"2016-08-12T10:43:09Z","tags":{}}},{"type":"Feature","geometry":{"type":"LineString","coordinates":[[73.88301,20.00144],[73.8837,20.00129]]},"properties":{"id":"road_w244751346","type":"road_segment","name":"SH 30","name_local":null,"category":"primary","source":"openstreetmap","source_id":"way/244751346","updated_at":"2018-08-24T23:14:32Z","tags":{"ref":"SH30","oneway":"yes","bridge":"yes"}}},{"type":"Feature","geometry":{"type":"LineString","coordinates":[[73.88079,20.00163],[73.88001,20.00165],[73.87962,20.00166],[73.87913,20.00169],[73.87858,20.00166],[73.87801,20.00158],[73.87651,20.00139],[73.87616,20.00131],[73.87541,20.00105],[73.87488,20.00089],[73.8743,20.00078],[73.87342,20.00067]]},"properties":{"id":"road_w244751347","type":"road_segment","name":"SH 30","name_local":null,"category":"primary","source":"openstreetmap","source_id":"way/244751347","updated_at":"2016-02-25T13:26:53Z","tags":{"ref":"SH30","lanes":"2","surface":"asphalt","oneway":"yes"}}},{"type":"Feature","geometry":{"type":"LineString","coordinates":[[73.83319,19.88119],[73.83319,19.8817],[73.83319,19.8818],[73.83318,19.8828],[73.83317,19.88374],[73.83317,19.88465],[73.83315,19.88507],[73.83307,19.88592],[73.83306,19.88602],[73.83298,19.88676],[73.83274,19.88808],[73.83278,19.88949],[73.83282,19.88978],[73.83285,19.89003],[73.83294,19.89068],[73.833,19.89108],[73.83302,19.89123],[73.83321,19.89286],[73.83326,19.89322],[73.83325,19.89355],[73.83289,19.89413],[73.83267,19.89459],[73.83262,19.89484],[73.8325,19.8952],[73.83238,19.89541],[73.83222,19.89557],[73.83217,19.89565],[73.83208,19.89579],[73.83171,19.89636]]},"properties":{"id":"road_w255238826","type":"road_segment","name":"Lam Road","name_local":null,"category":"secondary","source":"openstreetmap","source_id":"way/255238826","updated_at":"2024-06-03T06:01:44Z","tags":{"ref":"MDR55"}}},{"type":"Feature","geometry":{"type":"LineString","coordinates":[[73.8426,19.95109],[73.84198,19.95118],[73.84172,19.95121],[73.84149,19.95126],[73.84117,19.95139],[73.84079,19.95159]]},"properties":{"id":"road_w257424201","type":"road_segment","name":"Nashik Road Railway Station Exit","name_local":null,"category":"secondary","source":"openstreetmap","source_id":"way/257424201","updated_at":"2024-09-23T09:51:57Z","tags":{"lanes":"2","oneway":"yes"}}},{"type":"Feature","geometry":{"type":"LineString","coordinates":[[73.76415,20.01027],[73.76423,20.01071],[73.76428,20.01107],[73.76437,20.01176],[73.76449,20.01263],[73.76453,20.01287],[73.76462,20.01354]]},"properties":{"id":"road_w257428739","type":"road_segment","name":"Saubhagya Nagar Road","name_local":null,"category":"tertiary","source":"openstreetmap","source_id":"way/257428739","updated_at":"2022-09-06T04:43:44Z","tags":{}}},{"type":"Feature","geometry":{"type":"LineString","coordinates":[[73.75663,20.01672],[73.75659,20.01683],[73.75659,20.01692],[73.75658,20.01721],[73.75661,20.01777],[73.75663,20.0185],[73.75663,20.01872],[73.75665,20.0189],[73.7567,20.01901],[73.75675,20.01911],[73.75685,20.01921],[73.757,20.01933],[73.75704,20.01934]]},"properties":{"id":"road_w257428791","type":"road_segment","name":"DK Nagar Road","name_local":null,"category":"secondary","source":"openstreetmap","source_id":"way/257428791","updated_at":"2026-01-12T15:57:41Z","tags":{"oneway":"yes"}}},{"type":"Feature","geometry":{"type":"LineString","coordinates":[[73.82751,19.90074],[73.82756,19.90079],[73.82788,19.90104],[73.82829,19.90138],[73.8287,19.90171],[73.82908,19.90203],[73.82947,19.90234],[73.82975,19.90257],[73.83015,19.9029],[73.8305,19.90319],[73.83053,19.90321],[73.83117,19.90374]]},"properties":{"id":"road_w257774202","type":"road_segment","name":"Main Street","name_local":null,"category":"unclassified","source":"openstreetmap","source_id":"way/257774202","updated_at":"2026-03-11T07:33:18Z","tags":{}}},{"type":"Feature","geometry":{"type":"LineString","coordinates":[[73.83116,19.90425],[73.8307,19.90388],[73.83025,19.90351],[73.82994,19.90326],[73.82987,19.90321],[73.82977,19.90313],[73.82947,19.90288],[73.82918,19.90265],[73.8288,19.90234],[73.82841,19.90202],[73.82801,19.90169],[73.82779,19.90152],[73.82723,19.90106]]},"properties":{"id":"road_w257774209","type":"road_segment","name":"Mithai Street","name_local":null,"category":"unclassified","source":"openstreetmap","source_id":"way/257774209","updated_at":"2026-03-16T04:51:04Z","tags":{}}},{"type":"Feature","geometry":{"type":"LineString","coordinates":[[73.82858,19.90108],[73.82899,19.9014],[73.82937,19.90172],[73.82975,19.90203],[73.83008,19.9023],[73.83058,19.90271],[73.83079,19.90287],[73.83095,19.903],[73.83146,19.90343],[73.8329,19.90459]]},"properties":{"id":"road_w257774219","type":"road_segment","name":"Howson Road","name_local":null,"category":"tertiary","source":"openstreetmap","source_id":"way/257774219","updated_at":"2026-02-18T05:39:56Z","tags":{}}},{"type":"Feature","geometry":{"type":"LineString","coordinates":[[73.82361,19.89755],[73.82828,19.89767]]},"properties":{"id":"road_w258072145","type":"road_segment","name":"Dhondy Road","name_local":null,"category":"unclassified","source":"openstreetmap","source_id":"way/258072145","updated_at":"2026-02-16T09:58:58Z","tags":{}}},{"type":"Feature","geometry":{"type":"LineString","coordinates":[[73.83766,19.96354],[73.83766,19.963],[73.83613,19.96286]]},"properties":{"id":"road_w258072164","type":"road_segment","name":"R49","name_local":null,"category":"residential","source":"openstreetmap","source_id":"way/258072164","updated_at":"2023-08-29T11:31:52Z","tags":{}}},{"type":"Feature","geometry":{"type":"LineString","coordinates":[[73.83423,19.96415],[73.8351,19.96424],[73.83554,19.96426],[73.83601,19.96428]]},"properties":{"id":"road_w258072166","type":"road_segment","name":"R39","name_local":null,"category":"residential","source":"openstreetmap","source_id":"way/258072166","updated_at":"2022-04-25T07:04:49Z","tags":{}}},{"type":"Feature","geometry":{"type":"LineString","coordinates":[[73.81077,20.04591],[73.81113,20.04549],[73.81145,20.04519],[73.81169,20.04506],[73.81201,20.045],[73.81242,20.04502],[73.81402,20.0452],[73.81534,20.04529],[73.81593,20.04527],[73.81627,20.04523],[73.8164,20.0452],[73.81669,20.04511],[73.81828,20.04448],[73.8208,20.04371],[73.82117,20.04346],[73.82156,20.04317]]},"properties":{"id":"road_w268266209","type":"road_segment","name":"Mhasrul Adgaon Road","name_local":null,"category":"secondary","source":"openstreetmap","source_id":"way/268266209","updated_at":"2023-11-03T09:11:53Z","tags":{"oneway":"no"}}},{"type":"Feature","geometry":{"type":"LineString","coordinates":[[74.07426,20.04612],[74.07386,20.04625],[74.07351,20.04641],[74.07314,20.04658],[74.07285,20.04675],[74.07265,20.04687],[74.07217,20.04717],[74.07176,20.04742],[74.07138,20.04767],[74.07107,20.04796],[74.07083,20.04823],[74.07059,20.04853],[74.07037,20.04878],[74.07006,20.049],[74.0697,20.04913],[74.06935,20.04925],[74.06896,20.04934],[74.06851,20.04942],[74.06592,20.04997],[74.06417,20.05022],[74.06367,20.05034],[74.06283,20.05063],[74.06205,20.05106],[74.06124,20.05142],[74.06063,20.05171],[74.06012,20.05199],[74.05969,20.05225],[74.05925,20.05254],[74.05873,20.05285],[74.05822,20.05315],[74.05764,20.05346],[74.05711,20.05378],[74.05654,20.0541],[74.05572,20.05456],[74.05512,20.055],[74.0545,20.05541],[74.05392,20.05588],[74.05355,20.0561],[74.05302,20.05649],[74.05254,20.05678],[74.052,20.05701],[74.05151,20.05727],[74.05108,20.05752],[74.05078,20.05776],[74.05056,20.05809],[74.05028,20.05851],[74.05011,20.05886],[74.04968,20.05963],[74.04936,20.06011],[74.0489,20.06064],[74.04858,20.06096],[74.04827,20.06127],[74.04781,20.06167],[74.04738,20.06207],[74.04692,20.06248],[74.04659,20.06283],[74.04624,20.0632],[74.04592,20.06354],[74.04563,20.0639],[74.04537,20.06418],[74.04514,20.06448],[74.04502,20.06461]]},"properties":{"id":"road_w275752160","type":"road_segment","name":"Pimpalas Kothure Road","name_local":null,"category":"secondary","source":"openstreetmap","source_id":"way/275752160","updated_at":"2015-06-16T12:24:36Z","tags":{"ref":"MDR42","lanes":"1","surface":"asphalt"}}},{"type":"Feature","geometry":{"type":"LineString","coordinates":[[73.77636,19.98192],[73.77647,19.98197],[73.77718,19.98235],[73.77743,19.98247],[73.77786,19.98268],[73.77796,19.98273],[73.77839,19.98298],[73.77854,19.9831],[73.77861,19.98322]]},"properties":{"id":"road_w301349249","type":"road_segment","name":"Rajmata Jijau Marg","name_local":null,"category":"residential","source":"openstreetmap","source_id":"way/301349249","updated_at":"2022-09-05T13:06:46Z","tags":{}}},{"type":"Feature","geometry":{"type":"LineString","coordinates":[[73.78602,20.00447],[73.78606,20.0055],[73.78608,20.0059],[73.78608,20.00601],[73.78615,20.00653]]},"properties":{"id":"road_w301420093","type":"road_segment","name":"Vakil Wadi","name_local":null,"category":"residential","source":"openstreetmap","source_id":"way/301420093","updated_at":"2026-02-10T06:47:13Z","tags":{"oneway":"yes"}}},{"type":"Feature","geometry":{"type":"LineString","coordinates":[[74.0039,20.01137],[74.00277,20.01136],[74.00238,20.01135],[74.00202,20.01138],[74.00177,20.01141],[74.00145,20.01149],[74.00115,20.01161],[74.00074,20.01177],[74.00031,20.01214],[73.99733,20.01522],[73.99692,20.01578],[73.99658,20.01643],[73.99636,20.01698],[73.99625,20.01756],[73.99609,20.01913],[73.99609,20.01927],[73.99606,20.01955],[73.99605,20.01969]]},"properties":{"id":"road_w302033586","type":"road_segment","name":"Saikheda Road","name_local":null,"category":"secondary","source":"openstreetmap","source_id":"way/302033586","updated_at":"2016-02-25T13:31:23Z","tags":{"ref":"MDR43","oneway":"no"}}},{"type":"Feature","geometry":{"type":"LineString","coordinates":[[74.03082,20.00173],[74.0297,20.00289],[74.02579,20.00554],[74.02282,20.00737],[74.02073,20.00868],[74.02038,20.00885],[74.02018,20.00891],[74.02004,20.00895],[74.01681,20.00973],[74.01471,20.01023],[74.01439,20.01031],[74.01347,20.01053],[74.01299,20.01065],[74.01243,20.01079],[74.01223,20.01083],[74.00838,20.01167],[74.00734,20.0116],[74.00557,20.01149]]},"properties":{"id":"road_w302033588","type":"road_segment","name":"Saikheda Road","name_local":null,"category":"secondary","source":"openstreetmap","source_id":"way/302033588","updated_at":"2024-03-09T09:50:06Z","tags":{"ref":"MDR43","oneway":"no"}}},{"type":"Feature","geometry":{"type":"LineString","coordinates":[[73.76261,20.00279],[73.76253,20.00243],[73.7622,20.00104],[73.76218,20.00097],[73.76197,19.99997]]},"properties":{"id":"road_w302239981","type":"road_segment","name":"Shraddha Mall Road","name_local":null,"category":"tertiary","source":"openstreetmap","source_id":"way/302239981","updated_at":"2026-01-23T17:23:23Z","tags":{}}},{"type":"Feature","geometry":{"type":"LineString","coordinates":[[73.78188,19.98243],[73.78121,19.98266],[73.78114,19.98269],[73.78101,19.98272],[73.78052,19.98287],[73.78039,19.98291],[73.77947,19.98307],[73.77861,19.98322]]},"properties":{"id":"road_w302239984","type":"road_segment","name":"Govind Nagar Road","name_local":null,"category":"residential","source":"openstreetmap","source_id":"way/302239984","updated_at":"2022-11-03T14:41:13Z","tags":{}}},{"type":"Feature","geometry":{"type":"LineString","coordinates":[[74.07237,20.07319],[74.07165,20.07323],[74.07094,20.07323],[74.07035,20.07322],[74.0698,20.07315],[74.069,20.07303],[74.06254,20.07209],[74.06155,20.07195],[74.06082,20.07187],[74.05991,20.07178],[74.05854,20.07165],[74.05782,20.07158],[74.05686,20.0715],[74.05591,20.07142],[74.05535,20.07138],[74.05472,20.07133],[74.05422,20.0713],[74.05338,20.07123],[74.05302,20.07121],[74.05286,20.0712],[74.05245,20.07116],[74.05204,20.07113],[74.05159,20.07109],[74.05087,20.07103],[74.05032,20.07099],[74.04979,20.07094],[74.04937,20.07087],[74.04912,20.0708],[74.04889,20.07073],[74.04864,20.07062],[74.04841,20.0705],[74.0482,20.07036],[74.048,20.07021],[74.0477,20.06993],[74.04757,20.06979],[74.04745,20.06966],[74.04734,20.0695],[74.04709,20.06908],[74.04669,20.06835],[74.04633,20.06769],[74.04607,20.06723],[74.04584,20.06683],[74.04575,20.06663],[74.04558,20.06618],[74.04544,20.06579],[74.04502,20.06461],[74.04489,20.06429],[74.04473,20.06388],[74.04458,20.0635],[74.04447,20.06324],[74.04435,20.06295],[74.04425,20.06276],[74.0441,20.06257],[74.04393,20.06238],[74.04378,20.06225],[74.04362,20.06215],[74.04348,20.06209],[74.04336,20.06206],[74.04314,20.06203],[74.04266,20.06194],[74.04167,20.06176],[74.04091,20.06165],[74.0402,20.06154],[74.03945,20.06145],[74.03835,20.06132],[74.03744,20.0612],[74.03653,20.0611],[74.03616,20.06106],[74.03565,20.06098],[74.03532,20.0609],[74.0346,20.06069],[74.03389,20.06046]]},"properties":{"id":"road_w303133862","type":"road_segment","name":"SH 30","name_local":null,"category":"primary","source":"openstreetmap","source_id":"way/303133862","updated_at":"2016-02-25T14:19:11Z","tags":{"ref":"SH30","oneway":"yes"}}},{"type":"Feature","geometry":{"type":"LineString","coordinates":[[73.50767,20.06414],[73.50662,20.06488],[73.50555,20.06545],[73.50516,20.06564],[73.50485,20.06579],[73.50469,20.06587],[73.5044,20.06621],[73.50398,20.0668],[73.50359,20.06745],[73.50354,20.0677],[73.5036,20.06822],[73.50372,20.06851],[73.50365,20.06884],[73.50367,20.06907],[73.50372,20.06927],[73.50381,20.06946],[73.50389,20.06965],[73.50388,20.06986],[73.50368,20.07007],[73.50354,20.07017],[73.50331,20.07021],[73.50311,20.07012],[73.50291,20.06967],[73.50275,20.0695],[73.50255,20.06937],[73.50233,20.06917],[73.50212,20.06906],[73.50198,20.06915],[73.50195,20.0693],[73.50204,20.0695],[73.50215,20.06971],[73.50223,20.06997],[73.50223,20.07026],[73.50216,20.07057],[73.50207,20.07105],[73.50208,20.07142],[73.50218,20.07176],[73.50215,20.07195],[73.50204,20.07207],[73.50184,20.07221],[73.50168,20.0724],[73.50155,20.07261],[73.50143,20.07269],[73.50116,20.07268],[73.5009,20.07257],[73.50067,20.07252],[73.5005,20.07255],[73.50032,20.07268],[73.50018,20.07295],[73.49999,20.0731],[73.49983,20.07311],[73.49961,20.07304],[73.49934,20.07291],[73.49905,20.07284],[73.49892,20.07269],[73.49874,20.07243],[73.49865,20.07218],[73.4985,20.07176],[73.49834,20.07158],[73.49816,20.0716],[73.49807,20.07177],[73.49807,20.07202],[73.498,20.07229],[73.49791,20.07264],[73.49772,20.07297],[73.49767,20.07322],[73.49766,20.0735],[73.49759,20.07374],[73.49748,20.07379],[73.49729,20.07373],[73.49714,20.07356],[73.49696,20.07347],[73.49692,20.07348],[73.49688,20.07349],[73.49685,20.07357],[73.49686,20.0737],[73.49692,20.074],[73.49687,20.07429],[73.49676,20.07457],[73.49658,20.07471],[73.49635,20.07477],[73.49614,20.07468],[73.49579,20.07427],[73.49555,20.07389],[73.49526,20.07349],[73.4952,20.07341],[73.49498,20.07304],[73.49489,20.07294],[73.49481,20.07292],[73.49465,20.073],[73.49451,20.07313],[73.49432,20.07335],[73.49422,20.07342],[73.49392,20.07347],[73.49375,20.0736],[73.49372,20.07379],[73.49387,20.07409],[73.4938,20.07442],[73.49359,20.07525],[73.49345,20.07567],[73.49338,20.07597],[73.49326,20.07605],[73.49297,20.07601],[73.49247,20.07579],[73.49186,20.07547],[73.49159,20.0754],[73.49139,20.0753],[73.4911,20.07502],[73.49075,20.07498],[73.4906,20.07498],[73.49055,20.07506],[73.49058,20.07514],[73.49081,20.07524],[73.49114,20.07543],[73.49155,20.07567],[73.492,20.07591],[73.49233,20.07625],[73.49277,20.07639],[73.49306,20.07655],[73.49325,20.07682],[73.49339,20.0771],[73.4936,20.07734],[73.49359,20.0774],[73.49355,20.07745],[73.49349,20.07748],[73.49344,20.07747],[73.49335,20.0774],[73.49326,20.07728],[73.49309,20.07696],[73.49292,20.07675],[73.49242,20.07665],[73.49186,20.07652],[73.4913,20.0764],[73.49075,20.07624],[73.49031,20.07612],[73.49014,20.07628],[73.49028,20.07673],[73.49041,20.07706],[73.49041,20.0774],[73.4902,20.07759],[73.48992,20.07776],[73.48942,20.07829],[73.48918,20.07843],[73.48891,20.07862],[73.4885,20.0789],[73.48816,20.07921],[73.48798,20.07935],[73.48771,20.07939],[73.4875,20.07945],[73.48733,20.07952],[73.48734,20.07989],[73.48734,20.08024],[73.48738,20.08049],[73.48725,20.0809],[73.4872,20.08106],[73.48721,20.08117],[73.4875,20.08135],[73.48761,20.08143],[73.48768,20.08154],[73.48768,20.08173],[73.48765,20.08192],[73.48758,20.08225],[73.48758,20.08281],[73.4876,20.08325],[73.48774,20.08349],[73.48793,20.08372],[73.48813,20.08423],[73.48819,20.08455],[73.48824,20.08476],[73.48836,20.08501],[73.48834,20.08528],[73.48831,20.08555],[73.48823,20.08572],[73.48822,20.08632],[73.48828,20.08741],[73.48825,20.08814],[73.48799,20.08906],[73.48785,20.08922],[73.4877,20.08932],[73.48743,20.08949],[73.48715,20.08967],[73.48692,20.08994],[73.48674,20.09009],[73.48653,20.09021],[73.48643,20.09035],[73.48636,20.09058],[73.4863,20.09074],[73.48586,20.09089],[73.48566,20.09108],[73.48547,20.09125],[73.48536,20.09146],[73.48515,20.09154],[73.4849,20.09165],[73.48469,20.09183],[73.48444,20.09214],[73.48431,20.09233],[73.48427,20.0925],[73.48431,20.09267],[73.48432,20.09287],[73.48423,20.09299],[73.48401,20.09313],[73.48386,20.09338],[73.48373,20.09372],[73.48371,20.09399],[73.48393,20.09441],[73.48423,20.09489],[73.48435,20.09516],[73.48446,20.09543],[73.48457,20.09573],[73.48457,20.09628],[73.48462,20.09681],[73.48459,20.09718],[73.48416,20.09757],[73.48302,20.09845],[73.48257,20.09874],[73.48222,20.09887],[73.48184,20.09891],[73.48162,20.09901],[73.48149,20.09922],[73.48147,20.09974],[73.48151,20.10025],[73.4813,20.10118],[73.4811,20.10162],[73.48056,20.10212],[73.47938,20.10311],[73.47906,20.10338],[73.47783,20.10447],[73.47732,20.10521],[73.47593,20.1061],[73.4755,20.10672],[73.47533,20.10722],[73.47538,20.1079],[73.47585,20.10876],[73.47609,20.10915],[73.47613,20.10956],[73.47556,20.11103],[73.47518,20.11292]]},"properties":{"id":"road_w303157932","type":"road_segment","name":"State Highway 26","name_local":null,"category":"primary","source":"openstreetmap","source_id":"way/303157932","updated_at":"2025-05-04T07:43:39Z","tags":{"ref":"SH26;SH21","oneway":"no"}}},{"type":"Feature","geometry":{"type":"LineString","coordinates":[[73.74198,19.99173],[73.74159,19.99169],[73.73913,19.99132],[73.73891,19.99129],[73.73846,19.99124],[73.73789,19.99128],[73.73689,19.99118],[73.73612,19.99111],[73.73563,19.99108],[73.73545,19.99106],[73.73525,19.99104],[73.73497,19.991],[73.73444,19.99095],[73.73393,19.99089],[73.73366,19.99084],[73.73328,19.99077],[73.73199,19.99052],[73.73144,19.9904],[73.73122,19.9903],[73.73097,19.99026]]},"properties":{"id":"road_w303161168","type":"road_segment","name":"Trimbak Road","name_local":null,"category":"trunk","source":"openstreetmap","source_id":"way/303161168","updated_at":"2025-04-14T08:48:22Z","tags":{"ref":"NH848","oneway":"yes"}}},{"type":"Feature","geometry":{"type":"LineString","coordinates":[[73.50069,19.96739],[73.49869,19.96794],[73.49728,19.9692],[73.49194,19.97412],[73.49055,19.97571],[73.49014,19.97605],[73.48838,19.97662],[73.48554,19.97743],[73.48395,19.97788],[73.48324,19.97815],[73.47946,19.97984]]},"properties":{"id":"road_w304800593","type":"road_segment","name":"Jawhar Trimbhak Highway","name_local":null,"category":"trunk","source":"openstreetmap","source_id":"way/304800593","updated_at":"2024-05-24T11:22:11Z","tags":{"ref":"NH160A","oneway":"no"}}},{"type":"Feature","geometry":{"type":"LineString","coordinates":[[73.505,19.96518],[73.50464,19.96542]]},"properties":{"id":"road_w304800595","type":"road_segment","name":"Jawhar Trimbhak Highway","name_local":null,"category":"trunk","source":"openstreetmap","source_id":"way/304800595","updated_at":"2023-03-25T13:54:08Z","tags":{"ref":"NH160A","oneway":"no","bridge":"yes"}}},{"type":"Feature","geometry":{"type":"LineString","coordinates":[[73.55594,19.91763],[73.55508,19.91555],[73.55487,19.91524],[73.55464,19.91498],[73.55444,19.91472],[73.55431,19.91437],[73.55434,19.91394],[73.55433,19.91193],[73.55426,19.91168],[73.55413,19.91156],[73.55378,19.91128],[73.55357,19.91113],[73.55344,19.91079],[73.55332,19.91021],[73.55312,19.91],[73.55259,19.90941],[73.55241,19.90923],[73.55224,19.90886]]},"properties":{"id":"road_w304800597","type":"road_segment","name":"Maharashtra State Highway 21","name_local":null,"category":"trunk","source":"openstreetmap","source_id":"way/304800597","updated_at":"2018-02-24T16:37:15Z","tags":{"ref":"NH160A","oneway":"no"}}},{"type":"Feature","geometry":{"type":"LineString","coordinates":[[73.55605,19.9179],[73.55594,19.91763]]},"properties":{"id":"road_w304800600","type":"road_segment","name":"Maharashtra State Highway 21","name_local":null,"category":"trunk","source":"openstreetmap","source_id":"way/304800600","updated_at":"2018-02-24T16:37:16Z","tags":{"ref":"NH160A","oneway":"no","bridge":"yes"}}},{"type":"Feature","geometry":{"type":"LineString","coordinates":[[73.53753,19.93854],[73.53927,19.93967],[73.54123,19.94085],[73.54197,19.94125],[73.54208,19.94131],[73.5427,19.94159],[73.54367,19.94203],[73.5459,19.9431],[73.54692,19.94359],[73.54769,19.94399]]},"properties":{"id":"road_w304800644","type":"road_segment","name":"Trimbak Road","name_local":null,"category":"trunk","source":"openstreetmap","source_id":"way/304800644","updated_at":"2025-01-11T17:40:28Z","tags":{"ref":"NH160A","oneway":"yes"}}},{"type":"Feature","geometry":{"type":"LineString","coordinates":[[73.79505,19.98667],[73.79503,19.98503],[73.79502,19.98462],[73.79504,19.98436],[73.79509,19.98416],[73.79514,19.98397],[73.79516,19.98388],[73.7952,19.98375],[73.79533,19.98337],[73.79538,19.98325],[73.79564,19.98273],[73.79586,19.98226],[73.79606,19.98186],[73.79614,19.98169],[73.79623,19.9815],[73.79635,19.98125],[73.79645,19.98108],[73.79658,19.98096],[73.7967,19.98083]]},"properties":{"id":"road_w304800655","type":"road_segment","name":"Pakhal Road","name_local":null,"category":"tertiary","source":"openstreetmap","source_id":"way/304800655","updated_at":"2017-10-15T02:54:40Z","tags":{}}},{"type":"Feature","geometry":{"type":"LineString","coordinates":[[73.79236,19.98561],[73.79228,19.98518]]},"properties":{"id":"road_w304800676","type":"road_segment","name":"वडाळा रस्ता","name_local":null,"category":"secondary","source":"openstreetmap","source_id":"way/304800676","updated_at":"2015-07-08T04:34:48Z","tags":{"lanes":"2","surface":"asphalt","bridge":"yes"}}},{"type":"Feature","geometry":{"type":"LineString","coordinates":[[73.81088,20.02394],[73.8102,20.02408]]},"properties":{"id":"road_w304800684","type":"road_segment","name":"Dr Nanasaheb Dharmadhikari Marg","name_local":null,"category":"primary","source":"openstreetmap","source_id":"way/304800684","updated_at":"2026-01-12T15:57:41Z","tags":{"bridge":"yes"}}},{"type":"Feature","geometry":{"type":"LineString","coordinates":[[73.80092,20.02657],[73.80082,20.02661],[73.80061,20.02667],[73.79995,20.02681],[73.79836,20.02699],[73.79527,20.02734],[73.79517,20.02734],[73.79321,20.02725],[73.79227,20.02721],[73.79181,20.02719],[73.78963,20.02699],[73.78902,20.02689],[73.78865,20.02681],[73.78835,20.02673],[73.78726,20.02634],[73.78718,20.02631],[73.78709,20.02626]]},"properties":{"id":"road_w304800688","type":"road_segment","name":"VIBGYOR School Road","name_local":null,"category":"primary","source":"openstreetmap","source_id":"way/304800688","updated_at":"2026-01-12T15:57:41Z","tags":{"oneway":"yes"}}},{"type":"Feature","geometry":{"type":"LineString","coordinates":[[73.8837,20.00129],[73.88616,20.00073],[73.88671,20.00062],[73.88725,20.0005],[73.88816,20.00033],[73.88894,20.00016],[73.88922,20.00009],[73.88976,19.99993],[73.89055,19.99962],[73.8916,19.99925],[73.89249,19.99892],[73.89341,19.99853],[73.8938,19.99833],[73.89403,19.99818],[73.89431,19.99797],[73.89484,19.99755],[73.89512,19.99736],[73.8954,19.99719],[73.89559,19.99711],[73.8958,19.99704],[73.89777,19.99658],[73.8983,19.99647],[73.89869,19.99643],[73.89899,19.99645],[73.89932,19.99647],[73.89945,19.99647],[73.89985,19.99651],[73.90072,19.99659],[73.90222,19.99673],[73.90269,19.99679],[73.90353,19.99689],[73.90385,19.99693],[73.90476,19.99701],[73.90497,19.99703],[73.90544,19.9971],[73.90574,19.99713],[73.90602,19.99713],[73.90762,19.99709],[73.90783,19.99711],[73.90792,19.99714],[73.90823,19.99723],[73.90867,19.9974],[73.90936,19.99767],[73.90971,19.99781],[73.91034,19.99805],[73.91061,19.99814],[73.9109,19.99819],[73.91119,19.99818],[73.91143,19.99814],[73.9118,19.99804],[73.91223,19.99791],[73.91252,19.99781],[73.91332,19.99756],[73.91377,19.99747],[73.91452,19.99739],[73.91531,19.99732],[73.91623,19.99727],[73.91669,19.99727],[73.91701,19.99732],[73.91741,19.99742],[73.91766,19.99753],[73.9179,19.99765],[73.91813,19.99779],[73.91847,19.99802],[73.91947,19.99872],[73.91998,19.99907],[73.92045,19.99935],[73.92075,19.99951],[73.92082,19.99954],[73.92154,19.99983],[73.92192,19.99999],[73.92223,20.00006],[73.92258,20.0001],[73.92283,20.0001],[73.9233,20.00002],[73.92335,20.00001],[73.92389,19.99989],[73.92406,19.99985],[73.92443,19.99978],[73.92472,19.99973],[73.92522,19.99964],[73.92563,19.99959],[73.92611,19.99956],[73.92887,19.99959],[73.93008,19.9996],[73.93065,19.99962],[73.93114,19.99968],[73.93168,19.99982],[73.93256,20.00006],[73.93361,20.0004],[73.93428,20.00059],[73.93463,20.0007],[73.935,20.00078],[73.93528,20.00084],[73.93582,20.00091],[73.93639,20.00096],[73.93699,20.00098],[73.9373,20.00101],[73.93815,20.00113],[73.93907,20.00127],[73.94096,20.00158],[73.94199,20.00177],[73.9422,20.00181],[73.94332,20.00202],[73.94661,20.00268],[73.94798,20.00301],[73.94925,20.00332],[73.95062,20.00368],[73.95184,20.00401],[73.95282,20.00426],[73.95372,20.00449],[73.95489,20.00477],[73.95574,20.00498],[73.95589,20.00502],[73.95684,20.00521],[73.95723,20.00528],[73.95738,20.00531],[73.95805,20.00543],[73.95914,20.0056],[73.95997,20.00576],[73.96097,20.00599],[73.96198,20.00624],[73.96268,20.00638],[73.96324,20.00648],[73.96446,20.00665],[73.96548,20.00679],[73.96659,20.00698],[73.9689,20.00739],[73.97017,20.00763],[73.97105,20.00779],[73.97153,20.00789],[73.97268,20.00814],[73.97404,20.00847],[73.97544,20.00882],[73.97692,20.00917],[73.97787,20.00939],[73.97835,20.0095],[73.97869,20.0096],[73.97935,20.00982],[73.97985,20.01002],[73.98108,20.01056],[73.982,20.01096],[73.98339,20.01156],[73.98373,20.01169],[73.98437,20.01195],[73.98543,20.01234],[73.986,20.01257],[73.98657,20.01283],[73.98709,20.01311],[73.9882,20.01372],[73.98865,20.01399],[73.98924,20.01442],[73.99303,20.01744],[73.99533,20.01925],[73.99566,20.01952],[73.99583,20.01967],[73.99592,20.01979]]},"properties":{"id":"road_w304849117","type":"road_segment","name":"SH 30","name_local":null,"category":"primary","source":"openstreetmap","source_id":"way/304849117","updated_at":"2026-05-30T07:01:18Z","tags":{"ref":"SH30","oneway":"yes"}}},{"type":"Feature","geometry":{"type":"LineString","coordinates":[[74.03389,20.06046],[74.03274,20.06009]]},"properties":{"id":"road_w304849127","type":"road_segment","name":"SH 30","name_local":null,"category":"primary","source":"openstreetmap","source_id":"way/304849127","updated_at":"2016-02-25T14:19:08Z","tags":{"ref":"SH30","oneway":"yes","bridge":"yes"}}},{"type":"Feature","geometry":{"type":"LineString","coordinates":[[73.80118,19.98745],[73.80141,19.98716],[73.80144,19.987],[73.80146,19.98675]]},"properties":{"id":"road_w306917980","type":"road_segment","name":"Pune Nashik Road","name_local":null,"category":"trunk","source":"openstreetmap","source_id":"way/306917980","updated_at":"2023-03-21T14:54:58Z","tags":{"ref":"NH60","lanes":"3","surface":"asphalt","oneway":"yes"}}},{"type":"Feature","geometry":{"type":"LineString","coordinates":[[73.80146,19.98675],[73.80145,19.98645]]},"properties":{"id":"road_w306917981","type":"road_segment","name":"Nashik Pune Highway","name_local":null,"category":"trunk","source":"openstreetmap","source_id":"way/306917981","updated_at":"2023-03-21T14:54:58Z","tags":{"ref":"NH60","lanes":"3","surface":"asphalt","oneway":"yes","bridge":"yes"}}},{"type":"Feature","geometry":{"type":"LineString","coordinates":[[73.80134,19.98635],[73.80105,19.98712]]},"properties":{"id":"road_w306917990","type":"road_segment","name":"Nashik Pune Highway","name_local":null,"category":"trunk","source":"openstreetmap","source_id":"way/306917990","updated_at":"2023-03-21T14:54:58Z","tags":{"ref":"NH60","lanes":"3","surface":"asphalt","oneway":"yes","bridge":"yes"}}},{"type":"Feature","geometry":{"type":"LineString","coordinates":[[73.80148,19.98609],[73.80137,19.98629],[73.80134,19.98635]]},"properties":{"id":"road_w306917997","type":"road_segment","name":"Nashik Pune Highway","name_local":null,"category":"trunk","source":"openstreetmap","source_id":"way/306917997","updated_at":"2023-03-21T14:54:58Z","tags":{"ref":"NH60","lanes":"3","surface":"asphalt","oneway":"yes"}}},{"type":"Feature","geometry":{"type":"LineString","coordinates":[[73.52531,20.07018],[73.52479,20.07016]]},"properties":{"id":"road_w311379136","type":"road_segment","name":"State Highway 26","name_local":null,"category":"primary","source":"openstreetmap","source_id":"way/311379136","updated_at":"2014-11-06T10:42:09Z","tags":{"ref":"SH26","oneway":"no","bridge":"yes"}}},{"type":"Feature","geometry":{"type":"LineString","coordinates":[[73.52479,20.07016],[73.52425,20.07017],[73.524,20.07014],[73.52266,20.06971],[73.5223,20.06949],[73.52184,20.0695],[73.52138,20.06952],[73.5208,20.06963],[73.5202,20.06981],[73.51962,20.06981],[73.51917,20.06975],[73.51779,20.06943],[73.51744,20.06933],[73.51718,20.06917],[73.51696,20.06901],[73.51613,20.06876],[73.51551,20.06834],[73.51485,20.06792],[73.51461,20.06768],[73.51381,20.06733],[73.51366,20.0672],[73.51335,20.06694],[73.51273,20.06631],[73.51226,20.06611],[73.51148,20.06548],[73.51,20.06499],[73.50903,20.06468],[73.50784,20.06419],[73.50767,20.06414]]},"properties":{"id":"road_w311379137","type":"road_segment","name":"State Highway 26","name_local":null,"category":"primary","source":"openstreetmap","source_id":"way/311379137","updated_at":"2016-04-19T16:15:22Z","tags":{"ref":"SH26","oneway":"no"}}},{"type":"Feature","geometry":{"type":"LineString","coordinates":[[73.77405,20.04774],[73.77392,20.04779],[73.77378,20.04784],[73.77371,20.04786],[73.77365,20.04787],[73.7734,20.04791],[73.77318,20.04791],[73.77304,20.04792],[73.77275,20.04786],[73.77235,20.04781],[73.77227,20.0478],[73.77184,20.04779],[73.77176,20.04781],[73.7714,20.04791],[73.77008,20.04866],[73.76925,20.04912],[73.76846,20.04938],[73.7672,20.04989],[73.76606,20.05035],[73.76127,20.05234],[73.75675,20.05357],[73.75479,20.05428],[73.75336,20.05536],[73.75213,20.0559],[73.75149,20.05602],[73.75055,20.05619],[73.74879,20.05626],[73.74728,20.05567],[73.74517,20.05444],[73.74398,20.05425],[73.74387,20.05423]]},"properties":{"id":"road_w311525077","type":"road_segment","name":"SH 26","name_local":null,"category":"primary","source":"openstreetmap","source_id":"way/311525077","updated_at":"2023-04-18T22:49:57Z","tags":{"ref":"SH26"}}},{"type":"Feature","geometry":{"type":"LineString","coordinates":[[73.78826,19.99929],[73.78846,19.99935],[73.78893,19.99937],[73.789,19.9994],[73.78941,19.9994],[73.78963,19.99939],[73.78999,19.99935]]},"properties":{"id":"road_w311542970","type":"road_segment","name":"Khadkali Road","name_local":null,"category":"tertiary","source":"openstreetmap","source_id":"way/311542970","updated_at":"2026-03-17T04:47:41Z","tags":{}}},{"type":"Feature","geometry":{"type":"LineString","coordinates":[[73.78663,20.00024],[73.78659,20.00005],[73.78657,19.99987],[73.78654,19.99919],[73.78656,19.99898]]},"properties":{"id":"road_w312244005","type":"road_segment","name":"Tilak Road","name_local":null,"category":"secondary","source":"openstreetmap","source_id":"way/312244005","updated_at":"2026-01-11T03:29:32Z","tags":{"lanes":"2","surface":"asphalt","oneway":"yes"}}},{"type":"Feature","geometry":{"type":"LineString","coordinates":[[73.76255,19.99025],[73.76212,19.98995]]},"properties":{"id":"road_w315460988","type":"road_segment","name":"Ambad Link Road","name_local":null,"category":"secondary","source":"openstreetmap","source_id":"way/315460988","updated_at":"2024-08-14T03:42:35Z","tags":{"oneway":"yes","bridge":"yes"}}},{"type":"Feature","geometry":{"type":"LineString","coordinates":[[73.76912,19.99344],[73.76907,19.99342],[73.76865,19.99324],[73.76846,19.99313],[73.76836,19.99304],[73.76827,19.99289],[73.76825,19.99284],[73.76811,19.99254],[73.768,19.99243],[73.76787,19.99233],[73.76773,19.99225],[73.76745,19.99217],[73.7666,19.99201],[73.76611,19.99195],[73.7656,19.9919],[73.76544,19.99187],[73.76537,19.99184],[73.76532,19.99183],[73.76517,19.99176]]},"properties":{"id":"road_w315460989","type":"road_segment","name":"Ambad Link Road","name_local":null,"category":"primary","source":"openstreetmap","source_id":"way/315460989","updated_at":"2026-01-12T15:57:41Z","tags":{"oneway":"yes"}}},{"type":"Feature","geometry":{"type":"LineString","coordinates":[[73.74985,19.98848],[73.74999,19.98855],[73.75005,19.98857],[73.75014,19.98858],[73.75022,19.98859],[73.7505,19.98862],[73.75077,19.98874],[73.75086,19.98879],[73.75104,19.98881],[73.75123,19.9888],[73.75141,19.98878],[73.7517,19.98876],[73.75256,19.98869],[73.75282,19.98857],[73.75314,19.98843],[73.75333,19.98835],[73.7535,19.98828],[73.75353,19.98826],[73.75382,19.98815],[73.7539,19.98811],[73.75403,19.98805],[73.75412,19.98801],[73.75428,19.98794],[73.75432,19.98792],[73.75453,19.98783],[73.75467,19.98777],[73.75483,19.9877],[73.75524,19.98753],[73.75532,19.98749]]},"properties":{"id":"road_w315461007","type":"road_segment","name":"Untwadi Road","name_local":null,"category":"residential","source":"openstreetmap","source_id":"way/315461007","updated_at":"2026-02-02T08:17:28Z","tags":{}}},{"type":"Feature","geometry":{"type":"LineString","coordinates":[[73.77263,19.99114],[73.77207,19.99093],[73.77189,19.99085],[73.77171,19.99074],[73.77157,19.99064],[73.77147,19.99052],[73.77144,19.99047],[73.77107,19.98965],[73.77105,19.9896],[73.77083,19.98911],[73.77083,19.98908],[73.77077,19.98857],[73.77076,19.98849],[73.77074,19.98806],[73.77074,19.98754],[73.77076,19.9871],[73.77077,19.98706],[73.77078,19.98693],[73.77078,19.98684],[73.77074,19.98672]]},"properties":{"id":"road_w315461114","type":"road_segment","name":"Sawata Mali Road","name_local":null,"category":"tertiary","source":"openstreetmap","source_id":"way/315461114","updated_at":"2026-01-10T19:54:52Z","tags":{}}},{"type":"Feature","geometry":{"type":"LineString","coordinates":[[74.00466,19.84928],[74.00468,19.8493],[74.00503,19.84975],[74.00563,19.85051],[74.00579,19.8507],[74.0059,19.85085],[74.00597,19.85095],[74.00646,19.85157],[74.00661,19.85179],[74.00699,19.85252],[74.00721,19.85286],[74.00744,19.85319],[74.00782,19.85365],[74.00792,19.85376],[74.00826,19.85404],[74.00884,19.85442],[74.01079,19.85561],[74.01168,19.85615],[74.01177,19.8562],[74.01251,19.85665],[74.01991,19.86104],[74.02553,19.86443],[74.02587,19.86473],[74.02617,19.86505],[74.02647,19.86546],[74.0278,19.86796],[74.03042,19.8727],[74.03077,19.87323],[74.03128,19.87371],[74.03197,19.87428],[74.03326,19.87464],[74.03463,19.875],[74.03562,19.87541],[74.03665,19.87621],[74.03918,19.87819],[74.0414,19.88028],[74.04154,19.88041],[74.04364,19.88356],[74.04759,19.88961],[74.04836,19.8905],[74.04931,19.89167],[74.05003,19.89284],[74.05092,19.89467],[74.05145,19.89579],[74.05201,19.89688],[74.05347,19.89934],[74.05418,19.90113],[74.05506,19.90337],[74.05544,19.90426],[74.05566,19.90454],[74.05574,19.90458],[74.05626,19.90483],[74.05716,19.90507],[74.05736,19.90532],[74.05763,19.90567],[74.05918,19.90907],[74.0593,19.90934],[74.05961,19.90975],[74.06008,19.91015],[74.06334,19.91221],[74.06377,19.91253],[74.0642,19.91273],[74.06471,19.91281],[74.07454,19.91342],[74.08038,19.91374],[74.08109,19.91377],[74.08165,19.91385],[74.08207,19.91409],[74.08249,19.91432],[74.08255,19.91435],[74.08261,19.91439],[74.0869,19.91661],[74.0873,19.91679],[74.0875,19.91694],[74.0877,19.9173],[74.08791,19.91787],[74.08807,19.91828],[74.08894,19.92149],[74.08938,19.92355],[74.08972,19.92477],[74.08999,19.92581],[74.09108,19.92827],[74.09207,19.93044],[74.09244,19.93158],[74.09253,19.93216],[74.09267,19.9331],[74.09286,19.93436],[74.09306,19.93497],[74.09368,19.93807],[74.09424,19.9392],[74.09767,19.94541],[74.0988,19.94814],[74.09901,19.94864],[74.09962,19.95012],[74.10102,19.95414],[74.1015,19.95544],[74.10215,19.95719],[74.10235,19.95796],[74.10385,19.9617],[74.10522,19.96426],[74.10574,19.96534],[74.10679,19.96706],[74.11037,19.97373],[74.11253,19.97918],[74.11494,19.98313],[74.11571,19.98402],[74.1165,19.98579],[74.11708,19.98708],[74.11794,19.98749],[74.11811,19.98837],[74.11798,19.98955],[74.11785,19.99063],[74.11774,19.99125],[74.11799,19.99343],[74.1181,19.99426],[74.11854,19.99728]]},"properties":{"id":"road_w316453258","type":"road_segment","name":"SH 23","name_local":null,"category":"primary","source":"openstreetmap","source_id":"way/316453258","updated_at":"2024-12-10T16:48:27Z","tags":{"ref":"SH23"}}},{"type":"Feature","geometry":{"type":"LineString","coordinates":[[74.05903,19.97046],[74.0586,19.97059],[74.05825,19.97079],[74.05784,19.97109],[74.05333,19.97498],[74.05255,19.9759],[74.05244,19.97596],[74.0522,19.97621],[74.05206,19.97645],[74.052,19.9766],[74.05045,19.97865],[74.04858,19.98116],[74.04648,19.98372],[74.0428,19.98792],[74.03967,19.99155]]},"properties":{"id":"road_w316549918","type":"road_segment","name":"Saikheda Road","name_local":null,"category":"secondary","source":"openstreetmap","source_id":"way/316549918","updated_at":"2014-12-09T16:43:03Z","tags":{"ref":"MDR43","oneway":"no"}}},{"type":"Feature","geometry":{"type":"LineString","coordinates":[[73.75451,19.97347],[73.75419,19.97351],[73.75401,19.97354],[73.75358,19.97359],[73.75282,19.97367],[73.75214,19.97375]]},"properties":{"id":"road_w330353740","type":"road_segment","name":"M 53","name_local":null,"category":"residential","source":"openstreetmap","source_id":"way/330353740","updated_at":"2024-03-25T10:21:46Z","tags":{}}},{"type":"Feature","geometry":{"type":"LineString","coordinates":[[73.75461,19.97346],[73.7556,19.97331]]},"properties":{"id":"road_w330353741","type":"road_segment","name":"M 54","name_local":null,"category":"residential","source":"openstreetmap","source_id":"way/330353741","updated_at":"2024-03-25T10:01:10Z","tags":{}}},{"type":"Feature","geometry":{"type":"LineString","coordinates":[[73.74876,19.97337],[73.74928,19.97332],[73.74934,19.97332],[73.75005,19.97324],[73.75044,19.97322],[73.75158,19.97308],[73.75199,19.97303]]},"properties":{"id":"road_w330353742","type":"road_segment","name":"M 41","name_local":null,"category":"residential","source":"openstreetmap","source_id":"way/330353742","updated_at":"2024-08-13T09:51:10Z","tags":{}}},{"type":"Feature","geometry":{"type":"LineString","coordinates":[[73.75134,19.97218],[73.7503,19.97231]]},"properties":{"id":"road_w330357279","type":"road_segment","name":"M 39","name_local":null,"category":"residential","source":"openstreetmap","source_id":"way/330357279","updated_at":"2016-08-11T07:07:27Z","tags":{}}},{"type":"Feature","geometry":{"type":"LineString","coordinates":[[73.75591,19.97181],[73.75601,19.97179],[73.75719,19.97155]]},"properties":{"id":"road_w330357280","type":"road_segment","name":"M 28","name_local":null,"category":"residential","source":"openstreetmap","source_id":"way/330357280","updated_at":"2016-07-08T05:59:10Z","tags":{}}},{"type":"Feature","geometry":{"type":"LineString","coordinates":[[73.7494,19.97417],[73.7496,19.97461],[73.74967,19.97476],[73.74969,19.97479],[73.74971,19.9748],[73.74974,19.97481],[73.75098,19.97468],[73.75136,19.97464],[73.75232,19.97454]]},"properties":{"id":"road_w330357283","type":"road_segment","name":"M 43","name_local":null,"category":"residential","source":"openstreetmap","source_id":"way/330357283","updated_at":"2024-03-25T10:19:50Z","tags":{}}},{"type":"Feature","geometry":{"type":"LineString","coordinates":[[73.75719,19.97155],[73.75723,19.97186],[73.75706,19.97189],[73.7571,19.97218],[73.75728,19.9733]]},"properties":{"id":"road_w330357284","type":"road_segment","name":"M 29","name_local":null,"category":"residential","source":"openstreetmap","source_id":"way/330357284","updated_at":"2019-10-31T01:09:10Z","tags":{}}},{"type":"Feature","geometry":{"type":"LineString","coordinates":[[73.75847,19.97729],[73.75842,19.9769],[73.75841,19.97676],[73.7584,19.97667],[73.75837,19.97644],[73.75833,19.97618],[73.75901,19.97609]]},"properties":{"id":"road_w330357285","type":"road_segment","name":"M 58","name_local":null,"category":"residential","source":"openstreetmap","source_id":"way/330357285","updated_at":"2023-08-22T04:53:05Z","tags":{}}},{"type":"Feature","geometry":{"type":"LineString","coordinates":[[73.75361,19.97677],[73.75358,19.97661],[73.75355,19.97603],[73.7539,19.97602],[73.75421,19.976],[73.75441,19.97599],[73.75477,19.97597]]},"properties":{"id":"road_w330357288","type":"road_segment","name":"M 50","name_local":null,"category":"residential","source":"openstreetmap","source_id":"way/330357288","updated_at":"2024-03-25T10:13:30Z","tags":{}}},{"type":"Feature","geometry":{"type":"LineString","coordinates":[[73.74984,19.96985],[73.75032,19.96982],[73.75032,19.9698],[73.7503,19.96948]]},"properties":{"id":"road_w330357289","type":"road_segment","name":"M 13","name_local":null,"category":"residential","source":"openstreetmap","source_id":"way/330357289","updated_at":"2023-08-29T09:22:04Z","tags":{}}},{"type":"Feature","geometry":{"type":"LineString","coordinates":[[73.75301,19.97184],[73.75299,19.97165],[73.75298,19.97156],[73.75296,19.97148],[73.75294,19.97138],[73.75286,19.97116],[73.75251,19.9712],[73.75231,19.97123],[73.75161,19.97132]]},"properties":{"id":"road_w330357292","type":"road_segment","name":"M 32","name_local":null,"category":"residential","source":"openstreetmap","source_id":"way/330357292","updated_at":"2024-09-16T07:27:22Z","tags":{}}},{"type":"Feature","geometry":{"type":"LineString","coordinates":[[73.75309,19.97045],[73.75304,19.97011],[73.753,19.96979]]},"properties":{"id":"road_w330357293","type":"road_segment","name":"M 16","name_local":null,"category":"residential","source":"openstreetmap","source_id":"way/330357293","updated_at":"2023-08-26T09:09:01Z","tags":{}}},{"type":"Feature","geometry":{"type":"LineString","coordinates":[[73.75152,19.97076],[73.75144,19.97038],[73.75193,19.9703],[73.75248,19.9702],[73.75304,19.97011],[73.75361,19.96999]]},"properties":{"id":"road_w330357295","type":"road_segment","name":"M 15","name_local":null,"category":"residential","source":"openstreetmap","source_id":"way/330357295","updated_at":"2022-03-24T10:34:27Z","tags":{}}},{"type":"Feature","geometry":{"type":"LineString","coordinates":[[73.75249,19.97572],[73.75173,19.97577],[73.75092,19.97582],[73.75089,19.97584],[73.75087,19.97587],[73.75085,19.97652],[73.75085,19.97666],[73.75072,19.97735]]},"properties":{"id":"road_w330357296","type":"road_segment","name":"M 46","name_local":null,"category":"residential","source":"openstreetmap","source_id":"way/330357296","updated_at":"2024-08-13T09:51:10Z","tags":{}}},{"type":"Feature","geometry":{"type":"LineString","coordinates":[[73.75044,19.97322],[73.75036,19.97269],[73.7503,19.97231],[73.75023,19.97181],[73.75031,19.9718],[73.75121,19.97162],[73.75165,19.97154]]},"properties":{"id":"road_w330357306","type":"road_segment","name":"M 38","name_local":null,"category":"residential","source":"openstreetmap","source_id":"way/330357306","updated_at":"2024-03-25T09:42:04Z","tags":{}}},{"type":"Feature","geometry":{"type":"LineString","coordinates":[[73.75029,19.97709],[73.75037,19.97755],[73.75048,19.97802],[73.75049,19.97805],[73.75052,19.97822],[73.75059,19.97862],[73.7507,19.97927],[73.75071,19.97935]]},"properties":{"id":"road_w330357310","type":"road_segment","name":"M 65","name_local":null,"category":"residential","source":"openstreetmap","source_id":"way/330357310","updated_at":"2024-08-13T09:51:10Z","tags":{}}},{"type":"Feature","geometry":{"type":"LineString","coordinates":[[73.7496,19.97461],[73.74914,19.97469]]},"properties":{"id":"road_w330357322","type":"road_segment","name":"M 44","name_local":null,"category":"residential","source":"openstreetmap","source_id":"way/330357322","updated_at":"2016-08-11T07:07:27Z","tags":{}}},{"type":"Feature","geometry":{"type":"LineString","coordinates":[[73.75674,19.97529],[73.75757,19.9752],[73.75881,19.97506],[73.75887,19.97505]]},"properties":{"id":"road_w330357323","type":"road_segment","name":"M 57","name_local":null,"category":"residential","source":"openstreetmap","source_id":"way/330357323","updated_at":"2022-03-24T10:10:36Z","tags":{}}},{"type":"Feature","geometry":{"type":"LineString","coordinates":[[73.75005,19.97324],[73.75,19.97271],[73.74992,19.97231],[73.74964,19.97239],[73.74957,19.97246],[73.74959,19.97277],[73.75,19.97271]]},"properties":{"id":"road_w330357331","type":"road_segment","name":"M 40","name_local":null,"category":"residential","source":"openstreetmap","source_id":"way/330357331","updated_at":"2016-07-08T05:59:11Z","tags":{}}},{"type":"Feature","geometry":{"type":"LineString","coordinates":[[73.75174,19.97204],[73.75218,19.97197],[73.75257,19.97191],[73.75293,19.97185],[73.75301,19.97184],[73.7531,19.97183],[73.75327,19.97181],[73.75336,19.97179],[73.75405,19.97158]]},"properties":{"id":"road_w330357332","type":"road_segment","name":"M 33","name_local":null,"category":"residential","source":"openstreetmap","source_id":"way/330357332","updated_at":"2024-08-06T09:06:29Z","tags":{}}},{"type":"Feature","geometry":{"type":"LineString","coordinates":[[73.75345,19.97234],[73.75374,19.9723],[73.75428,19.97222]]},"properties":{"id":"road_w330357335","type":"road_segment","name":"M 35","name_local":null,"category":"residential","source":"openstreetmap","source_id":"way/330357335","updated_at":"2024-09-16T08:33:41Z","tags":{}}},{"type":"Feature","geometry":{"type":"LineString","coordinates":[[73.74928,19.97521],[73.7495,19.97518],[73.75005,19.97541],[73.75011,19.9756],[73.75016,19.97613],[73.75019,19.97671],[73.75019,19.97676],[73.75017,19.97681],[73.75008,19.97687]]},"properties":{"id":"road_w330357339","type":"road_segment","name":"M 45","name_local":null,"category":"residential","source":"openstreetmap","source_id":"way/330357339","updated_at":"2024-08-13T09:51:10Z","tags":{}}},{"type":"Feature","geometry":{"type":"LineString","coordinates":[[73.75104,19.97532],[73.75175,19.97524],[73.75177,19.97525],[73.75178,19.97526],[73.75179,19.97537],[73.75179,19.97539],[73.7518,19.9754],[73.75248,19.97531]]},"properties":{"id":"road_w330357345","type":"road_segment","name":"M 47","name_local":null,"category":"residential","source":"openstreetmap","source_id":"way/330357345","updated_at":"2023-08-28T11:49:21Z","tags":{}}},{"type":"Feature","geometry":{"type":"LineString","coordinates":[[73.75355,19.97603],[73.75341,19.97604],[73.75304,19.97605],[73.75251,19.97607]]},"properties":{"id":"road_w330357351","type":"road_segment","name":"M 51","name_local":null,"category":"residential","source":"openstreetmap","source_id":"way/330357351","updated_at":"2022-03-24T10:02:22Z","tags":{}}},{"type":"Feature","geometry":{"type":"LineString","coordinates":[[73.74855,19.98323],[73.74846,19.98275],[73.74842,19.98252],[73.74835,19.98233],[73.7483,19.98222],[73.74829,19.98218],[73.74824,19.98208],[73.74805,19.98179],[73.74795,19.98162],[73.74795,19.98162],[73.74789,19.98153],[73.74774,19.98112],[73.74759,19.98071],[73.74758,19.98067],[73.74746,19.98028],[73.74731,19.97984],[73.74727,19.97971],[73.74719,19.97931],[73.74713,19.97902],[73.74712,19.97896],[73.74705,19.97862],[73.747,19.97838],[73.74698,19.97829],[73.74697,19.97826],[73.74697,19.97789],[73.74697,19.97745],[73.74697,19.97703],[73.74697,19.977],[73.74697,19.97651],[73.74697,19.97628],[73.74689,19.97597],[73.74683,19.97554]]},"properties":{"id":"road_w330357353","type":"road_segment","name":"ITI Ambad Road","name_local":null,"category":"tertiary","source":"openstreetmap","source_id":"way/330357353","updated_at":"2025-02-03T10:25:08Z","tags":{}}},{"type":"Feature","geometry":{"type":"LineString","coordinates":[[73.75152,19.97076],[73.75161,19.97132],[73.75165,19.97154],[73.75174,19.97204],[73.75178,19.97226],[73.75191,19.97273],[73.75199,19.97303]]},"properties":{"id":"road_w330357354","type":"road_segment","name":"M 37","name_local":null,"category":"residential","source":"openstreetmap","source_id":"way/330357354","updated_at":"2022-03-24T10:34:27Z","tags":{}}},{"type":"Feature","geometry":{"type":"LineString","coordinates":[[73.74988,19.97108],[73.74985,19.97049],[73.75063,19.97045]]},"properties":{"id":"road_w330357357","type":"road_segment","name":"M 12","name_local":null,"category":"residential","source":"openstreetmap","source_id":"way/330357357","updated_at":"2024-03-25T09:32:40Z","tags":{}}},{"type":"Feature","geometry":{"type":"LineString","coordinates":[[73.75336,19.97179],[73.75339,19.97196],[73.75341,19.9721],[73.75345,19.97231],[73.75345,19.97234],[73.75348,19.97249],[73.75354,19.97285]]},"properties":{"id":"road_w330357361","type":"road_segment","name":"M 34","name_local":null,"category":"residential","source":"openstreetmap","source_id":"way/330357361","updated_at":"2024-08-06T09:08:56Z","tags":{}}},{"type":"Feature","geometry":{"type":"LineString","coordinates":[[73.75733,19.9573],[73.75739,19.95736],[73.75773,19.95765],[73.75777,19.95768],[73.75831,19.95814],[73.75884,19.9586],[73.75917,19.95888],[73.75935,19.95903],[73.75956,19.9592],[73.75964,19.95928],[73.76002,19.95959],[73.76004,19.95961],[73.76032,19.95984],[73.76064,19.9601],[73.761,19.96041],[73.76129,19.96066],[73.76219,19.96139]]},"properties":{"id":"road_w330357366","type":"road_segment","name":"Ashwin Nagar Service Road","name_local":null,"category":"unclassified","source":"openstreetmap","source_id":"way/330357366","updated_at":"2026-01-11T19:23:41Z","tags":{}}},{"type":"Feature","geometry":{"type":"LineString","coordinates":[[73.75833,19.97618],[73.75736,19.97631],[73.75702,19.97637],[73.7569,19.97639],[73.75687,19.97611],[73.75684,19.97585],[73.75674,19.97529],[73.75671,19.97504],[73.75663,19.97453]]},"properties":{"id":"road_w330357375","type":"road_segment","name":"M 59","name_local":null,"category":"residential","source":"openstreetmap","source_id":"way/330357375","updated_at":"2022-03-24T10:10:36Z","tags":{}}},{"type":"Feature","geometry":{"type":"LineString","coordinates":[[73.75862,19.97313],[73.75808,19.9732],[73.75795,19.97321],[73.75733,19.97329],[73.75728,19.9733],[73.75699,19.97333],[73.75638,19.97341],[73.75616,19.97344],[73.75609,19.97299],[73.75599,19.97232],[73.75597,19.97221],[73.75591,19.97181],[73.75562,19.97185],[73.7554,19.97188]]},"properties":{"id":"road_w330357381","type":"road_segment","name":"M 30","name_local":null,"category":"residential","source":"openstreetmap","source_id":"way/330357381","updated_at":"2023-08-26T09:21:05Z","tags":{}}},{"type":"Feature","geometry":{"type":"LineString","coordinates":[[73.74079,20.0048],[73.74011,20.00491],[73.73983,20.00496],[73.73929,20.00504],[73.73855,20.00516],[73.7381,20.00523],[73.73791,20.00526],[73.73783,20.00532],[73.73782,20.00546],[73.73779,20.00558],[73.73772,20.00562],[73.73758,20.00564],[73.73718,20.00564],[73.73659,20.00565],[73.73654,20.00565],[73.73635,20.00566],[73.73616,20.0057],[73.736,20.00577],[73.73536,20.00601],[73.73508,20.00611],[73.73461,20.00629]]},"properties":{"id":"road_w330542939","type":"road_segment","name":"Ganesh Nagar Road","name_local":null,"category":"unclassified","source":"openstreetmap","source_id":"way/330542939","updated_at":"2026-01-12T18:37:34Z","tags":{}}},{"type":"Feature","geometry":{"type":"LineString","coordinates":[[73.74655,20.00074],[73.74606,20.0007],[73.74508,20.00063],[73.74462,20.0006],[73.74369,20.00051],[73.74355,20.0005],[73.74354,20.00086],[73.74347,20.00171]]},"properties":{"id":"road_w330542952","type":"road_segment","name":"Suyojity Garden Road","name_local":null,"category":"residential","source":"openstreetmap","source_id":"way/330542952","updated_at":"2022-01-20T16:36:52Z","tags":{}}},{"type":"Feature","geometry":{"type":"LineString","coordinates":[[73.74655,20.00074],[73.74649,20.00047],[73.74665,20.00047],[73.74975,20.00091]]},"properties":{"id":"road_w330542959","type":"road_segment","name":"Suyojity Garden Road","name_local":null,"category":"residential","source":"openstreetmap","source_id":"way/330542959","updated_at":"2016-08-09T07:14:47Z","tags":{}}},{"type":"Feature","geometry":{"type":"LineString","coordinates":[[73.73398,20.00091],[73.73412,20.00222],[73.73441,20.00487]]},"properties":{"id":"road_w330542975","type":"road_segment","name":"Satpur MIDC Road","name_local":null,"category":"tertiary","source":"openstreetmap","source_id":"way/330542975","updated_at":"2026-01-12T18:37:34Z","tags":{}}},{"type":"Feature","geometry":{"type":"LineString","coordinates":[[73.72921,20.00354],[73.72912,20.00361],[73.72888,20.00365],[73.72868,20.00367],[73.72855,20.00371],[73.7285,20.00376],[73.72811,20.00499],[73.72798,20.00541],[73.72775,20.00611],[73.7277,20.00627],[73.72768,20.00634],[73.72763,20.00653],[73.72759,20.00676],[73.72758,20.00685],[73.72759,20.00688],[73.7276,20.00694],[73.72789,20.00792],[73.72788,20.00801],[73.72786,20.00808],[73.72773,20.00828],[73.72765,20.00836],[73.72758,20.00848],[73.72747,20.00903],[73.72737,20.00952],[73.72737,20.00974],[73.72744,20.00983],[73.72747,20.00988],[73.7275,20.00995],[73.72753,20.01007],[73.72754,20.01013],[73.72755,20.01022],[73.72757,20.01047],[73.72759,20.01058],[73.72762,20.01069],[73.72762,20.01073],[73.72762,20.01077],[73.72762,20.0108],[73.72761,20.01083],[73.72755,20.01102],[73.72754,20.01106],[73.72745,20.01132],[73.72743,20.01137],[73.7274,20.01143],[73.72737,20.01148],[73.72733,20.01152],[73.72727,20.01158],[73.72594,20.0125],[73.726,20.01273],[73.72642,20.01466],[73.72674,20.01606],[73.72687,20.01656],[73.72688,20.01669],[73.7268,20.01675],[73.72672,20.01682],[73.7267,20.01695],[73.72682,20.01731],[73.72724,20.01853],[73.72729,20.01869],[73.72743,20.01911],[73.72768,20.01984],[73.72777,20.02014],[73.72782,20.02033],[73.72789,20.02053],[73.72792,20.02064],[73.72808,20.02097]]},"properties":{"id":"road_w330542978","type":"road_segment","name":"SomreshwarSatpur Link Road","name_local":null,"category":"tertiary","source":"openstreetmap","source_id":"way/330542978","updated_at":"2024-08-12T06:59:00Z","tags":{}}},{"type":"Feature","geometry":{"type":"LineString","coordinates":[[73.78769,20.01115],[73.78806,20.01111]]},"properties":{"id":"road_w330544868","type":"road_segment","name":"Old Agra Road","name_local":null,"category":"trunk","source":"openstreetmap","source_id":"way/330544868","updated_at":"2024-05-22T04:43:40Z","tags":{"ref":"NH848","oneway":"yes","bridge":"yes"}}},{"type":"Feature","geometry":{"type":"LineString","coordinates":[[73.77014,20.00306],[73.77017,20.00314],[73.77038,20.00384],[73.7704,20.00394],[73.7705,20.00419],[73.77066,20.00463],[73.7709,20.00548],[73.77109,20.00623],[73.77135,20.00708],[73.77139,20.00722]]},"properties":{"id":"road_w331374195","type":"road_segment","name":"Canada Corner Link Road","name_local":null,"category":"primary","source":"openstreetmap","source_id":"way/331374195","updated_at":"2026-01-12T15:57:41Z","tags":{"oneway":"yes"}}},{"type":"Feature","geometry":{"type":"LineString","coordinates":[[73.7558,20.00846],[73.75592,20.00936],[73.756,20.00991],[73.75609,20.01066],[73.75652,20.01061],[73.75661,20.01127],[73.75668,20.01193]]},"properties":{"id":"road_w331374214","type":"road_segment","name":"Abasaheb Sonawane Road","name_local":null,"category":"residential","source":"openstreetmap","source_id":"way/331374214","updated_at":"2019-01-11T08:47:43Z","tags":{}}},{"type":"Feature","geometry":{"type":"LineString","coordinates":[[73.77027,20.00312],[73.7709,20.00295],[73.77104,20.00288]]},"properties":{"id":"road_w331374216","type":"road_segment","name":"Sharanpur Road","name_local":null,"category":"secondary","source":"openstreetmap","source_id":"way/331374216","updated_at":"2019-01-14T08:43:08Z","tags":{"oneway":"yes"}}},{"type":"Feature","geometry":{"type":"LineString","coordinates":[[73.75857,20.01032],[73.75847,20.00997],[73.75846,20.00994],[73.75832,20.00953],[73.7583,20.00947],[73.75816,20.00906],[73.75795,20.00873],[73.75788,20.00863],[73.75782,20.00855],[73.75779,20.00849],[73.7577,20.00832],[73.75762,20.00825]]},"properties":{"id":"road_w331374237","type":"road_segment","name":"D'souza Colony","name_local":null,"category":"residential","source":"openstreetmap","source_id":"way/331374237","updated_at":"2023-12-26T04:35:46Z","tags":{"lanes":"1","surface":"paved"}}},{"type":"Feature","geometry":{"type":"LineString","coordinates":[[73.75826,20.00751],[73.75839,20.00796],[73.7585,20.00835],[73.75856,20.0088],[73.75867,20.00937],[73.75889,20.01026],[73.75857,20.01032],[73.75866,20.01089],[73.75873,20.01125],[73.75876,20.01139]]},"properties":{"id":"road_w331374250","type":"road_segment","name":"D'zousa Colony","name_local":null,"category":"residential","source":"openstreetmap","source_id":"way/331374250","updated_at":"2024-06-27T12:05:50Z","tags":{"lanes":"2","surface":"paved"}}},{"type":"Feature","geometry":{"type":"LineString","coordinates":[[73.75751,19.97014],[73.75765,19.9701],[73.75788,19.97005],[73.75814,19.97]]},"properties":{"id":"road_w331502528","type":"road_segment","name":"M 23","name_local":null,"category":"residential","source":"openstreetmap","source_id":"way/331502528","updated_at":"2023-08-26T10:01:20Z","tags":{}}},{"type":"Feature","geometry":{"type":"LineString","coordinates":[[73.75601,19.97179],[73.75584,19.97097],[73.75573,19.97047],[73.75566,19.97017],[73.75684,19.96995],[73.75691,19.97023],[73.75693,19.97023]]},"properties":{"id":"road_w331502530","type":"road_segment","name":"M 26","name_local":null,"category":"residential","source":"openstreetmap","source_id":"way/331502530","updated_at":"2023-08-26T09:21:05Z","tags":{}}},{"type":"Feature","geometry":{"type":"LineString","coordinates":[[73.75401,19.96953],[73.75405,19.96987],[73.75412,19.97039],[73.75415,19.97068],[73.75427,19.97067],[73.75434,19.97121]]},"properties":{"id":"road_w331502531","type":"road_segment","name":"M 19","name_local":null,"category":"residential","source":"openstreetmap","source_id":"way/331502531","updated_at":"2023-08-26T09:21:05Z","tags":{}}},{"type":"Feature","geometry":{"type":"LineString","coordinates":[[73.77586,19.9541],[73.77483,19.95417],[73.77439,19.95421],[73.77395,19.95423],[73.77387,19.95424],[73.77321,19.95428],[73.77289,19.9543],[73.77236,19.95434],[73.77159,19.95439],[73.77117,19.95444],[73.77102,19.95446],[73.7698,19.95465],[73.76926,19.95477],[73.76897,19.95483],[73.76861,19.95488],[73.76806,19.95495],[73.76789,19.95496],[73.7677,19.95498],[73.76751,19.95498],[73.76727,19.95499],[73.76639,19.95503],[73.76633,19.95503],[73.76594,19.95504],[73.76559,19.95506],[73.76512,19.95509],[73.76497,19.95509],[73.76486,19.9551],[73.76459,19.95513],[73.76447,19.95515],[73.76441,19.95516],[73.76428,19.95519],[73.76415,19.95522],[73.76406,19.95525],[73.76373,19.95535],[73.76334,19.95546],[73.76292,19.95557],[73.7628,19.95557],[73.76272,19.95556],[73.76265,19.95554],[73.7626,19.95551],[73.76256,19.95546],[73.76252,19.95542],[73.76248,19.95535],[73.76243,19.95527]]},"properties":{"id":"road_w331502539","type":"road_segment","name":"Vidya Road","name_local":null,"category":"tertiary","source":"openstreetmap","source_id":"way/331502539","updated_at":"2024-08-09T11:41:54Z","tags":{}}},{"type":"Feature","geometry":{"type":"LineString","coordinates":[[73.75475,19.97459],[73.7549,19.97455],[73.75496,19.97453],[73.75502,19.97455],[73.75508,19.97458],[73.75516,19.97461],[73.7552,19.97462],[73.75523,19.97462],[73.75531,19.97463],[73.75536,19.97462],[73.75577,19.97457]]},"properties":{"id":"road_w331502544","type":"road_segment","name":"M 55","name_local":null,"category":"residential","source":"openstreetmap","source_id":"way/331502544","updated_at":"2024-03-25T11:13:53Z","tags":{}}},{"type":"Feature","geometry":{"type":"LineString","coordinates":[[73.75951,19.95618],[73.76022,19.95433],[73.76026,19.95424],[73.76079,19.95284],[73.76091,19.95253],[73.76094,19.95244],[73.76098,19.95233],[73.76119,19.95181],[73.76137,19.95136],[73.76153,19.95095],[73.7619,19.95022],[73.76215,19.94969],[73.76299,19.94963],[73.76417,19.94959],[73.76468,19.94957],[73.76487,19.94957],[73.76513,19.94956],[73.76557,19.94954],[73.76571,19.94954],[73.76648,19.94951],[73.7672,19.94949],[73.76936,19.94941],[73.76945,19.94941],[73.76982,19.9494],[73.77083,19.94936]]},"properties":{"id":"road_w331502563","type":"road_segment","name":"Narhari Nagar Road","name_local":null,"category":"tertiary","source":"openstreetmap","source_id":"way/331502563","updated_at":"2024-08-09T10:14:35Z","tags":{}}},{"type":"Feature","geometry":{"type":"LineString","coordinates":[[73.75691,19.97023],[73.75687,19.97023],[73.75573,19.97047]]},"properties":{"id":"road_w331502574","type":"road_segment","name":"M 27","name_local":null,"category":"residential","source":"openstreetmap","source_id":"way/331502574","updated_at":"2016-07-08T05:59:10Z","tags":{}}},{"type":"Feature","geometry":{"type":"LineString","coordinates":[[73.75645,19.97923],[73.756,19.97928],[73.7559,19.97848],[73.75634,19.97842]]},"properties":{"id":"road_w331502583","type":"road_segment","name":"M 61","name_local":null,"category":"residential","source":"openstreetmap","source_id":"way/331502583","updated_at":"2016-08-12T10:49:56Z","tags":{}}},{"type":"Feature","geometry":{"type":"LineString","coordinates":[[73.76841,19.97621],[73.76818,19.9764],[73.76799,19.97657],[73.76778,19.97676],[73.76759,19.97694],[73.76739,19.97712],[73.76789,19.9776],[73.76788,19.97772],[73.76774,19.97775],[73.76768,19.97775],[73.76758,19.97775],[73.7674,19.97773],[73.76719,19.97767],[73.76708,19.97764]]},"properties":{"id":"road_w331502603","type":"road_segment","name":"Shivaji Chawk","name_local":null,"category":"residential","source":"openstreetmap","source_id":"way/331502603","updated_at":"2019-11-05T03:40:22Z","tags":{}}},{"type":"Feature","geometry":{"type":"LineString","coordinates":[[73.75408,19.97127],[73.75434,19.97121],[73.75457,19.97117],[73.75486,19.97112],[73.75529,19.97107]]},"properties":{"id":"road_w331502612","type":"road_segment","name":"M 31","name_local":null,"category":"residential","source":"openstreetmap","source_id":"way/331502612","updated_at":"2023-08-28T11:15:09Z","tags":{}}},{"type":"Feature","geometry":{"type":"LineString","coordinates":[[73.84732,19.97628],[73.84783,19.9763],[73.84792,19.97512],[73.84797,19.97439],[73.84806,19.97326],[73.84891,19.9733]]},"properties":{"id":"road_w335906538","type":"road_segment","name":"Laxmi Kedar Nagari","name_local":null,"category":"residential","source":"openstreetmap","source_id":"way/335906538","updated_at":"2016-08-19T07:53:21Z","tags":{}}},{"type":"Feature","geometry":{"type":"LineString","coordinates":[[73.82453,19.97581],[73.82335,19.97592],[73.82264,19.97599],[73.82248,19.9761],[73.8224,19.97611],[73.82237,19.97612],[73.82224,19.97613],[73.82169,19.97619],[73.81997,19.97637],[73.81784,19.97659]]},"properties":{"id":"road_w335907441","type":"road_segment","name":"Ramdas Swami Marg","name_local":null,"category":"residential","source":"openstreetmap","source_id":"way/335907441","updated_at":"2019-10-30T08:38:14Z","tags":{}}},{"type":"Feature","geometry":{"type":"LineString","coordinates":[[73.82013,20.03007],[73.82019,20.02903],[73.82065,20.02563],[73.82075,20.02478],[73.82077,20.02465],[73.82088,20.02369],[73.8209,20.0235],[73.82098,20.02286],[73.82101,20.02258],[73.82103,20.02239],[73.82106,20.0221],[73.82111,20.02172],[73.8212,20.02061],[73.82118,20.0205]]},"properties":{"id":"road_w338766030","type":"road_segment","name":"Trikoni Bangala Road","name_local":null,"category":"tertiary","source":"openstreetmap","source_id":"way/338766030","updated_at":"2024-08-08T04:24:04Z","tags":{}}},{"type":"Feature","geometry":{"type":"LineString","coordinates":[[73.58509,19.95329],[73.58512,19.95322],[73.58521,19.95294],[73.58527,19.95272],[73.58535,19.9525],[73.58544,19.95231],[73.58552,19.95217],[73.58556,19.95205],[73.58559,19.95185],[73.58565,19.95158],[73.58569,19.95144],[73.58579,19.95122],[73.58589,19.95104],[73.58603,19.9509],[73.58605,19.95084],[73.58603,19.95075],[73.58585,19.95058],[73.58548,19.95029],[73.58537,19.95021],[73.58516,19.95012],[73.58499,19.95009],[73.58485,19.95009],[73.58467,19.95007],[73.58448,19.95004],[73.58434,19.95002],[73.58388,19.94997],[73.58365,19.94993],[73.58352,19.94991],[73.58346,19.94986],[73.58342,19.94981],[73.58339,19.94973],[73.58341,19.94968],[73.58349,19.94962],[73.58374,19.94952],[73.58388,19.94945],[73.58401,19.94932],[73.58411,19.94919],[73.58422,19.94909],[73.58434,19.94893],[73.5844,19.94883],[73.58448,19.94872],[73.58456,19.94866],[73.5847,19.94858],[73.58489,19.94842],[73.58504,19.94828],[73.58511,19.94817],[73.5851,19.94811],[73.58506,19.94799],[73.58505,19.94791],[73.58509,19.94786],[73.58517,19.94773],[73.58526,19.94761],[73.58534,19.94751],[73.58541,19.94746],[73.58548,19.94743],[73.58561,19.94743],[73.58575,19.94739],[73.58583,19.94732],[73.58593,19.94722],[73.58599,19.9471],[73.58603,19.94691],[73.58603,19.94683],[73.586,19.94677],[73.58591,19.94674],[73.58575,19.94671],[73.58563,19.94666]]},"properties":{"id":"road_w354893261","type":"road_segment","name":"Anjaneri Treck Road","name_local":null,"category":"unclassified","source":"openstreetmap","source_id":"way/354893261","updated_at":"2019-01-15T11:24:52Z","tags":{"maxspeed":"20","surface":"asphalt"}}},{"type":"Feature","geometry":{"type":"LineString","coordinates":[[73.58555,19.94667],[73.58551,19.94674],[73.58543,19.9469],[73.58535,19.94697],[73.58531,19.94697],[73.58528,19.94693],[73.58527,19.94674],[73.58525,19.94668],[73.5852,19.94666],[73.58516,19.94669],[73.58512,19.94676],[73.58489,19.9471],[73.58487,19.94715],[73.58482,19.94716],[73.58479,19.94713],[73.58478,19.94707],[73.58482,19.94699],[73.58486,19.94692],[73.5849,19.94683],[73.58492,19.94673],[73.5849,19.94666],[73.58485,19.94667],[73.58481,19.94672],[73.58478,19.94682],[73.58451,19.94721],[73.58444,19.94731],[73.58438,19.94734],[73.58433,19.94734],[73.5843,19.94729],[73.58431,19.94723],[73.5845,19.94682],[73.58454,19.94673],[73.58455,19.94664],[73.58455,19.94657],[73.58453,19.94653],[73.58448,19.94656],[73.58445,19.94663],[73.58431,19.94692],[73.58427,19.94696],[73.58423,19.94694],[73.58421,19.94689],[73.58423,19.94681],[73.58428,19.94665],[73.58428,19.94656],[73.58427,19.94647],[73.58425,19.94637],[73.58417,19.94624],[73.58404,19.94608],[73.58398,19.94611],[73.58394,19.94618],[73.5839,19.9463],[73.58393,19.94642],[73.58396,19.94655],[73.58392,19.94681],[73.58388,19.94689],[73.58383,19.94689],[73.58379,19.94685],[73.58378,19.94668],[73.58378,19.94661],[73.58374,19.94653],[73.58358,19.94637],[73.58349,19.94629],[73.58333,19.94621],[73.58317,19.9461],[73.58308,19.94604],[73.58305,19.94598],[73.58301,19.94588],[73.58302,19.9456],[73.58306,19.94535],[73.58315,19.94512],[73.58323,19.94497],[73.58325,19.9449],[73.58324,19.94475],[73.58312,19.94426],[73.583,19.94397],[73.58271,19.94346],[73.58253,19.94319],[73.5824,19.94302],[73.58235,19.94293],[73.58231,19.94281],[73.58228,19.94269],[73.58228,19.94258],[73.58229,19.94244],[73.58247,19.94173],[73.58265,19.94119],[73.58276,19.94075]]},"properties":{"id":"road_w354893262","type":"road_segment","name":"Anjaneri Treck Road","name_local":null,"category":"unclassified","source":"openstreetmap","source_id":"way/354893262","updated_at":"2025-01-11T17:40:28Z","tags":{"surface":"dirt"}}},{"type":"Feature","geometry":{"type":"LineString","coordinates":[[73.75652,20.01061],[73.75644,20.00993],[73.75643,20.00986],[73.75631,20.00988],[73.756,20.00991]]},"properties":{"id":"road_w354896375","type":"road_segment","name":"Abasaheb Sonawane Road","name_local":null,"category":"residential","source":"openstreetmap","source_id":"way/354896375","updated_at":"2026-03-06T09:47:16Z","tags":{"surface":"asphalt"}}},{"type":"Feature","geometry":{"type":"LineString","coordinates":[[73.75592,20.00936],[73.75646,20.00931],[73.75639,20.00871]]},"properties":{"id":"road_w354896376","type":"road_segment","name":"Abasaheb Sonawane Road","name_local":null,"category":"residential","source":"openstreetmap","source_id":"way/354896376","updated_at":"2015-06-19T15:36:52Z","tags":{"surface":"asphalt"}}},{"type":"Feature","geometry":{"type":"LineString","coordinates":[[73.75661,20.01127],[73.75627,20.01129],[73.75625,20.01116],[73.75586,20.01121]]},"properties":{"id":"road_w354896377","type":"road_segment","name":"Abasaheb Sonawane Road","name_local":null,"category":"residential","source":"openstreetmap","source_id":"way/354896377","updated_at":"2015-06-19T15:36:52Z","tags":{}}},{"type":"Feature","geometry":{"type":"LineString","coordinates":[[73.75627,20.01129],[73.75629,20.01142],[73.75588,20.01147]]},"properties":{"id":"road_w354896378","type":"road_segment","name":"Abasaheb Sonawane Road","name_local":null,"category":"residential","source":"openstreetmap","source_id":"way/354896378","updated_at":"2019-01-11T08:43:11Z","tags":{}}},{"type":"Feature","geometry":{"type":"LineString","coordinates":[[73.75489,20.00612],[73.7553,20.00604],[73.75539,20.00598],[73.7555,20.0059],[73.75586,20.00558],[73.75588,20.0055],[73.7558,20.00517],[73.75564,20.00456],[73.75545,20.00387],[73.75545,20.00384],[73.75507,20.00272]]},"properties":{"id":"road_w354896380","type":"road_segment","name":"Akshar Colony","name_local":null,"category":"residential","source":"openstreetmap","source_id":"way/354896380","updated_at":"2015-06-19T15:36:52Z","tags":{}}},{"type":"Feature","geometry":{"type":"LineString","coordinates":[[73.7552,20.02218],[73.7552,20.02143]]},"properties":{"id":"road_w354899392","type":"road_segment","name":"Asaram Bridge","name_local":null,"category":"tertiary","source":"openstreetmap","source_id":"way/354899392","updated_at":"2016-10-26T22:29:55Z","tags":{"lanes":"2","bridge":"yes"}}},{"type":"Feature","geometry":{"type":"LineString","coordinates":[[73.7552,20.02218],[73.75515,20.02229],[73.75515,20.02235],[73.75517,20.02242],[73.75524,20.02247],[73.75536,20.0225]]},"properties":{"id":"road_w354899393","type":"road_segment","name":"Riverfront","name_local":null,"category":"tertiary","source":"openstreetmap","source_id":"way/354899393","updated_at":"2020-03-17T09:48:42Z","tags":{"lanes":"2"}}},{"type":"Feature","geometry":{"type":"LineString","coordinates":[[73.75536,20.0225],[73.75567,20.02267]]},"properties":{"id":"road_w354899394","type":"road_segment","name":"Riverfront","name_local":null,"category":"tertiary","source":"openstreetmap","source_id":"way/354899394","updated_at":"2018-11-13T09:18:19Z","tags":{"lanes":"2","bridge":"yes"}}},{"type":"Feature","geometry":{"type":"LineString","coordinates":[[73.75573,20.0227],[73.75575,20.02275],[73.75581,20.02279],[73.75627,20.02299],[73.75645,20.02306],[73.75671,20.02316],[73.75686,20.02321],[73.75696,20.02324],[73.75713,20.02328],[73.75743,20.02336],[73.75786,20.02348],[73.75858,20.0237],[73.75903,20.02381],[73.75933,20.02388],[73.75971,20.02396],[73.75998,20.024],[73.76024,20.024],[73.76077,20.02398],[73.76129,20.02395],[73.76145,20.02395],[73.76215,20.02393],[73.76244,20.02393],[73.76264,20.02391],[73.76299,20.02382],[73.76329,20.02376],[73.76366,20.02371],[73.76416,20.02369],[73.76496,20.02363],[73.76579,20.02357],[73.76627,20.02356],[73.76657,20.02356],[73.76673,20.02356],[73.76711,20.02359],[73.7673,20.02358],[73.76766,20.02356],[73.76797,20.02355],[73.76879,20.02351]]},"properties":{"id":"road_w354899395","type":"road_segment","name":"Riverfront Cruiseway","name_local":null,"category":"tertiary","source":"openstreetmap","source_id":"way/354899395","updated_at":"2023-08-25T10:03:43Z","tags":{"lanes":"2","oneway":"yes"}}},{"type":"Feature","geometry":{"type":"LineString","coordinates":[[73.76877,20.02342],[73.76767,20.02349],[73.76714,20.02351],[73.7669,20.0235],[73.76664,20.02348],[73.76656,20.02349],[73.76611,20.02349],[73.76558,20.02351],[73.76473,20.02359],[73.76369,20.02365],[73.76327,20.02369],[73.7629,20.02377],[73.76258,20.02384],[73.76224,20.02387],[73.76089,20.0239],[73.76027,20.02393],[73.76006,20.02393],[73.75988,20.02392],[73.75939,20.02383],[73.75832,20.02355],[73.75716,20.02322],[73.75697,20.02317],[73.75682,20.02313],[73.75627,20.02292],[73.75587,20.02273],[73.75578,20.02269],[73.75573,20.0227]]},"properties":{"id":"road_w354899396","type":"road_segment","name":"Riverfront Cruiseway","name_local":null,"category":"tertiary","source":"openstreetmap","source_id":"way/354899396","updated_at":"2019-11-04T09:22:17Z","tags":{"lanes":"2","surface":"asphalt","oneway":"yes"}}},{"type":"Feature","geometry":{"type":"LineString","coordinates":[[73.72689,20.05233],[73.72699,20.05211],[73.72721,20.05197],[73.72805,20.05166],[73.72889,20.05139],[73.72937,20.051],[73.72946,20.05089],[73.72951,20.05076],[73.72955,20.05058],[73.72952,20.05043],[73.72948,20.05025],[73.72924,20.04935],[73.72918,20.0489],[73.72912,20.04822],[73.72909,20.04801],[73.72907,20.04781],[73.72906,20.04765],[73.729,20.04748],[73.72897,20.04712],[73.72872,20.04619],[73.7287,20.04604],[73.72871,20.04588],[73.72875,20.04577],[73.7288,20.0457],[73.72892,20.04566],[73.72905,20.04564],[73.72918,20.04562],[73.72932,20.0456],[73.72953,20.04554],[73.7298,20.04551],[73.73347,20.04461],[73.73611,20.04397],[73.73621,20.04393],[73.73629,20.04387],[73.73633,20.04381],[73.73636,20.04369],[73.73638,20.04298],[73.73644,20.04102],[73.73655,20.03971],[73.73668,20.03825],[73.73677,20.03813],[73.7369,20.03804],[73.73784,20.03746],[73.73805,20.03733]]},"properties":{"id":"road_w354899401","type":"road_segment","name":"Chandshi Road","name_local":null,"category":"tertiary","source":"openstreetmap","source_id":"way/354899401","updated_at":"2022-04-08T13:05:34Z","tags":{}}},{"type":"Feature","geometry":{"type":"LineString","coordinates":[[73.74174,20.00637],[73.74142,20.00586],[73.74135,20.00574],[73.74121,20.00553],[73.74109,20.00536],[73.74105,20.00529],[73.74104,20.00527],[73.74089,20.00502],[73.74079,20.0048],[73.74074,20.00456],[73.74067,20.0041],[73.74051,20.003],[73.74047,20.00196],[73.74046,20.00162],[73.74044,20.0011],[73.74036,20.00044],[73.7402,19.99915],[73.74025,19.99823],[73.74032,19.99767]]},"properties":{"id":"road_w354899405","type":"road_segment","name":"Pipeline Road","name_local":null,"category":"unclassified","source":"openstreetmap","source_id":"way/354899405","updated_at":"2026-01-12T18:37:34Z","tags":{}}},{"type":"Feature","geometry":{"type":"LineString","coordinates":[[73.74174,20.00637],[73.74322,20.0061],[73.74381,20.00592],[73.74405,20.00584],[73.7446,20.00567],[73.74515,20.0055],[73.74529,20.00546],[73.74605,20.00521],[73.74716,20.00486],[73.74727,20.00483],[73.74773,20.00468],[73.74803,20.00457],[73.74817,20.00455],[73.74832,20.00457],[73.74844,20.00459],[73.74861,20.00466],[73.74872,20.00475],[73.74886,20.00519],[73.74893,20.00541],[73.74932,20.00659],[73.74941,20.00677],[73.74946,20.00683],[73.74956,20.0069],[73.75025,20.00716],[73.75132,20.00756],[73.75172,20.00767],[73.75226,20.00777],[73.75289,20.00786],[73.75301,20.00786],[73.75317,20.0078],[73.75489,20.00702],[73.75502,20.00696]]},"properties":{"id":"road_w354899406","type":"road_segment","name":"Right Canal Road","name_local":null,"category":"tertiary","source":"openstreetmap","source_id":"way/354899406","updated_at":"2019-01-10T08:58:40Z","tags":{}}},{"type":"Feature","geometry":{"type":"LineString","coordinates":[[73.74187,19.94234],[73.74287,19.94295],[73.74341,19.94336],[73.74364,19.94357],[73.74378,19.9437],[73.74394,19.94385],[73.74401,19.94392],[73.74483,19.9448],[73.74619,19.94613],[73.74633,19.94626],[73.74647,19.94638],[73.74848,19.94823],[73.74853,19.94827],[73.74933,19.94893],[73.74943,19.94902],[73.75237,19.95138],[73.75321,19.95208],[73.75365,19.95247],[73.75514,19.95407],[73.75599,19.95494],[73.75648,19.95543],[73.75659,19.95555],[73.75663,19.95559],[73.75675,19.95569],[73.75684,19.95577],[73.75774,19.95657],[73.75796,19.95676]]},"properties":{"id":"road_w355078012","type":"road_segment","name":"Vikrikar Bhavan Road","name_local":null,"category":"primary","source":"openstreetmap","source_id":"way/355078012","updated_at":"2026-01-24T03:56:51Z","tags":{"lanes":"2","surface":"asphalt","oneway":"yes"}}},{"type":"Feature","geometry":{"type":"LineString","coordinates":[[73.75632,19.95824],[73.75616,19.95835],[73.75607,19.95841],[73.75546,19.95875],[73.75541,19.95878],[73.75474,19.95916],[73.75468,19.95921],[73.75455,19.95927],[73.7541,19.95951],[73.75398,19.95959],[73.75391,19.95964],[73.75321,19.96007],[73.75297,19.96023],[73.75179,19.96097],[73.75168,19.96106],[73.75109,19.9615],[73.75095,19.9616],[73.75062,19.96174],[73.75026,19.96185],[73.74946,19.96192],[73.74885,19.96197],[73.7487,19.96199],[73.74867,19.96199],[73.74856,19.96199],[73.74841,19.96199],[73.74821,19.96191],[73.74796,19.96178],[73.74784,19.96172],[73.74745,19.96151],[73.74727,19.96144],[73.74625,19.96128],[73.74575,19.96121],[73.74529,19.96113],[73.74504,19.9611],[73.74491,19.9611],[73.74485,19.9611],[73.74481,19.96111],[73.74479,19.96113],[73.74466,19.96142],[73.74465,19.96145],[73.74456,19.96159],[73.74454,19.96161],[73.74446,19.96165],[73.7444,19.96167],[73.74425,19.96169],[73.74354,19.96172],[73.74274,19.96172],[73.74193,19.96172],[73.74045,19.96171],[73.74033,19.96172],[73.74034,19.96305],[73.7403,19.96316],[73.74019,19.96321],[73.73938,19.96322],[73.73825,19.96321],[73.73743,19.96319],[73.73565,19.96316],[73.73559,19.96316]]},"properties":{"id":"road_w355081288","type":"road_segment","name":"SH27","name_local":null,"category":"primary","source":"openstreetmap","source_id":"way/355081288","updated_at":"2026-02-13T08:01:40Z","tags":{"ref":"SH27","oneway":"no"}}},{"type":"Feature","geometry":{"type":"LineString","coordinates":[[73.75842,19.95656],[73.75821,19.95665],[73.75796,19.95676]]},"properties":{"id":"road_w355081289","type":"road_segment","name":"SH27","name_local":null,"category":"primary","source":"openstreetmap","source_id":"way/355081289","updated_at":"2022-12-07T10:37:32Z","tags":{"ref":"SH27","surface":"asphalt","oneway":"yes"}}},{"type":"Feature","geometry":{"type":"LineString","coordinates":[[73.7558,19.94994],[73.7565,19.94993],[73.75715,19.94991],[73.7576,19.94988],[73.75835,19.94986],[73.75881,19.94983],[73.75915,19.94982],[73.75959,19.9498],[73.75993,19.94979],[73.76031,19.94977],[73.76045,19.94976],[73.76082,19.94975],[73.76143,19.94972],[73.76199,19.9497],[73.76215,19.94969]]},"properties":{"id":"road_w355081290","type":"road_segment","name":"Vikrikar Bhavan Road","name_local":null,"category":"residential","source":"openstreetmap","source_id":"way/355081290","updated_at":"2026-02-23T13:35:11Z","tags":{}}},{"type":"Feature","geometry":{"type":"LineString","coordinates":[[73.78446,19.98663],[73.78435,19.98663],[73.78412,19.98664],[73.78408,19.98666],[73.78401,19.98668],[73.78393,19.98677],[73.78384,19.98686],[73.78381,19.98689],[73.78378,19.98702],[73.7838,19.98709],[73.78383,19.98717],[73.78393,19.98726],[73.78403,19.9873],[73.78415,19.98729],[73.78431,19.98724],[73.78448,19.98717],[73.78452,19.98714],[73.78455,19.98711],[73.78461,19.98703],[73.78463,19.98699],[73.78464,19.98695],[73.78466,19.98689],[73.78462,19.98682],[73.78457,19.98673],[73.78446,19.98663]]},"properties":{"id":"road_w355081965","type":"road_segment","name":"Mumbai Naka Circle","name_local":null,"category":"primary","source":"openstreetmap","source_id":"way/355081965","updated_at":"2026-01-11T19:23:41Z","tags":{"lanes":"2","surface":"asphalt","oneway":"yes"}}},{"type":"Feature","geometry":{"type":"LineString","coordinates":[[73.78431,19.98724],[73.78443,19.98723],[73.78455,19.98725],[73.78462,19.98729]]},"properties":{"id":"road_w355094758","type":"road_segment","name":"Service Road","name_local":null,"category":"tertiary","source":"openstreetmap","source_id":"way/355094758","updated_at":"2015-06-20T11:30:29Z","tags":{"lanes":"2","surface":"asphalt","oneway":"yes"}}},{"type":"Feature","geometry":{"type":"LineString","coordinates":[[73.79321,19.99209],[73.79339,19.99225],[73.79349,19.99233],[73.79411,19.99266]]},"properties":{"id":"road_w355094769","type":"road_segment","name":"Mumbai Agra Highway Flyover Ramp","name_local":null,"category":"motorway_link","source":"openstreetmap","source_id":"way/355094769","updated_at":"2026-01-11T19:23:41Z","tags":{"maxspeed":"40","surface":"asphalt","oneway":"yes","bridge":"yes"}}},{"type":"Feature","geometry":{"type":"LineString","coordinates":[[73.79411,19.99266],[73.7958,19.99356],[73.79601,19.99363]]},"properties":{"id":"road_w355094770","type":"road_segment","name":"Mumbai Agra Highway Flyover Ramp","name_local":null,"category":"motorway_link","source":"openstreetmap","source_id":"way/355094770","updated_at":"2026-01-11T19:23:41Z","tags":{"maxspeed":"40","surface":"asphalt","oneway":"yes"}}},{"type":"Feature","geometry":{"type":"LineString","coordinates":[[73.79426,19.99242],[73.79375,19.99215],[73.79357,19.99206],[73.79349,19.99202],[73.79327,19.99202]]},"properties":{"id":"road_w355094773","type":"road_segment","name":"Mumbai Agra Highway Flyover Ramp","name_local":null,"category":"motorway_link","source":"openstreetmap","source_id":"way/355094773","updated_at":"2026-01-11T19:23:41Z","tags":{"surface":"asphalt","oneway":"yes","bridge":"yes"}}},{"type":"Feature","geometry":{"type":"LineString","coordinates":[[73.79611,19.99346],[73.79595,19.99332],[73.79529,19.99296],[73.79426,19.99242]]},"properties":{"id":"road_w355094774","type":"road_segment","name":"Mumbai Agra Highway Flyover Ramp","name_local":null,"category":"motorway_link","source":"openstreetmap","source_id":"way/355094774","updated_at":"2026-01-11T19:23:41Z","tags":{"surface":"asphalt","oneway":"yes"}}},{"type":"Feature","geometry":{"type":"LineString","coordinates":[[73.80383,19.99508],[73.80399,19.99507],[73.80426,19.99503],[73.80471,19.99494],[73.80485,19.99493],[73.80514,19.99489],[73.80555,19.99484],[73.80659,19.99487],[73.80681,19.99485],[73.80696,19.99481],[73.80742,19.99466],[73.8081,19.99436],[73.80813,19.99435],[73.80858,19.99421],[73.80874,19.99416],[73.8092,19.99404]]},"properties":{"id":"road_w355094775","type":"road_segment","name":"Takli Road","name_local":null,"category":"tertiary","source":"openstreetmap","source_id":"way/355094775","updated_at":"2025-03-15T12:20:44Z","tags":{}}},{"type":"Feature","geometry":{"type":"LineString","coordinates":[[73.74042,19.94112],[73.74102,19.94161],[73.74172,19.94212],[73.74255,19.94266],[73.74284,19.94283]]},"properties":{"id":"road_w355094778","type":"road_segment","name":"Mumbai Agra Highway Elevated Corridor","name_local":null,"category":"motorway","source":"openstreetmap","source_id":"way/355094778","updated_at":"2026-01-11T19:23:41Z","tags":{"ref":"NH848","lanes":"3","surface":"asphalt","oneway":"yes"}}},{"type":"Feature","geometry":{"type":"LineString","coordinates":[[73.79327,19.99202],[73.79249,19.99159],[73.79087,19.99072],[73.78883,19.98967],[73.78738,19.9889],[73.7864,19.98837],[73.78593,19.9881],[73.78575,19.98799],[73.78558,19.98787],[73.7854,19.98774],[73.78523,19.98759],[73.78492,19.9873],[73.78468,19.98704],[73.78447,19.98678],[73.78419,19.98633],[73.78376,19.98561],[73.78331,19.98481],[73.78312,19.98442],[73.78293,19.98401],[73.78272,19.98356],[73.78263,19.98334],[73.78253,19.98311],[73.78242,19.98291],[73.7823,19.98269],[73.78199,19.98219],[73.78158,19.98162],[73.78103,19.98094],[73.78024,19.98],[73.77932,19.97888],[73.7787,19.97812]]},"properties":{"id":"road_w357166877","type":"road_segment","name":"Mumbai Agra Highway Elevated Corridor","name_local":null,"category":"motorway","source":"openstreetmap","source_id":"way/357166877","updated_at":"2026-01-11T19:23:41Z","tags":{"ref":"NH160","lanes":"2","maxspeed":"100","surface":"asphalt","oneway":"yes","bridge":"yes"}}},{"type":"Feature","geometry":{"type":"LineString","coordinates":[[73.80002,19.99576],[73.80072,19.99611],[73.80106,19.99631],[73.80143,19.99658],[73.80177,19.99691],[73.80206,19.99721],[73.8023,19.9975],[73.80242,19.99767],[73.80262,19.99801],[73.80277,19.99831],[73.80298,19.99878],[73.8031,19.99923],[73.80317,19.99967],[73.80322,20.00017],[73.80317,20.00086]]},"properties":{"id":"road_w357260185","type":"road_segment","name":"Mumbai Agra Highway Elevated Corridor","name_local":null,"category":"motorway","source":"openstreetmap","source_id":"way/357260185","updated_at":"2026-01-11T19:23:41Z","tags":{"ref":"NH60","lanes":"2","maxspeed":"100","surface":"asphalt","oneway":"yes","bridge":"yes"}}},{"type":"Feature","geometry":{"type":"LineString","coordinates":[[73.86666,20.03773],[73.86642,20.03758]]},"properties":{"id":"road_w357260186","type":"road_segment","name":"Agra Mumbai Road","name_local":null,"category":"trunk","source":"openstreetmap","source_id":"way/357260186","updated_at":"2016-02-03T19:55:14Z","tags":{"ref":"NH60","lanes":"3","surface":"asphalt","oneway":"yes","bridge":"yes"}}},{"type":"Feature","geometry":{"type":"LineString","coordinates":[[73.85729,20.03131],[73.85659,20.03085]]},"properties":{"id":"road_w357260187","type":"road_segment","name":"Agra Mumbai Road","name_local":null,"category":"trunk","source":"openstreetmap","source_id":"way/357260187","updated_at":"2016-02-03T19:55:14Z","tags":{"ref":"NH60","lanes":"3","surface":"asphalt","oneway":"yes","bridge":"yes"}}},{"type":"Feature","geometry":{"type":"LineString","coordinates":[[73.85651,20.03091],[73.85714,20.03136]]},"properties":{"id":"road_w357260188","type":"road_segment","name":"Agra Mumbai Road","name_local":null,"category":"trunk","source":"openstreetmap","source_id":"way/357260188","updated_at":"2016-02-03T19:55:14Z","tags":{"ref":"NH60","lanes":"3","surface":"asphalt","oneway":"yes","bridge":"yes"}}},{"type":"Feature","geometry":{"type":"LineString","coordinates":[[73.86633,20.0377],[73.86657,20.03784]]},"properties":{"id":"road_w357260189","type":"road_segment","name":"Agra Mumbai Road","name_local":null,"category":"trunk","source":"openstreetmap","source_id":"way/357260189","updated_at":"2016-02-03T19:55:14Z","tags":{"ref":"NH60","lanes":"3","surface":"asphalt","oneway":"yes","bridge":"yes"}}},{"type":"Feature","geometry":{"type":"LineString","coordinates":[[73.9239,20.09289],[73.92383,20.09231]]},"properties":{"id":"road_w357260190","type":"road_segment","name":"Agra Mumbai Road","name_local":null,"category":"trunk","source":"openstreetmap","source_id":"way/357260190","updated_at":"2023-11-06T10:44:18Z","tags":{"ref":"NH60","oneway":"yes","bridge":"yes"}}},{"type":"Feature","geometry":{"type":"LineString","coordinates":[[73.80309,20.0024],[73.80307,20.00287],[73.80305,20.00337],[73.80305,20.00364],[73.80307,20.00389],[73.80308,20.00416],[73.80312,20.00445],[73.80316,20.00463],[73.8032,20.00482],[73.80327,20.00513],[73.80337,20.00543],[73.80357,20.00602],[73.80375,20.00641],[73.80397,20.00684],[73.80416,20.00715],[73.80445,20.00756],[73.80486,20.00805],[73.80517,20.00838],[73.80557,20.00874],[73.80597,20.00907],[73.80657,20.00947],[73.80718,20.00982],[73.80772,20.01006],[73.80838,20.01031],[73.80949,20.0107],[73.81086,20.01113],[73.8115,20.01134],[73.81241,20.01168],[73.81303,20.01194],[73.81485,20.01277]]},"properties":{"id":"road_w357260191","type":"road_segment","name":"Mumbai Agra Highway Elevated Corridor","name_local":null,"category":"motorway","source":"openstreetmap","source_id":"way/357260191","updated_at":"2026-01-11T19:23:41Z","tags":{"ref":"NH60","lanes":"2","surface":"asphalt","oneway":"yes","bridge":"yes"}}},{"type":"Feature","geometry":{"type":"LineString","coordinates":[[73.8149,20.0127],[73.81409,20.01234],[73.81312,20.01189],[73.81243,20.0116],[73.81208,20.01147],[73.81067,20.011],[73.80846,20.01025],[73.80788,20.01004],[73.80723,20.00975],[73.80659,20.0094],[73.80623,20.00916],[73.80584,20.00887],[73.80546,20.00855],[73.805,20.00809],[73.80466,20.00768],[73.80432,20.00722],[73.80405,20.00683],[73.80389,20.00652],[73.80376,20.00625],[73.80352,20.00567],[73.80333,20.00509],[73.80323,20.00462],[73.80315,20.00406],[73.80314,20.00335],[73.80315,20.00287],[73.80317,20.0024]]},"properties":{"id":"road_w357260192","type":"road_segment","name":"Mumbai Agra Highway Elevated Corridor","name_local":null,"category":"motorway","source":"openstreetmap","source_id":"way/357260192","updated_at":"2026-01-11T19:23:41Z","tags":{"ref":"NH60","lanes":"2","maxspeed":"100","surface":"asphalt","oneway":"yes","bridge":"yes"}}},{"type":"Feature","geometry":{"type":"LineString","coordinates":[[73.85659,20.03085],[73.85568,20.0303],[73.85507,20.03001],[73.85363,20.02949],[73.85224,20.02903]]},"properties":{"id":"road_w357260193","type":"road_segment","name":"Agra Mumbai Road","name_local":null,"category":"trunk","source":"openstreetmap","source_id":"way/357260193","updated_at":"2026-01-11T18:49:03Z","tags":{"ref":"NH60","lanes":"3","surface":"asphalt","oneway":"yes"}}},{"type":"Feature","geometry":{"type":"LineString","coordinates":[[73.81485,20.01277],[73.8162,20.01337],[73.8172,20.01377],[73.81784,20.01401],[73.81927,20.01447]]},"properties":{"id":"road_w357260194","type":"road_segment","name":"Mumbai Agra Highway Elevated Corridor","name_local":null,"category":"motorway","source":"openstreetmap","source_id":"way/357260194","updated_at":"2026-01-11T19:23:41Z","tags":{"ref":"NH60","lanes":"3","surface":"asphalt","oneway":"yes"}}},{"type":"Feature","geometry":{"type":"LineString","coordinates":[[73.86657,20.03784],[73.86686,20.03804],[73.86709,20.03817],[73.86837,20.03898],[73.86868,20.03918],[73.86933,20.0396],[73.86994,20.04008],[73.87055,20.04066],[73.87111,20.04126],[73.87274,20.04299],[73.87448,20.04483],[73.87632,20.04677],[73.87748,20.04809],[73.87821,20.04895],[73.87881,20.04955],[73.88021,20.0509],[73.8807,20.05139],[73.88115,20.05191],[73.8817,20.05263],[73.88231,20.05334],[73.88273,20.05383],[73.88382,20.05499],[73.88398,20.05517],[73.88495,20.05626],[73.88613,20.0575],[73.88712,20.05841],[73.88761,20.05889],[73.88835,20.0597],[73.88923,20.06067],[73.89,20.06146],[73.8901,20.06157],[73.89021,20.06169],[73.89087,20.0623],[73.89225,20.06363],[73.89269,20.06403],[73.8929,20.06423],[73.89334,20.06463],[73.89359,20.06486],[73.89404,20.06524],[73.89451,20.06562],[73.89592,20.06666],[73.89638,20.067],[73.89799,20.06819],[73.89829,20.06841],[73.89953,20.0693],[73.89968,20.0694],[73.89971,20.06942],[73.8999,20.06955],[73.90055,20.06999],[73.90099,20.07029],[73.90326,20.07183],[73.90399,20.07234],[73.90404,20.07237],[73.90434,20.07258],[73.90544,20.07332],[73.90867,20.07541],[73.91004,20.07637],[73.91038,20.07664],[73.91071,20.0769],[73.91143,20.07747],[73.91249,20.07845],[73.91284,20.07878],[73.91402,20.07996],[73.91447,20.08042],[73.9149,20.08086],[73.91635,20.08228],[73.91814,20.08404],[73.91961,20.08546],[73.91987,20.08572],[73.92154,20.08729]]},"properties":{"id":"road_w357260198","type":"road_segment","name":"Agra Mumbai Road","name_local":null,"category":"trunk","source":"openstreetmap","source_id":"way/357260198","updated_at":"2025-03-06T06:57:28Z","tags":{"ref":"NH60","lanes":"3","surface":"asphalt","oneway":"yes"}}},{"type":"Feature","geometry":{"type":"LineString","coordinates":[[73.85714,20.03136],[73.85821,20.03211],[73.85912,20.03278],[73.86139,20.03438],[73.86147,20.03443]]},"properties":{"id":"road_w357260199","type":"road_segment","name":"Agra Mumbai Road","name_local":null,"category":"trunk","source":"openstreetmap","source_id":"way/357260199","updated_at":"2026-01-11T18:49:03Z","tags":{"ref":"NH60","lanes":"3","surface":"asphalt","oneway":"yes"}}},{"type":"Feature","geometry":{"type":"LineString","coordinates":[[73.86642,20.03758],[73.86599,20.03731],[73.86502,20.0367],[73.86325,20.03553],[73.86268,20.03512],[73.86144,20.03424],[73.86119,20.03407]]},"properties":{"id":"road_w357260200","type":"road_segment","name":"Agra Mumbai Road","name_local":null,"category":"trunk","source":"openstreetmap","source_id":"way/357260200","updated_at":"2022-04-06T14:01:58Z","tags":{"ref":"NH60","lanes":"3","surface":"asphalt","oneway":"yes"}}},{"type":"Feature","geometry":{"type":"LineString","coordinates":[[73.86119,20.03407],[73.86056,20.03352],[73.85906,20.03246],[73.85731,20.03122],[73.85694,20.03095],[73.85609,20.03038],[73.85527,20.03005],[73.85411,20.02957],[73.85302,20.02917],[73.85275,20.0291],[73.85224,20.02903]]},"properties":{"id":"road_w357260201","type":"road_segment","name":"Mumbai Agra Highway","name_local":null,"category":"tertiary","source":"openstreetmap","source_id":"way/357260201","updated_at":"2026-01-11T18:49:03Z","tags":{"ref":"NH160","lanes":"2","surface":"asphalt","oneway":"yes"}}},{"type":"Feature","geometry":{"type":"LineString","coordinates":[[73.76051,19.95873],[73.76236,19.9603],[73.76307,19.9609],[73.76311,19.96094],[73.76382,19.96164],[73.76453,19.96243],[73.76503,19.96303],[73.76518,19.96321],[73.76543,19.96351],[73.76585,19.964],[73.766,19.96418],[73.76749,19.96596]]},"properties":{"id":"road_w357260202","type":"road_segment","name":"Mumbai Agra Highway Elevated Corridor","name_local":null,"category":"motorway","source":"openstreetmap","source_id":"way/357260202","updated_at":"2026-01-24T03:31:28Z","tags":{"ref":"NH160","lanes":"3","maxspeed":"100","surface":"asphalt","oneway":"yes","bridge":"yes"}}},{"type":"Feature","geometry":{"type":"LineString","coordinates":[[73.74934,19.94871],[73.75024,19.94945],[73.75117,19.9502],[73.75315,19.95178]]},"properties":{"id":"road_w357260204","type":"road_segment","name":"Mumbai Agra Highway Elevated Corridor","name_local":null,"category":"motorway","source":"openstreetmap","source_id":"way/357260204","updated_at":"2026-01-11T19:23:41Z","tags":{"ref":"NH160","lanes":"3","surface":"asphalt","oneway":"yes"}}},{"type":"Feature","geometry":{"type":"LineString","coordinates":[[73.7787,19.97812],[73.77859,19.97799]]},"properties":{"id":"road_w357260205","type":"road_segment","name":"Mumbai Agra Highway Elevated Corridor","name_local":null,"category":"motorway","source":"openstreetmap","source_id":"way/357260205","updated_at":"2026-01-11T19:23:43Z","tags":{"lanes":"2","surface":"asphalt","oneway":"yes"}}},{"type":"Feature","geometry":{"type":"LineString","coordinates":[[73.76749,19.96596],[73.76767,19.96618]]},"properties":{"id":"road_w357260206","type":"road_segment","name":"Mumbai Agra Highway Elevated Corridor","name_local":null,"category":"motorway","source":"openstreetmap","source_id":"way/357260206","updated_at":"2026-01-11T19:23:43Z","tags":{"ref":"NH160","lanes":"3","maxspeed":"100","surface":"asphalt","oneway":"yes","bridge":"yes"}}},{"type":"Feature","geometry":{"type":"LineString","coordinates":[[73.76787,19.96621],[73.76764,19.96593]]},"properties":{"id":"road_w357260207","type":"road_segment","name":"Mumbai Agra Highway Elevated Corridor","name_local":null,"category":"motorway","source":"openstreetmap","source_id":"way/357260207","updated_at":"2026-01-11T19:23:43Z","tags":{"ref":"NH848","lanes":"3","maxspeed":"100","surface":"asphalt","oneway":"yes","bridge":"yes"}}},{"type":"Feature","geometry":{"type":"LineString","coordinates":[[73.77835,19.97786],[73.77842,19.97794]]},"properties":{"id":"road_w357260208","type":"road_segment","name":"Mumbai Agra Highway Elevated Corridor","name_local":null,"category":"motorway","source":"openstreetmap","source_id":"way/357260208","updated_at":"2026-01-11T19:23:43Z","tags":{"lanes":"2","surface":"asphalt","oneway":"yes"}}},{"type":"Feature","geometry":{"type":"LineString","coordinates":[[73.77842,19.97794],[73.78038,19.9803],[73.78103,19.9811],[73.78151,19.98164],[73.78186,19.98217],[73.78202,19.98242],[73.78231,19.98293],[73.78252,19.98337],[73.78285,19.98416],[73.7832,19.98486],[73.78376,19.98577],[73.78415,19.98639],[73.78445,19.98687],[73.78464,19.98712],[73.7849,19.98739],[73.78519,19.98767],[73.78538,19.98782],[73.78554,19.98795],[73.78572,19.98807],[73.7859,19.98818],[73.78627,19.98839],[73.78725,19.98892],[73.78823,19.98945],[73.78965,19.99018],[73.79043,19.99059],[73.79125,19.99102],[73.79321,19.99209]]},"properties":{"id":"road_w357260209","type":"road_segment","name":"Mumbai Agra Highway Elevated Corridor","name_local":null,"category":"motorway","source":"openstreetmap","source_id":"way/357260209","updated_at":"2026-01-11T19:23:43Z","tags":{"ref":"NH160","lanes":"2","surface":"asphalt","oneway":"yes","bridge":"yes"}}},{"type":"Feature","geometry":{"type":"LineString","coordinates":[[73.75531,19.95379],[73.75506,19.95352],[73.75428,19.95265],[73.75363,19.95203],[73.75322,19.95168],[73.75031,19.94939],[73.7494,19.94864]]},"properties":{"id":"road_w357260210","type":"road_segment","name":"Mumbai Agra Highway Elevated Corridor","name_local":null,"category":"motorway","source":"openstreetmap","source_id":"way/357260210","updated_at":"2026-01-11T19:23:43Z","tags":{"ref":"NH160","lanes":"3","maxspeed":"100","surface":"asphalt","oneway":"yes"}}},{"type":"Feature","geometry":{"type":"LineString","coordinates":[[73.76058,19.95866],[73.75749,19.95602],[73.75635,19.95495],[73.75531,19.95379]]},"properties":{"id":"road_w357260213","type":"road_segment","name":"Mumbai Agra Highway Elevated Corridor","name_local":null,"category":"motorway","source":"openstreetmap","source_id":"way/357260213","updated_at":"2026-01-11T19:23:43Z","tags":{"ref":"NH160","lanes":"3","maxspeed":"100","surface":"asphalt","oneway":"yes","bridge":"yes"}}},{"type":"Feature","geometry":{"type":"LineString","coordinates":[[73.77553,19.97449],[73.77469,19.97354],[73.77411,19.97291],[73.77368,19.97245],[73.7729,19.97181]]},"properties":{"id":"road_w357260215","type":"road_segment","name":"Mumbai Agra Highway Elevated Corridor","name_local":null,"category":"motorway","source":"openstreetmap","source_id":"way/357260215","updated_at":"2026-01-11T19:23:43Z","tags":{"ref":"NH160","lanes":"3","surface":"asphalt","oneway":"yes","bridge":"yes"}}},{"type":"Feature","geometry":{"type":"LineString","coordinates":[[73.78003,19.97955],[73.77986,19.97941],[73.77872,19.97805],[73.77859,19.97799]]},"properties":{"id":"road_w357260217","type":"road_segment","name":"Mumbai Agra Highway","name_local":null,"category":"motorway_link","source":"openstreetmap","source_id":"way/357260217","updated_at":"2026-01-11T19:23:43Z","tags":{"lanes":"2","surface":"asphalt","oneway":"yes"}}},{"type":"Feature","geometry":{"type":"LineString","coordinates":[[73.77835,19.97786],[73.77839,19.97801],[73.77871,19.9784],[73.77915,19.97895],[73.77967,19.97955],[73.77969,19.97966]]},"properties":{"id":"road_w357260218","type":"road_segment","name":"Mumbai Agra Highway","name_local":null,"category":"motorway_link","source":"openstreetmap","source_id":"way/357260218","updated_at":"2026-01-11T19:23:43Z","tags":{"lanes":"2","surface":"asphalt","oneway":"yes"}}},{"type":"Feature","geometry":{"type":"LineString","coordinates":[[73.77283,19.9719],[73.77303,19.97206],[73.77358,19.97253],[73.77393,19.97287],[73.77448,19.97348],[73.77545,19.97459]]},"properties":{"id":"road_w357260220","type":"road_segment","name":"Mumbai Agra Highway Elevated Corridor","name_local":null,"category":"motorway","source":"openstreetmap","source_id":"way/357260220","updated_at":"2026-01-11T19:23:43Z","tags":{"ref":"NH160","lanes":"3","surface":"asphalt","oneway":"yes","bridge":"yes"}}},{"type":"Feature","geometry":{"type":"LineString","coordinates":[[73.74284,19.94283],[73.74321,19.94309],[73.74348,19.94331],[73.74426,19.944],[73.74479,19.94453],[73.74541,19.94519],[73.74602,19.94577]]},"properties":{"id":"road_w357260221","type":"road_segment","name":"Mumbai Agra Highway Elevated Corridor","name_local":null,"category":"motorway","source":"openstreetmap","source_id":"way/357260221","updated_at":"2026-01-11T19:23:43Z","tags":{"ref":"NH160","lanes":"3","surface":"asphalt","oneway":"yes","bridge":"yes"}}},{"type":"Feature","geometry":{"type":"LineString","coordinates":[[73.77035,19.96931],[73.76982,19.96864],[73.7687,19.96725],[73.76812,19.96653],[73.76787,19.96621]]},"properties":{"id":"road_w357260222","type":"road_segment","name":"Mumbai Agra Highway Elevated Corridor","name_local":null,"category":"motorway","source":"openstreetmap","source_id":"way/357260222","updated_at":"2026-01-11T19:23:43Z","tags":{"ref":"NH160","lanes":"3","maxspeed":"100","surface":"asphalt","oneway":"yes"}}},{"type":"Feature","geometry":{"type":"LineString","coordinates":[[73.77126,19.97054],[73.77151,19.97079],[73.77283,19.9719]]},"properties":{"id":"road_w357260223","type":"road_segment","name":"Mumbai Agra Highway Elevated Corridor","name_local":null,"category":"motorway","source":"openstreetmap","source_id":"way/357260223","updated_at":"2026-01-11T19:23:43Z","tags":{"ref":"NH160","lanes":"3","surface":"asphalt","oneway":"yes"}}},{"type":"Feature","geometry":{"type":"LineString","coordinates":[[73.85223,20.02914],[73.85257,20.02936],[73.8551,20.03026],[73.85582,20.03059],[73.85661,20.03108],[73.85752,20.03173],[73.8576,20.03178],[73.85856,20.03248],[73.85871,20.03259],[73.85927,20.03299],[73.86011,20.0336],[73.86067,20.03398],[73.86147,20.03443]]},"properties":{"id":"road_w357260224","type":"road_segment","name":"Mumbai Agra Highway","name_local":null,"category":"tertiary","source":"openstreetmap","source_id":"way/357260224","updated_at":"2024-09-18T10:15:38Z","tags":{"ref":"NH160","lanes":"2","surface":"asphalt","oneway":"yes"}}},{"type":"Feature","geometry":{"type":"LineString","coordinates":[[73.78382,19.9856],[73.78378,19.98552],[73.78345,19.98492],[73.78307,19.98416],[73.78291,19.98377],[73.78275,19.98337],[73.78265,19.98315],[73.78261,19.98308],[73.78257,19.98299],[73.78254,19.98292],[73.7824,19.98262],[73.78224,19.98235],[73.78212,19.98212],[73.78197,19.9819],[73.78171,19.98157],[73.7803,19.97988],[73.78009,19.97964]]},"properties":{"id":"road_w357260232","type":"road_segment","name":"Agra Mumbai Highway","name_local":null,"category":"primary","source":"openstreetmap","source_id":"way/357260232","updated_at":"2026-01-11T19:23:43Z","tags":{"lanes":"2","oneway":"yes"}}},{"type":"Feature","geometry":{"type":"LineString","coordinates":[[73.79374,19.99266],[73.79384,19.99312],[73.79389,19.99338],[73.79391,19.99352],[73.79397,19.99373],[73.794,19.99404]]},"properties":{"id":"road_w357260254","type":"road_segment","name":"Wadala Road","name_local":null,"category":"unclassified","source":"openstreetmap","source_id":"way/357260254","updated_at":"2026-01-11T06:06:50Z","tags":{"surface":"asphalt"}}},{"type":"Feature","geometry":{"type":"LineString","coordinates":[[73.87339,20.00075],[73.87347,20.00076],[73.87375,20.00079],[73.87459,20.00093],[73.87506,20.00105],[73.87575,20.00125],[73.8763,20.00146],[73.87762,20.00163],[73.8786,20.00175],[73.87961,20.00179],[73.88,20.00178],[73.88062,20.00176],[73.88081,20.00175],[73.88096,20.00175]]},"properties":{"id":"road_w357263007","type":"road_segment","name":"SH 30","name_local":null,"category":"primary","source":"openstreetmap","source_id":"way/357263007","updated_at":"2023-11-17T14:26:33Z","tags":{"ref":"SH30","lanes":"2","surface":"asphalt","oneway":"yes"}}},{"type":"Feature","geometry":{"type":"LineString","coordinates":[[73.86634,20.0001],[73.86703,20.00024],[73.86816,20.00053],[73.86918,20.00079],[73.86931,20.00082],[73.86956,20.00086],[73.86992,20.00087],[73.87032,20.00082],[73.87136,20.00068],[73.87182,20.00063],[73.87222,20.00062],[73.87266,20.00067],[73.87301,20.00071]]},"properties":{"id":"road_w357263008","type":"road_segment","name":"SH 30","name_local":null,"category":"primary","source":"openstreetmap","source_id":"way/357263008","updated_at":"2022-04-06T14:09:39Z","tags":{"ref":"SH30","lanes":"2","surface":"asphalt","oneway":"yes"}}},{"type":"Feature","geometry":{"type":"LineString","coordinates":[[73.83677,19.99915],[73.83743,19.99883],[73.83808,19.9985],[73.83846,19.99827],[73.83886,19.99802],[73.83934,19.99771],[73.83965,19.99752],[73.84012,19.99732],[73.84065,19.99714],[73.8409,19.99706],[73.84158,19.99686],[73.84209,19.99676],[73.84252,19.99678],[73.84311,19.99685],[73.84379,19.99698]]},"properties":{"id":"road_w357263009","type":"road_segment","name":"SH 30","name_local":null,"category":"primary","source":"openstreetmap","source_id":"way/357263009","updated_at":"2019-10-24T07:02:07Z","tags":{"ref":"SH30","lanes":"2","surface":"asphalt","oneway":"yes"}}},{"type":"Feature","geometry":{"type":"LineString","coordinates":[[73.873,20.00062],[73.87268,20.00058],[73.87222,20.00054],[73.87188,20.00055],[73.8713,20.00059],[73.87055,20.00068],[73.87008,20.00074],[73.86999,20.00075],[73.86973,20.00078],[73.86941,20.00076],[73.86921,20.00071],[73.86893,20.00065],[73.8677,20.00032],[73.86706,20.00017],[73.86638,20.00002]]},"properties":{"id":"road_w357263010","type":"road_segment","name":"SH 30","name_local":null,"category":"primary","source":"openstreetmap","source_id":"way/357263010","updated_at":"2022-04-06T14:09:39Z","tags":{"ref":"SH30","lanes":"2","surface":"asphalt","oneway":"yes"}}},{"type":"Feature","geometry":{"type":"LineString","coordinates":[[73.8438,19.99689],[73.84338,19.99681],[73.84334,19.9968],[73.84292,19.99674],[73.84269,19.99672],[73.84244,19.99668],[73.84212,19.99669],[73.84205,19.99669],[73.84164,19.99676],[73.84088,19.99699],[73.84078,19.99702],[73.84071,19.99704],[73.84063,19.99707],[73.84005,19.99724],[73.83961,19.99746],[73.8393,19.99766],[73.83898,19.99787],[73.83842,19.9982],[73.83796,19.99848],[73.83755,19.99868],[73.83744,19.99874],[73.83718,19.99887],[73.83673,19.99908]]},"properties":{"id":"road_w357263011","type":"road_segment","name":"SH 30","name_local":null,"category":"primary","source":"openstreetmap","source_id":"way/357263011","updated_at":"2023-08-26T09:13:07Z","tags":{"ref":"SH30","lanes":"2","surface":"asphalt","oneway":"yes"}}},{"type":"Feature","geometry":{"type":"LineString","coordinates":[[73.87301,20.00071],[73.87339,20.00075]]},"properties":{"id":"road_w357263012","type":"road_segment","name":"SH 30","name_local":null,"category":"primary","source":"openstreetmap","source_id":"way/357263012","updated_at":"2015-06-29T20:52:38Z","tags":{"ref":"SH30","lanes":"2","surface":"asphalt","oneway":"yes","bridge":"yes"}}},{"type":"Feature","geometry":{"type":"LineString","coordinates":[[73.87342,20.00067],[73.873,20.00062]]},"properties":{"id":"road_w357263013","type":"road_segment","name":"SH 30","name_local":null,"category":"primary","source":"openstreetmap","source_id":"way/357263013","updated_at":"2015-06-29T20:52:38Z","tags":{"ref":"SH30","lanes":"2","surface":"asphalt","oneway":"yes","bridge":"yes"}}},{"type":"Feature","geometry":{"type":"LineString","coordinates":[[73.86638,20.00002],[73.86597,19.99995]]},"properties":{"id":"road_w357263014","type":"road_segment","name":"SH 30","name_local":null,"category":"primary","source":"openstreetmap","source_id":"way/357263014","updated_at":"2015-06-29T20:52:39Z","tags":{"ref":"SH30","lanes":"2","surface":"asphalt","oneway":"yes","bridge":"yes"}}},{"type":"Feature","geometry":{"type":"LineString","coordinates":[[73.86594,20.00003],[73.86634,20.0001]]},"properties":{"id":"road_w357263015","type":"road_segment","name":"SH 30","name_local":null,"category":"primary","source":"openstreetmap","source_id":"way/357263015","updated_at":"2015-06-29T20:52:39Z","tags":{"ref":"SH30","lanes":"2","surface":"asphalt","oneway":"yes","bridge":"yes"}}},{"type":"Feature","geometry":{"type":"LineString","coordinates":[[73.84379,19.99698],[73.84398,19.99703],[73.84432,19.99712]]},"properties":{"id":"road_w357263016","type":"road_segment","name":"SH 30","name_local":null,"category":"primary","source":"openstreetmap","source_id":"way/357263016","updated_at":"2022-02-02T08:35:15Z","tags":{"ref":"SH30","lanes":"2","surface":"asphalt","oneway":"yes"}}},{"type":"Feature","geometry":{"type":"LineString","coordinates":[[73.84432,19.99703],[73.8438,19.99689]]},"properties":{"id":"road_w357263017","type":"road_segment","name":"SH 30","name_local":null,"category":"primary","source":"openstreetmap","source_id":"way/357263017","updated_at":"2015-06-29T20:52:39Z","tags":{"ref":"SH30","lanes":"2","surface":"asphalt","oneway":"yes"}}},{"type":"Feature","geometry":{"type":"LineString","coordinates":[[73.84432,19.99712],[73.84464,19.99719],[73.84503,19.99727],[73.84643,19.99748],[73.84666,19.99751],[73.84782,19.99767],[73.84863,19.99776],[73.8492,19.99783],[73.84964,19.99793],[73.84972,19.99795],[73.8501,19.99805],[73.85053,19.99816],[73.85119,19.99829],[73.85174,19.99836],[73.8532,19.99844],[73.85403,19.99849],[73.85419,19.99851],[73.85455,19.99856],[73.85548,19.99874],[73.85833,19.99921],[73.85887,19.99932],[73.85921,19.99938],[73.85972,19.99945],[73.86015,19.99952],[73.86145,19.99962],[73.86196,19.99965],[73.86364,19.99979],[73.86501,19.9999],[73.86562,19.99998],[73.86594,20.00003]]},"properties":{"id":"road_w357263018","type":"road_segment","name":"SH 30","name_local":null,"category":"primary","source":"openstreetmap","source_id":"way/357263018","updated_at":"2024-06-03T06:29:58Z","tags":{"ref":"SH30","lanes":"2","surface":"asphalt","oneway":"yes"}}},{"type":"Feature","geometry":{"type":"LineString","coordinates":[[73.86597,19.99995],[73.86571,19.9999],[73.86493,19.99981],[73.86364,19.99971],[73.86156,19.99954],[73.8599,19.9994],[73.85978,19.99938],[73.85929,19.9993],[73.85888,19.99923],[73.8586,19.99919],[73.85718,19.99894],[73.85582,19.99872],[73.85465,19.9985],[73.85396,19.99843],[73.85255,19.99833],[73.85174,19.99828],[73.85118,19.99821],[73.85058,19.9981],[73.84996,19.99794],[73.84966,19.99785],[73.84936,19.99776],[73.84888,19.9977],[73.8472,19.99751],[73.84641,19.9974],[73.84514,19.9972],[73.84481,19.99715],[73.84432,19.99703]]},"properties":{"id":"road_w357263019","type":"road_segment","name":"SH 30","name_local":null,"category":"primary","source":"openstreetmap","source_id":"way/357263019","updated_at":"2022-04-06T14:21:12Z","tags":{"ref":"SH30","lanes":"2","surface":"asphalt","oneway":"yes"}}},{"type":"Feature","geometry":{"type":"LineString","coordinates":[[73.81021,20.01079],[73.81036,20.01074],[73.81094,20.01044],[73.81241,20.00972],[73.81344,20.00918],[73.81373,20.00901],[73.81392,20.00892],[73.81396,20.0089],[73.81442,20.00879],[73.81519,20.00865],[73.81579,20.00854],[73.81646,20.00841],[73.81658,20.0084],[73.81719,20.00832],[73.8176,20.00826],[73.81777,20.00821],[73.81938,20.00763],[73.82049,20.00721],[73.82069,20.00715],[73.8212,20.00694],[73.82179,20.00667],[73.82215,20.00651],[73.82293,20.00622],[73.82343,20.00603],[73.8235,20.00599],[73.82367,20.0059],[73.82386,20.00578],[73.82396,20.00573],[73.82413,20.00563],[73.82454,20.00541],[73.82473,20.00533],[73.82495,20.00525],[73.82524,20.00515],[73.82548,20.00507],[73.82598,20.00489],[73.82637,20.00474],[73.82672,20.00461],[73.82692,20.00452],[73.8276,20.00421],[73.82767,20.00418],[73.82851,20.00376],[73.82868,20.00368],[73.82892,20.00355],[73.82945,20.00326],[73.83007,20.00293],[73.83129,20.00224],[73.83234,20.00174],[73.83256,20.00163],[73.8334,20.00123],[73.83392,20.0009],[73.83489,20.00019],[73.83557,19.99975],[73.83608,19.9995],[73.83677,19.99915]]},"properties":{"id":"road_w357263020","type":"road_segment","name":"SH 30","name_local":null,"category":"primary","source":"openstreetmap","source_id":"way/357263020","updated_at":"2026-01-11T08:50:07Z","tags":{"ref":"SH30","lanes":"3","surface":"asphalt","oneway":"yes"}}},{"type":"Feature","geometry":{"type":"LineString","coordinates":[[73.83673,19.99908],[73.83604,19.99942],[73.83554,19.99967],[73.83502,19.99998],[73.83375,20.0009],[73.83306,20.00129],[73.83244,20.00158],[73.83238,20.0016],[73.83194,20.00181],[73.83131,20.00211],[73.83039,20.00264],[73.82879,20.00351],[73.82793,20.00394],[73.82743,20.00418],[73.82669,20.00453],[73.82605,20.00476],[73.82597,20.00479],[73.82583,20.00484],[73.82472,20.00525],[73.82454,20.00533],[73.82422,20.00547],[73.82361,20.0058],[73.82323,20.006],[73.82282,20.00616],[73.82261,20.00624],[73.82232,20.00635],[73.82211,20.00643],[73.82185,20.00652],[73.82087,20.00696],[73.82039,20.00716],[73.81933,20.00752],[73.81854,20.00782],[73.81775,20.00813],[73.81745,20.00821],[73.81717,20.00823],[73.817,20.00825],[73.81657,20.00831],[73.81645,20.00832],[73.81553,20.0085],[73.81519,20.00856],[73.8151,20.00857],[73.81485,20.00862],[73.81423,20.00872],[73.81393,20.00881],[73.81387,20.00884],[73.81352,20.009],[73.81297,20.00933],[73.81207,20.00978],[73.81138,20.01014],[73.81114,20.01026],[73.81093,20.01036],[73.81024,20.0107],[73.81021,20.01079]]},"properties":{"id":"road_w357263021","type":"road_segment","name":"SH 30","name_local":null,"category":"primary","source":"openstreetmap","source_id":"way/357263021","updated_at":"2026-01-11T06:53:06Z","tags":{"ref":"SH30","lanes":"3","surface":"asphalt","oneway":"yes"}}},{"type":"Feature","geometry":{"type":"LineString","coordinates":[[73.81926,20.01439],[73.81797,20.01396],[73.81736,20.01374],[73.81628,20.01331],[73.8149,20.0127]]},"properties":{"id":"road_w359188877","type":"road_segment","name":"Mumbai Agra Highway Elevated Corridor","name_local":null,"category":"motorway","source":"openstreetmap","source_id":"way/359188877","updated_at":"2026-01-11T19:23:43Z","tags":{"ref":"NH60","lanes":"3","surface":"asphalt","oneway":"yes"}}},{"type":"Feature","geometry":{"type":"LineString","coordinates":[[73.81927,20.01447],[73.82143,20.01514],[73.82246,20.01546],[73.82333,20.01573],[73.82352,20.01579],[73.82404,20.01597],[73.82471,20.01622],[73.82529,20.01645],[73.82578,20.01665],[73.82627,20.01687],[73.82658,20.01701],[73.82731,20.01735],[73.83053,20.01887],[73.83167,20.0195],[73.83202,20.01972],[73.83809,20.02333],[73.84097,20.02509],[73.84132,20.02528],[73.84162,20.02544],[73.84203,20.02564],[73.84245,20.02583],[73.84269,20.02594]]},"properties":{"id":"road_w359188878","type":"road_segment","name":"Mumbai Agra Highway Elevated Corridor","name_local":null,"category":"motorway","source":"openstreetmap","source_id":"way/359188878","updated_at":"2026-01-11T19:23:43Z","tags":{"ref":"NH60","lanes":"2","surface":"asphalt","oneway":"yes","bridge":"yes"}}},{"type":"Feature","geometry":{"type":"LineString","coordinates":[[73.85223,20.02914],[73.85361,20.02959],[73.85496,20.03007],[73.85566,20.03041],[73.85651,20.03091]]},"properties":{"id":"road_w359190282","type":"road_segment","name":"Agra Mumbai Road","name_local":null,"category":"trunk","source":"openstreetmap","source_id":"way/359190282","updated_at":"2026-01-11T18:49:03Z","tags":{"ref":"NH60","lanes":"3","surface":"asphalt","oneway":"yes"}}},{"type":"Feature","geometry":{"type":"LineString","coordinates":[[73.84274,20.02587],[73.84256,20.02578],[73.84228,20.02565],[73.84203,20.02554],[73.84155,20.0253],[73.84123,20.02513],[73.8407,20.02483],[73.83856,20.02354],[73.8322,20.01972],[73.83057,20.01879],[73.8272,20.01719],[73.82613,20.0167],[73.82524,20.01633],[73.82428,20.01597],[73.82352,20.0157],[73.82325,20.01561],[73.82309,20.01556],[73.82145,20.01507]]},"properties":{"id":"road_w359190283","type":"road_segment","name":"Mumbai Agra Highway Elevated Corridor","name_local":null,"category":"motorway","source":"openstreetmap","source_id":"way/359190283","updated_at":"2026-01-11T19:23:43Z","tags":{"ref":"NH60","lanes":"2","surface":"asphalt","oneway":"yes","bridge":"yes"}}},{"type":"Feature","geometry":{"type":"LineString","coordinates":[[73.86147,20.03443],[73.86255,20.03522],[73.86282,20.03541],[73.86549,20.03717],[73.86563,20.03726],[73.86596,20.03746],[73.86633,20.0377]]},"properties":{"id":"road_w359190284","type":"road_segment","name":"Agra Mumbai Road","name_local":null,"category":"trunk","source":"openstreetmap","source_id":"way/359190284","updated_at":"2022-12-11T06:26:18Z","tags":{"ref":"NH60","lanes":"3","surface":"asphalt","oneway":"yes"}}},{"type":"Feature","geometry":{"type":"LineString","coordinates":[[73.86119,20.03407],[73.86046,20.03359],[73.85833,20.03204],[73.85729,20.03131]]},"properties":{"id":"road_w359190285","type":"road_segment","name":"Agra Mumbai Road","name_local":null,"category":"trunk","source":"openstreetmap","source_id":"way/359190285","updated_at":"2026-01-11T18:49:03Z","tags":{"ref":"NH60","lanes":"3","surface":"asphalt","oneway":"yes"}}},{"type":"Feature","geometry":{"type":"LineString","coordinates":[[73.92163,20.08721],[73.92129,20.08688],[73.91988,20.08552],[73.91796,20.08365],[73.91666,20.08239],[73.91657,20.0823],[73.91554,20.08127],[73.91512,20.08085],[73.91426,20.07999],[73.91305,20.07878],[73.91295,20.07869],[73.91236,20.07812],[73.91127,20.07715],[73.91026,20.07636],[73.90927,20.07564],[73.90681,20.07404],[73.90499,20.07283],[73.90445,20.07245],[73.90411,20.07221],[73.90406,20.07218],[73.90366,20.07193],[73.90213,20.07089],[73.9001,20.06952],[73.90002,20.06946],[73.89898,20.06874],[73.89843,20.06833],[73.89732,20.06749],[73.89532,20.06602],[73.89441,20.06536],[73.89379,20.06483],[73.89306,20.06419],[73.89118,20.06241],[73.89064,20.0619],[73.89021,20.06146],[73.89008,20.06133],[73.88963,20.06089],[73.88912,20.06032],[73.88766,20.05874],[73.88635,20.0575],[73.88569,20.05683],[73.88442,20.05547],[73.88297,20.05386],[73.88243,20.05326],[73.8814,20.05201],[73.88103,20.05157],[73.88038,20.05085],[73.87948,20.04997],[73.87891,20.04946],[73.87812,20.04864],[73.87756,20.04799],[73.87598,20.04617],[73.87413,20.04427],[73.87226,20.04226],[73.87098,20.0409],[73.87047,20.04038],[73.8699,20.03985],[73.86925,20.03939],[73.86876,20.03909],[73.86845,20.03889],[73.86799,20.03859],[73.8668,20.03782],[73.86666,20.03773]]},"properties":{"id":"road_w359190286","type":"road_segment","name":"Agra Mumbai Road","name_local":null,"category":"trunk","source":"openstreetmap","source_id":"way/359190286","updated_at":"2024-06-13T05:49:01Z","tags":{"ref":"NH60","lanes":"3","surface":"asphalt","oneway":"yes"}}},{"type":"Feature","geometry":{"type":"LineString","coordinates":[[73.7555,20.00856],[73.7558,20.00846],[73.75643,20.00819],[73.75672,20.00808],[73.75701,20.00796],[73.75748,20.00776]]},"properties":{"id":"road_w359193619","type":"road_segment","name":"College road","name_local":null,"category":"secondary","source":"openstreetmap","source_id":"way/359193619","updated_at":"2019-01-01T11:41:08Z","tags":{"lanes":"2","surface":"concrete","oneway":"yes"}}},{"type":"Feature","geometry":{"type":"LineString","coordinates":[[73.75746,20.0077],[73.75733,20.00775],[73.757,20.00788],[73.75646,20.00811],[73.75639,20.00814]]},"properties":{"id":"road_w359193622","type":"road_segment","name":"College Road","name_local":null,"category":"secondary","source":"openstreetmap","source_id":"way/359193622","updated_at":"2015-07-07T16:37:17Z","tags":{"lanes":"2","surface":"concrete","oneway":"yes"}}},{"type":"Feature","geometry":{"type":"LineString","coordinates":[[73.75639,20.00814],[73.7558,20.00839],[73.75556,20.00847],[73.75547,20.0085]]},"properties":{"id":"road_w359193624","type":"road_segment","name":"College Road","name_local":null,"category":"secondary","source":"openstreetmap","source_id":"way/359193624","updated_at":"2015-07-07T16:37:17Z","tags":{"lanes":"2","surface":"concrete","oneway":"yes"}}},{"type":"Feature","geometry":{"type":"LineString","coordinates":[[73.75755,20.00774],[73.75826,20.00751],[73.75851,20.00743]]},"properties":{"id":"road_w359193625","type":"road_segment","name":"College road","name_local":null,"category":"secondary","source":"openstreetmap","source_id":"way/359193625","updated_at":"2019-01-01T11:41:08Z","tags":{"lanes":"2","surface":"concrete","oneway":"yes"}}},{"type":"Feature","geometry":{"type":"LineString","coordinates":[[73.75962,20.00704],[73.76183,20.00634],[73.76242,20.00613],[73.76315,20.00592],[73.76327,20.00589]]},"properties":{"id":"road_w359193627","type":"road_segment","name":"College road","name_local":null,"category":"secondary","source":"openstreetmap","source_id":"way/359193627","updated_at":"2024-08-09T06:14:02Z","tags":{"lanes":"2","surface":"concrete","oneway":"yes"}}},{"type":"Feature","geometry":{"type":"LineString","coordinates":[[73.76332,20.00581],[73.76326,20.00583],[73.76309,20.00587],[73.76262,20.00599],[73.76239,20.00608],[73.76226,20.00612],[73.76171,20.00631],[73.76094,20.00655],[73.76022,20.00677],[73.75981,20.0069],[73.75959,20.00699],[73.75877,20.00727],[73.75842,20.00739]]},"properties":{"id":"road_w359193631","type":"road_segment","name":"College Road","name_local":null,"category":"secondary","source":"openstreetmap","source_id":"way/359193631","updated_at":"2024-08-09T06:14:02Z","tags":{"lanes":"2","surface":"concrete","oneway":"yes"}}},{"type":"Feature","geometry":{"type":"LineString","coordinates":[[73.74414,19.94371],[73.74364,19.94326],[73.74319,19.94291],[73.74231,19.94233],[73.74167,19.94194],[73.74097,19.94142],[73.74035,19.94087],[73.73935,19.93987],[73.73893,19.93942],[73.73831,19.93876]]},"properties":{"id":"road_w359264747","type":"road_segment","name":"Mumbai Agra Highway","name_local":null,"category":"trunk","source":"openstreetmap","source_id":"way/359264747","updated_at":"2026-01-10T19:40:17Z","tags":{"ref":"NH848","lanes":"3","surface":"asphalt","oneway":"yes"}}},{"type":"Feature","geometry":{"type":"LineString","coordinates":[[73.79284,19.98856],[73.79303,19.98863],[73.79326,19.98869],[73.79368,19.98879],[73.79372,19.98881],[73.79395,19.98889],[73.79432,19.98901],[73.79454,19.98908],[73.79498,19.98922],[73.79548,19.98939],[73.79606,19.98959],[73.79654,19.98976],[73.79677,19.98984],[73.79706,19.98994],[73.7976,19.99015],[73.79836,19.99046],[73.79914,19.99074]]},"properties":{"id":"road_w359264752","type":"road_segment","name":"Bhabha Nagar Road","name_local":"भाभानगर रोड","category":"secondary","source":"openstreetmap","source_id":"way/359264752","updated_at":"2024-08-08T09:00:32Z","tags":{"name:mr":"भाभानगर रोड","lanes":"2","surface":"asphalt"}}},{"type":"Feature","geometry":{"type":"LineString","coordinates":[[73.79284,19.98856],[73.79266,19.98741],[73.79264,19.98726],[73.7926,19.98701],[73.79239,19.98569],[73.79236,19.98561]]},"properties":{"id":"road_w359264753","type":"road_segment","name":"Wadala Road","name_local":"वडाळा रस्ता","category":"secondary","source":"openstreetmap","source_id":"way/359264753","updated_at":"2016-08-13T09:41:39Z","tags":{"name:mr":"वडाळा रस्ता","lanes":"2","oneway":"yes"}}},{"type":"Feature","geometry":{"type":"LineString","coordinates":[[73.79277,19.98853],[73.79282,19.98889],[73.79289,19.98921],[73.79295,19.98943],[73.79306,19.98976],[73.79314,19.99001],[73.79319,19.99019],[73.7933,19.99051],[73.79338,19.99073],[73.79341,19.99086],[73.79345,19.99095],[73.79355,19.99162],[73.79359,19.99196]]},"properties":{"id":"road_w359264754","type":"road_segment","name":"Wadala Road","name_local":"वडाळा रस्ता","category":"secondary","source":"openstreetmap","source_id":"way/359264754","updated_at":"2026-01-11T06:06:50Z","tags":{"name:mr":"वडाळा रस्ता","lanes":"2","surface":"asphalt","oneway":"yes"}}},{"type":"Feature","geometry":{"type":"LineString","coordinates":[[73.79236,19.98561],[73.79234,19.98568],[73.79247,19.98656],[73.7926,19.98741],[73.79277,19.98853]]},"properties":{"id":"road_w359264756","type":"road_segment","name":"Wadala Road","name_local":"वडाळा रस्ता","category":"secondary","source":"openstreetmap","source_id":"way/359264756","updated_at":"2015-07-08T04:34:43Z","tags":{"name:mr":"वडाळा रस्ता","lanes":"2","surface":"asphalt","oneway":"yes"}}},{"type":"Feature","geometry":{"type":"LineString","coordinates":[[73.79914,19.99074],[73.79902,19.991],[73.79881,19.99133],[73.79824,19.9922],[73.7982,19.99227],[73.79788,19.99278],[73.7978,19.99291],[73.79755,19.99331],[73.79738,19.99357]]},"properties":{"id":"road_w359264757","type":"road_segment","name":"Nashik Pune Highway","name_local":"नाशिक पुणे महामार्ग","category":"trunk","source":"openstreetmap","source_id":"way/359264757","updated_at":"2023-03-21T14:54:58Z","tags":{"name:mr":"नाशिक पुणे महामार्ग","ref":"NH60","lanes":"3","surface":"asphalt","oneway":"yes"}}},{"type":"Feature","geometry":{"type":"LineString","coordinates":[[73.80092,19.98747],[73.80082,19.98769],[73.80077,19.98776],[73.80071,19.98784],[73.80057,19.98799],[73.80017,19.98845],[73.79992,19.98875],[73.79983,19.98889],[73.79969,19.98913],[73.79957,19.98942],[73.7995,19.98971],[73.79932,19.99035],[73.79914,19.99074]]},"properties":{"id":"road_w359264761","type":"road_segment","name":"Nashik Pune Highway","name_local":"नाशिक पुणे महामार्ग","category":"trunk","source":"openstreetmap","source_id":"way/359264761","updated_at":"2024-08-06T03:24:48Z","tags":{"name:mr":"नाशिक पुणे महामार्ग","ref":"NH60","lanes":"3","oneway":"yes"}}},{"type":"Feature","geometry":{"type":"LineString","coordinates":[[73.79744,19.99361],[73.79762,19.99334],[73.79828,19.99229],[73.79903,19.99111],[73.79924,19.99079],[73.79935,19.99055],[73.79946,19.99022],[73.7996,19.9897],[73.79971,19.98935],[73.79979,19.98914],[73.79992,19.98892],[73.80002,19.98879],[73.80018,19.98858],[73.80065,19.98805],[73.80083,19.98783],[73.80111,19.98753],[73.80118,19.98745]]},"properties":{"id":"road_w359268674","type":"road_segment","name":"Pune Nashik Highway","name_local":null,"category":"trunk","source":"openstreetmap","source_id":"way/359268674","updated_at":"2026-04-29T05:27:47Z","tags":{"ref":"NH60;NH160","lanes":"3","surface":"asphalt","oneway":"yes"}}},{"type":"Feature","geometry":{"type":"LineString","coordinates":[[73.82091,19.96696],[73.82153,19.96644],[73.82165,19.96635],[73.82248,19.96569],[73.82353,19.96486],[73.82358,19.96482],[73.82427,19.96429],[73.82526,19.96352],[73.82532,19.96347],[73.82541,19.96341],[73.82678,19.96236],[73.82725,19.96199],[73.8275,19.9618],[73.82756,19.96175],[73.8286,19.96097],[73.82949,19.96027],[73.82955,19.96022],[73.82971,19.96009],[73.82984,19.95998],[73.83123,19.95892],[73.83197,19.95834],[73.83303,19.95751],[73.83365,19.95704],[73.83403,19.95677],[73.83435,19.95652],[73.8344,19.95647]]},"properties":{"id":"road_w359268676","type":"road_segment","name":"Nashik Pune Highway","name_local":null,"category":"trunk","source":"openstreetmap","source_id":"way/359268676","updated_at":"2024-10-25T23:39:48Z","tags":{"ref":"NH60","lanes":"3","surface":"asphalt","oneway":"yes"}}},{"type":"Feature","geometry":{"type":"LineString","coordinates":[[73.8344,19.95647],[73.83462,19.9563],[73.83522,19.95586],[73.83559,19.95556],[73.83564,19.95552],[73.83566,19.9555]]},"properties":{"id":"road_w359268677","type":"road_segment","name":"Nashik Pune Highway","name_local":null,"category":"trunk","source":"openstreetmap","source_id":"way/359268677","updated_at":"2024-09-23T09:51:57Z","tags":{"ref":"NH6","lanes":"4","surface":"asphalt","oneway":"yes"}}},{"type":"Feature","geometry":{"type":"LineString","coordinates":[[73.83576,19.95542],[73.83588,19.95532],[73.8369,19.95457]]},"properties":{"id":"road_w359268678","type":"road_segment","name":"Nashik Pune Highway Flyover","name_local":null,"category":"trunk","source":"openstreetmap","source_id":"way/359268678","updated_at":"2024-09-23T09:51:57Z","tags":{"ref":"NH6","lanes":"2","surface":"asphalt","oneway":"yes"}}},{"type":"Feature","geometry":{"type":"LineString","coordinates":[[73.8369,19.95457],[73.8376,19.95403],[73.83794,19.95378],[73.8388,19.95313],[73.83926,19.95278],[73.83959,19.95253],[73.83995,19.95229],[73.84039,19.95205],[73.84067,19.9519],[73.84094,19.95175],[73.84129,19.95156],[73.84147,19.95148],[73.84167,19.95142],[73.84194,19.95138],[73.84221,19.95135],[73.84258,19.95131],[73.84368,19.9511]]},"properties":{"id":"road_w359268679","type":"road_segment","name":"Nashik Pune Highway Flyover","name_local":null,"category":"trunk","source":"openstreetmap","source_id":"way/359268679","updated_at":"2025-02-25T21:39:34Z","tags":{"ref":"NH60;NH160","lanes":"2","surface":"asphalt","oneway":"yes","bridge":"yes"}}},{"type":"Feature","geometry":{"type":"LineString","coordinates":[[73.84079,19.94819],[73.83998,19.94721],[73.83976,19.94705],[73.83966,19.94698],[73.83916,19.94689],[73.83898,19.94686],[73.83857,19.94681],[73.83821,19.94671],[73.83804,19.94665],[73.83742,19.94638],[73.837,19.94624],[73.83664,19.94613],[73.83657,19.94613],[73.83646,19.94616]]},"properties":{"id":"road_w359268680","type":"road_segment","name":"Subhash Road","name_local":null,"category":"secondary","source":"openstreetmap","source_id":"way/359268680","updated_at":"2026-01-11T05:56:33Z","tags":{"oneway":"yes"}}},{"type":"Feature","geometry":{"type":"LineString","coordinates":[[73.84368,19.95102],[73.84338,19.95108],[73.84279,19.9512],[73.84242,19.95126],[73.84212,19.95129],[73.84189,19.95131],[73.84169,19.95135],[73.84144,19.9514],[73.84121,19.95151],[73.84036,19.95198],[73.84016,19.95209],[73.83989,19.95224],[73.8396,19.95243],[73.83888,19.95296],[73.83681,19.95452]]},"properties":{"id":"road_w359268681","type":"road_segment","name":"Nashik Pune Highway Flyover","name_local":null,"category":"trunk","source":"openstreetmap","source_id":"way/359268681","updated_at":"2025-02-25T21:39:34Z","tags":{"ref":"NH60;NH160","lanes":"2","surface":"asphalt","oneway":"yes","bridge":"yes"}}},{"type":"Feature","geometry":{"type":"LineString","coordinates":[[73.85103,19.94314],[73.84872,19.94545],[73.84836,19.9458],[73.84729,19.94671],[73.84702,19.94694],[73.84687,19.94711],[73.84683,19.94716],[73.84645,19.94778],[73.8463,19.94807]]},"properties":{"id":"road_w359268682","type":"road_segment","name":"Pune Nashik Road","name_local":null,"category":"trunk","source":"openstreetmap","source_id":"way/359268682","updated_at":"2025-02-25T21:39:34Z","tags":{"ref":"NH60;NH160","lanes":"3","surface":"asphalt","oneway":"yes"}}},{"type":"Feature","geometry":{"type":"LineString","coordinates":[[73.84368,19.9511],[73.84412,19.95099],[73.84453,19.95083],[73.8448,19.9507],[73.84511,19.95049],[73.84538,19.95024],[73.84565,19.94991],[73.84587,19.94954],[73.846,19.94927],[73.84605,19.94913]]},"properties":{"id":"road_w359268683","type":"road_segment","name":"Nashik Pune Highway Flyover","name_local":null,"category":"trunk","source":"openstreetmap","source_id":"way/359268683","updated_at":"2024-09-23T09:51:57Z","tags":{"ref":"NH60","lanes":"2","surface":"asphalt","oneway":"yes"}}},{"type":"Feature","geometry":{"type":"LineString","coordinates":[[73.83681,19.95452],[73.83578,19.95528]]},"properties":{"id":"road_w359269608","type":"road_segment","name":"Nashik Pune Highway Flyover","name_local":null,"category":"trunk","source":"openstreetmap","source_id":"way/359269608","updated_at":"2024-09-23T09:51:57Z","tags":{"ref":"NH6","lanes":"2","surface":"asphalt","oneway":"yes"}}},{"type":"Feature","geometry":{"type":"LineString","coordinates":[[73.84435,19.95066],[73.84389,19.95082],[73.84316,19.95099]]},"properties":{"id":"road_w359269610","type":"road_segment","name":"Nashik Road Railway Station Exit","name_local":null,"category":"secondary","source":"openstreetmap","source_id":"way/359269610","updated_at":"2024-09-23T09:51:57Z","tags":{"lanes":"2","surface":"asphalt","oneway":"yes"}}},{"type":"Feature","geometry":{"type":"LineString","coordinates":[[73.84065,19.95166],[73.84037,19.95185]]},"properties":{"id":"road_w359269611","type":"road_segment","name":"Nashik Road Railway Station Exit","name_local":null,"category":"secondary","source":"openstreetmap","source_id":"way/359269611","updated_at":"2015-07-08T05:29:05Z","tags":{"oneway":"yes"}}},{"type":"Feature","geometry":{"type":"LineString","coordinates":[[73.84316,19.95099],[73.8426,19.95109]]},"properties":{"id":"road_w359269612","type":"road_segment","name":"Nashik Road Railway Station Exit","name_local":null,"category":"secondary","source":"openstreetmap","source_id":"way/359269612","updated_at":"2019-03-30T01:53:46Z","tags":{"lanes":"2","oneway":"yes","bridge":"yes"}}},{"type":"Feature","geometry":{"type":"LineString","coordinates":[[73.83776,19.95401],[73.83868,19.9533],[73.83929,19.95283],[73.83972,19.95252],[73.8399,19.95239],[73.84027,19.95217],[73.8403,19.95215],[73.84038,19.95212]]},"properties":{"id":"road_w359269613","type":"road_segment","name":"Pune Road","name_local":null,"category":"secondary","source":"openstreetmap","source_id":"way/359269613","updated_at":"2024-09-23T09:51:57Z","tags":{"lanes":"2","surface":"asphalt","oneway":"yes"}}},{"type":"Feature","geometry":{"type":"LineString","coordinates":[[73.8408,19.95187],[73.84136,19.95157],[73.84172,19.95147],[73.84203,19.95144],[73.84221,19.95142],[73.8423,19.9514]]},"properties":{"id":"road_w359269614","type":"road_segment","name":"Pune Road Flyover","name_local":null,"category":"secondary","source":"openstreetmap","source_id":"way/359269614","updated_at":"2024-09-23T09:51:57Z","tags":{"lanes":"2","surface":"asphalt","oneway":"yes"}}},{"type":"Feature","geometry":{"type":"LineString","coordinates":[[73.8423,19.9514],[73.84258,19.95131]]},"properties":{"id":"road_w359269615","type":"road_segment","name":"Pune Road Flyover","name_local":null,"category":"secondary","source":"openstreetmap","source_id":"way/359269615","updated_at":"2024-09-23T09:51:57Z","tags":{"lanes":"2","surface":"asphalt","oneway":"yes","bridge":"yes"}}},{"type":"Feature","geometry":{"type":"LineString","coordinates":[[73.77046,20.0038],[73.77038,20.00384],[73.7694,20.00431],[73.76918,20.00442],[73.76915,20.00443],[73.76867,20.00466],[73.76839,20.00479],[73.76829,20.00483]]},"properties":{"id":"road_w359273877","type":"road_segment","name":"College Road","name_local":null,"category":"secondary","source":"openstreetmap","source_id":"way/359273877","updated_at":"2022-10-04T05:22:33Z","tags":{"lanes":"2","surface":"concrete","oneway":"yes"}}},{"type":"Feature","geometry":{"type":"LineString","coordinates":[[73.75802,20.00375],[73.75799,20.00375],[73.75798,20.00376],[73.75797,20.00377],[73.75797,20.00378],[73.75797,20.00379],[73.75797,20.0038],[73.75798,20.00382],[73.75799,20.00382],[73.758,20.00383],[73.75802,20.00383],[73.75803,20.00382],[73.75804,20.00381],[73.75805,20.0038],[73.75805,20.00379],[73.75805,20.00378],[73.75804,20.00377],[73.75803,20.00376],[73.75802,20.00375]]},"properties":{"id":"road_w359273878","type":"road_segment","name":"Cycle Circle","name_local":null,"category":"tertiary","source":"openstreetmap","source_id":"way/359273878","updated_at":"2026-01-11T03:29:32Z","tags":{"surface":"asphalt","oneway":"yes"}}},{"type":"Feature","geometry":{"type":"LineString","coordinates":[[73.75795,20.00429],[73.75785,20.00446],[73.75776,20.00461],[73.75759,20.00495],[73.75743,20.00524],[73.75734,20.00536],[73.75726,20.00552],[73.75718,20.00564],[73.75716,20.00573],[73.75716,20.00585],[73.75718,20.006],[73.75722,20.0062],[73.75725,20.00632],[73.75743,20.00749]]},"properties":{"id":"road_w359273879","type":"road_segment","name":"Canal Link Road","name_local":null,"category":"tertiary","source":"openstreetmap","source_id":"way/359273879","updated_at":"2026-01-11T03:29:32Z","tags":{"lanes":"2","surface":"asphalt","oneway":"no"}}},{"type":"Feature","geometry":{"type":"LineString","coordinates":[[73.75743,20.00749],[73.75743,20.00754],[73.75744,20.00761],[73.75747,20.00769]]},"properties":{"id":"road_w359273880","type":"road_segment","name":"Canal Link Road","name_local":null,"category":"tertiary","source":"openstreetmap","source_id":"way/359273880","updated_at":"2026-01-11T03:29:32Z","tags":{"oneway":"yes"}}},{"type":"Feature","geometry":{"type":"LineString","coordinates":[[73.75751,20.00767],[73.75749,20.00763],[73.75747,20.00757],[73.75743,20.00749]]},"properties":{"id":"road_w359273881","type":"road_segment","name":"Canal Link Road","name_local":null,"category":"tertiary","source":"openstreetmap","source_id":"way/359273881","updated_at":"2026-01-11T03:29:32Z","tags":{"oneway":"yes"}}},{"type":"Feature","geometry":{"type":"LineString","coordinates":[[73.75795,20.00429],[73.75801,20.00421],[73.75804,20.00415],[73.75806,20.00408],[73.75808,20.004],[73.75806,20.00395]]},"properties":{"id":"road_w359273882","type":"road_segment","name":"Canal Link Road","name_local":null,"category":"tertiary","source":"openstreetmap","source_id":"way/359273882","updated_at":"2026-01-11T03:29:32Z","tags":{"oneway":"yes"}}},{"type":"Feature","geometry":{"type":"LineString","coordinates":[[73.75799,20.00382],[73.75802,20.004],[73.75801,20.0041],[73.758,20.00416],[73.75795,20.00429]]},"properties":{"id":"road_w359273883","type":"road_segment","name":"Canal Link Road","name_local":null,"category":"tertiary","source":"openstreetmap","source_id":"way/359273883","updated_at":"2026-01-11T03:29:32Z","tags":{"surface":"asphalt","oneway":"yes"}}},{"type":"Feature","geometry":{"type":"LineString","coordinates":[[73.75962,20.00704],[73.75959,20.00699],[73.75929,20.00645],[73.75906,20.00595],[73.75855,20.00499],[73.75844,20.00477],[73.75823,20.00438],[73.75812,20.00419]]},"properties":{"id":"road_w359273886","type":"road_segment","name":"Krushinagar Road","name_local":null,"category":"tertiary","source":"openstreetmap","source_id":"way/359273886","updated_at":"2019-11-05T01:26:40Z","tags":{"lanes":"2","surface":"asphalt"}}},{"type":"Feature","geometry":{"type":"LineString","coordinates":[[73.75816,20.00355],[73.75819,20.00341]]},"properties":{"id":"road_w359273888","type":"road_segment","name":"Canal Link Road","name_local":null,"category":"tertiary","source":"openstreetmap","source_id":"way/359273888","updated_at":"2026-01-11T03:29:32Z","tags":{"oneway":"yes"}}},{"type":"Feature","geometry":{"type":"LineString","coordinates":[[73.75819,20.00341],[73.7581,20.00357]]},"properties":{"id":"road_w359273889","type":"road_segment","name":"Canal Link Road","name_local":null,"category":"tertiary","source":"openstreetmap","source_id":"way/359273889","updated_at":"2026-01-11T03:29:32Z","tags":{"oneway":"yes"}}},{"type":"Feature","geometry":{"type":"LineString","coordinates":[[73.7581,20.00357],[73.75807,20.00363],[73.75802,20.00375]]},"properties":{"id":"road_w359273890","type":"road_segment","name":"Canal Link Road","name_local":null,"category":"tertiary","source":"openstreetmap","source_id":"way/359273890","updated_at":"2026-01-11T03:29:32Z","tags":{"oneway":"yes"}}},{"type":"Feature","geometry":{"type":"LineString","coordinates":[[73.75815,20.00359],[73.75816,20.00355]]},"properties":{"id":"road_w359273895","type":"road_segment","name":"Canal Link Road","name_local":null,"category":"secondary","source":"openstreetmap","source_id":"way/359273895","updated_at":"2019-01-01T11:34:12Z","tags":{"oneway":"yes"}}},{"type":"Feature","geometry":{"type":"LineString","coordinates":[[73.75806,20.00395],[73.75803,20.00382]]},"properties":{"id":"road_w359273896","type":"road_segment","name":"Canal Link Road","name_local":null,"category":"tertiary","source":"openstreetmap","source_id":"way/359273896","updated_at":"2025-07-26T08:34:13Z","tags":{"oneway":"yes"}}},{"type":"Feature","geometry":{"type":"LineString","coordinates":[[73.75819,20.00341],[73.75834,20.00311],[73.75844,20.00294],[73.75854,20.00281],[73.75867,20.0027],[73.7589,20.00253],[73.75911,20.00238],[73.75936,20.00223],[73.75942,20.0022],[73.75963,20.00206],[73.7598,20.00193],[73.76025,20.00151],[73.76056,20.00122],[73.76125,20.0006],[73.76197,19.99997],[73.76291,19.99918],[73.76309,19.99904],[73.76321,19.99896],[73.76325,19.99893],[73.76347,19.99874],[73.76361,19.99863]]},"properties":{"id":"road_w359273898","type":"road_segment","name":"Canal Link Road","name_local":null,"category":"tertiary","source":"openstreetmap","source_id":"way/359273898","updated_at":"2026-01-11T03:29:32Z","tags":{"lanes":"2","surface":"asphalt"}}},{"type":"Feature","geometry":{"type":"LineString","coordinates":[[73.75851,20.00743],[73.7589,20.0073],[73.75914,20.00721],[73.75937,20.00714],[73.75962,20.00704]]},"properties":{"id":"road_w359273901","type":"road_segment","name":"College road","name_local":null,"category":"secondary","source":"openstreetmap","source_id":"way/359273901","updated_at":"2015-07-08T06:20:53Z","tags":{"lanes":"2","surface":"concrete","oneway":"yes"}}},{"type":"Feature","geometry":{"type":"LineString","coordinates":[[73.75842,20.00739],[73.75796,20.00611],[73.75772,20.00543],[73.75765,20.00536],[73.75743,20.00524]]},"properties":{"id":"road_w359273902","type":"road_segment","name":"Kalpana Nagar Road","name_local":null,"category":"residential","source":"openstreetmap","source_id":"way/359273902","updated_at":"2019-01-14T09:05:38Z","tags":{}}},{"type":"Feature","geometry":{"type":"LineString","coordinates":[[73.75842,20.00739],[73.7582,20.00749],[73.75801,20.00755],[73.75782,20.00761],[73.75758,20.00768],[73.75756,20.00768],[73.75753,20.00768]]},"properties":{"id":"road_w359273903","type":"road_segment","name":"College Road","name_local":null,"category":"secondary","source":"openstreetmap","source_id":"way/359273903","updated_at":"2019-01-01T11:41:07Z","tags":{"lanes":"2","surface":"concrete","oneway":"yes"}}},{"type":"Feature","geometry":{"type":"LineString","coordinates":[[73.76338,20.00619],[73.76345,20.00646],[73.76361,20.00739],[73.7637,20.00787],[73.76387,20.00884],[73.76402,20.0096],[73.76404,20.00975],[73.76412,20.01015]]},"properties":{"id":"road_w359273907","type":"road_segment","name":"Thatte Nagar Road","name_local":null,"category":"tertiary","source":"openstreetmap","source_id":"way/359273907","updated_at":"2026-01-11T03:29:32Z","tags":{"surface":"asphalt"}}},{"type":"Feature","geometry":{"type":"LineString","coordinates":[[73.78882,20.0069],[73.78875,20.00818]]},"properties":{"id":"road_w361247820","type":"road_segment","name":"Abhonkar Lane","name_local":null,"category":"residential","source":"openstreetmap","source_id":"way/361247820","updated_at":"2023-10-19T05:02:00Z","tags":{}}},{"type":"Feature","geometry":{"type":"LineString","coordinates":[[73.78805,20.00816],[73.78807,20.00776],[73.78809,20.00757],[73.78812,20.00741],[73.78813,20.00718],[73.78813,20.00709],[73.78814,20.00699]]},"properties":{"id":"road_w361247823","type":"road_segment","name":"Gadgil Lane","name_local":null,"category":"residential","source":"openstreetmap","source_id":"way/361247823","updated_at":"2023-08-29T09:57:27Z","tags":{}}},{"type":"Feature","geometry":{"type":"LineString","coordinates":[[73.78849,20.00695],[73.78847,20.00717],[73.78844,20.00767],[73.78844,20.00818]]},"properties":{"id":"road_w361247828","type":"road_segment","name":"Mahshoba Lane","name_local":null,"category":"residential","source":"openstreetmap","source_id":"way/361247828","updated_at":"2023-10-19T05:02:00Z","tags":{}}},{"type":"Feature","geometry":{"type":"LineString","coordinates":[[73.78772,20.00814],[73.78766,20.00793],[73.78764,20.00779],[73.78764,20.00767],[73.78764,20.00759],[73.78764,20.00749],[73.78766,20.00726],[73.78771,20.00715],[73.78773,20.007]]},"properties":{"id":"road_w361247837","type":"road_segment","name":"Shani Galli","name_local":null,"category":"residential","source":"openstreetmap","source_id":"way/361247837","updated_at":"2024-09-18T05:47:18Z","tags":{}}},{"type":"Feature","geometry":{"type":"LineString","coordinates":[[73.79447,20.00865],[73.79442,20.00852],[73.79439,20.00845],[73.79425,20.00807],[73.7942,20.00793],[73.79409,20.00767],[73.79404,20.00767]]},"properties":{"id":"road_w361247987","type":"road_segment","name":"K Vasudev Laxman Janorkar Marg","name_local":null,"category":"unclassified","source":"openstreetmap","source_id":"way/361247987","updated_at":"2026-01-21T15:26:52Z","tags":{}}},{"type":"Feature","geometry":{"type":"LineString","coordinates":[[73.7871,20.00701],[73.78712,20.0081],[73.78711,20.00853],[73.78711,20.00934]]},"properties":{"id":"road_w361248001","type":"road_segment","name":"Lonar Lane","name_local":null,"category":"residential","source":"openstreetmap","source_id":"way/361248001","updated_at":"2026-01-24T17:53:39Z","tags":{}}},{"type":"Feature","geometry":{"type":"LineString","coordinates":[[73.76335,19.99085],[73.76321,19.99103],[73.76317,19.99106],[73.76313,19.99107],[73.7631,19.99108],[73.76305,19.99109],[73.763,19.99109],[73.76012,19.99095],[73.75944,19.99093],[73.75885,19.99094],[73.75825,19.99095],[73.75783,19.99099],[73.75718,19.99107],[73.75634,19.9912],[73.75597,19.99131],[73.75565,19.99151],[73.75458,19.99242],[73.75439,19.99265],[73.75434,19.99278],[73.75425,19.99298],[73.75411,19.99352],[73.75408,19.99367]]},"properties":{"id":"road_w381169564","type":"road_segment","name":"Canal Link Road","name_local":null,"category":"secondary","source":"openstreetmap","source_id":"way/381169564","updated_at":"2026-01-12T18:09:09Z","tags":{"lanes":"3","maxspeed":"50","surface":"asphalt","oneway":"yes"}}},{"type":"Feature","geometry":{"type":"LineString","coordinates":[[73.78139,19.99732],[73.78165,19.99739],[73.78225,19.99753],[73.7835,19.99783],[73.78403,19.99797]]},"properties":{"id":"road_w384714376","type":"road_segment","name":"Zila Parishad Road","name_local":null,"category":"tertiary","source":"openstreetmap","source_id":"way/384714376","updated_at":"2025-12-22T11:09:32Z","tags":{"ref":"NH848;SH30","oneway":"yes"}}},{"type":"Feature","geometry":{"type":"LineString","coordinates":[[73.75663,20.01672],[73.75743,20.01678],[73.75767,20.01682],[73.75888,20.01701],[73.75923,20.01708],[73.75992,20.01721],[73.76001,20.01723],[73.7616,20.01726],[73.76231,20.01722],[73.76244,20.01726],[73.76261,20.01736],[73.76275,20.01741],[73.76292,20.01743],[73.7631,20.01743],[73.76515,20.01739]]},"properties":{"id":"road_w390057471","type":"road_segment","name":"Swami Vivekanand Road","name_local":null,"category":"tertiary","source":"openstreetmap","source_id":"way/390057471","updated_at":"2024-09-19T06:07:19Z","tags":{}}},{"type":"Feature","geometry":{"type":"LineString","coordinates":[[73.76558,20.01902],[73.76556,20.01905],[73.76555,20.01908],[73.76555,20.01911],[73.76557,20.01915],[73.76561,20.01918],[73.76565,20.01919],[73.76568,20.01919],[73.7657,20.01918],[73.76575,20.01915],[73.76576,20.01912],[73.76576,20.01907],[73.76575,20.01904],[73.76573,20.01902],[73.7657,20.019],[73.76568,20.01899],[73.76564,20.01899],[73.76561,20.019],[73.76558,20.01902]]},"properties":{"id":"road_w390057482","type":"road_segment","name":"Datta Chowk","name_local":null,"category":"secondary","source":"openstreetmap","source_id":"way/390057482","updated_at":"2026-01-12T15:57:41Z","tags":{"oneway":"yes"}}},{"type":"Feature","geometry":{"type":"LineString","coordinates":[[73.80751,19.97958],[73.80785,19.97979],[73.8082,19.98001],[73.80906,19.98051],[73.80963,19.98085],[73.81019,19.98124],[73.81033,19.98134],[73.81108,19.98177],[73.81131,19.98194],[73.8118,19.98233],[73.812,19.98247],[73.81217,19.98257],[73.81274,19.9829],[73.81341,19.9833],[73.81351,19.98338],[73.81485,19.98417],[73.8154,19.98448],[73.8159,19.98473],[73.81605,19.9848],[73.81623,19.98487],[73.81628,19.98488],[73.81651,19.98493],[73.81732,19.98498],[73.81741,19.98494]]},"properties":{"id":"road_w390062473","type":"road_segment","name":"Ramdas Swami Marg","name_local":null,"category":"primary","source":"openstreetmap","source_id":"way/390062473","updated_at":"2026-01-13T10:14:13Z","tags":{"oneway":"yes"}}},{"type":"Feature","geometry":{"type":"LineString","coordinates":[[73.82296,19.97281],[73.82302,19.97293],[73.82333,19.97295],[73.8243,19.97309],[73.82449,19.97313],[73.82521,19.97329],[73.82569,19.97337],[73.82604,19.97339],[73.82648,19.97353],[73.8268,19.97367],[73.82682,19.97368],[73.8269,19.97371],[73.82707,19.97376],[73.82715,19.97378],[73.82738,19.97384],[73.82742,19.97385],[73.82771,19.97388],[73.82835,19.97395],[73.82867,19.97401],[73.82879,19.97403],[73.82939,19.97408],[73.82978,19.97412],[73.82986,19.97413],[73.83044,19.97413],[73.8305,19.97413],[73.8306,19.97413],[73.83095,19.97415],[73.83134,19.97418],[73.83138,19.97419],[73.83167,19.97429],[73.83214,19.97446],[73.83285,19.97472],[73.83313,19.97482],[73.83319,19.97485],[73.83358,19.97501],[73.8338,19.97508],[73.83464,19.97547],[73.83479,19.97553],[73.83521,19.97568],[73.83532,19.97573]]},"properties":{"id":"road_w390062478","type":"road_segment","name":"Juna Saikheda Road","name_local":null,"category":"secondary","source":"openstreetmap","source_id":"way/390062478","updated_at":"2024-08-09T07:05:05Z","tags":{}}},{"type":"Feature","geometry":{"type":"LineString","coordinates":[[73.823,19.97244],[73.82304,19.97227],[73.82294,19.97204],[73.8228,19.97171],[73.82257,19.97127],[73.82235,19.97082],[73.82206,19.97057],[73.82204,19.97055],[73.82172,19.97027],[73.82135,19.97004],[73.8208,19.96987],[73.82053,19.96976],[73.82032,19.96967],[73.8201,19.96961],[73.81995,19.96941]]},"properties":{"id":"road_w390062479","type":"road_segment","name":"Ichchamani Road","name_local":null,"category":"residential","source":"openstreetmap","source_id":"way/390062479","updated_at":"2016-08-20T11:46:26Z","tags":{}}},{"type":"Feature","geometry":{"type":"LineString","coordinates":[[73.78403,19.99797],[73.78414,19.99801],[73.78486,19.99827],[73.78519,19.99841],[73.78577,19.9987],[73.78614,19.99882],[73.7862,19.99884],[73.78644,19.99894],[73.78656,19.99898]]},"properties":{"id":"road_w390063490","type":"road_segment","name":"GPO Road","name_local":null,"category":"tertiary","source":"openstreetmap","source_id":"way/390063490","updated_at":"2024-01-09T04:51:25Z","tags":{"ref":"NH848;SH30","oneway":"yes"}}},{"type":"Feature","geometry":{"type":"LineString","coordinates":[[73.78986,20.00201],[73.78982,20.00151],[73.78983,20.00128],[73.78986,20.0011],[73.78991,20.00037],[73.78995,20.00002],[73.78997,19.99987],[73.78999,19.99935],[73.79003,19.99903],[73.79008,19.9986],[73.79014,19.99832],[73.7902,19.99804],[73.79026,19.99783],[73.7905,19.99691]]},"properties":{"id":"road_w390063491","type":"road_segment","name":"Damodar Road","name_local":null,"category":"tertiary","source":"openstreetmap","source_id":"way/390063491","updated_at":"2026-01-11T05:56:33Z","tags":{}}},{"type":"Feature","geometry":{"type":"LineString","coordinates":[[73.78597,20.0008],[73.78563,20.00091],[73.78505,20.00104],[73.78464,20.00113],[73.78445,20.00114],[73.78426,20.0011],[73.78421,20.00109]]},"properties":{"id":"road_w390063492","type":"road_segment","name":"Shivaji Road","name_local":null,"category":"secondary","source":"openstreetmap","source_id":"way/390063492","updated_at":"2022-09-05T10:25:45Z","tags":{"oneway":"yes"}}},{"type":"Feature","geometry":{"type":"LineString","coordinates":[[73.77169,19.99439],[73.77158,19.99447],[73.77154,19.99448],[73.77149,19.9945],[73.77143,19.99451],[73.76938,19.9946],[73.76926,19.9946],[73.76835,19.9946],[73.7662,19.99461],[73.76569,19.99462],[73.76533,19.99462],[73.76513,19.99462],[73.76487,19.99462],[73.76395,19.9946],[73.76345,19.99459],[73.76228,19.99452],[73.76157,19.99448],[73.76119,19.99445],[73.76065,19.99442],[73.76022,19.99439],[73.75959,19.99436],[73.75881,19.99429],[73.75642,19.99406],[73.75438,19.99373],[73.75422,19.99369]]},"properties":{"id":"road_w390064971","type":"road_segment","name":"Trimbak Road","name_local":null,"category":"trunk","source":"openstreetmap","source_id":"way/390064971","updated_at":"2025-02-17T15:25:32Z","tags":{"ref":"NH848","oneway":"yes"}}},{"type":"Feature","geometry":{"type":"LineString","coordinates":[[73.77623,19.9941],[73.77597,19.99498],[73.77579,19.99555]]},"properties":{"id":"road_w390064973","type":"road_segment","name":"Golf Club Road","name_local":null,"category":"tertiary","source":"openstreetmap","source_id":"way/390064973","updated_at":"2016-01-07T15:05:01Z","tags":{}}},{"type":"Feature","geometry":{"type":"LineString","coordinates":[[73.7722,20.00888],[73.77198,20.00909],[73.77171,20.00943],[73.77119,20.01022],[73.77079,20.01082],[73.77029,20.01155],[73.76982,20.0122],[73.76959,20.0125],[73.76947,20.01267],[73.76919,20.01306],[73.76873,20.01372],[73.76853,20.01399],[73.76845,20.0141],[73.76837,20.01421],[73.76777,20.01499],[73.76772,20.01506],[73.76758,20.01524],[73.76705,20.0159],[73.76692,20.01606],[73.7668,20.01623],[73.76672,20.01635],[73.76659,20.01656],[73.76642,20.0168],[73.7663,20.01694],[73.76601,20.01713],[73.76582,20.01722],[73.76554,20.0173],[73.76544,20.01736]]},"properties":{"id":"road_w390066603","type":"road_segment","name":"Swami Vivekanand Road","name_local":null,"category":"secondary","source":"openstreetmap","source_id":"way/390066603","updated_at":"2026-01-12T15:57:41Z","tags":{"oneway":"yes"}}},{"type":"Feature","geometry":{"type":"LineString","coordinates":[[73.76163,20.01925],[73.76201,20.01926],[73.76303,20.01928],[73.76364,20.01929],[73.76368,20.01929],[73.76425,20.0193],[73.76426,20.0193],[73.76476,20.01933],[73.76489,20.01934],[73.76508,20.01933],[73.76529,20.01927],[73.76533,20.01924],[73.76541,20.01919],[73.76555,20.01911]]},"properties":{"id":"road_w390066608","type":"road_segment","name":"Swami Vivekanand Road","name_local":null,"category":"secondary","source":"openstreetmap","source_id":"way/390066608","updated_at":"2026-01-12T15:57:41Z","tags":{}}},{"type":"Feature","geometry":{"type":"LineString","coordinates":[[73.75366,20.01217],[73.75364,20.01239],[73.75364,20.01257],[73.75367,20.01291],[73.75369,20.01319],[73.75372,20.01348],[73.75375,20.01373],[73.75378,20.01396],[73.75381,20.01414],[73.75391,20.0148],[73.75395,20.01494],[73.75398,20.01507],[73.75414,20.01571],[73.75433,20.01634],[73.75444,20.01672],[73.75449,20.01685],[73.75457,20.01712],[73.75457,20.01714],[73.75467,20.01764],[73.75471,20.01786],[73.75476,20.01817],[73.75483,20.01855],[73.75484,20.01859],[73.75485,20.01868],[73.75487,20.01885],[73.75486,20.01906],[73.75485,20.01948],[73.75483,20.01986],[73.75485,20.01998],[73.75492,20.0201],[73.75513,20.02034],[73.75518,20.02089],[73.7552,20.02143]]},"properties":{"id":"road_w390066611","type":"road_segment","name":"Veer Savarkar Nagar Road","name_local":null,"category":"tertiary","source":"openstreetmap","source_id":"way/390066611","updated_at":"2026-01-12T12:58:02Z","tags":{}}},{"type":"Feature","geometry":{"type":"LineString","coordinates":[[73.71237,19.99099],[73.71205,19.9909],[73.71194,19.99089],[73.71158,19.99085],[73.71098,19.99078],[73.71095,19.99078],[73.71062,19.99074],[73.71054,19.99072],[73.71022,19.99064],[73.71015,19.99061],[73.71008,19.99058],[73.70991,19.99048],[73.70949,19.99052],[73.70942,19.99053],[73.70903,19.99054],[73.70869,19.99055],[73.70865,19.99056]]},"properties":{"id":"road_w399022066","type":"road_segment","name":"Vishwasnagar Road","name_local":null,"category":"residential","source":"openstreetmap","source_id":"way/399022066","updated_at":"2016-09-23T22:18:19Z","tags":{}}},{"type":"Feature","geometry":{"type":"LineString","coordinates":[[73.7718,19.96903],[73.77272,19.96874]]},"properties":{"id":"road_w399911733","type":"road_segment","name":"Vaibhav colony","name_local":null,"category":"residential","source":"openstreetmap","source_id":"way/399911733","updated_at":"2021-06-28T15:19:11Z","tags":{}}},{"type":"Feature","geometry":{"type":"LineString","coordinates":[[73.83245,19.96253],[73.8325,19.96195]]},"properties":{"id":"road_w399921294","type":"road_segment","name":"R27","name_local":null,"category":"residential","source":"openstreetmap","source_id":"way/399921294","updated_at":"2016-07-06T10:47:49Z","tags":{}}},{"type":"Feature","geometry":{"type":"LineString","coordinates":[[73.83303,19.96148],[73.83307,19.96076]]},"properties":{"id":"road_w399921295","type":"road_segment","name":"R21","name_local":null,"category":"residential","source":"openstreetmap","source_id":"way/399921295","updated_at":"2016-07-06T10:47:49Z","tags":{"maxspeed":"30"}}},{"type":"Feature","geometry":{"type":"LineString","coordinates":[[73.83313,19.96257],[73.83318,19.96198]]},"properties":{"id":"road_w399921297","type":"road_segment","name":"R28","name_local":null,"category":"residential","source":"openstreetmap","source_id":"way/399921297","updated_at":"2016-07-06T10:47:49Z","tags":{}}},{"type":"Feature","geometry":{"type":"LineString","coordinates":[[73.83518,19.9632],[73.83561,19.96323],[73.8361,19.96326]]},"properties":{"id":"road_w399921299","type":"road_segment","name":"R43","name_local":null,"category":"residential","source":"openstreetmap","source_id":"way/399921299","updated_at":"2016-07-10T14:34:59Z","tags":{}}},{"type":"Feature","geometry":{"type":"LineString","coordinates":[[73.83528,19.96163],[73.83438,19.96161]]},"properties":{"id":"road_w399921302","type":"road_segment","name":"R46","name_local":null,"category":"residential","source":"openstreetmap","source_id":"way/399921302","updated_at":"2016-07-10T14:34:59Z","tags":{}}},{"type":"Feature","geometry":{"type":"LineString","coordinates":[[73.83435,19.96218],[73.83524,19.96222]]},"properties":{"id":"road_w399921305","type":"road_segment","name":"R45","name_local":null,"category":"residential","source":"openstreetmap","source_id":"way/399921305","updated_at":"2016-07-10T14:34:59Z","tags":{}}},{"type":"Feature","geometry":{"type":"LineString","coordinates":[[73.83176,19.96431],[73.83186,19.96333]]},"properties":{"id":"road_w399921306","type":"road_segment","name":"R35","name_local":null,"category":"residential","source":"openstreetmap","source_id":"way/399921306","updated_at":"2016-07-06T10:47:50Z","tags":{}}},{"type":"Feature","geometry":{"type":"LineString","coordinates":[[73.83473,19.96324],[73.83476,19.96269]]},"properties":{"id":"road_w399921307","type":"road_segment","name":"R42","name_local":null,"category":"residential","source":"openstreetmap","source_id":"way/399921307","updated_at":"2016-07-10T14:34:59Z","tags":{}}},{"type":"Feature","geometry":{"type":"LineString","coordinates":[[73.8343,19.96321],[73.83473,19.96324],[73.83518,19.96327]]},"properties":{"id":"road_w399921310","type":"road_segment","name":"R41","name_local":null,"category":"residential","source":"openstreetmap","source_id":"way/399921310","updated_at":"2016-07-10T14:34:59Z","tags":{}}},{"type":"Feature","geometry":{"type":"LineString","coordinates":[[73.83289,19.96283],[73.83283,19.96334]]},"properties":{"id":"road_w399921312","type":"road_segment","name":"R33","name_local":null,"category":"residential","source":"openstreetmap","source_id":"way/399921312","updated_at":"2016-07-10T14:34:58Z","tags":{}}},{"type":"Feature","geometry":{"type":"LineString","coordinates":[[73.83197,19.96192],[73.8325,19.96195],[73.83318,19.96198],[73.83371,19.96201]]},"properties":{"id":"road_w399921315","type":"road_segment","name":"R26","name_local":null,"category":"residential","source":"openstreetmap","source_id":"way/399921315","updated_at":"2016-07-06T10:47:49Z","tags":{}}},{"type":"Feature","geometry":{"type":"LineString","coordinates":[[73.83191,19.9625],[73.83245,19.96253],[73.83313,19.96257],[73.83367,19.9626]]},"properties":{"id":"road_w399921318","type":"road_segment","name":"R31","name_local":null,"category":"residential","source":"openstreetmap","source_id":"way/399921318","updated_at":"2016-07-10T14:34:58Z","tags":{}}},{"type":"Feature","geometry":{"type":"LineString","coordinates":[[73.83259,19.96145],[73.83303,19.96148],[73.83351,19.96151]]},"properties":{"id":"road_w399921319","type":"road_segment","name":"R23","name_local":null,"category":"residential","source":"openstreetmap","source_id":"way/399921319","updated_at":"2016-07-06T10:47:49Z","tags":{"maxspeed":"30"}}},{"type":"Feature","geometry":{"type":"LineString","coordinates":[[73.83366,19.96286],[73.83367,19.9626],[73.83369,19.96233],[73.83371,19.96201],[73.83373,19.9618]]},"properties":{"id":"road_w399921320","type":"road_segment","name":"R29","name_local":null,"category":"residential","source":"openstreetmap","source_id":"way/399921320","updated_at":"2016-07-06T10:47:49Z","tags":{}}},{"type":"Feature","geometry":{"type":"LineString","coordinates":[[73.83264,19.96073],[73.83264,19.96076],[73.83261,19.96114],[73.83259,19.96145]]},"properties":{"id":"road_w399921322","type":"road_segment","name":"R22","name_local":null,"category":"residential","source":"openstreetmap","source_id":"way/399921322","updated_at":"2016-07-06T10:47:49Z","tags":{"maxspeed":"30","oneway":"no"}}},{"type":"Feature","geometry":{"type":"LineString","coordinates":[[73.83155,19.96279],[73.83189,19.9628],[73.83289,19.96283],[73.83366,19.96286],[73.83432,19.96288]]},"properties":{"id":"road_w399921323","type":"road_segment","name":"R32","name_local":null,"category":"residential","source":"openstreetmap","source_id":"way/399921323","updated_at":"2016-07-10T14:34:58Z","tags":{"maxspeed":"40"}}},{"type":"Feature","geometry":{"type":"LineString","coordinates":[[73.832,19.96163],[73.83197,19.96192],[73.83191,19.9625],[73.83189,19.9628]]},"properties":{"id":"road_w399921325","type":"road_segment","name":"R25","name_local":null,"category":"residential","source":"openstreetmap","source_id":"way/399921325","updated_at":"2016-07-06T10:47:49Z","tags":{}}},{"type":"Feature","geometry":{"type":"LineString","coordinates":[[73.99563,20.02404],[73.99562,20.02394],[73.99561,20.02379],[73.99562,20.02357],[73.99571,20.02283],[73.99578,20.02224],[73.99585,20.02162],[73.99591,20.02114],[73.99599,20.02029],[73.99605,20.01969]]},"properties":{"id":"road_w399933393","type":"road_segment","name":"SH 30","name_local":null,"category":"primary","source":"openstreetmap","source_id":"way/399933393","updated_at":"2016-02-25T13:31:23Z","tags":{"ref":"SH30","oneway":"yes"}}},{"type":"Feature","geometry":{"type":"LineString","coordinates":[[73.99605,20.01969],[73.99575,20.01947],[73.99542,20.01919],[73.99312,20.01738],[73.98932,20.01437],[73.98873,20.01393],[73.98827,20.01365],[73.98716,20.01304],[73.98663,20.01276],[73.98606,20.01249],[73.98548,20.01227],[73.98442,20.01187],[73.98376,20.01161],[73.98345,20.01148],[73.98205,20.01088],[73.98114,20.01049],[73.9799,20.00995],[73.9794,20.00974],[73.97873,20.00952],[73.97839,20.00942],[73.97791,20.0093],[73.97696,20.00909],[73.97548,20.00874],[73.97407,20.00839],[73.97271,20.00805],[73.97156,20.00781],[73.97108,20.00771],[73.9702,20.00754],[73.96893,20.0073],[73.96661,20.0069],[73.9655,20.0067],[73.96448,20.00656],[73.96327,20.00639],[73.96271,20.00629],[73.96201,20.00615],[73.961,20.00591],[73.96,20.00568],[73.95916,20.00552],[73.95808,20.00534],[73.9574,20.00522],[73.95726,20.0052],[73.95687,20.00513],[73.95592,20.00494],[73.95492,20.00469],[73.95376,20.0044],[73.95285,20.00417],[73.95188,20.00393],[73.95066,20.0036],[73.94928,20.00324],[73.94802,20.00293],[73.94664,20.00259],[73.94335,20.00194],[73.94219,20.00172],[73.94202,20.00168],[73.94099,20.0015],[73.93909,20.00118],[73.93818,20.00105],[73.93732,20.00092],[73.937,20.0009],[73.9364,20.00087],[73.93583,20.00082],[73.93531,20.00075],[73.93503,20.0007],[73.93467,20.00062],[73.93432,20.00051],[73.93365,20.00032],[73.9326,19.99998],[73.93172,19.99973],[73.93117,19.9996],[73.93066,19.99954],[73.93009,19.99952],[73.92888,19.9995],[73.92611,19.99947],[73.92562,19.9995],[73.9252,19.99956],[73.9247,19.99964],[73.92441,19.9997],[73.92403,19.99977],[73.92332,19.99993],[73.92283,20.00002],[73.92277,20.00002],[73.92259,20.00001],[73.92226,19.99998],[73.92197,19.99991],[73.92159,19.99976],[73.92088,19.99947],[73.92052,19.99928],[73.92005,19.99901],[73.91955,19.99866],[73.91854,19.99796],[73.91821,19.99772],[73.91797,19.99758],[73.91772,19.99745],[73.91745,19.99734],[73.91704,19.99723],[73.91695,19.99722],[73.9167,19.99718],[73.91623,19.99718],[73.9153,19.99724],[73.91451,19.99731],[73.91375,19.99738],[73.91329,19.99748],[73.91219,19.99783],[73.91176,19.99796],[73.91141,19.99805],[73.91118,19.9981],[73.91091,19.9981],[73.91065,19.99806],[73.91039,19.99797],[73.90941,19.99759],[73.90872,19.99732],[73.90827,19.99715],[73.90793,19.99705],[73.90786,19.99703],[73.90763,19.99701],[73.90602,19.99704],[73.90574,19.99704],[73.90546,19.99701],[73.90499,19.99695],[73.90477,19.99693],[73.90386,19.99684],[73.90354,19.9968],[73.90224,19.99665],[73.90073,19.9965],[73.89987,19.99643],[73.89946,19.99639],[73.89933,19.99638],[73.899,19.99636],[73.89868,19.99635],[73.89828,19.99639],[73.89774,19.9965],[73.89577,19.99696],[73.89554,19.99703],[73.89534,19.99712],[73.89504,19.99729],[73.89476,19.99749],[73.89423,19.99791],[73.89395,19.99812],[73.89373,19.99826],[73.89335,19.99846],[73.89244,19.99884],[73.89156,19.99917],[73.8905,19.99955],[73.88972,19.99985],[73.88919,20.00001],[73.88891,20.00008],[73.88813,20.00023],[73.88722,20.0004],[73.88612,20.00062],[73.88473,20.00092],[73.88363,20.00117]]},"properties":{"id":"road_w399933394","type":"road_segment","name":"SH 30","name_local":null,"category":"primary","source":"openstreetmap","source_id":"way/399933394","updated_at":"2026-05-30T07:01:18Z","tags":{"ref":"SH30","oneway":"yes"}}},{"type":"Feature","geometry":{"type":"LineString","coordinates":[[73.88363,20.00117],[73.88296,20.00131]]},"properties":{"id":"road_w399933395","type":"road_segment","name":"SH 30","name_local":null,"category":"primary","source":"openstreetmap","source_id":"way/399933395","updated_at":"2018-08-24T23:14:32Z","tags":{"ref":"SH30","oneway":"yes","bridge":"yes"}}},{"type":"Feature","geometry":{"type":"LineString","coordinates":[[73.88096,20.00175],[73.88137,20.00173],[73.88163,20.0017],[73.88218,20.00162],[73.88301,20.00144]]},"properties":{"id":"road_w399933396","type":"road_segment","name":"SH 30","name_local":null,"category":"primary","source":"openstreetmap","source_id":"way/399933396","updated_at":"2016-02-25T13:26:50Z","tags":{"ref":"SH30","lanes":"2","surface":"asphalt","oneway":"yes"}}},{"type":"Feature","geometry":{"type":"LineString","coordinates":[[74.03274,20.06009],[74.03205,20.05988],[74.03117,20.05956],[74.0309,20.05945],[74.03066,20.05932],[74.03042,20.05913],[74.03029,20.059],[74.03009,20.05873],[74.02997,20.05856],[74.02978,20.05812],[74.02954,20.0574],[74.02923,20.05647],[74.02871,20.05491],[74.02848,20.05421],[74.02802,20.05284],[74.02787,20.05245],[74.02768,20.05198],[74.02751,20.05168],[74.02732,20.05137],[74.02719,20.05115],[74.02684,20.0507],[74.0265,20.05031],[74.0259,20.04971],[74.02467,20.04846],[74.02295,20.04669],[74.0224,20.04616],[74.01835,20.04211],[74.01731,20.04113],[74.01648,20.04028],[74.01563,20.03942],[74.01555,20.03934],[74.01484,20.03863],[74.01459,20.03839],[74.01445,20.03826],[74.01424,20.03815],[74.01401,20.03802],[74.01326,20.03761],[74.01171,20.03676],[74.01031,20.03601],[74.01017,20.03593],[74.00874,20.03516],[74.00708,20.03425],[74.00592,20.03363],[74.00534,20.03332],[74.00511,20.03314],[74.00483,20.03288],[74.00447,20.03255],[74.00367,20.03183],[74.00348,20.03166],[74.00294,20.03118],[74.00213,20.03045],[74.00146,20.02985],[74.00064,20.0291],[73.99995,20.02846],[73.99941,20.02797],[73.9986,20.02724],[73.99818,20.02684],[73.99801,20.02669],[73.99744,20.02607],[73.99687,20.02548],[73.99636,20.02495],[73.99597,20.02455],[73.99581,20.02439],[73.99575,20.02432],[73.99568,20.02419],[73.99566,20.02414]]},"properties":{"id":"road_w399933397","type":"road_segment","name":"SH 30","name_local":null,"category":"primary","source":"openstreetmap","source_id":"way/399933397","updated_at":"2024-03-11T07:25:34Z","tags":{"ref":"SH30","oneway":"yes"}}},{"type":"Feature","geometry":{"type":"LineString","coordinates":[[73.88296,20.00131],[73.8828,20.00135],[73.88216,20.0015],[73.88161,20.00158],[73.88136,20.0016],[73.88095,20.00163],[73.88079,20.00163]]},"properties":{"id":"road_w399933398","type":"road_segment","name":"SH 30","name_local":null,"category":"primary","source":"openstreetmap","source_id":"way/399933398","updated_at":"2016-02-25T13:26:51Z","tags":{"ref":"SH30","lanes":"2","surface":"asphalt","oneway":"yes"}}},{"type":"Feature","geometry":{"type":"LineString","coordinates":[[73.99592,20.01979],[73.99595,20.01987],[73.99594,20.01998],[73.9959,20.02028],[73.99582,20.02113],[73.99576,20.02161],[73.99569,20.02223],[73.99562,20.02282],[73.99553,20.02356],[73.99552,20.02379],[73.99553,20.02395],[73.99554,20.02405]]},"properties":{"id":"road_w399933996","type":"road_segment","name":"SH 30","name_local":null,"category":"primary","source":"openstreetmap","source_id":"way/399933996","updated_at":"2016-02-25T13:31:23Z","tags":{"ref":"SH30","oneway":"yes"}}},{"type":"Feature","geometry":{"type":"LineString","coordinates":[[74.03272,20.06017],[74.03386,20.06053]]},"properties":{"id":"road_w399934485","type":"road_segment","name":"SH 30","name_local":null,"category":"primary","source":"openstreetmap","source_id":"way/399934485","updated_at":"2016-02-25T14:19:08Z","tags":{"ref":"SH30","oneway":"yes","bridge":"yes"}}},{"type":"Feature","geometry":{"type":"LineString","coordinates":[[73.99556,20.02417],[73.99561,20.02422],[73.99569,20.02436],[73.99575,20.02444],[73.99591,20.02461],[73.9963,20.02501],[73.99681,20.02553],[73.99738,20.02612],[73.99795,20.02674],[73.99812,20.0269],[73.99854,20.0273],[73.99935,20.02803],[73.99989,20.02852],[74.00058,20.02915],[74.00141,20.02991],[74.00207,20.03051],[74.00289,20.03124],[74.00362,20.03188],[74.00441,20.03261],[74.00477,20.03294],[74.00505,20.0332],[74.00529,20.03338],[74.00588,20.0337],[74.00704,20.03432],[74.0087,20.03522],[74.00985,20.03587],[74.01027,20.03608],[74.01167,20.03683],[74.01322,20.03767],[74.01397,20.03808],[74.0142,20.03822],[74.01433,20.03829],[74.01454,20.03845],[74.01478,20.03868],[74.01557,20.03947],[74.01642,20.04033],[74.01726,20.04118],[74.01829,20.04216],[74.02234,20.04621],[74.02289,20.04674],[74.02461,20.04851],[74.02584,20.04976],[74.02644,20.05036],[74.02677,20.05074],[74.02713,20.05119],[74.02744,20.05172],[74.02761,20.05201],[74.0278,20.05248],[74.02794,20.05287],[74.0284,20.05423],[74.02863,20.05494],[74.02915,20.0565],[74.02946,20.05742],[74.0297,20.05814],[74.0299,20.0586],[74.03002,20.05877],[74.03023,20.05905],[74.03036,20.05918],[74.03061,20.05938],[74.03086,20.05951],[74.03114,20.05963],[74.03202,20.05995],[74.03263,20.06014],[74.03272,20.06017]]},"properties":{"id":"road_w399934487","type":"road_segment","name":"SH 30","name_local":null,"category":"primary","source":"openstreetmap","source_id":"way/399934487","updated_at":"2024-03-09T15:03:31Z","tags":{"ref":"SH30","oneway":"yes"}}},{"type":"Feature","geometry":{"type":"LineString","coordinates":[[74.04495,20.06467],[74.04536,20.06582],[74.04551,20.06621],[74.04568,20.06666],[74.04577,20.06686],[74.046,20.06727],[74.04626,20.06773],[74.04662,20.06839],[74.04702,20.06912],[74.04727,20.06954],[74.04738,20.0697],[74.04749,20.06986],[74.04763,20.07001],[74.0479,20.07026],[74.04815,20.07042],[74.04837,20.07056],[74.04861,20.07069],[74.04886,20.0708],[74.0491,20.07088],[74.04936,20.07094],[74.04978,20.07102],[74.05031,20.07106],[74.05087,20.07111],[74.05094,20.07111],[74.05158,20.07117],[74.05203,20.0712],[74.05244,20.07124],[74.05285,20.07128],[74.05301,20.07129],[74.05337,20.07131],[74.05421,20.07137],[74.05472,20.07141],[74.05534,20.07145],[74.0559,20.0715],[74.05685,20.07158],[74.05782,20.07165],[74.05853,20.07173],[74.0599,20.07186],[74.06081,20.07195],[74.06154,20.07202],[74.06252,20.07216],[74.06898,20.07311],[74.06979,20.07323],[74.07035,20.07329],[74.07094,20.07331],[74.07166,20.0733],[74.07235,20.07328]]},"properties":{"id":"road_w399934490","type":"road_segment","name":"SH 30","name_local":null,"category":"primary","source":"openstreetmap","source_id":"way/399934490","updated_at":"2024-06-01T12:05:35Z","tags":{"ref":"SH30","oneway":"yes"}}},{"type":"Feature","geometry":{"type":"LineString","coordinates":[[74.04261,20.08478],[74.04284,20.08525],[74.04293,20.08582],[74.04305,20.0865],[74.04318,20.08728],[74.04324,20.08759],[74.04336,20.08828],[74.0435,20.0886],[74.04359,20.08941],[74.04372,20.09033],[74.04391,20.09105],[74.04406,20.09179],[74.04425,20.09289],[74.04437,20.09351],[74.04448,20.09415],[74.04457,20.09432],[74.04477,20.09444],[74.04496,20.09452],[74.04512,20.09459],[74.04527,20.09465],[74.04546,20.09474],[74.04568,20.09483],[74.04585,20.0949],[74.04606,20.09498],[74.04631,20.09509],[74.04657,20.0952],[74.04677,20.0953],[74.04697,20.09538],[74.04717,20.09546],[74.04742,20.09557],[74.04766,20.09567],[74.04787,20.09575],[74.04806,20.09584],[74.04827,20.09593],[74.04853,20.09604],[74.04875,20.09613],[74.04897,20.09622],[74.04921,20.09633],[74.04942,20.09643],[74.04962,20.09651],[74.04992,20.09664],[74.05017,20.09676],[74.05036,20.09684],[74.05059,20.09693],[74.05085,20.09703],[74.05108,20.09714],[74.05131,20.09723],[74.05159,20.09736],[74.05181,20.09743],[74.052,20.09752],[74.05224,20.09763],[74.05253,20.09774],[74.05281,20.09788],[74.05303,20.09798],[74.05326,20.09809],[74.05345,20.09818],[74.05364,20.09826],[74.05383,20.0983],[74.05415,20.09831],[74.05451,20.0983],[74.05482,20.09829],[74.05516,20.09826],[74.05545,20.09822],[74.0557,20.09818],[74.05597,20.09814],[74.05627,20.09811],[74.0566,20.09807],[74.05691,20.09803],[74.0572,20.09799],[74.05743,20.09796],[74.06023,20.09796],[74.06044,20.09795],[74.06067,20.09796],[74.06084,20.09795],[74.06095,20.09796]]},"properties":{"id":"road_w411173399","type":"road_segment","name":"Bhausaheb Nagar - Raulas Pimpri Road","name_local":null,"category":"tertiary","source":"openstreetmap","source_id":"way/411173399","updated_at":"2018-02-14T13:53:27Z","tags":{}}},{"type":"Feature","geometry":{"type":"LineString","coordinates":[[73.66479,20.0713],[73.66484,20.07193],[73.66484,20.07214],[73.66487,20.07248],[73.6649,20.07283],[73.66493,20.07307],[73.66496,20.07329],[73.66496,20.07349],[73.66493,20.0736],[73.66481,20.0737],[73.66464,20.07378],[73.66443,20.07385],[73.66435,20.0739],[73.66417,20.07396],[73.66411,20.07399],[73.66393,20.07409],[73.6638,20.07423],[73.66373,20.07438],[73.66366,20.07448],[73.66359,20.07454],[73.66352,20.07461],[73.66339,20.07471],[73.66328,20.07482],[73.66316,20.07489]]},"properties":{"id":"road_w412135343","type":"road_segment","name":"Girnare bypass road","name_local":null,"category":"tertiary","source":"openstreetmap","source_id":"way/412135343","updated_at":"2023-10-19T12:13:23Z","tags":{"ref":"From Google maps","surface":"unpaved","oneway":"yes"}}},{"type":"Feature","geometry":{"type":"LineString","coordinates":[[73.8298,19.95514],[73.83003,19.95517]]},"properties":{"id":"road_w412876710","type":"road_segment","name":"Anandghan Road","name_local":null,"category":"residential","source":"openstreetmap","source_id":"way/412876710","updated_at":"2016-06-18T12:38:12Z","tags":{}}},{"type":"Feature","geometry":{"type":"LineString","coordinates":[[73.98789,20.16539],[73.9878,20.16542],[73.9877,20.16543],[73.98732,20.16547],[73.98671,20.16551],[73.98622,20.16552],[73.9857,20.16549],[73.98527,20.1654],[73.98505,20.16537],[73.98448,20.16521],[73.98386,20.16499],[73.98347,20.16482],[73.98286,20.16456],[73.98242,20.16437],[73.981,20.1637],[73.9801,20.16316],[73.97984,20.16299],[73.97958,20.1628],[73.97932,20.16261],[73.97923,20.16252],[73.97905,20.16237],[73.97892,20.16224],[73.97887,20.16219],[73.97881,20.16213],[73.97875,20.16207],[73.97858,20.1619],[73.97844,20.16177],[73.97826,20.16166],[73.97806,20.16152],[73.97785,20.16138],[73.97762,20.16128],[73.97744,20.16123],[73.97735,20.1612],[73.97722,20.16115],[73.97698,20.16107],[73.97668,20.16096],[73.9764,20.16084],[73.9761,20.1607],[73.97578,20.16056],[73.97548,20.16042],[73.97522,20.1603],[73.97505,20.16021],[73.97478,20.16007],[73.97449,20.15993],[73.97426,20.1598],[73.97404,20.15969],[73.97388,20.15959],[73.97375,20.1595],[73.97367,20.15941],[73.97357,20.15928],[73.97348,20.15916],[73.9734,20.15906],[73.9733,20.15894],[73.97318,20.15881],[73.97305,20.15866],[73.97289,20.15849],[73.97273,20.15836],[73.97263,20.15827],[73.97244,20.15812],[73.97224,20.15795],[73.97211,20.15786],[73.97197,20.15777],[73.97181,20.15766],[73.97153,20.15745],[73.97122,20.15722],[73.97111,20.15714],[73.97089,20.157],[73.97071,20.15685],[73.9705,20.15669],[73.97031,20.15655],[73.97019,20.15646],[73.97,20.15633],[73.96978,20.15619],[73.96954,20.15606],[73.96941,20.15597],[73.96921,20.15584],[73.969,20.15569],[73.96873,20.15546],[73.96856,20.15532],[73.96843,20.15521],[73.96824,20.15505],[73.96806,20.15487],[73.96785,20.15468],[73.96768,20.1545],[73.96748,20.15432],[73.96729,20.15417],[73.96702,20.15394],[73.9668,20.15375],[73.9665,20.15349],[73.96638,20.15338],[73.96612,20.15318],[73.96589,20.15299],[73.96556,20.15265],[73.96536,20.15245],[73.96518,20.15222],[73.96496,20.15193],[73.96475,20.15164],[73.96463,20.15148],[73.96444,20.15123],[73.9643,20.151],[73.96413,20.15075],[73.96393,20.15041],[73.96376,20.15014],[73.96367,20.15002],[73.96342,20.14988],[73.96315,20.1498],[73.96283,20.14969],[73.96257,20.14961],[73.96225,20.14951],[73.96188,20.14941],[73.96142,20.14929],[73.96094,20.1492],[73.96052,20.14913],[73.96008,20.14911],[73.95969,20.14911],[73.95946,20.14911],[73.95919,20.14912],[73.9591,20.14912],[73.9589,20.14914],[73.95862,20.1492],[73.95838,20.14921],[73.95817,20.14917],[73.9579,20.14909],[73.95764,20.14901],[73.95741,20.14897],[73.95726,20.14894],[73.95714,20.14893],[73.95688,20.14896],[73.95667,20.14897],[73.95641,20.14899],[73.95617,20.14902],[73.95584,20.14906],[73.95563,20.14912],[73.95544,20.14918],[73.95521,20.14923],[73.95494,20.14926],[73.95479,20.14928],[73.95458,20.14932],[73.95438,20.14937],[73.95412,20.14941],[73.9539,20.14946],[73.95371,20.14951],[73.95356,20.14953],[73.95332,20.1496],[73.95289,20.14971],[73.95239,20.14983],[73.95141,20.15003],[73.95074,20.15018],[73.95009,20.15027],[73.94986,20.15032],[73.94971,20.15036]]},"properties":{"id":"road_w413733578","type":"road_segment","name":"Umberkhed road","name_local":null,"category":"tertiary","source":"openstreetmap","source_id":"way/413733578","updated_at":"2025-09-22T13:25:08Z","tags":{}}},{"type":"Feature","geometry":{"type":"LineString","coordinates":[[73.83724,19.95837],[73.83721,19.95893]]},"properties":{"id":"road_w422107972","type":"road_segment","name":"R69","name_local":null,"category":"residential","source":"openstreetmap","source_id":"way/422107972","updated_at":"2016-07-06T10:47:52Z","tags":{}}},{"type":"Feature","geometry":{"type":"LineString","coordinates":[[73.83615,19.96177],[73.83621,19.96178],[73.83731,19.96204],[73.83769,19.96213],[73.83912,19.96241]]},"properties":{"id":"road_w422107973","type":"road_segment","name":"R52","name_local":null,"category":"residential","source":"openstreetmap","source_id":"way/422107973","updated_at":"2022-04-25T07:04:49Z","tags":{}}},{"type":"Feature","geometry":{"type":"LineString","coordinates":[[73.83886,19.95986],[73.83767,19.95976],[73.83731,19.95971]]},"properties":{"id":"road_w422107976","type":"road_segment","name":"R57","name_local":null,"category":"residential","source":"openstreetmap","source_id":"way/422107976","updated_at":"2024-08-09T05:50:52Z","tags":{}}},{"type":"Feature","geometry":{"type":"LineString","coordinates":[[73.83452,19.9583],[73.83542,19.9583],[73.83595,19.9583],[73.8364,19.95833],[73.83724,19.95837],[73.8376,19.95839],[73.8386,19.95844]]},"properties":{"id":"road_w422309493","type":"road_segment","name":"R61","name_local":null,"category":"residential","source":"openstreetmap","source_id":"way/422309493","updated_at":"2016-07-10T14:35:01Z","tags":{}}},{"type":"Feature","geometry":{"type":"LineString","coordinates":[[73.82752,19.95624],[73.82806,19.95629],[73.82831,19.95631],[73.82869,19.95634],[73.82918,19.95639],[73.82952,19.95642],[73.82987,19.95646],[73.83011,19.95648],[73.83042,19.95651],[73.83121,19.95631],[73.83134,19.95628],[73.83158,19.9562],[73.8318,19.95614],[73.83217,19.95602],[73.83225,19.95602]]},"properties":{"id":"road_w422461323","type":"road_segment","name":"Gaikhe Colony Road","name_local":null,"category":"residential","source":"openstreetmap","source_id":"way/422461323","updated_at":"2026-03-15T16:50:12Z","tags":{}}},{"type":"Feature","geometry":{"type":"LineString","coordinates":[[73.83121,19.95631],[73.83117,19.95757],[73.83116,19.95794],[73.83116,19.95889]]},"properties":{"id":"road_w422461324","type":"road_segment","name":"S11","name_local":null,"category":"residential","source":"openstreetmap","source_id":"way/422461324","updated_at":"2016-07-06T10:47:53Z","tags":{}}},{"type":"Feature","geometry":{"type":"LineString","coordinates":[[73.83402,19.95904],[73.834,19.95966],[73.83399,19.95986]]},"properties":{"id":"road_w422461325","type":"road_segment","name":"R17","name_local":null,"category":"residential","source":"openstreetmap","source_id":"way/422461325","updated_at":"2016-07-06T10:47:48Z","tags":{}}},{"type":"Feature","geometry":{"type":"LineString","coordinates":[[73.83386,19.95906],[73.83387,19.95966]]},"properties":{"id":"road_w422461328","type":"road_segment","name":"R16","name_local":null,"category":"residential","source":"openstreetmap","source_id":"way/422461328","updated_at":"2016-07-06T10:47:48Z","tags":{}}},{"type":"Feature","geometry":{"type":"LineString","coordinates":[[73.83231,19.95411],[73.83174,19.95409]]},"properties":{"id":"road_w422461329","type":"road_segment","name":"S36","name_local":null,"category":"residential","source":"openstreetmap","source_id":"way/422461329","updated_at":"2016-07-06T10:47:55Z","tags":{}}},{"type":"Feature","geometry":{"type":"LineString","coordinates":[[73.83438,19.95572],[73.83451,19.95565],[73.83513,19.95514],[73.83515,19.95384],[73.83516,19.95368],[73.8352,19.95274]]},"properties":{"id":"road_w422461332","type":"road_segment","name":"S18","name_local":null,"category":"residential","source":"openstreetmap","source_id":"way/422461332","updated_at":"2024-08-09T03:25:57Z","tags":{}}},{"type":"Feature","geometry":{"type":"LineString","coordinates":[[73.83015,19.95419],[73.83011,19.95453],[73.83003,19.95517],[73.82987,19.95646]]},"properties":{"id":"road_w422461333","type":"road_segment","name":"S42","name_local":null,"category":"residential","source":"openstreetmap","source_id":"way/422461333","updated_at":"2022-01-14T16:30:05Z","tags":{}}},{"type":"Feature","geometry":{"type":"LineString","coordinates":[[73.82996,19.95375],[73.82992,19.95417]]},"properties":{"id":"road_w422461334","type":"road_segment","name":"S46","name_local":null,"category":"residential","source":"openstreetmap","source_id":"way/422461334","updated_at":"2016-07-06T10:47:55Z","tags":{}}},{"type":"Feature","geometry":{"type":"LineString","coordinates":[[73.83123,19.95365],[73.83119,19.95417],[73.83119,19.9544]]},"properties":{"id":"road_w422461335","type":"road_segment","name":"S37","name_local":null,"category":"residential","source":"openstreetmap","source_id":"way/422461335","updated_at":"2022-04-25T07:04:49Z","tags":{}}},{"type":"Feature","geometry":{"type":"LineString","coordinates":[[73.83389,19.95676],[73.83364,19.95646],[73.83351,19.95613],[73.8335,19.95585]]},"properties":{"id":"road_w422461338","type":"road_segment","name":"S16","name_local":null,"category":"residential","source":"openstreetmap","source_id":"way/422461338","updated_at":"2016-07-06T10:47:53Z","tags":{}}},{"type":"Feature","geometry":{"type":"LineString","coordinates":[[73.83067,19.95425],[73.83023,19.9542],[73.83015,19.95419],[73.82992,19.95417]]},"properties":{"id":"road_w422461339","type":"road_segment","name":"S45","name_local":null,"category":"residential","source":"openstreetmap","source_id":"way/422461339","updated_at":"2016-07-06T10:47:55Z","tags":{}}},{"type":"Feature","geometry":{"type":"LineString","coordinates":[[73.83579,19.96018],[73.83572,19.9605],[73.83581,19.96072],[73.8362,19.96105]]},"properties":{"id":"road_w422461341","type":"road_segment","name":"R53","name_local":null,"category":"residential","source":"openstreetmap","source_id":"way/422461341","updated_at":"2016-07-10T14:35:00Z","tags":{}}},{"type":"Feature","geometry":{"type":"LineString","coordinates":[[73.8345,19.95899],[73.83402,19.95904],[73.83386,19.95906],[73.83342,19.95911]]},"properties":{"id":"road_w422461342","type":"road_segment","name":"R14","name_local":null,"category":"residential","source":"openstreetmap","source_id":"way/422461342","updated_at":"2016-07-06T10:47:48Z","tags":{}}},{"type":"Feature","geometry":{"type":"LineString","coordinates":[[73.83438,19.95572],[73.8344,19.9556],[73.83446,19.9549],[73.83453,19.95435],[73.83456,19.95384],[73.83457,19.95371],[73.8346,19.9527],[73.8346,19.95262],[73.83461,19.95214],[73.83462,19.95193],[73.83463,19.95133],[73.83465,19.94986],[73.83465,19.94973],[73.83461,19.94881],[73.83459,19.94852],[73.83458,19.94836],[73.83449,19.94751],[73.83448,19.94744]]},"properties":{"id":"road_w422521517","type":"road_segment","name":"Datta Mandir Rd (S17)","name_local":null,"category":"tertiary","source":"openstreetmap","source_id":"way/422521517","updated_at":"2024-09-18T09:17:09Z","tags":{}}},{"type":"Feature","geometry":{"type":"LineString","coordinates":[[73.8346,19.95262],[73.83542,19.95263],[73.83619,19.95265],[73.83737,19.95263],[73.83749,19.95263]]},"properties":{"id":"road_w422521520","type":"road_segment","name":"S22","name_local":null,"category":"residential","source":"openstreetmap","source_id":"way/422521520","updated_at":"2024-08-09T05:14:07Z","tags":{}}},{"type":"Feature","geometry":{"type":"LineString","coordinates":[[73.83618,19.95326],[73.8364,19.95327],[73.83666,19.95328]]},"properties":{"id":"road_w422522540","type":"road_segment","name":"S21","name_local":null,"category":"residential","source":"openstreetmap","source_id":"way/422522540","updated_at":"2023-08-29T04:45:03Z","tags":{}}},{"type":"Feature","geometry":{"type":"LineString","coordinates":[[73.83619,19.9539],[73.83674,19.95391]]},"properties":{"id":"road_w422522541","type":"road_segment","name":"S20","name_local":null,"category":"residential","source":"openstreetmap","source_id":"way/422522541","updated_at":"2016-07-06T10:47:54Z","tags":{}}},{"type":"Feature","geometry":{"type":"LineString","coordinates":[[73.83619,19.95265],[73.83618,19.95326],[73.83618,19.95332],[73.83619,19.9539],[73.83619,19.95443],[73.83637,19.95474]]},"properties":{"id":"road_w422522542","type":"road_segment","name":"S19","name_local":null,"category":"residential","source":"openstreetmap","source_id":"way/422522542","updated_at":"2016-08-22T09:59:00Z","tags":{}}},{"type":"Feature","geometry":{"type":"LineString","coordinates":[[73.83429,19.96335],[73.83283,19.96334],[73.83186,19.96333],[73.83149,19.96333]]},"properties":{"id":"road_w422527075","type":"road_segment","name":"R34","name_local":null,"category":"residential","source":"openstreetmap","source_id":"way/422527075","updated_at":"2016-07-10T14:34:58Z","tags":{}}},{"type":"Feature","geometry":{"type":"LineString","coordinates":[[73.83197,19.95834],[73.83187,19.96002],[73.8318,19.96067],[73.83179,19.96071],[73.83169,19.96156],[73.83169,19.9616],[73.83155,19.96279],[73.83149,19.96333],[73.83138,19.9643]]},"properties":{"id":"road_w422527076","type":"road_segment","name":"Nasik Road","name_local":null,"category":"residential","source":"openstreetmap","source_id":"way/422527076","updated_at":"2023-08-30T07:26:39Z","tags":{}}},{"type":"Feature","geometry":{"type":"LineString","coordinates":[[73.83353,19.95474],[73.83304,19.95472]]},"properties":{"id":"road_w422529568","type":"road_segment","name":"S29","name_local":null,"category":"residential","source":"openstreetmap","source_id":"way/422529568","updated_at":"2016-07-06T10:47:54Z","tags":{}}},{"type":"Feature","geometry":{"type":"LineString","coordinates":[[73.83352,19.95532],[73.83292,19.95532]]},"properties":{"id":"road_w422529569","type":"road_segment","name":"S28","name_local":null,"category":"residential","source":"openstreetmap","source_id":"way/422529569","updated_at":"2016-07-06T10:47:54Z","tags":{}}},{"type":"Feature","geometry":{"type":"LineString","coordinates":[[73.83446,19.9549],[73.83392,19.95489]]},"properties":{"id":"road_w422529570","type":"road_segment","name":"S24","name_local":null,"category":"residential","source":"openstreetmap","source_id":"way/422529570","updated_at":"2024-08-09T04:48:42Z","tags":{}}},{"type":"Feature","geometry":{"type":"LineString","coordinates":[[73.83158,19.9562],[73.83159,19.95522]]},"properties":{"id":"road_w422533086","type":"road_segment","name":"S33","name_local":null,"category":"residential","source":"openstreetmap","source_id":"way/422533086","updated_at":"2016-07-06T10:47:55Z","tags":{}}},{"type":"Feature","geometry":{"type":"LineString","coordinates":[[73.83248,19.956],[73.83251,19.95782]]},"properties":{"id":"road_w422533088","type":"road_segment","name":"S14","name_local":null,"category":"residential","source":"openstreetmap","source_id":"way/422533088","updated_at":"2016-07-06T10:47:53Z","tags":{}}},{"type":"Feature","geometry":{"type":"LineString","coordinates":[[73.83229,19.95491],[73.83148,19.95491]]},"properties":{"id":"road_w422533089","type":"road_segment","name":"S34","name_local":null,"category":"residential","source":"openstreetmap","source_id":"way/422533089","updated_at":"2016-07-06T10:47:55Z","tags":{}}},{"type":"Feature","geometry":{"type":"LineString","coordinates":[[73.8318,19.95614],[73.83171,19.95714],[73.83117,19.95757]]},"properties":{"id":"road_w422533090","type":"road_segment","name":"S13","name_local":null,"category":"residential","source":"openstreetmap","source_id":"way/422533090","updated_at":"2016-07-06T10:47:53Z","tags":{}}},{"type":"Feature","geometry":{"type":"LineString","coordinates":[[73.83072,19.95382],[73.83005,19.95376],[73.82996,19.95375]]},"properties":{"id":"road_w422533609","type":"road_segment","name":"S48","name_local":null,"category":"residential","source":"openstreetmap","source_id":"way/422533609","updated_at":"2016-08-22T09:54:13Z","tags":{}}},{"type":"Feature","geometry":{"type":"LineString","coordinates":[[73.83116,19.95794],[73.83193,19.95734]]},"properties":{"id":"road_w422534640","type":"road_segment","name":"S12","name_local":null,"category":"residential","source":"openstreetmap","source_id":"way/422534640","updated_at":"2016-07-06T10:47:53Z","tags":{}}},{"type":"Feature","geometry":{"type":"LineString","coordinates":[[73.8361,19.95527],[73.8361,19.95536],[73.83619,19.95667],[73.83619,19.95676]]},"properties":{"id":"road_w422534646","type":"road_segment","name":"R67","name_local":null,"category":"residential","source":"openstreetmap","source_id":"way/422534646","updated_at":"2024-08-08T10:07:03Z","tags":{}}},{"type":"Feature","geometry":{"type":"LineString","coordinates":[[73.83443,19.95711],[73.83489,19.95705],[73.8351,19.957]]},"properties":{"id":"road_w422534648","type":"road_segment","name":"R64","name_local":null,"category":"residential","source":"openstreetmap","source_id":"way/422534648","updated_at":"2016-07-10T14:35:01Z","tags":{}}},{"type":"Feature","geometry":{"type":"LineString","coordinates":[[73.83564,19.95552],[73.83569,19.95628],[73.83569,19.9563],[73.83571,19.9563],[73.83594,19.95631],[73.83595,19.95631],[73.83596,19.95632],[73.83596,19.95634],[73.83596,19.95667],[73.83567,19.95667]]},"properties":{"id":"road_w422534650","type":"road_segment","name":"R66","name_local":null,"category":"residential","source":"openstreetmap","source_id":"way/422534650","updated_at":"2024-09-19T09:04:49Z","tags":{}}},{"type":"Feature","geometry":{"type":"LineString","coordinates":[[73.83489,19.95705],[73.83495,19.95727],[73.83496,19.95758],[73.83522,19.95757]]},"properties":{"id":"road_w422534653","type":"road_segment","name":"R63","name_local":null,"category":"residential","source":"openstreetmap","source_id":"way/422534653","updated_at":"2016-07-10T14:35:01Z","tags":{}}},{"type":"Feature","geometry":{"type":"LineString","coordinates":[[73.83561,19.9563],[73.83561,19.95634],[73.83564,19.95703],[73.83566,19.95726],[73.83566,19.95728],[73.83568,19.95729],[73.8357,19.9573],[73.8361,19.95732],[73.83645,19.95734]]},"properties":{"id":"road_w422534655","type":"road_segment","name":"R65","name_local":null,"category":"residential","source":"openstreetmap","source_id":"way/422534655","updated_at":"2024-08-08T10:05:11Z","tags":{}}},{"type":"Feature","geometry":{"type":"LineString","coordinates":[[73.83636,19.95898],[73.8354,19.95898]]},"properties":{"id":"road_w422538548","type":"road_segment","name":"R59","name_local":null,"category":"residential","source":"openstreetmap","source_id":"way/422538548","updated_at":"2016-07-10T14:35:00Z","tags":{}}},{"type":"Feature","geometry":{"type":"LineString","coordinates":[[73.83451,19.95854],[73.83383,19.95855]]},"properties":{"id":"road_w422538549","type":"road_segment","name":"R13","name_local":null,"category":"residential","source":"openstreetmap","source_id":"way/422538549","updated_at":"2016-07-06T10:47:48Z","tags":{}}},{"type":"Feature","geometry":{"type":"LineString","coordinates":[[73.83522,19.95919],[73.83523,19.95901],[73.8345,19.95902]]},"properties":{"id":"road_w422538550","type":"road_segment","name":"R60","name_local":null,"category":"residential","source":"openstreetmap","source_id":"way/422538550","updated_at":"2016-07-10T14:35:01Z","tags":{}}},{"type":"Feature","geometry":{"type":"LineString","coordinates":[[73.8376,19.95839],[73.83762,19.95786],[73.83732,19.95786]]},"properties":{"id":"road_w422538551","type":"road_segment","name":"R62","name_local":null,"category":"residential","source":"openstreetmap","source_id":"way/422538551","updated_at":"2016-07-10T14:35:01Z","tags":{}}},{"type":"Feature","geometry":{"type":"LineString","coordinates":[[73.83452,19.95771],[73.83391,19.95773],[73.83395,19.95812],[73.83373,19.95814],[73.83374,19.95837],[73.83334,19.95841]]},"properties":{"id":"road_w422538552","type":"road_segment","name":"R11","name_local":null,"category":"residential","source":"openstreetmap","source_id":"way/422538552","updated_at":"2016-07-06T10:47:48Z","tags":{}}},{"type":"Feature","geometry":{"type":"LineString","coordinates":[[73.83496,19.96013],[73.83491,19.96095]]},"properties":{"id":"road_w422540328","type":"road_segment","name":"R55","name_local":null,"category":"residential","source":"openstreetmap","source_id":"way/422540328","updated_at":"2016-07-10T14:35:00Z","tags":{}}},{"type":"Feature","geometry":{"type":"LineString","coordinates":[[73.83731,19.96204],[73.83722,19.96242]]},"properties":{"id":"road_w422540329","type":"road_segment","name":"R51","name_local":null,"category":"residential","source":"openstreetmap","source_id":"way/422540329","updated_at":"2016-07-10T14:35:00Z","tags":{}}},{"type":"Feature","geometry":{"type":"LineString","coordinates":[[73.83769,19.96213],[73.83766,19.9625]]},"properties":{"id":"road_w422540330","type":"road_segment","name":"R50","name_local":null,"category":"residential","source":"openstreetmap","source_id":"way/422540330","updated_at":"2016-07-10T14:35:00Z","tags":{}}},{"type":"Feature","geometry":{"type":"LineString","coordinates":[[73.8318,19.96067],[73.83209,19.96069],[73.83264,19.96073],[73.83307,19.96076],[73.83355,19.96079],[73.83379,19.96081],[73.83441,19.96082]]},"properties":{"id":"road_w422540331","type":"road_segment","name":"R19","name_local":null,"category":"residential","source":"openstreetmap","source_id":"way/422540331","updated_at":"2022-04-25T07:04:49Z","tags":{"maxspeed":"40"}}},{"type":"Feature","geometry":{"type":"LineString","coordinates":[[73.83441,19.96091],[73.83491,19.96095],[73.83532,19.96098]]},"properties":{"id":"road_w422540332","type":"road_segment","name":"R54","name_local":null,"category":"residential","source":"openstreetmap","source_id":"way/422540332","updated_at":"2024-08-08T04:27:21Z","tags":{}}},{"type":"Feature","geometry":{"type":"LineString","coordinates":[[73.83434,19.96236],[73.83369,19.96233]]},"properties":{"id":"road_w422540871","type":"road_segment","name":"R30","name_local":null,"category":"residential","source":"openstreetmap","source_id":"way/422540871","updated_at":"2016-07-06T10:47:49Z","tags":{}}},{"type":"Feature","geometry":{"type":"LineString","coordinates":[[73.83561,19.96323],[73.83568,19.96213]]},"properties":{"id":"road_w422540872","type":"road_segment","name":"R44","name_local":null,"category":"residential","source":"openstreetmap","source_id":"way/422540872","updated_at":"2016-07-10T14:34:59Z","tags":{}}},{"type":"Feature","geometry":{"type":"LineString","coordinates":[[73.83632,19.95946],[73.83591,19.95943]]},"properties":{"id":"road_w422540873","type":"road_segment","name":"R58","name_local":null,"category":"residential","source":"openstreetmap","source_id":"way/422540873","updated_at":"2024-08-08T04:14:48Z","tags":{}}},{"type":"Feature","geometry":{"type":"LineString","coordinates":[[73.83259,19.96145],[73.83258,19.96169],[73.83232,19.96167],[73.832,19.96163],[73.83169,19.9616]]},"properties":{"id":"road_w425734638","type":"road_segment","name":"R24","name_local":null,"category":"residential","source":"openstreetmap","source_id":"way/425734638","updated_at":"2023-08-30T07:20:57Z","tags":{"maxspeed":"30"}}},{"type":"Feature","geometry":{"type":"LineString","coordinates":[[73.83351,19.96151],[73.83355,19.96079]]},"properties":{"id":"road_w425734645","type":"road_segment","name":"R20","name_local":null,"category":"residential","source":"openstreetmap","source_id":"way/425734645","updated_at":"2016-07-06T10:47:49Z","tags":{"maxspeed":"20"}}},{"type":"Feature","geometry":{"type":"LineString","coordinates":[[73.83799,19.96039],[73.83759,19.96037],[73.83626,19.96022],[73.83579,19.96018],[73.83537,19.96015],[73.83496,19.96013],[73.83445,19.9601]]},"properties":{"id":"road_w425734658","type":"road_segment","name":"R56","name_local":null,"category":"residential","source":"openstreetmap","source_id":"way/425734658","updated_at":"2016-07-10T14:34:59Z","tags":{}}},{"type":"Feature","geometry":{"type":"LineString","coordinates":[[73.83342,19.95911],[73.83349,19.95967],[73.83387,19.95966],[73.834,19.95966]]},"properties":{"id":"road_w425734667","type":"road_segment","name":"R15","name_local":null,"category":"residential","source":"openstreetmap","source_id":"way/425734667","updated_at":"2016-07-06T10:47:48Z","tags":{}}},{"type":"Feature","geometry":{"type":"LineString","coordinates":[[73.8335,19.95585],[73.83352,19.95532],[73.83352,19.95487],[73.83353,19.95474],[73.83354,19.95433],[73.83354,19.95432],[73.83353,19.95431],[73.83351,19.95431],[73.83329,19.95429]]},"properties":{"id":"road_w425734679","type":"road_segment","name":"S27","name_local":null,"category":"residential","source":"openstreetmap","source_id":"way/425734679","updated_at":"2024-08-09T04:56:23Z","tags":{}}},{"type":"Feature","geometry":{"type":"LineString","coordinates":[[73.8335,19.95585],[73.8344,19.9556]]},"properties":{"id":"road_w425734685","type":"road_segment","name":"S25","name_local":null,"category":"residential","source":"openstreetmap","source_id":"way/425734685","updated_at":"2016-07-06T10:47:54Z","tags":{}}},{"type":"Feature","geometry":{"type":"LineString","coordinates":[[73.83295,19.95598],[73.83302,19.9567]]},"properties":{"id":"road_w425734689","type":"road_segment","name":"S15","name_local":null,"category":"residential","source":"openstreetmap","source_id":"way/425734689","updated_at":"2016-07-06T10:47:53Z","tags":{}}},{"type":"Feature","geometry":{"type":"LineString","coordinates":[[73.8323,19.95443],[73.83229,19.95491],[73.83228,19.95538],[73.83225,19.95602]]},"properties":{"id":"road_w425734692","type":"road_segment","name":"S31","name_local":null,"category":"residential","source":"openstreetmap","source_id":"way/425734692","updated_at":"2016-08-22T09:30:55Z","tags":{}}},{"type":"Feature","geometry":{"type":"LineString","coordinates":[[73.8323,19.95443],[73.83265,19.95443],[73.83264,19.95527],[73.83263,19.956]]},"properties":{"id":"road_w425734698","type":"road_segment","name":"S30","name_local":null,"category":"residential","source":"openstreetmap","source_id":"way/425734698","updated_at":"2022-04-25T07:04:49Z","tags":{}}},{"type":"Feature","geometry":{"type":"LineString","coordinates":[[73.83225,19.95602],[73.83248,19.956],[73.83263,19.956],[73.83295,19.95598],[73.83302,19.95597],[73.83329,19.95591],[73.8335,19.95585]]},"properties":{"id":"road_w425734701","type":"road_segment","name":"Gaikhe Colony Rd (S26)","name_local":null,"category":"residential","source":"openstreetmap","source_id":"way/425734701","updated_at":"2016-07-06T10:47:54Z","tags":{}}},{"type":"Feature","geometry":{"type":"LineString","coordinates":[[73.83056,19.95522],[73.83063,19.95459],[73.83067,19.95425],[73.83072,19.95382],[73.83072,19.95379],[73.83074,19.95362],[73.8309,19.95216],[73.83091,19.95173],[73.83092,19.95126]]},"properties":{"id":"road_w425734706","type":"road_segment","name":"Taran Talav Rd (S39)","name_local":null,"category":"residential","source":"openstreetmap","source_id":"way/425734706","updated_at":"2024-08-09T03:17:38Z","tags":{}}},{"type":"Feature","geometry":{"type":"LineString","coordinates":[[73.83056,19.95522],[73.83102,19.95521],[73.83104,19.95521],[73.83105,19.95519],[73.83106,19.95518],[73.83111,19.95468],[73.83111,19.95465],[73.8311,19.95464],[73.83109,19.95463],[73.83063,19.95459]]},"properties":{"id":"road_w425734717","type":"road_segment","name":"S38","name_local":null,"category":"residential","source":"openstreetmap","source_id":"way/425734717","updated_at":"2024-09-19T08:59:12Z","tags":{}}},{"type":"Feature","geometry":{"type":"LineString","coordinates":[[73.83003,19.95517],[73.83056,19.95522]]},"properties":{"id":"road_w425734720","type":"road_segment","name":"S41","name_local":null,"category":"residential","source":"openstreetmap","source_id":"way/425734720","updated_at":"2016-07-06T10:47:55Z","tags":{}}},{"type":"Feature","geometry":{"type":"LineString","coordinates":[[73.82992,19.95417],[73.82952,19.95412],[73.82912,19.95408],[73.8288,19.95404],[73.82862,19.95402],[73.82849,19.95401],[73.8278,19.95394]]},"properties":{"id":"road_w425734723","type":"road_segment","name":"S44","name_local":null,"category":"residential","source":"openstreetmap","source_id":"way/425734723","updated_at":"2024-09-19T08:49:46Z","tags":{}}},{"type":"Feature","geometry":{"type":"LineString","coordinates":[[73.82992,19.95417],[73.8298,19.95514]]},"properties":{"id":"road_w425734726","type":"road_segment","name":"S43","name_local":null,"category":"residential","source":"openstreetmap","source_id":"way/425734726","updated_at":"2016-07-06T10:47:55Z","tags":{}}},{"type":"Feature","geometry":{"type":"LineString","coordinates":[[73.8351,19.96424],[73.83518,19.96327],[73.83518,19.9632],[73.83524,19.96222],[73.83528,19.96163],[73.83532,19.96098],[73.83537,19.96015],[73.83539,19.95939],[73.8354,19.95898],[73.83542,19.9583]]},"properties":{"id":"road_w427607295","type":"road_segment","name":"R40","name_local":null,"category":"residential","source":"openstreetmap","source_id":"way/427607295","updated_at":"2022-04-25T07:04:49Z","tags":{}}},{"type":"Feature","geometry":{"type":"LineString","coordinates":[[73.83283,19.96334],[73.83279,19.96383],[73.83275,19.96432]]},"properties":{"id":"road_w427607297","type":"road_segment","name":"R37","name_local":null,"category":"residential","source":"openstreetmap","source_id":"way/427607297","updated_at":"2016-07-06T10:47:50Z","tags":{}}},{"type":"Feature","geometry":{"type":"LineString","coordinates":[[73.83721,19.95893],[73.83636,19.9589]]},"properties":{"id":"road_w427607298","type":"road_segment","name":"R70","name_local":null,"category":"residential","source":"openstreetmap","source_id":"way/427607298","updated_at":"2016-07-06T10:47:52Z","tags":{}}},{"type":"Feature","geometry":{"type":"LineString","coordinates":[[73.83601,19.96428],[73.83607,19.96351],[73.8361,19.96326],[73.83613,19.96286],[73.83615,19.96177],[73.83615,19.96171],[73.8362,19.96105],[73.83626,19.96022],[73.8363,19.95975],[73.83631,19.95958],[73.83632,19.95946],[73.83636,19.95898],[73.83636,19.9589],[73.8364,19.95833]]},"properties":{"id":"road_w427607299","type":"road_segment","name":"R47","name_local":null,"category":"residential","source":"openstreetmap","source_id":"way/427607299","updated_at":"2023-08-29T11:31:52Z","tags":{}}},{"type":"Feature","geometry":{"type":"LineString","coordinates":[[73.83607,19.96351],[73.83666,19.96352],[73.83766,19.96354],[73.8381,19.96355],[73.83824,19.96356],[73.83918,19.96358]]},"properties":{"id":"road_w427607300","type":"road_segment","name":"R48","name_local":null,"category":"residential","source":"openstreetmap","source_id":"way/427607300","updated_at":"2024-09-19T10:22:57Z","tags":{}}},{"type":"Feature","geometry":{"type":"LineString","coordinates":[[73.8315,19.9544],[73.8323,19.95443]]},"properties":{"id":"road_w427607302","type":"road_segment","name":"S35","name_local":null,"category":"residential","source":"openstreetmap","source_id":"way/427607302","updated_at":"2023-08-29T05:01:07Z","tags":{}}},{"type":"Feature","geometry":{"type":"LineString","coordinates":[[73.82996,19.95375],[73.82914,19.95366],[73.82885,19.95363]]},"properties":{"id":"road_w427607303","type":"road_segment","name":"S47","name_local":null,"category":"residential","source":"openstreetmap","source_id":"way/427607303","updated_at":"2016-08-22T09:54:13Z","tags":{}}},{"type":"Feature","geometry":{"type":"LineString","coordinates":[[73.83138,19.9643],[73.83176,19.96431],[73.83275,19.96432],[73.83421,19.96434]]},"properties":{"id":"road_w429066797","type":"road_segment","name":"R36","name_local":null,"category":"residential","source":"openstreetmap","source_id":"way/429066797","updated_at":"2016-07-10T14:34:59Z","tags":{}}},{"type":"Feature","geometry":{"type":"LineString","coordinates":[[73.75074,19.96943],[73.75135,19.96939],[73.75193,19.96935],[73.75222,19.96934],[73.75241,19.96933],[73.75295,19.96928],[73.75349,19.96923]]},"properties":{"id":"road_w429798310","type":"road_segment","name":"M 14","name_local":null,"category":"residential","source":"openstreetmap","source_id":"way/429798310","updated_at":"2022-03-24T10:34:27Z","tags":{}}},{"type":"Feature","geometry":{"type":"LineString","coordinates":[[73.76004,19.96799],[73.7601,19.96795],[73.76076,19.96753],[73.76125,19.96729],[73.76139,19.96721],[73.76152,19.96712],[73.76222,19.96654],[73.76302,19.96601],[73.76308,19.96597],[73.76352,19.96568],[73.76504,19.96466],[73.76577,19.96418]]},"properties":{"id":"road_w429798312","type":"road_segment","name":"Ambad Police Station Road","name_local":null,"category":"tertiary","source":"openstreetmap","source_id":"way/429798312","updated_at":"2026-01-10T20:04:54Z","tags":{"oneway":"yes"}}},{"type":"Feature","geometry":{"type":"LineString","coordinates":[[73.75713,19.97122],[73.75772,19.97112],[73.75785,19.97172],[73.75786,19.97174],[73.75807,19.9727],[73.75812,19.97309],[73.75808,19.9732]]},"properties":{"id":"road_w429798313","type":"road_segment","name":"M 24","name_local":null,"category":"residential","source":"openstreetmap","source_id":"way/429798313","updated_at":"2023-08-28T11:15:09Z","tags":{}}},{"type":"Feature","geometry":{"type":"LineString","coordinates":[[73.75719,19.97155],[73.75713,19.97122],[73.75693,19.97023],[73.75712,19.97019],[73.75742,19.97016],[73.75751,19.97014]]},"properties":{"id":"road_w429798314","type":"road_segment","name":"M 25","name_local":null,"category":"residential","source":"openstreetmap","source_id":"way/429798314","updated_at":"2023-08-28T11:15:09Z","tags":{}}},{"type":"Feature","geometry":{"type":"LineString","coordinates":[[73.75244,19.97453],[73.75246,19.97491],[73.75248,19.97531],[73.75248,19.97547],[73.75249,19.97572],[73.75251,19.97607],[73.75252,19.97644],[73.75254,19.97689]]},"properties":{"id":"road_w429798315","type":"road_segment","name":"M 48","name_local":null,"category":"residential","source":"openstreetmap","source_id":"way/429798315","updated_at":"2022-03-24T10:02:22Z","tags":{}}},{"type":"Feature","geometry":{"type":"LineString","coordinates":[[73.75232,19.97454],[73.75244,19.97453],[73.75343,19.97442],[73.75369,19.97439],[73.75426,19.97433],[73.75462,19.97429]]},"properties":{"id":"road_w429798316","type":"road_segment","name":"M 52","name_local":null,"category":"residential","source":"openstreetmap","source_id":"way/429798316","updated_at":"2024-08-06T09:13:48Z","tags":{}}},{"type":"Feature","geometry":{"type":"LineString","coordinates":[[73.75199,19.97303],[73.75248,19.97297],[73.75288,19.97292],[73.75326,19.97288],[73.75354,19.97285],[73.75365,19.97284],[73.75387,19.97282],[73.75436,19.97277]]},"properties":{"id":"road_w429798317","type":"road_segment","name":"M 36","name_local":null,"category":"residential","source":"openstreetmap","source_id":"way/429798317","updated_at":"2024-03-25T10:24:46Z","tags":{}}},{"type":"Feature","geometry":{"type":"LineString","coordinates":[[73.75199,19.97303],[73.75214,19.97375]]},"properties":{"id":"road_w429798318","type":"road_segment","name":"M 37","name_local":null,"category":"residential","source":"openstreetmap","source_id":"way/429798318","updated_at":"2016-08-11T07:07:27Z","tags":{}}},{"type":"Feature","geometry":{"type":"LineString","coordinates":[[73.75214,19.97375],[73.75083,19.97389],[73.75074,19.97394],[73.75066,19.97399],[73.75052,19.97402],[73.75037,19.97403],[73.75027,19.97405],[73.7494,19.97417],[73.74932,19.97411],[73.74925,19.97409],[73.74914,19.97408],[73.74899,19.97411]]},"properties":{"id":"road_w429798319","type":"road_segment","name":"M 42","name_local":null,"category":"residential","source":"openstreetmap","source_id":"way/429798319","updated_at":"2016-08-11T07:07:26Z","tags":{}}},{"type":"Feature","geometry":{"type":"LineString","coordinates":[[73.75214,19.97375],[73.75225,19.9742],[73.75232,19.97454]]},"properties":{"id":"road_w429798320","type":"road_segment","name":"M 37","name_local":null,"category":"residential","source":"openstreetmap","source_id":"way/429798320","updated_at":"2016-08-11T10:28:35Z","tags":{}}},{"type":"Feature","geometry":{"type":"LineString","coordinates":[[73.75254,19.97689],[73.75309,19.97683],[73.75329,19.97681],[73.75345,19.97679],[73.75361,19.97677]]},"properties":{"id":"road_w429798321","type":"road_segment","name":"M 49","name_local":null,"category":"residential","source":"openstreetmap","source_id":"way/429798321","updated_at":"2022-06-04T11:25:42Z","tags":{}}},{"type":"Feature","geometry":{"type":"LineString","coordinates":[[73.75144,19.97993],[73.7518,19.97987],[73.75182,19.97987],[73.75182,19.97987],[73.75218,19.9798],[73.75223,19.97954],[73.75218,19.9791],[73.75217,19.97909],[73.75215,19.97908],[73.75212,19.97908],[73.75168,19.97917],[73.75135,19.97922],[73.75071,19.97935]]},"properties":{"id":"road_w429798322","type":"road_segment","name":"M 64","name_local":null,"category":"residential","source":"openstreetmap","source_id":"way/429798322","updated_at":"2022-06-04T11:25:42Z","tags":{}}},{"type":"Feature","geometry":{"type":"LineString","coordinates":[[73.83837,19.95717],[73.83838,19.95722],[73.83839,19.95726],[73.83859,19.9584],[73.8386,19.95844],[73.8387,19.95903],[73.83872,19.95912],[73.83872,19.95915],[73.83878,19.95942],[73.83886,19.95986],[73.83892,19.96028],[73.83893,19.96041],[73.83908,19.96175],[73.83908,19.96177],[73.83912,19.96241],[73.83912,19.96309],[73.83913,19.96314],[73.83918,19.96358],[73.83921,19.96403],[73.83922,19.96428],[73.83926,19.96451],[73.83943,19.96563],[73.83952,19.9662],[73.8396,19.96673],[73.83962,19.96686],[73.83966,19.96709],[73.8397,19.96738],[73.83978,19.96789],[73.83982,19.96824],[73.83992,19.96892],[73.84013,19.97041],[73.84054,19.97204],[73.8406,19.97234],[73.84066,19.97258],[73.84068,19.97286],[73.84071,19.97305],[73.84085,19.97364],[73.84086,19.97371],[73.84098,19.97437],[73.84103,19.97462],[73.8411,19.97492],[73.84121,19.97529],[73.84136,19.97584],[73.84168,19.97662],[73.84188,19.97719],[73.84197,19.97749],[73.84215,19.9781],[73.84219,19.9782],[73.84229,19.97853],[73.84257,19.97907],[73.84285,19.97953],[73.84315,19.97993],[73.84347,19.9804],[73.84354,19.98051],[73.84381,19.98091],[73.8439,19.98115],[73.84396,19.98124],[73.84411,19.98162],[73.84419,19.98183],[73.84448,19.98269],[73.84453,19.98297]]},"properties":{"id":"road_w430194254","type":"road_segment","name":"Jail Road","name_local":null,"category":"primary","source":"openstreetmap","source_id":"way/430194254","updated_at":"2026-01-19T09:15:54Z","tags":{"ref":"SH27","oneway":"yes"}}},{"type":"Feature","geometry":{"type":"LineString","coordinates":[[73.67536,19.85968],[73.67544,19.85943],[73.6755,19.85935],[73.67558,19.85929],[73.67582,19.8592],[73.67596,19.8592],[73.67603,19.85921],[73.67607,19.85922],[73.67636,19.85927],[73.67659,19.85931],[73.67674,19.85932],[73.67695,19.8593],[73.67714,19.85926],[73.6774,19.85918],[73.67766,19.85904],[73.6778,19.85892],[73.67807,19.85869],[73.67815,19.85866],[73.67827,19.85865]]},"properties":{"id":"road_w430518801","type":"road_segment","name":"Ambedkar Road (आंबेडकर रोड)","name_local":null,"category":"residential","source":"openstreetmap","source_id":"way/430518801","updated_at":"2016-07-21T00:54:21Z","tags":{}}},{"type":"Feature","geometry":{"type":"LineString","coordinates":[[73.67362,19.86048],[73.67317,19.86107]]},"properties":{"id":"road_w430520445","type":"road_segment","name":"Bhavaninagar Lane 1 (भवानीनगर लेन १)","name_local":null,"category":"residential","source":"openstreetmap","source_id":"way/430520445","updated_at":"2016-07-21T00:54:24Z","tags":{}}},{"type":"Feature","geometry":{"type":"LineString","coordinates":[[73.67282,19.86076],[73.67325,19.86018]]},"properties":{"id":"road_w430521501","type":"road_segment","name":"Bhavaninagar Lane 3 (भवानीनगर लेन ३)","name_local":null,"category":"residential","source":"openstreetmap","source_id":"way/430521501","updated_at":"2016-07-27T19:57:29Z","tags":{}}},{"type":"Feature","geometry":{"type":"LineString","coordinates":[[73.6733,19.86022],[73.67345,19.85934]]},"properties":{"id":"road_w430521622","type":"road_segment","name":"Bhavaninagar Lane 4 (भवानीनगर लेन ४)","name_local":null,"category":"residential","source":"openstreetmap","source_id":"way/430521622","updated_at":"2016-07-21T00:54:24Z","tags":{}}},{"type":"Feature","geometry":{"type":"LineString","coordinates":[[73.67254,19.86038],[73.67293,19.85992]]},"properties":{"id":"road_w430521689","type":"road_segment","name":"Bhavaninagar Lane 5 (भवानीनगर लेन ५)","name_local":null,"category":"residential","source":"openstreetmap","source_id":"way/430521689","updated_at":"2016-07-21T00:54:23Z","tags":{}}},{"type":"Feature","geometry":{"type":"LineString","coordinates":[[73.67296,19.85995],[73.67304,19.85937]]},"properties":{"id":"road_w430521767","type":"road_segment","name":"Bhavaninagar Lane 6 (भवानीनगर लेन ६)","name_local":null,"category":"residential","source":"openstreetmap","source_id":"way/430521767","updated_at":"2016-07-21T00:54:25Z","tags":{}}},{"type":"Feature","geometry":{"type":"LineString","coordinates":[[73.67253,19.85831],[73.6725,19.85861],[73.6725,19.85882],[73.67247,19.85956]]},"properties":{"id":"road_w430522004","type":"road_segment","name":"Bhavaninagar Lane 8 (भवानीनगर लेन ८)","name_local":null,"category":"residential","source":"openstreetmap","source_id":"way/430522004","updated_at":"2016-07-21T00:54:22Z","tags":{}}},{"type":"Feature","geometry":{"type":"LineString","coordinates":[[73.67219,19.85829],[73.67211,19.85927]]},"properties":{"id":"road_w430522122","type":"road_segment","name":"Bhavaninagar Lane 10 (भवानीनगर लेन १०)","name_local":null,"category":"residential","source":"openstreetmap","source_id":"way/430522122","updated_at":"2016-07-21T00:54:23Z","tags":{}}},{"type":"Feature","geometry":{"type":"LineString","coordinates":[[73.67342,19.85857],[73.67327,19.85904]]},"properties":{"id":"road_w430522286","type":"road_segment","name":"Bhavaninagar Lane 11 (भवानीनगर लेन ११)","name_local":null,"category":"residential","source":"openstreetmap","source_id":"way/430522286","updated_at":"2016-07-21T00:54:26Z","tags":{}}},{"type":"Feature","geometry":{"type":"LineString","coordinates":[[73.67294,19.85881],[73.67315,19.85887]]},"properties":{"id":"road_w430522606","type":"road_segment","name":"Bhavaninagar Lane 12 (भवानीनगर लेन १२)","name_local":null,"category":"residential","source":"openstreetmap","source_id":"way/430522606","updated_at":"2016-07-21T00:54:25Z","tags":{}}},{"type":"Feature","geometry":{"type":"LineString","coordinates":[[73.67324,19.85851],[73.67315,19.85887],[73.67306,19.85925]]},"properties":{"id":"road_w430522854","type":"road_segment","name":"Bhavaninagar Lane 13 (भवानीनगर लेन १३)","name_local":null,"category":"residential","source":"openstreetmap","source_id":"way/430522854","updated_at":"2016-07-27T19:57:29Z","tags":{}}},{"type":"Feature","geometry":{"type":"LineString","coordinates":[[73.67305,19.85845],[73.67294,19.85881],[73.67282,19.8592]]},"properties":{"id":"road_w430523016","type":"road_segment","name":"Bhavaninagar Lane 15 (भवानीनगर लेन १५)","name_local":null,"category":"residential","source":"openstreetmap","source_id":"way/430523016","updated_at":"2016-07-27T19:57:29Z","tags":{}}},{"type":"Feature","geometry":{"type":"LineString","coordinates":[[73.67189,19.85911],[73.67211,19.85927],[73.67247,19.85956],[73.67293,19.85992],[73.67296,19.85995],[73.67325,19.86018],[73.6733,19.86022],[73.67362,19.86048],[73.6738,19.86062],[73.67388,19.86076],[73.67398,19.86088],[73.67409,19.86098],[73.67425,19.8611]]},"properties":{"id":"road_w430525741","type":"road_segment","name":"Bhavaninagar Road (भवानीनगर रोड)","name_local":null,"category":"residential","source":"openstreetmap","source_id":"way/430525741","updated_at":"2016-07-27T19:57:30Z","tags":{}}},{"type":"Feature","geometry":{"type":"LineString","coordinates":[[73.67565,19.86],[73.6758,19.85982],[73.67592,19.85974],[73.67595,19.85969],[73.67598,19.8596],[73.67603,19.85921]]},"properties":{"id":"road_w430526376","type":"road_segment","name":"Buddhavihar Road (बुद्धविहार रोड)","name_local":null,"category":"residential","source":"openstreetmap","source_id":"way/430526376","updated_at":"2017-01-21T19:32:19Z","tags":{}}},{"type":"Feature","geometry":{"type":"LineString","coordinates":[[73.66997,19.86414],[73.67005,19.86411],[73.67011,19.86406],[73.67022,19.86394],[73.67054,19.86352],[73.67095,19.86313],[73.67107,19.863],[73.67116,19.8629],[73.67124,19.86284],[73.67131,19.86281],[73.67145,19.86273],[73.67159,19.86262],[73.67164,19.8626],[73.6717,19.86261],[73.67177,19.86262],[73.67204,19.86268],[73.6723,19.86276],[73.67249,19.86283]]},"properties":{"id":"road_w430526458","type":"road_segment","name":"Dam Road (डॅम रोड)","name_local":null,"category":"residential","source":"openstreetmap","source_id":"way/430526458","updated_at":"2016-07-21T00:54:20Z","tags":{}}},{"type":"Feature","geometry":{"type":"LineString","coordinates":[[73.67383,19.86016],[73.67442,19.86028],[73.67469,19.86034],[73.67474,19.86036],[73.67483,19.8604],[73.6749,19.86043],[73.67491,19.86047],[73.67491,19.86053],[73.67491,19.86063],[73.67496,19.86068],[73.67506,19.8607]]},"properties":{"id":"road_w430526565","type":"road_segment","name":"Flourmill Road (गिरणी रोड)","name_local":null,"category":"residential","source":"openstreetmap","source_id":"way/430526565","updated_at":"2016-08-10T17:47:09Z","tags":{}}},{"type":"Feature","geometry":{"type":"LineString","coordinates":[[73.67792,19.86234],[73.67801,19.86239],[73.67816,19.86244],[73.67831,19.86248],[73.67853,19.86256],[73.67898,19.86283],[73.67904,19.86286],[73.68045,19.8636],[73.68082,19.86384],[73.68103,19.86399],[73.68116,19.86416],[73.68128,19.86429],[73.68142,19.86437],[73.68164,19.86445],[73.68186,19.86453],[73.68198,19.8646],[73.68206,19.86465]]},"properties":{"id":"road_w430526734","type":"road_segment","name":"Gangavati Road (गंगावती रोड)","name_local":null,"category":"residential","source":"openstreetmap","source_id":"way/430526734","updated_at":"2016-07-21T00:54:19Z","tags":{}}},{"type":"Feature","geometry":{"type":"LineString","coordinates":[[73.67555,19.86159],[73.67559,19.86099],[73.67561,19.86096],[73.67564,19.86097],[73.676,19.86099]]},"properties":{"id":"road_w430526809","type":"road_segment","name":"Gavte Lane 1 (गवते लेन १)","name_local":null,"category":"unclassified","source":"openstreetmap","source_id":"way/430526809","updated_at":"2018-03-22T09:27:59Z","tags":{}}},{"type":"Feature","geometry":{"type":"LineString","coordinates":[[73.67523,19.86151],[73.67549,19.86156],[73.67555,19.86159],[73.67564,19.86164],[73.6757,19.86169],[73.67579,19.86177],[73.67587,19.86181],[73.67595,19.86181],[73.67611,19.8618]]},"properties":{"id":"road_w430526992","type":"road_segment","name":"Gavte Road (गवते रोड)","name_local":null,"category":"unclassified","source":"openstreetmap","source_id":"way/430526992","updated_at":"2018-03-22T09:27:59Z","tags":{}}},{"type":"Feature","geometry":{"type":"LineString","coordinates":[[73.68079,19.86046],[73.6809,19.86007],[73.68103,19.85954]]},"properties":{"id":"road_w430527454","type":"road_segment","name":"Godai Lane 3 (गोदाई लेन ३)","name_local":null,"category":"residential","source":"openstreetmap","source_id":"way/430527454","updated_at":"2016-07-27T19:57:30Z","tags":{}}},{"type":"Feature","geometry":{"type":"LineString","coordinates":[[73.67979,19.85985],[73.6809,19.86007],[73.68144,19.86017]]},"properties":{"id":"road_w430527957","type":"road_segment","name":"Godai Lane1 (गोदाई लेन १)","name_local":null,"category":"residential","source":"openstreetmap","source_id":"way/430527957","updated_at":"2016-07-27T19:57:30Z","tags":{}}},{"type":"Feature","geometry":{"type":"LineString","coordinates":[[73.67972,19.86025],[73.68079,19.86046],[73.68141,19.86058]]},"properties":{"id":"road_w430528484","type":"road_segment","name":"Godai Road (गोदाई रोड)","name_local":null,"category":"residential","source":"openstreetmap","source_id":"way/430528484","updated_at":"2016-07-27T19:57:30Z","tags":{}}},{"type":"Feature","geometry":{"type":"LineString","coordinates":[[73.67363,19.85775],[73.67375,19.8587]]},"properties":{"id":"road_w430528913","type":"road_segment","name":"Hospital Road (हॉस्पिटल रोड)","name_local":null,"category":"residential","source":"openstreetmap","source_id":"way/430528913","updated_at":"2016-07-21T00:54:22Z","tags":{}}},{"type":"Feature","geometry":{"type":"LineString","coordinates":[[73.66823,19.88433],[73.66834,19.88449],[73.66841,19.8847],[73.6685,19.88507],[73.66859,19.88534],[73.66883,19.88545],[73.66942,19.88561],[73.66997,19.88575],[73.67075,19.88591],[73.672,19.88615],[73.67286,19.8863],[73.67331,19.88637],[73.67339,19.8865],[73.67347,19.88668],[73.67365,19.88686],[73.674,19.88703],[73.67454,19.88713],[73.67541,19.88737],[73.67587,19.88748],[73.67641,19.88752],[73.67666,19.88754],[73.67683,19.88738],[73.67718,19.88663],[73.67756,19.88616],[73.67789,19.88567],[73.67808,19.88525],[73.67821,19.88478],[73.67825,19.88429],[73.6783,19.8839],[73.67827,19.88363],[73.6782,19.88324],[73.67817,19.88284],[73.67823,19.88217],[73.67816,19.8816],[73.67817,19.88093],[73.67827,19.8805],[73.67831,19.88029],[73.67841,19.88002],[73.6784,19.87967],[73.67834,19.87932],[73.6783,19.87893],[73.67823,19.87844],[73.67819,19.87776],[73.67811,19.87716],[73.67801,19.87674],[73.67781,19.87614],[73.67758,19.87565],[73.67731,19.87519],[73.67703,19.87466],[73.67692,19.87453],[73.67677,19.87447],[73.67646,19.87442],[73.67609,19.87438],[73.67595,19.87429],[73.67591,19.87415],[73.67587,19.87375],[73.67582,19.87303],[73.67576,19.87264],[73.67574,19.87203],[73.67579,19.87122],[73.67569,19.87059],[73.67557,19.86971],[73.67544,19.86857],[73.67545,19.86822],[73.67548,19.8675],[73.67553,19.86646],[73.67554,19.866],[73.67547,19.86541],[73.67543,19.86474],[73.6753,19.86354],[73.67529,19.86312],[73.67528,19.86292],[73.67525,19.86279],[73.67521,19.86262],[73.67514,19.86247],[73.67506,19.86236],[73.67495,19.86227]]},"properties":{"id":"road_w430529054","type":"road_segment","name":"Jadhavwadi Road (जाधववाडी रोड)","name_local":null,"category":"unclassified","source":"openstreetmap","source_id":"way/430529054","updated_at":"2023-11-24T07:55:14Z","tags":{}}},{"type":"Feature","geometry":{"type":"LineString","coordinates":[[73.67429,19.85882],[73.67425,19.85896],[73.67425,19.85901],[73.67425,19.85914],[73.67426,19.85932],[73.67423,19.85941],[73.67423,19.85944],[73.67422,19.8595],[73.6742,19.85956],[73.67416,19.8596],[73.67411,19.85965],[73.67407,19.8597],[73.67406,19.85975],[73.67406,19.85985]]},"properties":{"id":"road_w430529190","type":"road_segment","name":"Katore Lane 1 (कातोरे लेन १)","name_local":null,"category":"residential","source":"openstreetmap","source_id":"way/430529190","updated_at":"2016-07-21T00:54:24Z","tags":{}}},{"type":"Feature","geometry":{"type":"LineString","coordinates":[[73.67393,19.85875],[73.67392,19.85896],[73.67394,19.85901],[73.67396,19.85906],[73.67397,19.8591],[73.67397,19.85914],[73.67397,19.85921],[73.67392,19.85933],[73.6739,19.85937],[73.6739,19.85939],[73.67391,19.8594],[73.67423,19.85941],[73.67452,19.85944],[73.67467,19.85947],[73.6748,19.85954],[73.67519,19.85985],[73.67521,19.85986],[73.67535,19.85988],[73.67551,19.85985]]},"properties":{"id":"road_w430529448","type":"road_segment","name":"Katore Road (कातोरे रोड)","name_local":null,"category":"residential","source":"openstreetmap","source_id":"way/430529448","updated_at":"2016-08-04T10:39:15Z","tags":{}}},{"type":"Feature","geometry":{"type":"LineString","coordinates":[[73.67214,19.85662],[73.67199,19.85719],[73.67196,19.85736],[73.67196,19.85754],[73.67198,19.85791],[73.67195,19.85818],[73.67191,19.85829]]},"properties":{"id":"road_w430529575","type":"road_segment","name":"Katoremala Road (कातोरेमळा रोड)","name_local":null,"category":"residential","source":"openstreetmap","source_id":"way/430529575","updated_at":"2016-07-21T00:54:22Z","tags":{}}},{"type":"Feature","geometry":{"type":"LineString","coordinates":[[73.67611,19.8618],[73.67641,19.86182],[73.67664,19.86181],[73.6768,19.86177],[73.67685,19.86174],[73.67691,19.86165],[73.67696,19.86159],[73.67706,19.86155],[73.67713,19.86155],[73.67722,19.86156]]},"properties":{"id":"road_w430529675","type":"road_segment","name":"Laxmi Road (लक्ष्मी रोड)","name_local":null,"category":"residential","source":"openstreetmap","source_id":"way/430529675","updated_at":"2016-07-27T19:57:31Z","tags":{}}},{"type":"Feature","geometry":{"type":"LineString","coordinates":[[73.66442,19.88747],[73.66489,19.88595],[73.66493,19.88583],[73.66458,19.88556],[73.66454,19.88532],[73.66438,19.88514],[73.66406,19.885],[73.66388,19.88493],[73.66376,19.88473],[73.66369,19.88428],[73.66364,19.88402],[73.6635,19.88379],[73.66328,19.88359],[73.66317,19.88352],[73.66301,19.88352],[73.66226,19.88364],[73.66194,19.88357],[73.66252,19.88223],[73.66259,19.88214],[73.66431,19.87982],[73.66546,19.87881],[73.66622,19.87737],[73.66649,19.8767],[73.66776,19.87357],[73.66978,19.87049],[73.67055,19.8689],[73.67193,19.86472],[73.67219,19.864],[73.67228,19.86373],[73.67234,19.86346],[73.67246,19.86298],[73.67249,19.86283],[73.67256,19.86273],[73.67271,19.86255],[73.67336,19.86191],[73.67391,19.86137],[73.67415,19.86113],[73.6742,19.86112],[73.67425,19.8611],[73.67429,19.86109],[73.67439,19.86111],[73.67447,19.86108],[73.67477,19.86096],[73.67491,19.86092],[73.67505,19.86087],[73.67545,19.86076],[73.6755,19.86073],[73.67554,19.86069],[73.67566,19.86048],[73.67571,19.86045],[73.67587,19.86041]]},"properties":{"id":"road_w430529925","type":"road_segment","name":"Malekarwadi Road (मालेकरवाडी रोड)","name_local":null,"category":"unclassified","source":"openstreetmap","source_id":"way/430529925","updated_at":"2023-11-24T07:55:14Z","tags":{}}},{"type":"Feature","geometry":{"type":"LineString","coordinates":[[73.67488,19.86191],[73.67506,19.86194],[73.67542,19.86199],[73.67566,19.86203],[73.67586,19.86207],[73.67607,19.86212],[73.67624,19.86221]]},"properties":{"id":"road_w430530233","type":"road_segment","name":"Malunjkar Road (मालुंजकर रोड)","name_local":null,"category":"unclassified","source":"openstreetmap","source_id":"way/430530233","updated_at":"2018-03-22T09:27:59Z","tags":{}}},{"type":"Feature","geometry":{"type":"LineString","coordinates":[[73.67001,19.85809],[73.67048,19.85827],[73.67059,19.8583],[73.67072,19.85833],[73.67091,19.85835],[73.67111,19.85835],[73.6713,19.85834],[73.6717,19.8583],[73.67191,19.85829],[73.67209,19.85829],[73.67219,19.85829],[73.67234,19.85829],[73.67253,19.85831],[73.67259,19.85832],[73.67305,19.85845],[73.67319,19.85849],[73.67324,19.85851],[73.67342,19.85857],[73.67375,19.8587],[73.67383,19.85873],[73.67393,19.85875],[73.674,19.85877],[73.67429,19.85882],[73.67435,19.85883],[73.67451,19.85887],[73.67466,19.85894],[73.67479,19.85907],[73.67493,19.85922],[73.6753,19.85962],[73.67536,19.85968],[73.67551,19.85985],[73.67564,19.85999],[73.67565,19.86],[73.67569,19.86006],[73.67579,19.8602],[73.67586,19.86036],[73.67587,19.86041],[73.67593,19.86056],[73.67595,19.86066],[73.676,19.86099],[73.67611,19.8618],[73.67614,19.86197],[73.67617,19.86211],[73.67624,19.86221],[73.67635,19.86228],[73.67642,19.86231],[73.67647,19.86234],[73.67761,19.86241],[73.67777,19.86241],[73.67786,19.86238],[73.67792,19.86234],[73.67833,19.86203],[73.67852,19.86191],[73.67874,19.86183],[73.67901,19.86177],[73.67914,19.86174],[73.67931,19.86175],[73.67941,19.86177],[73.67947,19.86178],[73.67953,19.86179],[73.67963,19.86184],[73.6798,19.86192],[73.67993,19.86195],[73.68144,19.86212],[73.68163,19.86213],[73.68177,19.86212],[73.68211,19.86202],[73.68223,19.86202],[73.68242,19.862],[73.6827,19.86202],[73.68424,19.86213],[73.68438,19.86214],[73.68453,19.86204]]},"properties":{"id":"road_w430530514","type":"road_segment","name":"Market Road (मार्केट रोड)","name_local":null,"category":"secondary","source":"openstreetmap","source_id":"way/430530514","updated_at":"2024-05-24T07:04:12Z","tags":{}}},{"type":"Feature","geometry":{"type":"LineString","coordinates":[[73.67493,19.85922],[73.67501,19.85882],[73.67503,19.85856],[73.67507,19.85696],[73.67504,19.85653],[73.67507,19.85632],[73.67513,19.85591],[73.67516,19.85549],[73.67523,19.85505],[73.67527,19.85479],[73.67529,19.85444],[73.67532,19.85396],[73.67536,19.8537],[73.67537,19.85352],[73.67523,19.85327],[73.67499,19.85288],[73.67499,19.85257],[73.67507,19.85228],[73.67529,19.85156],[73.67534,19.85113]]},"properties":{"id":"road_w430530919","type":"road_segment","name":"MIDC Road (एम.आय.डी.सी रोड)","name_local":null,"category":"tertiary","source":"openstreetmap","source_id":"way/430530919","updated_at":"2020-06-24T16:15:33Z","tags":{}}},{"type":"Feature","geometry":{"type":"LineString","coordinates":[[73.67626,19.86249],[73.67657,19.86325],[73.67677,19.86363],[73.67711,19.86416],[73.67751,19.86477]]},"properties":{"id":"road_w430531363","type":"road_segment","name":"Old Nashik Road (जुना नाशिक रोड)","name_local":null,"category":"residential","source":"openstreetmap","source_id":"way/430531363","updated_at":"2016-07-21T00:54:20Z","tags":{}}},{"type":"Feature","geometry":{"type":"LineString","coordinates":[[73.67947,19.86178],[73.67971,19.86035],[73.67972,19.86025],[73.67979,19.85985],[73.67986,19.85938],[73.6799,19.85889],[73.67997,19.85795],[73.67996,19.85789],[73.67994,19.85784],[73.67989,19.85782],[73.67914,19.8578],[73.67906,19.85778],[73.679,19.85774],[73.67898,19.85766],[73.67898,19.85735]]},"properties":{"id":"road_w430531846","type":"road_segment","name":"Police Station Road (पोलीस स्टेशन रोड)","name_local":null,"category":"residential","source":"openstreetmap","source_id":"way/430531846","updated_at":"2016-07-27T19:57:32Z","tags":{}}},{"type":"Feature","geometry":{"type":"LineString","coordinates":[[73.67521,19.85986],[73.67508,19.86021],[73.67508,19.86032],[73.67509,19.86038],[73.67509,19.86047],[73.67509,19.86061],[73.67507,19.86067],[73.67506,19.8607],[73.67505,19.86073],[73.67505,19.86078],[73.67505,19.86087]]},"properties":{"id":"road_w430532450","type":"road_segment","name":"Shejwal Lane 1 (शेजवळ लेन १)","name_local":null,"category":"residential","source":"openstreetmap","source_id":"way/430532450","updated_at":"2016-07-27T19:57:33Z","tags":{}}},{"type":"Feature","geometry":{"type":"LineString","coordinates":[[73.6742,19.85985],[73.67415,19.86014]]},"properties":{"id":"road_w430532695","type":"road_segment","name":"Shejwal Lane 3 (शेजवळ लेन ३)","name_local":null,"category":"residential","source":"openstreetmap","source_id":"way/430532695","updated_at":"2016-07-21T00:54:25Z","tags":{}}},{"type":"Feature","geometry":{"type":"LineString","coordinates":[[73.67364,19.85981],[73.67406,19.85985],[73.6742,19.85985],[73.67435,19.85987],[73.67447,19.85988],[73.6745,19.85991],[73.67451,19.85995],[73.67451,19.86008],[73.67453,19.86012],[73.67457,19.86013],[73.67464,19.86012],[73.67476,19.8601],[73.67488,19.86008],[73.67521,19.85986],[73.67541,19.86011],[73.67552,19.86011],[73.67569,19.86006]]},"properties":{"id":"road_w430532709","type":"road_segment","name":"Shejwal Road (शेजवळ रोड)","name_local":null,"category":"residential","source":"openstreetmap","source_id":"way/430532709","updated_at":"2016-10-24T21:39:26Z","tags":{}}},{"type":"Feature","geometry":{"type":"LineString","coordinates":[[73.67495,19.86227],[73.67491,19.86221],[73.67488,19.86206],[73.67488,19.86191],[73.67488,19.86176],[73.67486,19.86168],[73.67485,19.86158],[73.67485,19.86149],[73.6749,19.86137],[73.67492,19.86122],[73.67492,19.86107],[73.67491,19.86092]]},"properties":{"id":"road_w430532758","type":"road_segment","name":"Sutar Lane 1 (सुतार लेन)","name_local":null,"category":"unclassified","source":"openstreetmap","source_id":"way/430532758","updated_at":"2018-07-25T06:49:02Z","tags":{}}},{"type":"Feature","geometry":{"type":"LineString","coordinates":[[73.67506,19.86194],[73.67521,19.86159],[73.67523,19.86151],[73.67524,19.86147],[73.67525,19.86135],[73.67525,19.86124]]},"properties":{"id":"road_w430532854","type":"road_segment","name":"Sutar Lane 2 (सुतार लेन २)","name_local":null,"category":"residential","source":"openstreetmap","source_id":"way/430532854","updated_at":"2016-07-27T19:57:33Z","tags":{}}},{"type":"Feature","geometry":{"type":"LineString","coordinates":[[73.67436,19.86228],[73.67495,19.86227],[73.6752,19.86231],[73.6754,19.86235],[73.67565,19.86243],[73.67584,19.8625],[73.67598,19.86254],[73.67607,19.86255],[73.67617,19.86253],[73.67626,19.86249],[73.67642,19.86231]]},"properties":{"id":"road_w430532880","type":"road_segment","name":"Sutar Road (सुतार रोड)","name_local":null,"category":"unclassified","source":"openstreetmap","source_id":"way/430532880","updated_at":"2018-03-22T09:27:59Z","tags":{}}},{"type":"Feature","geometry":{"type":"LineString","coordinates":[[73.67579,19.8602],[73.67614,19.86003],[73.6763,19.85998],[73.67644,19.85998],[73.67671,19.85998],[73.67686,19.86002],[73.67695,19.86004],[73.67698,19.86008],[73.677,19.86012],[73.677,19.86023],[73.67694,19.86096],[73.67692,19.86101],[73.67685,19.86106],[73.67663,19.86123]]},"properties":{"id":"road_w430532900","type":"road_segment","name":"Temple Road (मंदिर रोड)","name_local":null,"category":"residential","source":"openstreetmap","source_id":"way/430532900","updated_at":"2016-07-27T19:57:34Z","tags":{}}},{"type":"Feature","geometry":{"type":"LineString","coordinates":[[73.67425,19.8611],[73.67426,19.86092],[73.67427,19.86082],[73.67432,19.86063],[73.67435,19.86049]]},"properties":{"id":"road_w430532926","type":"road_segment","name":"Vanjar Lane 1 (वंजार लेन १)","name_local":null,"category":"residential","source":"openstreetmap","source_id":"way/430532926","updated_at":"2016-07-27T19:57:34Z","tags":{}}},{"type":"Feature","geometry":{"type":"LineString","coordinates":[[73.6738,19.86062],[73.67386,19.86058],[73.67392,19.86057],[73.67432,19.86063]]},"properties":{"id":"road_w430532987","type":"road_segment","name":"Vanjar Lane 2 (वंजार लेन २)","name_local":null,"category":"residential","source":"openstreetmap","source_id":"way/430532987","updated_at":"2016-07-27T19:57:34Z","tags":{}}},{"type":"Feature","geometry":{"type":"LineString","coordinates":[[73.67427,19.86082],[73.67448,19.86074],[73.67453,19.86071],[73.67457,19.86066],[73.67458,19.86058],[73.6746,19.86054],[73.67466,19.86051],[73.67469,19.86047],[73.67474,19.86036]]},"properties":{"id":"road_w430533060","type":"road_segment","name":"Vanjar Road (वंजार रोड)","name_local":null,"category":"residential","source":"openstreetmap","source_id":"way/430533060","updated_at":"2016-07-27T19:57:34Z","tags":{}}},{"type":"Feature","geometry":{"type":"LineString","coordinates":[[73.67057,19.86112],[73.6712,19.86118],[73.67154,19.86125],[73.67217,19.8614],[73.67248,19.86155],[73.67336,19.86191]]},"properties":{"id":"road_w430533114","type":"road_segment","name":"Well Road (वेल रोड)","name_local":null,"category":"residential","source":"openstreetmap","source_id":"way/430533114","updated_at":"2016-07-21T00:54:21Z","tags":{}}},{"type":"Feature","geometry":{"type":"LineString","coordinates":[[73.77197,19.99456],[73.77229,19.99455],[73.77333,19.99489],[73.7735,19.99494],[73.77358,19.99497],[73.77374,19.99502],[73.77477,19.99536],[73.77633,19.99586],[73.77765,19.99625],[73.77845,19.9965],[73.77969,19.99689]]},"properties":{"id":"road_w435095036","type":"road_segment","name":"Trimbak Road","name_local":"त्र्यंबक रोड","category":"trunk","source":"openstreetmap","source_id":"way/435095036","updated_at":"2025-02-17T15:25:32Z","tags":{"name:mr":"त्र्यंबक रोड","ref":"NH848","oneway":"yes"}}},{"type":"Feature","geometry":{"type":"LineString","coordinates":[[73.76346,19.99469],[73.7649,19.99471],[73.76695,19.9947],[73.76763,19.9947],[73.76883,19.99469],[73.76889,19.99469],[73.76928,19.99469],[73.7694,19.99469],[73.7697,19.99467],[73.77063,19.99463],[73.77157,19.99458],[73.77182,19.99457]]},"properties":{"id":"road_w435098556","type":"road_segment","name":"Trimbak Road","name_local":null,"category":"trunk","source":"openstreetmap","source_id":"way/435098556","updated_at":"2025-02-17T15:25:32Z","tags":{"ref":"NH848","oneway":"yes"}}},{"type":"Feature","geometry":{"type":"LineString","coordinates":[[73.75417,19.99391],[73.75433,19.99394],[73.75783,19.99434],[73.75884,19.99444],[73.75926,19.99447],[73.76196,19.99461],[73.76346,19.99469]]},"properties":{"id":"road_w435098558","type":"road_segment","name":"Trimbak Road","name_local":null,"category":"trunk","source":"openstreetmap","source_id":"way/435098558","updated_at":"2024-09-10T11:07:09Z","tags":{"oneway":"yes"}}},{"type":"Feature","geometry":{"type":"LineString","coordinates":[[73.75246,19.99365],[73.75388,19.99387]]},"properties":{"id":"road_w435098794","type":"road_segment","name":"Trimbak Road","name_local":null,"category":"trunk","source":"openstreetmap","source_id":"way/435098794","updated_at":"2025-02-17T15:25:32Z","tags":{"ref":"NH848","oneway":"yes"}}},{"type":"Feature","geometry":{"type":"LineString","coordinates":[[73.75096,19.99339],[73.75246,19.99365]]},"properties":{"id":"road_w435098795","type":"road_segment","name":"Trimbak Road","name_local":null,"category":"trunk","source":"openstreetmap","source_id":"way/435098795","updated_at":"2025-02-17T15:25:32Z","tags":{"ref":"NH848","oneway":"yes"}}},{"type":"Feature","geometry":{"type":"LineString","coordinates":[[73.75028,19.99327],[73.75096,19.99339]]},"properties":{"id":"road_w435099018","type":"road_segment","name":"Trimbak Road","name_local":null,"category":"trunk","source":"openstreetmap","source_id":"way/435099018","updated_at":"2023-03-25T13:54:08Z","tags":{"oneway":"yes"}}},{"type":"Feature","geometry":{"type":"LineString","coordinates":[[73.72653,19.98777],[73.72791,19.98878],[73.7281,19.98892]]},"properties":{"id":"road_w435099022","type":"road_segment","name":"Trimbak Road","name_local":null,"category":"trunk","source":"openstreetmap","source_id":"way/435099022","updated_at":"2023-03-25T13:54:08Z","tags":{"oneway":"yes"}}},{"type":"Feature","geometry":{"type":"LineString","coordinates":[[73.77843,19.96408],[73.77912,19.96403]]},"properties":{"id":"road_w435253434","type":"road_segment","name":"Swamikunj Colony","name_local":null,"category":"residential","source":"openstreetmap","source_id":"way/435253434","updated_at":"2021-05-22T05:41:41Z","tags":{"lanes":"1","surface":"paved"}}},{"type":"Feature","geometry":{"type":"LineString","coordinates":[[73.80533,20.07787],[73.80518,20.0787],[73.80499,20.07909],[73.80461,20.07964],[73.80433,20.08009],[73.80418,20.08056],[73.804,20.08162],[73.80407,20.08205],[73.8041,20.0822],[73.80428,20.08333],[73.80436,20.08377],[73.80453,20.08481],[73.80474,20.08614],[73.80513,20.08857],[73.80516,20.08871],[73.80567,20.09167],[73.80576,20.0922],[73.80641,20.09563],[73.80659,20.09672],[73.80689,20.09857],[73.80697,20.0996]]},"properties":{"id":"road_w435256300","type":"road_segment","name":"Dindori Road","name_local":null,"category":"primary","source":"openstreetmap","source_id":"way/435256300","updated_at":"2025-04-25T12:37:47Z","tags":{"ref":"SH17"}}},{"type":"Feature","geometry":{"type":"LineString","coordinates":[[73.80087,19.96813],[73.80251,19.96799],[73.80306,19.96803],[73.80354,19.96812],[73.804,19.96826],[73.80415,19.96839],[73.80438,19.96857],[73.80448,19.96868],[73.80516,19.96936],[73.80518,19.96938],[73.80552,19.96971],[73.80568,19.96987],[73.80632,19.97049],[73.80646,19.97062],[73.80659,19.97079],[73.80665,19.97088],[73.80695,19.9715],[73.80742,19.97248],[73.80749,19.97262],[73.80785,19.97315],[73.80832,19.97376],[73.80842,19.97389],[73.80858,19.9741],[73.80884,19.97431],[73.80888,19.97433],[73.80915,19.97446],[73.80948,19.9746],[73.80972,19.97473],[73.80988,19.97486],[73.81009,19.97508],[73.81012,19.97511],[73.81054,19.97558],[73.81084,19.97592]]},"properties":{"id":"road_w435257442","type":"road_segment","name":"Sawata Mali Road","name_local":null,"category":"tertiary","source":"openstreetmap","source_id":"way/435257442","updated_at":"2026-01-10T19:40:17Z","tags":{}}},{"type":"Feature","geometry":{"type":"LineString","coordinates":[[73.79399,19.97252],[73.79396,19.97251],[73.79393,19.97251],[73.79389,19.97251],[73.79386,19.97252],[73.79384,19.97255],[73.79382,19.97258],[73.79381,19.9726],[73.79382,19.97263],[73.79382,19.97266],[73.79384,19.97268],[73.79386,19.9727],[73.79389,19.97271],[73.79392,19.97271],[73.79395,19.97271],[73.79399,19.9727],[73.79402,19.97267],[73.79403,19.97264],[73.79404,19.97261],[73.79403,19.97259],[73.79402,19.97256],[73.79401,19.97254],[73.79399,19.97252]]},"properties":{"id":"road_w435257445","type":"road_segment","name":"Shree Sant Savata Mali Marg","name_local":null,"category":"primary","source":"openstreetmap","source_id":"way/435257445","updated_at":"2026-01-12T12:58:02Z","tags":{"oneway":"yes"}}},{"type":"Feature","geometry":{"type":"LineString","coordinates":[[73.75704,20.01934],[73.75731,20.01933],[73.75774,20.01932],[73.75921,20.01932],[73.75948,20.01931],[73.76002,20.01929],[73.76054,20.01927],[73.76122,20.01925],[73.76163,20.01925]]},"properties":{"id":"road_w436195691","type":"road_segment","name":"Nirmala Convent Road","name_local":null,"category":"secondary","source":"openstreetmap","source_id":"way/436195691","updated_at":"2026-01-12T15:57:41Z","tags":{}}},{"type":"Feature","geometry":{"type":"LineString","coordinates":[[73.73328,20.01293],[73.73401,20.01272],[73.735,20.01234],[73.73545,20.01213],[73.73571,20.012],[73.73593,20.0119],[73.73611,20.01183],[73.73641,20.01167],[73.73728,20.01126],[73.73764,20.01109],[73.7381,20.01087]]},"properties":{"id":"road_w436220526","type":"road_segment","name":"4th Avenue Road","name_local":null,"category":"residential","source":"openstreetmap","source_id":"way/436220526","updated_at":"2023-08-28T05:59:08Z","tags":{}}},{"type":"Feature","geometry":{"type":"LineString","coordinates":[[73.74244,20.01318],[73.74241,20.01309],[73.74228,20.01258],[73.74204,20.01178],[73.74185,20.01116],[73.74184,20.01113],[73.74174,20.01069],[73.74173,20.01064],[73.74164,20.01025],[73.74155,20.0099],[73.74146,20.0095],[73.74136,20.00904],[73.74123,20.0084],[73.74116,20.00799],[73.7411,20.00774]]},"properties":{"id":"road_w436225584","type":"road_segment","name":"Eng MP Decore Marg","name_local":null,"category":"residential","source":"openstreetmap","source_id":"way/436225584","updated_at":"2024-08-08T10:05:23Z","tags":{}}},{"type":"Feature","geometry":{"type":"LineString","coordinates":[[73.74577,20.011],[73.74575,20.01053],[73.7458,20.0104],[73.74575,20.01013],[73.74573,20.01006],[73.74556,20.00945],[73.74544,20.00901],[73.74528,20.00848],[73.74523,20.00832],[73.74515,20.00802],[73.74513,20.00795],[73.74512,20.00794],[73.74505,20.00759],[73.74501,20.00741],[73.74498,20.00726],[73.74496,20.00715],[73.74486,20.00672],[73.74482,20.00657],[73.74478,20.00635],[73.74474,20.00621],[73.7446,20.00567]]},"properties":{"id":"road_w436342980","type":"road_segment","name":"Tukaram Kale Marg","name_local":null,"category":"residential","source":"openstreetmap","source_id":"way/436342980","updated_at":"2023-08-29T06:02:26Z","tags":{}}},{"type":"Feature","geometry":{"type":"LineString","coordinates":[[73.73667,20.01613],[73.7371,20.01568],[73.73748,20.0152],[73.7379,20.01474],[73.73819,20.01453],[73.73844,20.01443],[73.73866,20.01434],[73.73913,20.0142],[73.73959,20.01406],[73.74017,20.01388],[73.74197,20.01334],[73.74244,20.01318],[73.74301,20.01303],[73.74375,20.0128],[73.74418,20.01266],[73.7448,20.01251],[73.74534,20.01244],[73.74563,20.0124],[73.74602,20.01235],[73.74756,20.01226],[73.7482,20.01223],[73.74831,20.01223],[73.75014,20.01224],[73.75114,20.0122],[73.75187,20.01219],[73.75366,20.01217],[73.75419,20.01214],[73.75492,20.01209],[73.75514,20.01208],[73.75582,20.01206],[73.75596,20.01206]]},"properties":{"id":"road_w436348897","type":"road_segment","name":"Gangapur Road","name_local":null,"category":"primary","source":"openstreetmap","source_id":"way/436348897","updated_at":"2023-11-06T09:31:48Z","tags":{"oneway":"yes"}}},{"type":"Feature","geometry":{"type":"LineString","coordinates":[[73.73156,20.00624],[73.73172,20.00708]]},"properties":{"id":"road_w436351465","type":"road_segment","name":"Vaishnavi Nagar Road","name_local":null,"category":"residential","source":"openstreetmap","source_id":"way/436351465","updated_at":"2016-08-09T07:55:19Z","tags":{}}},{"type":"Feature","geometry":{"type":"LineString","coordinates":[[73.73172,20.00708],[73.73215,20.00707],[73.73224,20.00706],[73.73323,20.00702],[73.73332,20.00702],[73.73414,20.00697],[73.73455,20.00693],[73.73496,20.0069]]},"properties":{"id":"road_w436351466","type":"road_segment","name":"Sadguru Nagar Main Road","name_local":null,"category":"residential","source":"openstreetmap","source_id":"way/436351466","updated_at":"2024-08-06T07:26:26Z","tags":{}}},{"type":"Feature","geometry":{"type":"LineString","coordinates":[[73.76254,19.98776],[73.76294,19.98772],[73.76297,19.98813],[73.76298,19.98815],[73.763,19.98815],[73.76373,19.98812],[73.76371,19.98772],[73.76369,19.98706],[73.76366,19.98632],[73.76366,19.9863],[73.76364,19.98556],[73.76362,19.98519],[73.76363,19.98516],[73.76368,19.98509],[73.76368,19.98506],[73.76366,19.9844],[73.76363,19.98405],[73.76361,19.9838]]},"properties":{"id":"road_w436524830","type":"road_segment","name":"Grove Street","name_local":null,"category":"residential","source":"openstreetmap","source_id":"way/436524830","updated_at":"2022-06-04T11:08:35Z","tags":{}}},{"type":"Feature","geometry":{"type":"LineString","coordinates":[[73.74683,19.97554],[73.74682,19.97545],[73.74674,19.97506],[73.74667,19.97479],[73.74631,19.97356],[73.74617,19.97297],[73.74658,19.97291],[73.74676,19.97288],[73.74701,19.97281],[73.74728,19.9727],[73.74738,19.97265]]},"properties":{"id":"road_w436663709","type":"road_segment","name":"ITI Ambad Road","name_local":null,"category":"tertiary","source":"openstreetmap","source_id":"way/436663709","updated_at":"2024-08-13T10:13:05Z","tags":{}}},{"type":"Feature","geometry":{"type":"LineString","coordinates":[[73.75218,19.97847],[73.75214,19.97838],[73.75185,19.97814],[73.75167,19.97801],[73.75139,19.97781],[73.75072,19.97735]]},"properties":{"id":"road_w436687686","type":"road_segment","name":"Trimurti-Kamatwade Road","name_local":null,"category":"tertiary","source":"openstreetmap","source_id":"way/436687686","updated_at":"2024-08-13T09:51:10Z","tags":{"oneway":"yes"}}},{"type":"Feature","geometry":{"type":"LineString","coordinates":[[73.75306,19.98432],[73.75319,19.98401]]},"properties":{"id":"road_w436694411","type":"road_segment","name":"ITI Ambad Road","name_local":null,"category":"residential","source":"openstreetmap","source_id":"way/436694411","updated_at":"2016-08-11T11:08:52Z","tags":{}}},{"type":"Feature","geometry":{"type":"LineString","coordinates":[[73.78238,19.96905],[73.78227,19.96887],[73.78215,19.96871],[73.78205,19.9686],[73.78151,19.96793],[73.78122,19.96751],[73.78115,19.96742],[73.781,19.96718],[73.78095,19.96711],[73.78079,19.96686],[73.78052,19.96638],[73.78042,19.9662],[73.78035,19.96609],[73.77997,19.96544],[73.77988,19.96528],[73.77965,19.96479],[73.77945,19.96441],[73.77934,19.9642],[73.77924,19.964],[73.7787,19.96296],[73.77866,19.96287],[73.77858,19.96271],[73.77841,19.96233],[73.7784,19.9623],[73.77834,19.96216],[73.77823,19.96178],[73.7781,19.96137],[73.778,19.96106],[73.77782,19.96047],[73.77775,19.96021],[73.77769,19.96003],[73.77767,19.95997],[73.77753,19.9595],[73.77739,19.95902],[73.77738,19.95896],[73.77737,19.9589],[73.77727,19.95836],[73.77719,19.95796],[73.77695,19.95695],[73.77687,19.95668],[73.77672,19.95627],[73.77642,19.9554],[73.77614,19.95461],[73.77605,19.95433],[73.77598,19.95409]]},"properties":{"id":"road_w437410019","type":"road_segment","name":"Wadala-Pathardi Road","name_local":null,"category":"secondary","source":"openstreetmap","source_id":"way/437410019","updated_at":"2026-01-11T19:23:43Z","tags":{"lanes":"2","surface":"asphalt","oneway":"yes"}}},{"type":"Feature","geometry":{"type":"LineString","coordinates":[[73.77775,19.96021],[73.77848,19.96013],[73.77874,19.96011],[73.77889,19.9601],[73.77985,19.96004],[73.78025,19.96001],[73.78031,19.96],[73.78077,19.95996],[73.78123,19.95992],[73.78129,19.95992],[73.78164,19.95987],[73.78168,19.95987],[73.78205,19.95982]]},"properties":{"id":"road_w437411909","type":"road_segment","name":"Pandav Nagri Road","name_local":null,"category":"residential","source":"openstreetmap","source_id":"way/437411909","updated_at":"2024-01-27T08:53:25Z","tags":{}}},{"type":"Feature","geometry":{"type":"LineString","coordinates":[[73.77769,19.96003],[73.77846,19.95961],[73.77856,19.95961],[73.7791,19.9594]]},"properties":{"id":"road_w437411915","type":"road_segment","name":"Pandav Nagri Road","name_local":null,"category":"residential","source":"openstreetmap","source_id":"way/437411915","updated_at":"2024-12-30T21:21:02Z","tags":{"surface":"asphalt"}}},{"type":"Feature","geometry":{"type":"LineString","coordinates":[[73.77985,19.96004],[73.77977,19.95952],[73.77974,19.95933],[73.77971,19.95911],[73.77967,19.95881],[73.77963,19.95851],[73.77962,19.95841],[73.7796,19.95828],[73.77957,19.95811],[73.7795,19.95756],[73.77946,19.95728],[73.77944,19.95716],[73.77935,19.95658],[73.77929,19.95616],[73.77928,19.95609]]},"properties":{"id":"road_w437411922","type":"road_segment","name":"Pandav Nagri Road","name_local":null,"category":"residential","source":"openstreetmap","source_id":"way/437411922","updated_at":"2024-09-16T11:38:47Z","tags":{"surface":"asphalt","oneway":"no"}}},{"type":"Feature","geometry":{"type":"LineString","coordinates":[[73.75734,19.95564],[73.75769,19.95402],[73.75773,19.95374],[73.75775,19.95365],[73.7578,19.95342],[73.75784,19.95322],[73.75792,19.95278],[73.75797,19.9525],[73.75804,19.95214],[73.75809,19.95181],[73.75814,19.95155],[73.7582,19.95124],[73.75828,19.95068],[73.75833,19.95039],[73.75835,19.94986]]},"properties":{"id":"road_w437424305","type":"road_segment","name":"Pathardi Phata Road","name_local":null,"category":"residential","source":"openstreetmap","source_id":"way/437424305","updated_at":"2024-08-09T08:52:07Z","tags":{}}},{"type":"Feature","geometry":{"type":"LineString","coordinates":[[73.75834,19.95301],[73.75821,19.95372],[73.75812,19.95416],[73.75804,19.95462]]},"properties":{"id":"road_w437424307","type":"road_segment","name":"Prashant Nagar","name_local":null,"category":"residential","source":"openstreetmap","source_id":"way/437424307","updated_at":"2024-08-09T08:54:53Z","tags":{}}},{"type":"Feature","geometry":{"type":"LineString","coordinates":[[73.75469,19.9528],[73.75553,19.95137],[73.7556,19.95097],[73.7557,19.95047],[73.75571,19.95038],[73.7558,19.94994],[73.756,19.94883],[73.75604,19.94856],[73.75615,19.94801],[73.75617,19.94789],[73.75632,19.94713],[73.7564,19.94639],[73.75645,19.946],[73.75662,19.94433],[73.75664,19.94421],[73.75673,19.94384],[73.75682,19.94342],[73.75689,19.9428]]},"properties":{"id":"road_w437427482","type":"road_segment","name":"Vikrikar Bhavan Road","name_local":null,"category":"residential","source":"openstreetmap","source_id":"way/437427482","updated_at":"2026-02-23T13:35:11Z","tags":{}}},{"type":"Feature","geometry":{"type":"LineString","coordinates":[[73.82476,19.94626],[73.82469,19.94751],[73.82468,19.94781],[73.82466,19.94812],[73.82465,19.94835],[73.82464,19.94847],[73.82462,19.94873]]},"properties":{"id":"road_w438407409","type":"road_segment","name":"Aute Nagar Road","name_local":null,"category":"residential","source":"openstreetmap","source_id":"way/438407409","updated_at":"2021-10-07T04:26:02Z","tags":{}}},{"type":"Feature","geometry":{"type":"LineString","coordinates":[[73.72176,20.02447],[73.72186,20.02439],[73.72353,20.02329],[73.72366,20.0232],[73.72433,20.02275],[73.72462,20.02257],[73.7248,20.02248],[73.72511,20.02231],[73.72524,20.02226],[73.72543,20.02218],[73.72632,20.02183],[73.72643,20.02178],[73.7265,20.02175],[73.72717,20.02144],[73.72787,20.02108]]},"properties":{"id":"road_w445367469","type":"road_segment","name":"Gangapur Road","name_local":null,"category":"primary","source":"openstreetmap","source_id":"way/445367469","updated_at":"2024-08-12T10:17:16Z","tags":{}}},{"type":"Feature","geometry":{"type":"LineString","coordinates":[[73.79039,19.99442],[73.79083,19.99435],[73.79091,19.99434],[73.79156,19.99424],[73.79249,19.99411],[73.79303,19.99408],[73.79352,19.9941],[73.79397,19.99414],[73.7957,19.99429]]},"properties":{"id":"road_w449237248","type":"road_segment","name":"Nashik Pune Highway","name_local":null,"category":"trunk","source":"openstreetmap","source_id":"way/449237248","updated_at":"2026-04-29T05:27:47Z","tags":{"lanes":"2","surface":"asphalt","oneway":"yes"}}},{"type":"Feature","geometry":{"type":"LineString","coordinates":[[73.80907,19.99247],[73.80888,19.99251],[73.80867,19.99252],[73.80854,19.99252],[73.80838,19.99251],[73.80814,19.99247],[73.80792,19.99246],[73.8078,19.99247],[73.80775,19.99247],[73.80756,19.99249],[73.80679,19.99262],[73.80669,19.99264],[73.80647,19.99267],[73.80594,19.99276],[73.80573,19.99275]]},"properties":{"id":"road_w532451232","type":"road_segment","name":"Jejurkar Lane","name_local":null,"category":"residential","source":"openstreetmap","source_id":"way/532451232","updated_at":"2024-09-17T06:06:31Z","tags":{}}},{"type":"Feature","geometry":{"type":"LineString","coordinates":[[73.80136,19.9956],[73.80134,19.99534]]},"properties":{"id":"road_w532451234","type":"road_segment","name":"Qutbi Masjid Road","name_local":null,"category":"unclassified","source":"openstreetmap","source_id":"way/532451234","updated_at":"2017-10-14T03:40:18Z","tags":{}}},{"type":"Feature","geometry":{"type":"LineString","coordinates":[[73.71802,19.96739],[73.71868,19.96723],[73.71887,19.96719],[73.71934,19.96707],[73.71952,19.96702],[73.71969,19.96697],[73.7199,19.96689],[73.72014,19.96681],[73.7208,19.96663],[73.72122,19.96652],[73.72139,19.96649],[73.72159,19.96646],[73.72198,19.96641],[73.72214,19.9664],[73.72222,19.96639],[73.72242,19.9664],[73.72248,19.9664],[73.72256,19.96639],[73.72317,19.96626],[73.72325,19.96624],[73.72333,19.96621],[73.72342,19.96617],[73.72347,19.96615],[73.72351,19.96612],[73.72355,19.96608],[73.72358,19.96604],[73.72361,19.96596],[73.72363,19.9659],[73.72363,19.96585],[73.7236,19.96558],[73.72359,19.96549],[73.72359,19.96543],[73.7236,19.96539],[73.72362,19.96534],[73.72365,19.96532],[73.7237,19.96531],[73.72374,19.9653],[73.7238,19.96529],[73.72386,19.96527],[73.7239,19.96525],[73.72395,19.96522],[73.72415,19.96507],[73.72434,19.9649],[73.72439,19.96485],[73.72443,19.96482],[73.72451,19.96479],[73.72455,19.96479],[73.7246,19.96481],[73.72462,19.96482],[73.72467,19.96487],[73.72471,19.96494],[73.72475,19.96502],[73.72478,19.96511],[73.72481,19.9652],[73.72485,19.96529],[73.7249,19.96541],[73.72493,19.96546],[73.72498,19.96554],[73.72503,19.9656],[73.72508,19.96566],[73.72514,19.96569],[73.72522,19.96572],[73.72529,19.96573],[73.7254,19.96572],[73.72555,19.96569],[73.72571,19.96565],[73.72586,19.96556],[73.72601,19.96547],[73.72634,19.96521],[73.72653,19.96507],[73.72661,19.96503],[73.72669,19.965],[73.72679,19.96498],[73.7269,19.96496],[73.72707,19.96493],[73.72788,19.96491],[73.72803,19.9649],[73.7282,19.96489],[73.72834,19.96487],[73.72856,19.96483],[73.72869,19.9648],[73.72879,19.96477],[73.72917,19.96466],[73.72973,19.96449],[73.73024,19.96433],[73.73063,19.96422],[73.73122,19.96408],[73.73161,19.96397],[73.73201,19.96384],[73.73236,19.96373],[73.73271,19.96364],[73.7329,19.96359],[73.73304,19.96356],[73.73325,19.96352],[73.73352,19.96349],[73.73384,19.96346],[73.7339,19.96346],[73.734,19.96346],[73.73404,19.96347],[73.73429,19.96352],[73.73437,19.96357]]},"properties":{"id":"road_w543215209","type":"road_segment","name":"Chunchale Road","name_local":null,"category":"tertiary","source":"openstreetmap","source_id":"way/543215209","updated_at":"2026-01-14T12:57:28Z","tags":{}}},{"type":"Feature","geometry":{"type":"LineString","coordinates":[[73.77399,19.9441],[73.77398,19.94412],[73.77398,19.94415],[73.77398,19.94418],[73.774,19.9442],[73.77402,19.94421],[73.77406,19.94422],[73.77408,19.94422],[73.77411,19.94421],[73.77413,19.94419],[73.77414,19.94416],[73.77414,19.94414],[73.77414,19.94411],[73.77413,19.94409],[73.77411,19.94408],[73.77408,19.94407],[73.77406,19.94406],[73.77403,19.94407],[73.77402,19.94407],[73.77401,19.94408],[73.77399,19.9441]]},"properties":{"id":"road_w543254427","type":"road_segment","name":"Pathardi Roade","name_local":null,"category":"primary","source":"openstreetmap","source_id":"way/543254427","updated_at":"2024-03-11T12:47:27Z","tags":{"ref":"SH27","oneway":"yes"}}},{"type":"Feature","geometry":{"type":"LineString","coordinates":[[73.79216,19.99582],[73.79255,19.99583],[73.79257,19.99583],[73.79273,19.9958],[73.7935,19.9958],[73.79398,19.99587],[73.79418,19.99591],[73.79437,19.99599],[73.79471,19.99605],[73.79503,19.99601],[73.79526,19.99593],[73.79535,19.99589]]},"properties":{"id":"road_w548844532","type":"road_segment","name":"Wazare Road","name_local":null,"category":"tertiary","source":"openstreetmap","source_id":"way/548844532","updated_at":"2026-01-11T08:07:56Z","tags":{}}},{"type":"Feature","geometry":{"type":"LineString","coordinates":[[73.7103,19.98007],[73.7107,19.98039],[73.71101,19.98054],[73.71129,19.98075],[73.71171,19.98114],[73.7121,19.98144],[73.71244,19.98164],[73.71266,19.9817],[73.71292,19.98169],[73.7132,19.98165],[73.71371,19.98154],[73.71405,19.98146],[73.71412,19.98146],[73.71434,19.98144],[73.71551,19.98167],[73.71691,19.98213],[73.71736,19.98251],[73.71819,19.98326]]},"properties":{"id":"road_w551340019","type":"road_segment","name":"Trimbak Road","name_local":null,"category":"trunk","source":"openstreetmap","source_id":"way/551340019","updated_at":"2023-03-25T13:54:08Z","tags":{"ref":"SH30","oneway":"yes"}}},{"type":"Feature","geometry":{"type":"LineString","coordinates":[[73.66717,19.96808],[73.66842,19.96847],[73.66898,19.96865],[73.66942,19.96878],[73.66986,19.96892],[73.67743,19.97129],[73.67809,19.97151],[73.67833,19.97159],[73.67856,19.97164],[73.67896,19.97171],[73.67911,19.97175],[73.67936,19.9718],[73.68167,19.97237],[73.68221,19.97252],[73.68273,19.97268],[73.68469,19.97335],[73.6851,19.9735],[73.68562,19.97368],[73.68564,19.97368],[73.68691,19.97414],[73.68758,19.97438],[73.68818,19.9746],[73.68895,19.97486],[73.68915,19.97493],[73.68931,19.97498],[73.68934,19.97499],[73.6897,19.97512],[73.69008,19.97526],[73.69042,19.97539],[73.69063,19.97547],[73.6909,19.97556],[73.69117,19.97568],[73.69128,19.97574],[73.69147,19.97588],[73.69201,19.97631],[73.69224,19.97651],[73.69257,19.97677],[73.69297,19.97705],[73.69309,19.97709],[73.69397,19.97743],[73.6947,19.9777],[73.69498,19.97777],[73.69518,19.97782],[73.69553,19.97789],[73.69747,19.97815],[73.69806,19.97822],[73.69909,19.97835],[73.69968,19.97842],[73.69982,19.97846],[73.7001,19.97852],[73.70047,19.97863],[73.70052,19.97864],[73.70091,19.97876],[73.70127,19.97884],[73.70146,19.97888],[73.70165,19.97892],[73.70182,19.97895],[73.70226,19.97899],[73.70251,19.97899],[73.70291,19.979],[73.70322,19.97901],[73.70353,19.97903],[73.70369,19.97903],[73.70406,19.97904],[73.70421,19.97904],[73.70458,19.97904]]},"properties":{"id":"road_w551340020","type":"road_segment","name":"Trimbakeshwar Road","name_local":null,"category":"trunk","source":"openstreetmap","source_id":"way/551340020","updated_at":"2023-09-01T10:18:52Z","tags":{"lanes":"2","maxspeed":"50","surface":"asphalt","oneway":"yes"}}},{"type":"Feature","geometry":{"type":"LineString","coordinates":[[73.70823,19.97928],[73.70777,19.97925],[73.70733,19.97924],[73.70656,19.97919],[73.70598,19.97912],[73.70568,19.97907],[73.7054,19.97903],[73.70501,19.97899],[73.7048,19.97898]]},"properties":{"id":"road_w551341861","type":"road_segment","name":"Trimbak Road","name_local":null,"category":"trunk","source":"openstreetmap","source_id":"way/551341861","updated_at":"2025-02-17T15:25:32Z","tags":{"ref":"NH848","oneway":"yes"}}},{"type":"Feature","geometry":{"type":"LineString","coordinates":[[73.7048,19.97898],[73.70406,19.97896],[73.70361,19.97895],[73.70314,19.97894],[73.7028,19.97893],[73.70249,19.97891],[73.70237,19.97891],[73.70218,19.97889],[73.70185,19.97887],[73.70143,19.97879],[73.70117,19.97873],[73.70074,19.97862],[73.70032,19.9785],[73.70001,19.97842],[73.6997,19.97836],[73.69965,19.97835],[73.69927,19.97829],[73.69902,19.97827],[73.69862,19.97822],[73.69832,19.97818],[73.69781,19.97812],[73.69743,19.97807],[73.69709,19.97802],[73.69653,19.97794],[73.69618,19.97789],[73.69576,19.97782],[73.69542,19.97777],[73.69521,19.97773],[73.69496,19.97769],[73.69479,19.97765],[73.69466,19.9776],[73.6944,19.97752],[73.69409,19.97739],[73.69386,19.97731],[73.69355,19.97718],[73.69319,19.97702],[73.6931,19.97698],[73.69304,19.97695],[73.69296,19.9769],[73.69285,19.97684],[73.69276,19.97679],[73.69261,19.97669],[73.6924,19.97654],[73.69213,19.97629],[73.69201,19.97621],[73.692,19.9762],[73.69177,19.976],[73.69159,19.97585],[73.69139,19.97572],[73.69119,19.97561],[73.69101,19.97551],[73.69059,19.97535],[73.6901,19.97518],[73.69007,19.97517],[73.68976,19.97506],[73.68936,19.97492],[73.68861,19.97466],[73.68816,19.9745],[73.68768,19.97432],[73.68624,19.97381],[73.68565,19.97361],[73.68539,19.97351],[73.68395,19.97299],[73.68254,19.97252],[73.6819,19.97235],[73.68135,19.97219],[73.68116,19.97214],[73.68083,19.97206],[73.68072,19.97203],[73.68066,19.97202],[73.68031,19.97193],[73.68026,19.97191],[73.67971,19.97178],[73.67942,19.97172],[73.67905,19.97164],[73.67859,19.97156],[73.67805,19.97141],[73.67742,19.97121],[73.6769,19.97103],[73.67668,19.97096],[73.67632,19.97086],[73.67602,19.97076],[73.67564,19.97064],[73.67517,19.97048],[73.67465,19.97033],[73.67437,19.97024],[73.67396,19.97012],[73.67347,19.96996],[73.67311,19.96985],[73.67241,19.96963],[73.67212,19.96954],[73.67152,19.96936],[73.67117,19.96925],[73.67074,19.96911],[73.67056,19.96907],[73.67047,19.96903],[73.66988,19.96884],[73.6696,19.96875],[73.66916,19.96861],[73.66867,19.96847],[73.66844,19.9684],[73.66777,19.96817],[73.6671,19.96797],[73.66666,19.9677],[73.6666,19.96767],[73.66633,19.96748],[73.66612,19.96736],[73.66605,19.96732],[73.66589,19.96724],[73.66566,19.96716]]},"properties":{"id":"road_w551341863","type":"road_segment","name":"Trimbakeshwar Road","name_local":null,"category":"trunk","source":"openstreetmap","source_id":"way/551341863","updated_at":"2025-02-20T06:49:15Z","tags":{"ref":"NH848","lanes":"2","maxspeed":"60","surface":"asphalt","oneway":"yes"}}},{"type":"Feature","geometry":{"type":"LineString","coordinates":[[73.66552,19.96719],[73.66568,19.96725],[73.66591,19.96735],[73.6661,19.96745],[73.66647,19.96768],[73.66676,19.96788],[73.66693,19.96796],[73.66717,19.96808]]},"properties":{"id":"road_w551341864","type":"road_segment","name":"Trimbak Road","name_local":null,"category":"trunk","source":"openstreetmap","source_id":"way/551341864","updated_at":"2023-03-25T13:54:08Z","tags":{"maxspeed":"60","surface":"asphalt","oneway":"yes"}}},{"type":"Feature","geometry":{"type":"LineString","coordinates":[[73.77421,20.0477],[73.77405,20.04774]]},"properties":{"id":"road_w556287920","type":"road_segment","name":"SH 26","name_local":null,"category":"primary","source":"openstreetmap","source_id":"way/556287920","updated_at":"2018-01-27T16:02:07Z","tags":{"ref":"SH26","bridge":"yes"}}},{"type":"Feature","geometry":{"type":"LineString","coordinates":[[73.77743,20.0464],[73.77647,20.04675],[73.77502,20.04737],[73.77439,20.04765],[73.77421,20.0477]]},"properties":{"id":"road_w556287922","type":"road_segment","name":"SH 26","name_local":null,"category":"primary","source":"openstreetmap","source_id":"way/556287922","updated_at":"2023-11-06T16:00:49Z","tags":{"ref":"SH26"}}},{"type":"Feature","geometry":{"type":"LineString","coordinates":[[73.83426,19.87764],[73.83401,19.87761],[73.83396,19.87764],[73.83382,19.87768],[73.83348,19.87764],[73.8334,19.87757],[73.83338,19.87748],[73.83338,19.87736],[73.8334,19.87725],[73.83348,19.87713],[73.83356,19.87696],[73.8337,19.87662],[73.83369,19.87633],[73.83371,19.87602],[73.83362,19.87568],[73.8335,19.87547],[73.83343,19.87545],[73.8332,19.87539],[73.83297,19.87537],[73.8329,19.87536],[73.83245,19.87533],[73.83236,19.87546],[73.83211,19.87555],[73.83191,19.8756],[73.83177,19.87564],[73.83149,19.87577],[73.83143,19.8758],[73.83125,19.87603],[73.83106,19.87607],[73.83057,19.87617],[73.83045,19.87623],[73.83053,19.87596],[73.83062,19.87573],[73.83102,19.87524],[73.83122,19.87506],[73.83133,19.87497],[73.83143,19.87476],[73.83148,19.87444],[73.83147,19.87416]]},"properties":{"id":"road_w561270071","type":"road_segment","name":"Veer Savarkar Road","name_local":null,"category":"residential","source":"openstreetmap","source_id":"way/561270071","updated_at":"2025-10-28T10:27:51Z","tags":{}}},{"type":"Feature","geometry":{"type":"LineString","coordinates":[[73.97742,19.85837],[73.97769,19.85816],[73.9781,19.85778],[73.97861,19.85729],[73.97906,19.85687],[73.98116,19.85495],[73.98149,19.85465],[73.98285,19.85345],[73.98385,19.85257],[73.98424,19.85224],[73.98456,19.85196],[73.98563,19.85102],[73.98751,19.84938],[73.989,19.84803],[73.98907,19.84797],[73.99032,19.84683],[73.9906,19.84658],[73.99117,19.84608],[73.99167,19.84564],[73.99173,19.84559],[73.99266,19.84476],[73.99321,19.84426],[73.99357,19.84394],[73.99364,19.84387],[73.99425,19.84329],[73.99464,19.84286],[73.99476,19.84275],[73.99488,19.84263],[73.99499,19.84257],[73.99515,19.84251],[73.99535,19.84247],[73.99589,19.84235]]},"properties":{"id":"road_w568437414","type":"road_segment","name":"Pune Nashik Road","name_local":null,"category":"secondary","source":"openstreetmap","source_id":"way/568437414","updated_at":"2025-01-23T18:45:34Z","tags":{"oneway":"yes"}}},{"type":"Feature","geometry":{"type":"LineString","coordinates":[[73.80483,20.05272],[73.80547,20.05113],[73.80577,20.05043],[73.80582,20.05032],[73.80596,20.04991],[73.80608,20.04951],[73.80625,20.04872],[73.80625,20.04857],[73.80625,20.04845],[73.80625,20.04816],[73.80621,20.04767],[73.80612,20.04723],[73.80603,20.04667],[73.80595,20.04613],[73.80592,20.04595],[73.80587,20.04562],[73.8058,20.0452],[73.80579,20.0451],[73.80569,20.04438],[73.80562,20.04399],[73.80558,20.04373],[73.80553,20.04332],[73.80542,20.04252],[73.80535,20.04204],[73.80529,20.04173],[73.80522,20.04138],[73.80521,20.04135],[73.80513,20.04097],[73.80495,20.04035],[73.80483,20.03977],[73.80466,20.03912],[73.8045,20.03851],[73.80438,20.03805],[73.80427,20.03759],[73.80409,20.03687],[73.80398,20.03641],[73.80388,20.036],[73.80383,20.03587]]},"properties":{"id":"road_w572405041","type":"road_segment","name":"Dindori Road","name_local":null,"category":"primary","source":"openstreetmap","source_id":"way/572405041","updated_at":"2025-02-11T14:15:22Z","tags":{"ref":"SH17","oneway":"yes"}}},{"type":"Feature","geometry":{"type":"LineString","coordinates":[[73.77203,19.99433],[73.77199,19.99428],[73.77196,19.99426],[73.77194,19.99425],[73.77188,19.99424],[73.77185,19.99424],[73.77179,19.99426],[73.77176,19.99428],[73.77172,19.99432],[73.7717,19.99435],[73.77169,19.99439],[73.77169,19.99444],[73.7717,19.99446],[73.77173,19.99452]]},"properties":{"id":"road_w585822752","type":"road_segment","name":"Trimbak Road","name_local":null,"category":"trunk","source":"openstreetmap","source_id":"way/585822752","updated_at":"2024-05-22T04:01:08Z","tags":{"ref":"SH30"}}},{"type":"Feature","geometry":{"type":"LineString","coordinates":[[73.78687,20.02617],[73.78684,20.02615],[73.78677,20.02612],[73.78644,20.02597],[73.78604,20.02579],[73.78564,20.02561],[73.78496,20.0253],[73.78485,20.02529]]},"properties":{"id":"road_w608062176","type":"road_segment","name":"VIBGYOR School Road","name_local":null,"category":"primary","source":"openstreetmap","source_id":"way/608062176","updated_at":"2026-01-12T15:57:41Z","tags":{"oneway":"yes"}}},{"type":"Feature","geometry":{"type":"LineString","coordinates":[[73.78709,20.02626],[73.78687,20.02617]]},"properties":{"id":"road_w608062178","type":"road_segment","name":"VIBGYOR School Road","name_local":null,"category":"primary","source":"openstreetmap","source_id":"way/608062178","updated_at":"2026-01-12T15:57:41Z","tags":{"oneway":"yes","bridge":"yes"}}},{"type":"Feature","geometry":{"type":"LineString","coordinates":[[73.80697,20.0996],[73.80699,20.09988]]},"properties":{"id":"road_w619447561","type":"road_segment","name":"Dindori Road","name_local":null,"category":"primary","source":"openstreetmap","source_id":"way/619447561","updated_at":"2018-12-25T16:41:45Z","tags":{"ref":"SH17","bridge":"yes"}}},{"type":"Feature","geometry":{"type":"LineString","coordinates":[[73.81119,20.12124],[73.8129,20.12846],[73.81309,20.1293],[73.81346,20.13024],[73.81389,20.13131],[73.81428,20.1321],[73.81447,20.1334],[73.81454,20.1352],[73.81474,20.13602],[73.81488,20.13661],[73.81518,20.1376],[73.81535,20.13832],[73.81564,20.13903],[73.81607,20.13935],[73.81612,20.13939],[73.8167,20.13986],[73.81711,20.14047],[73.81774,20.14138],[73.81824,20.14222],[73.8188,20.14298],[73.81896,20.14361],[73.81998,20.14757],[73.82063,20.14958],[73.82175,20.1533],[73.82201,20.15446],[73.82214,20.15521],[73.82227,20.15591],[73.82227,20.15655],[73.82218,20.15685],[73.82205,20.1573],[73.82187,20.15796],[73.82149,20.15852],[73.82121,20.15914],[73.82108,20.15981],[73.82121,20.16043],[73.82136,20.1611],[73.82149,20.1617],[73.82193,20.16219],[73.82255,20.1627],[73.823,20.16341],[73.82377,20.16411],[73.82405,20.16444],[73.82424,20.16479],[73.82441,20.16535],[73.82468,20.16635],[73.8247,20.16686],[73.82476,20.16733],[73.82481,20.16763],[73.82493,20.16804],[73.82504,20.16833],[73.82511,20.16869],[73.82529,20.16988],[73.82545,20.17073],[73.82562,20.17132],[73.82594,20.17257],[73.82602,20.17298],[73.826,20.17359],[73.82606,20.17528],[73.82611,20.17574],[73.82652,20.17742],[73.82695,20.17886],[73.82704,20.17918],[73.82702,20.17942],[73.82694,20.17979],[73.82659,20.18106],[73.82655,20.18141],[73.82666,20.18181],[73.82674,20.18226],[73.82701,20.18323],[73.82722,20.1841]]},"properties":{"id":"road_w619447562","type":"road_segment","name":"Dindori Road","name_local":null,"category":"primary","source":"openstreetmap","source_id":"way/619447562","updated_at":"2023-09-01T10:11:49Z","tags":{"ref":"SH17"}}},{"type":"Feature","geometry":{"type":"LineString","coordinates":[[73.70998,19.97984],[73.71012,19.97995],[73.7103,19.98007]]},"properties":{"id":"road_w640564189","type":"road_segment","name":"Trimbak Road","name_local":null,"category":"trunk","source":"openstreetmap","source_id":"way/640564189","updated_at":"2024-06-25T12:22:49Z","tags":{"ref":"SH30","oneway":"yes","bridge":"yes"}}},{"type":"Feature","geometry":{"type":"LineString","coordinates":[[73.70845,19.97938],[73.70921,19.97949],[73.70958,19.97959],[73.70998,19.97984]]},"properties":{"id":"road_w640564190","type":"road_segment","name":"Trimbak Road","name_local":null,"category":"trunk","source":"openstreetmap","source_id":"way/640564190","updated_at":"2023-03-25T13:54:08Z","tags":{"ref":"SH30","oneway":"yes"}}},{"type":"Feature","geometry":{"type":"LineString","coordinates":[[73.6198,19.95877],[73.62037,19.95851]]},"properties":{"id":"road_w640564195","type":"road_segment","name":"Trimbak Road","name_local":null,"category":"trunk","source":"openstreetmap","source_id":"way/640564195","updated_at":"2023-03-25T13:54:08Z","tags":{"ref":"SH30","oneway":"no","bridge":"yes"}}},{"type":"Feature","geometry":{"type":"LineString","coordinates":[[73.55127,19.94489],[73.55162,19.94494],[73.55278,19.94509],[73.55335,19.9453],[73.5545,19.94597]]},"properties":{"id":"road_w640564196","type":"road_segment","name":"Trimbak Road","name_local":null,"category":"trunk","source":"openstreetmap","source_id":"way/640564196","updated_at":"2024-07-23T06:18:14Z","tags":{"ref":"SH30","oneway":"yes"}}},{"type":"Feature","geometry":{"type":"LineString","coordinates":[[73.86196,19.93406],[73.86341,19.9324]]},"properties":{"id":"road_w641159019","type":"road_segment","name":"Pune Nashik Road","name_local":null,"category":"trunk","source":"openstreetmap","source_id":"way/641159019","updated_at":"2023-11-28T11:24:52Z","tags":{"ref":"NH60","oneway":"yes","bridge":"yes"}}},{"type":"Feature","geometry":{"type":"LineString","coordinates":[[73.75567,20.02267],[73.75573,20.0227]]},"properties":{"id":"road_w643705825","type":"road_segment","name":"Riverfront","name_local":null,"category":"tertiary","source":"openstreetmap","source_id":"way/643705825","updated_at":"2018-11-13T09:18:11Z","tags":{"lanes":"2"}}},{"type":"Feature","geometry":{"type":"LineString","coordinates":[[73.78917,19.97653],[73.78936,19.97634],[73.78954,19.97615],[73.78964,19.97597],[73.78978,19.97565],[73.78999,19.97515],[73.79042,19.97409],[73.79047,19.97397],[73.79057,19.97379],[73.79062,19.97371],[73.79068,19.97362],[73.79079,19.97349],[73.79088,19.97341],[73.79096,19.97335],[73.79163,19.97295]]},"properties":{"id":"road_w656455873","type":"road_segment","name":"Shree Sant Savata Mali Marg","name_local":null,"category":"primary","source":"openstreetmap","source_id":"way/656455873","updated_at":"2026-01-12T12:58:02Z","tags":{}}},{"type":"Feature","geometry":{"type":"LineString","coordinates":[[73.78003,19.97955],[73.77969,19.97966]]},"properties":{"id":"road_w656455875","type":"road_segment","name":"Old Canal Link Road","name_local":null,"category":"primary","source":"openstreetmap","source_id":"way/656455875","updated_at":"2026-01-12T12:58:02Z","tags":{"oneway":"yes"}}},{"type":"Feature","geometry":{"type":"LineString","coordinates":[[73.78301,19.98915],[73.78304,19.98906],[73.78308,19.98891],[73.78333,19.98872],[73.78348,19.98854],[73.78362,19.98837],[73.78369,19.98815],[73.78371,19.98795],[73.78379,19.98741]]},"properties":{"id":"road_w656464063","type":"road_segment","name":"Old Agra Highway","name_local":null,"category":"primary","source":"openstreetmap","source_id":"way/656464063","updated_at":"2025-02-19T09:10:15Z","tags":{"lanes":"2","surface":"asphalt","oneway":"yes"}}},{"type":"Feature","geometry":{"type":"LineString","coordinates":[[73.78368,19.98747],[73.78358,19.98816],[73.7835,19.98835],[73.78337,19.98853],[73.78297,19.98885]]},"properties":{"id":"road_w656464064","type":"road_segment","name":"Old Agra Highway","name_local":null,"category":"primary","source":"openstreetmap","source_id":"way/656464064","updated_at":"2025-02-19T09:10:15Z","tags":{"lanes":"2","surface":"asphalt","oneway":"yes"}}},{"type":"Feature","geometry":{"type":"LineString","coordinates":[[73.78264,19.99354],[73.7827,19.99326],[73.78281,19.99258],[73.78282,19.99253],[73.78286,19.99232],[73.78292,19.99197],[73.78292,19.99193],[73.783,19.99146],[73.783,19.9913],[73.783,19.99092],[73.78301,19.9902],[73.78301,19.99008],[73.78301,19.99003],[73.78302,19.98959],[73.78301,19.98915]]},"properties":{"id":"road_w656464065","type":"road_segment","name":"Old Agra Road","name_local":null,"category":"primary","source":"openstreetmap","source_id":"way/656464065","updated_at":"2025-02-19T09:10:15Z","tags":{"oneway":"yes"}}},{"type":"Feature","geometry":{"type":"LineString","coordinates":[[73.78142,19.99722],[73.7815,19.99705],[73.78184,19.99634],[73.78215,19.99568],[73.78223,19.99545],[73.78228,19.99524],[73.78236,19.99487],[73.78253,19.99388],[73.78263,19.99362],[73.78264,19.99354]]},"properties":{"id":"road_w656464067","type":"road_segment","name":"Old Agra Road","name_local":null,"category":"trunk","source":"openstreetmap","source_id":"way/656464067","updated_at":"2026-01-11T19:35:22Z","tags":{"lanes":"2","surface":"asphalt","oneway":"yes"}}},{"type":"Feature","geometry":{"type":"LineString","coordinates":[[73.78297,19.98885],[73.7829,19.98901],[73.78288,19.98925],[73.78287,19.98982],[73.78287,19.98997],[73.78287,19.99003],[73.78287,19.99009],[73.78288,19.99021],[73.78291,19.99058],[73.78294,19.99124],[73.78292,19.9916],[73.78281,19.99213],[73.78277,19.99231],[73.78271,19.99256],[73.78262,19.99309],[73.78255,19.99338],[73.78251,19.99354]]},"properties":{"id":"road_w656464068","type":"road_segment","name":"Old Agra Road","name_local":null,"category":"primary","source":"openstreetmap","source_id":"way/656464068","updated_at":"2026-01-11T18:49:03Z","tags":{"lanes":"2","surface":"asphalt","oneway":"yes"}}},{"type":"Feature","geometry":{"type":"LineString","coordinates":[[73.79041,19.99438],[73.79041,19.99434],[73.7904,19.99428],[73.79038,19.99426],[73.79035,19.99422],[73.7903,19.99419],[73.79026,19.99417],[73.79022,19.99417],[73.79018,19.99417],[73.79013,19.99419],[73.79009,19.99422],[73.79006,19.99426],[73.79004,19.99431],[73.79003,19.99436],[73.79004,19.99441],[73.79007,19.99445],[73.7901,19.99448],[73.79014,19.99451],[73.7902,19.99452],[73.79026,19.99452],[73.79031,19.9945],[73.79036,19.99447],[73.79039,19.99442],[73.79041,19.99438]]},"properties":{"id":"road_w656477943","type":"road_segment","name":"Sarda Circle","name_local":null,"category":"trunk","source":"openstreetmap","source_id":"way/656477943","updated_at":"2026-01-11T19:35:22Z","tags":{"lanes":"3","surface":"paving_stones","oneway":"yes"}}},{"type":"Feature","geometry":{"type":"LineString","coordinates":[[73.79003,19.99436],[73.78983,19.9945],[73.78937,19.99476],[73.78883,19.99515],[73.7886,19.99534],[73.78825,19.99567],[73.78814,19.9958],[73.78777,19.99625],[73.78745,19.9967],[73.78739,19.99684],[73.78726,19.99708],[73.7871,19.99739],[73.78707,19.99744],[73.78694,19.99771],[73.78671,19.99817],[73.78659,19.99846],[73.78647,19.99884],[73.78644,19.99894],[73.78641,19.9991],[73.78642,19.99986]]},"properties":{"id":"road_w656477952","type":"road_segment","name":"Tilak Road","name_local":null,"category":"secondary","source":"openstreetmap","source_id":"way/656477952","updated_at":"2026-03-17T04:47:41Z","tags":{"lanes":"2","surface":"asphalt","oneway":"yes"}}},{"type":"Feature","geometry":{"type":"LineString","coordinates":[[73.78642,19.99986],[73.78646,20.0001],[73.78644,20.00033]]},"properties":{"id":"road_w656477956","type":"road_segment","name":"Tilak Road","name_local":null,"category":"secondary","source":"openstreetmap","source_id":"way/656477956","updated_at":"2026-01-11T03:29:32Z","tags":{"lanes":"2","surface":"asphalt","oneway":"yes"}}},{"type":"Feature","geometry":{"type":"LineString","coordinates":[[73.78644,20.00033],[73.78639,20.00046],[73.78628,20.00054],[73.78619,20.00062],[73.78597,20.0008],[73.78592,20.00085],[73.78582,20.00095],[73.78576,20.00111],[73.78581,20.00146],[73.78584,20.00174],[73.78587,20.0019],[73.78592,20.00195],[73.7863,20.00245],[73.78642,20.00255],[73.78648,20.00265],[73.78651,20.00269],[73.78657,20.00281],[73.78662,20.00299],[73.78687,20.00411],[73.78696,20.00426]]},"properties":{"id":"road_w656477957","type":"road_segment","name":"Tilak Road","name_local":null,"category":"secondary","source":"openstreetmap","source_id":"way/656477957","updated_at":"2026-01-11T05:56:33Z","tags":{"lanes":"2","oneway":"yes"}}},{"type":"Feature","geometry":{"type":"LineString","coordinates":[[73.78688,20.0008],[73.78668,20.00077],[73.78644,20.00076],[73.78597,20.0008]]},"properties":{"id":"road_w656481958","type":"road_segment","name":"Shivaji Road","name_local":null,"category":"secondary","source":"openstreetmap","source_id":"way/656481958","updated_at":"2022-09-05T10:25:45Z","tags":{"oneway":"yes"}}},{"type":"Feature","geometry":{"type":"LineString","coordinates":[[73.78243,20.00071],[73.78256,20.00073],[73.78297,20.00081],[73.78422,20.00116]]},"properties":{"id":"road_w656481960","type":"road_segment","name":"Shivaji Road","name_local":null,"category":"secondary","source":"openstreetmap","source_id":"way/656481960","updated_at":"2022-09-05T10:25:45Z","tags":{"lanes":"2","surface":"asphalt","oneway":"yes"}}},{"type":"Feature","geometry":{"type":"LineString","coordinates":[[73.78422,20.00116],[73.78424,20.00117],[73.78431,20.00118],[73.78442,20.0012],[73.78462,20.00119],[73.78548,20.00099],[73.78569,20.00094],[73.78575,20.00094],[73.78582,20.00095]]},"properties":{"id":"road_w656481962","type":"road_segment","name":"Shivaji Road","name_local":null,"category":"secondary","source":"openstreetmap","source_id":"way/656481962","updated_at":"2022-09-05T10:25:45Z","tags":{"lanes":"2","surface":"concrete","oneway":"yes"}}},{"type":"Feature","geometry":{"type":"LineString","coordinates":[[73.78421,20.00109],[73.78382,20.00097],[73.78296,20.00073],[73.78274,20.00066],[73.78252,20.00063],[73.78239,20.00061]]},"properties":{"id":"road_w656481964","type":"road_segment","name":"Shivaji Road","name_local":null,"category":"secondary","source":"openstreetmap","source_id":"way/656481964","updated_at":"2022-09-05T10:25:45Z","tags":{"oneway":"yes"}}},{"type":"Feature","geometry":{"type":"LineString","coordinates":[[73.8104,20.11918],[73.81055,20.11953]]},"properties":{"id":"road_w657934236","type":"road_segment","name":"Dindori Road","name_local":null,"category":"primary","source":"openstreetmap","source_id":"way/657934236","updated_at":"2018-12-25T16:41:44Z","tags":{"ref":"SH17","bridge":"yes"}}},{"type":"Feature","geometry":{"type":"LineString","coordinates":[[73.80699,20.09988],[73.80702,20.10057],[73.80699,20.10347],[73.80691,20.10734],[73.80755,20.10853],[73.80784,20.10976],[73.80828,20.11115],[73.80939,20.11571],[73.8096,20.11643],[73.80973,20.11702],[73.80994,20.11792],[73.81015,20.11858],[73.8104,20.11918]]},"properties":{"id":"road_w657934237","type":"road_segment","name":"Dindori Road","name_local":null,"category":"primary","source":"openstreetmap","source_id":"way/657934237","updated_at":"2023-09-01T10:11:49Z","tags":{"ref":"SH17"}}},{"type":"Feature","geometry":{"type":"LineString","coordinates":[[73.77639,19.98974],[73.7762,19.99001],[73.77607,19.99024],[73.77594,19.99055],[73.77592,19.99058],[73.77586,19.99077],[73.77579,19.99104],[73.77575,19.99133]]},"properties":{"id":"road_w659665689","type":"road_segment","name":"Ahilyabai Holkar Road","name_local":null,"category":"secondary","source":"openstreetmap","source_id":"way/659665689","updated_at":"2024-08-06T10:20:43Z","tags":{"lanes":"2","surface":"asphalt","oneway":"yes"}}},{"type":"Feature","geometry":{"type":"LineString","coordinates":[[73.77582,19.99133],[73.77586,19.99105],[73.77591,19.99082],[73.77601,19.99053],[73.77613,19.99025],[73.77621,19.99013],[73.77634,19.98993],[73.77646,19.98978],[73.77655,19.98967],[73.7767,19.98952],[73.77684,19.98942],[73.77699,19.98937],[73.77749,19.9893],[73.77782,19.98927],[73.77894,19.98929],[73.77909,19.9893],[73.78051,19.98935],[73.78101,19.98935],[73.78158,19.98929],[73.78193,19.98924],[73.78247,19.98908],[73.78273,19.989],[73.78281,19.98899],[73.7829,19.98901],[73.78304,19.98906]]},"properties":{"id":"road_w659665690","type":"road_segment","name":"Ahilyabai Holkar Road","name_local":null,"category":"secondary","source":"openstreetmap","source_id":"way/659665690","updated_at":"2024-08-06T05:53:33Z","tags":{"lanes":"2","oneway":"yes"}}},{"type":"Feature","geometry":{"type":"LineString","coordinates":[[73.77575,19.99133],[73.77577,19.99154],[73.77579,19.99173],[73.77585,19.99198],[73.77595,19.99225],[73.77618,19.99294]]},"properties":{"id":"road_w659666521","type":"road_segment","name":"Ahilyabai Holkar Road","name_local":null,"category":"secondary","source":"openstreetmap","source_id":"way/659666521","updated_at":"2023-02-11T14:27:52Z","tags":{"lanes":"2","surface":"asphalt","oneway":"yes"}}},{"type":"Feature","geometry":{"type":"LineString","coordinates":[[73.77617,19.99307],[73.77619,19.99311],[73.77623,19.99313],[73.77625,19.99314],[73.77629,19.99315],[73.77633,19.99315],[73.77636,19.99313],[73.7764,19.99311],[73.77642,19.99308],[73.77643,19.99303],[73.77643,19.99299],[73.77642,19.99296],[73.7764,19.99293],[73.77638,19.99291],[73.77629,19.99289],[73.77626,19.99289],[73.77622,19.99291],[73.77618,19.99294],[73.77616,19.99298],[73.77616,19.99303],[73.77617,19.99307]]},"properties":{"id":"road_w659667629","type":"road_segment","name":"Chandak Circle","name_local":null,"category":"secondary","source":"openstreetmap","source_id":"way/659667629","updated_at":"2023-09-21T09:07:02Z","tags":{}}},{"type":"Feature","geometry":{"type":"LineString","coordinates":[[73.7764,19.99293],[73.77656,19.9928],[73.77765,19.99228],[73.77812,19.99203],[73.77839,19.99189],[73.77884,19.99165],[73.77905,19.99154],[73.7794,19.99135],[73.77946,19.99131],[73.77966,19.99118],[73.77988,19.99103],[73.78025,19.99079],[73.78053,19.99061],[73.78081,19.99045],[73.78095,19.9904],[73.78102,19.99037],[73.78131,19.9903],[73.78186,19.99021],[73.78243,19.99013]]},"properties":{"id":"road_w659669219","type":"road_segment","name":"Shrihari Narayan Kute Marg","name_local":null,"category":"tertiary","source":"openstreetmap","source_id":"way/659669219","updated_at":"2024-08-06T05:53:33Z","tags":{"lanes":"2","surface":"asphalt","oneway":"no"}}},{"type":"Feature","geometry":{"type":"LineString","coordinates":[[73.76361,19.99863],[73.7638,19.99853],[73.76384,19.99848],[73.76385,19.99847]]},"properties":{"id":"road_w659674562","type":"road_segment","name":"Canal Link Road","name_local":null,"category":"tertiary","source":"openstreetmap","source_id":"way/659674562","updated_at":"2026-01-11T03:29:32Z","tags":{"lanes":"1","oneway":"yes"}}},{"type":"Feature","geometry":{"type":"LineString","coordinates":[[73.76748,19.99793],[73.76754,19.99793],[73.76782,19.99793],[73.76826,19.99795],[73.7687,19.99797],[73.76906,19.99801],[73.76914,19.99802]]},"properties":{"id":"road_w659674586","type":"road_segment","name":"Tibetan Market Road","name_local":null,"category":"tertiary","source":"openstreetmap","source_id":"way/659674586","updated_at":"2026-01-12T12:58:02Z","tags":{"lanes":"2","oneway":"no"}}},{"type":"Feature","geometry":{"type":"LineString","coordinates":[[73.76748,19.99793],[73.76726,19.9979],[73.76674,19.99792],[73.76415,19.99829],[73.76402,19.99832],[73.76389,19.99837]]},"properties":{"id":"road_w659675512","type":"road_segment","name":"Tibetan Market Road","name_local":null,"category":"tertiary","source":"openstreetmap","source_id":"way/659675512","updated_at":"2026-01-11T10:26:43Z","tags":{"lanes":"2","oneway":"yes"}}},{"type":"Feature","geometry":{"type":"LineString","coordinates":[[73.7639,19.99842],[73.76673,19.99801],[73.76716,19.99795],[73.76729,19.99794],[73.76748,19.99793]]},"properties":{"id":"road_w659675514","type":"road_segment","name":"Tibetan Market Road","name_local":null,"category":"tertiary","source":"openstreetmap","source_id":"way/659675514","updated_at":"2026-01-11T10:26:43Z","tags":{"lanes":"2","oneway":"yes"}}},{"type":"Feature","geometry":{"type":"LineString","coordinates":[[73.76378,19.99842],[73.76374,19.99845],[73.76367,19.99855],[73.76361,19.99863]]},"properties":{"id":"road_w659675776","type":"road_segment","name":"Canal Link Road","name_local":null,"category":"tertiary","source":"openstreetmap","source_id":"way/659675776","updated_at":"2026-01-11T03:29:32Z","tags":{"oneway":"yes"}}},{"type":"Feature","geometry":{"type":"LineString","coordinates":[[73.75806,20.00395],[73.75815,20.00359]]},"properties":{"id":"road_w659677260","type":"road_segment","name":"Canal Link Road","name_local":null,"category":"tertiary","source":"openstreetmap","source_id":"way/659677260","updated_at":"2026-01-11T03:29:33Z","tags":{"oneway":"yes"}}},{"type":"Feature","geometry":{"type":"LineString","coordinates":[[73.75749,20.00767],[73.75748,20.00768],[73.75747,20.00769],[73.75746,20.0077],[73.75746,20.00772],[73.75746,20.00774],[73.75747,20.00775],[73.75748,20.00776],[73.7575,20.00777],[73.75751,20.00777],[73.75753,20.00776],[73.75754,20.00775],[73.75755,20.00774],[73.75756,20.00773],[73.75756,20.00771],[73.75755,20.0077],[73.75754,20.00768],[73.75753,20.00768],[73.75751,20.00767],[73.75749,20.00767]]},"properties":{"id":"road_w659678048","type":"road_segment","name":"Model Colony Circle","name_local":null,"category":"secondary","source":"openstreetmap","source_id":"way/659678048","updated_at":"2019-01-01T11:41:07Z","tags":{"oneway":"yes"}}},{"type":"Feature","geometry":{"type":"LineString","coordinates":[[73.75759,20.00802],[73.75759,20.00796],[73.75754,20.00775]]},"properties":{"id":"road_w659678049","type":"road_segment","name":"Gajanan Janardhan Mhatre Road","name_local":null,"category":"tertiary","source":"openstreetmap","source_id":"way/659678049","updated_at":"2019-01-01T11:41:07Z","tags":{"oneway":"yes"}}},{"type":"Feature","geometry":{"type":"LineString","coordinates":[[73.7575,20.00777],[73.75755,20.00796],[73.75759,20.00802]]},"properties":{"id":"road_w659678050","type":"road_segment","name":"Gajanan Janardhan Mhatre Road","name_local":null,"category":"tertiary","source":"openstreetmap","source_id":"way/659678050","updated_at":"2019-01-01T11:41:07Z","tags":{"oneway":"yes"}}},{"type":"Feature","geometry":{"type":"LineString","coordinates":[[73.77629,19.99289],[73.77615,19.99259],[73.77596,19.99208],[73.77589,19.9918],[73.77584,19.9916],[73.77582,19.99133]]},"properties":{"id":"road_w661968011","type":"road_segment","name":"Ahilyabai Holkar Road","name_local":null,"category":"secondary","source":"openstreetmap","source_id":"way/661968011","updated_at":"2023-09-21T09:07:02Z","tags":{"lanes":"2","surface":"asphalt","oneway":"yes"}}},{"type":"Feature","geometry":{"type":"LineString","coordinates":[[73.76448,19.99009],[73.76464,19.99003],[73.76556,19.98972],[73.76619,19.98951],[73.76651,19.98933],[73.76757,19.98874],[73.76841,19.98823],[73.76919,19.98779],[73.77046,19.98703],[73.77078,19.98684],[73.77103,19.98669],[73.77445,19.98452],[73.77465,19.98439],[73.77599,19.98267],[73.77605,19.98259],[73.77647,19.98197],[73.7772,19.98105],[73.77738,19.98086],[73.77781,19.98055],[73.77929,19.97996],[73.77959,19.97983],[73.77973,19.97976],[73.77982,19.97973],[73.78009,19.97964],[73.78038,19.97962]]},"properties":{"id":"road_w661975241","type":"road_segment","name":"Canal Link Road","name_local":null,"category":"primary","source":"openstreetmap","source_id":"way/661975241","updated_at":"2026-01-12T18:41:29Z","tags":{"lanes":"2","oneway":"yes"}}},{"type":"Feature","geometry":{"type":"LineString","coordinates":[[73.75405,19.99389],[73.75401,19.99413],[73.75393,19.9946],[73.75403,19.99639],[73.75411,19.99721],[73.75414,19.99759],[73.75428,19.99964],[73.75437,20.00054],[73.75445,20.0027]]},"properties":{"id":"road_w662008956","type":"road_segment","name":"Mahatma Nagar Link Road","name_local":null,"category":"secondary","source":"openstreetmap","source_id":"way/662008956","updated_at":"2026-01-12T18:09:10Z","tags":{"lanes":"2","oneway":"yes"}}},{"type":"Feature","geometry":{"type":"LineString","coordinates":[[73.75539,20.0086],[73.7558,20.01193],[73.75582,20.01206]]},"properties":{"id":"road_w662297414","type":"road_segment","name":"Mahatmanagar Link Road","name_local":null,"category":"secondary","source":"openstreetmap","source_id":"way/662297414","updated_at":"2026-01-12T18:09:10Z","tags":{"lanes":"3","surface":"asphalt","oneway":"yes"}}},{"type":"Feature","geometry":{"type":"LineString","coordinates":[[73.75827,20.01186],[73.75824,20.01186],[73.75821,20.01188],[73.75819,20.01191],[73.75818,20.01193],[73.75818,20.01197],[73.75819,20.012],[73.75821,20.01202],[73.75824,20.01204],[73.75827,20.01205],[73.7583,20.01204],[73.75834,20.01203],[73.75836,20.01201],[73.75838,20.01198],[73.75838,20.01195],[73.75838,20.01192],[73.75836,20.01189],[73.75833,20.01187],[73.7583,20.01186],[73.75827,20.01186]]},"properties":{"id":"road_w662297810","type":"road_segment","name":"Shaheed Smarak Circle","name_local":null,"category":"primary","source":"openstreetmap","source_id":"way/662297810","updated_at":"2019-10-24T02:27:42Z","tags":{"oneway":"yes"}}},{"type":"Feature","geometry":{"type":"LineString","coordinates":[[73.75836,20.01201],[73.75867,20.01192],[73.75918,20.01183],[73.75973,20.01167],[73.7602,20.01151],[73.7606,20.01137]]},"properties":{"id":"road_w662297989","type":"road_segment","name":"Gangapur Road","name_local":null,"category":"primary","source":"openstreetmap","source_id":"way/662297989","updated_at":"2021-10-12T15:04:21Z","tags":{"oneway":"yes"}}},{"type":"Feature","geometry":{"type":"LineString","coordinates":[[73.75596,20.01206],[73.75637,20.01205],[73.75671,20.01205],[73.75702,20.01204],[73.75743,20.01204],[73.75821,20.01202]]},"properties":{"id":"road_w662297990","type":"road_segment","name":"Gangapur Road","name_local":null,"category":"primary","source":"openstreetmap","source_id":"way/662297990","updated_at":"2023-09-04T06:11:32Z","tags":{"lanes":"3","oneway":"yes"}}},{"type":"Feature","geometry":{"type":"LineString","coordinates":[[73.75818,20.01193],[73.75721,20.01195],[73.75668,20.01193],[73.75594,20.01191],[73.7558,20.01193],[73.75521,20.01198],[73.75365,20.0121],[73.75113,20.01213],[73.75099,20.01213],[73.75014,20.01213],[73.74898,20.01213],[73.74845,20.01212],[73.74832,20.01212]]},"properties":{"id":"road_w662298024","type":"road_segment","name":"Gangapur Road","name_local":null,"category":"primary","source":"openstreetmap","source_id":"way/662298024","updated_at":"2019-11-04T03:47:17Z","tags":{"lanes":"3","oneway":"yes"}}},{"type":"Feature","geometry":{"type":"LineString","coordinates":[[73.76071,20.01125],[73.76069,20.01124],[73.76066,20.01123],[73.76063,20.01123],[73.7606,20.01124],[73.76058,20.01126],[73.76057,20.01128],[73.76056,20.0113],[73.76057,20.01133],[73.76058,20.01135],[73.7606,20.01137],[73.76062,20.01138],[73.76065,20.01139],[73.76068,20.01138],[73.7607,20.01137],[73.76072,20.01135],[73.76073,20.01132],[73.76073,20.0113],[73.76072,20.01127],[73.76071,20.01125]]},"properties":{"id":"road_w662298375","type":"road_segment","name":"Prasad Circle","name_local":null,"category":"primary","source":"openstreetmap","source_id":"way/662298375","updated_at":"2019-01-11T08:52:31Z","tags":{"oneway":"yes"}}},{"type":"Feature","geometry":{"type":"LineString","coordinates":[[73.76073,20.01132],[73.76133,20.01118],[73.76174,20.01109],[73.7618,20.01108],[73.7623,20.01096],[73.76279,20.01081],[73.76383,20.0104],[73.76413,20.01027]]},"properties":{"id":"road_w662298563","type":"road_segment","name":"Gangapur Road","name_local":null,"category":"primary","source":"openstreetmap","source_id":"way/662298563","updated_at":"2023-09-04T06:25:38Z","tags":{"oneway":"yes"}}},{"type":"Feature","geometry":{"type":"LineString","coordinates":[[73.76056,20.0113],[73.75945,20.01163],[73.75931,20.01167],[73.75882,20.01178],[73.75876,20.01179],[73.75836,20.01189]]},"properties":{"id":"road_w662298663","type":"road_segment","name":"Gangapur Road","name_local":null,"category":"primary","source":"openstreetmap","source_id":"way/662298663","updated_at":"2023-08-29T12:04:19Z","tags":{"oneway":"yes"}}},{"type":"Feature","geometry":{"type":"LineString","coordinates":[[73.7642,20.01023],[73.76537,20.00981],[73.76556,20.00974],[73.76606,20.00956],[73.76642,20.00944],[73.76671,20.00936]]},"properties":{"id":"road_w662313151","type":"road_segment","name":"Gangapur Road","name_local":null,"category":"primary","source":"openstreetmap","source_id":"way/662313151","updated_at":"2019-01-11T10:07:47Z","tags":{"oneway":"yes"}}},{"type":"Feature","geometry":{"type":"LineString","coordinates":[[73.7642,20.01017],[73.76418,20.01016],[73.76416,20.01015],[73.76414,20.01015],[73.76412,20.01015],[73.7641,20.01016],[73.76409,20.01018],[73.76408,20.0102],[73.76408,20.01021],[73.76408,20.01023],[73.7641,20.01025],[73.76411,20.01026],[73.76413,20.01027],[73.76415,20.01027],[73.76419,20.01025],[73.7642,20.01023],[73.76421,20.01021],[73.76421,20.01019],[73.7642,20.01017]]},"properties":{"id":"road_w662313258","type":"road_segment","name":"Saptarang Circle","name_local":null,"category":"primary","source":"openstreetmap","source_id":"way/662313258","updated_at":"2019-01-11T10:11:57Z","tags":{"oneway":"yes"}}},{"type":"Feature","geometry":{"type":"LineString","coordinates":[[73.76408,20.0102],[73.76287,20.01067],[73.76233,20.01083],[73.762,20.01092],[73.76172,20.011],[73.76069,20.01124]]},"properties":{"id":"road_w662313358","type":"road_segment","name":"Gangapur Road","name_local":null,"category":"primary","source":"openstreetmap","source_id":"way/662313358","updated_at":"2022-08-23T11:07:51Z","tags":{"oneway":"yes"}}},{"type":"Feature","geometry":{"type":"LineString","coordinates":[[73.76685,20.00933],[73.76686,20.00931],[73.76686,20.00928],[73.76684,20.00925],[73.76682,20.00923],[73.7668,20.00922],[73.76674,20.00922],[73.7667,20.00924],[73.7667,20.00926],[73.76669,20.00928],[73.76668,20.00931],[73.76669,20.00933],[73.76671,20.00936],[73.76673,20.00937],[73.76675,20.00938],[73.76682,20.00937],[73.76684,20.00936],[73.76685,20.00933]]},"properties":{"id":"road_w662313450","type":"road_segment","name":"Vidya Vikas CIrcle","name_local":null,"category":"primary","source":"openstreetmap","source_id":"way/662313450","updated_at":"2023-10-17T05:52:55Z","tags":{"oneway":"yes"}}},{"type":"Feature","geometry":{"type":"LineString","coordinates":[[73.76686,20.00931],[73.76732,20.00909],[73.7689,20.00846],[73.76917,20.00834],[73.77016,20.00787],[73.77078,20.00761],[73.77144,20.00734],[73.77155,20.00729]]},"properties":{"id":"road_w662314361","type":"road_segment","name":"Gangapur Road","name_local":null,"category":"primary","source":"openstreetmap","source_id":"way/662314361","updated_at":"2019-10-23T08:44:36Z","tags":{"oneway":"yes"}}},{"type":"Feature","geometry":{"type":"LineString","coordinates":[[73.7667,20.00926],[73.76585,20.00952],[73.76533,20.0097],[73.76416,20.01015]]},"properties":{"id":"road_w662314362","type":"road_segment","name":"Gangapur Road","name_local":null,"category":"primary","source":"openstreetmap","source_id":"way/662314362","updated_at":"2019-01-11T10:07:47Z","tags":{"oneway":"yes"}}},{"type":"Feature","geometry":{"type":"LineString","coordinates":[[73.77155,20.00729],[73.77178,20.0072],[73.77256,20.007],[73.77373,20.00679],[73.77409,20.00666],[73.77473,20.00642],[73.77518,20.00628],[73.77623,20.00609],[73.77725,20.00595],[73.77764,20.00593]]},"properties":{"id":"road_w662314887","type":"road_segment","name":"Gangapur Road","name_local":null,"category":"primary","source":"openstreetmap","source_id":"way/662314887","updated_at":"2026-01-12T12:58:02Z","tags":{"oneway":"yes"}}},{"type":"Feature","geometry":{"type":"LineString","coordinates":[[73.77139,20.00722],[73.77105,20.00738],[73.77027,20.00769],[73.76944,20.0081],[73.7688,20.00838],[73.76729,20.00901],[73.7668,20.00922]]},"properties":{"id":"road_w662314925","type":"road_segment","name":"Gangapur Road","name_local":null,"category":"primary","source":"openstreetmap","source_id":"way/662314925","updated_at":"2019-10-23T10:34:04Z","tags":{"oneway":"yes"}}},{"type":"Feature","geometry":{"type":"LineString","coordinates":[[73.77764,20.00593],[73.77779,20.00598],[73.77866,20.00601],[73.77929,20.00603],[73.77971,20.00606],[73.77995,20.006]]},"properties":{"id":"road_w662315487","type":"road_segment","name":"KTHM Service Road","name_local":null,"category":"tertiary","source":"openstreetmap","source_id":"way/662315487","updated_at":"2019-01-11T10:26:53Z","tags":{"oneway":"yes"}}},{"type":"Feature","geometry":{"type":"LineString","coordinates":[[73.77762,20.00584],[73.77741,20.00583],[73.77705,20.00586],[73.77663,20.00591],[73.7762,20.00598],[73.77514,20.00618],[73.77486,20.00625],[73.77401,20.00656],[73.77395,20.00658],[73.77365,20.00668],[73.77271,20.00688],[73.77163,20.00712],[73.7715,20.00717],[73.77139,20.00722]]},"properties":{"id":"road_w662315546","type":"road_segment","name":"Gangapur Road","name_local":null,"category":"primary","source":"openstreetmap","source_id":"way/662315546","updated_at":"2024-09-23T09:56:17Z","tags":{"oneway":"yes"}}},{"type":"Feature","geometry":{"type":"LineString","coordinates":[[73.78215,20.00607],[73.7823,20.00616],[73.78288,20.00649],[73.78292,20.00651],[73.78303,20.00656],[73.7831,20.00659],[73.78365,20.0068],[73.78392,20.00686],[73.78439,20.00692],[73.78446,20.00693],[73.78459,20.00694],[73.78476,20.00693],[73.78488,20.00692]]},"properties":{"id":"road_w662316580","type":"road_segment","name":"Gangapur Road","name_local":null,"category":"primary","source":"openstreetmap","source_id":"way/662316580","updated_at":"2019-10-31T08:39:19Z","tags":{"oneway":"yes"}}},{"type":"Feature","geometry":{"type":"LineString","coordinates":[[73.77778,20.00592],[73.7782,20.00593],[73.77972,20.00599]]},"properties":{"id":"road_w662316581","type":"road_segment","name":"Gangapur Road Flyover","name_local":null,"category":"primary","source":"openstreetmap","source_id":"way/662316581","updated_at":"2024-09-23T09:56:17Z","tags":{"oneway":"yes","bridge":"yes"}}},{"type":"Feature","geometry":{"type":"LineString","coordinates":[[73.77972,20.00593],[73.77778,20.00584]]},"properties":{"id":"road_w662316582","type":"road_segment","name":"Gangapur Road Flyover","name_local":null,"category":"primary","source":"openstreetmap","source_id":"way/662316582","updated_at":"2024-09-23T09:56:17Z","tags":{"oneway":"yes","bridge":"yes"}}},{"type":"Feature","geometry":{"type":"LineString","coordinates":[[73.77995,20.006],[73.78064,20.00602],[73.78083,20.00603],[73.78093,20.00603]]},"properties":{"id":"road_w662316753","type":"road_segment","name":"Gangapur Road","name_local":null,"category":"primary","source":"openstreetmap","source_id":"way/662316753","updated_at":"2024-09-23T09:56:17Z","tags":{"oneway":"yes"}}},{"type":"Feature","geometry":{"type":"LineString","coordinates":[[73.78138,20.00593],[73.78124,20.00593],[73.7811,20.00593],[73.78057,20.00593],[73.77994,20.00593]]},"properties":{"id":"road_w662316858","type":"road_segment","name":"Gangapur Road","name_local":null,"category":"primary","source":"openstreetmap","source_id":"way/662316858","updated_at":"2024-09-23T09:56:17Z","tags":{"oneway":"yes"}}},{"type":"Feature","geometry":{"type":"LineString","coordinates":[[73.77994,20.00593],[73.77981,20.00588],[73.77867,20.00583],[73.7782,20.00581],[73.77786,20.00579],[73.77762,20.00584]]},"properties":{"id":"road_w662316969","type":"road_segment","name":"KTHM Service Road","name_local":null,"category":"tertiary","source":"openstreetmap","source_id":"way/662316969","updated_at":"2019-01-11T10:26:53Z","tags":{"oneway":"yes"}}},{"type":"Feature","geometry":{"type":"LineString","coordinates":[[73.78508,20.00701],[73.78518,20.00713],[73.78524,20.00721],[73.78542,20.00734],[73.78549,20.0074],[73.78557,20.00749],[73.78559,20.00769],[73.78559,20.00817],[73.78559,20.00854],[73.78559,20.00905],[73.78558,20.00924]]},"properties":{"id":"road_w662317912","type":"road_segment","name":"Old Agra Road","name_local":null,"category":"trunk","source":"openstreetmap","source_id":"way/662317912","updated_at":"2024-09-19T08:58:15Z","tags":{"ref":"NH848"}}},{"type":"Feature","geometry":{"type":"LineString","coordinates":[[73.78508,20.00701],[73.78515,20.00704],[73.7852,20.00706],[73.78529,20.00707],[73.78547,20.00707],[73.78603,20.00705],[73.78648,20.00702],[73.78664,20.00701],[73.78678,20.00701],[73.7871,20.00701],[73.78773,20.007],[73.78814,20.00699],[73.78826,20.00698],[73.78849,20.00695],[73.78873,20.0069],[73.78882,20.0069],[73.78908,20.00683],[73.78926,20.00677],[73.78932,20.00675]]},"properties":{"id":"road_w662317913","type":"road_segment","name":"Raviwar Peth","name_local":null,"category":"primary","source":"openstreetmap","source_id":"way/662317913","updated_at":"2026-01-26T20:14:08Z","tags":{"oneway":"yes"}}},{"type":"Feature","geometry":{"type":"LineString","coordinates":[[73.78488,20.00677],[73.78485,20.00678],[73.78483,20.0068],[73.78482,20.00682],[73.78481,20.00685],[73.78482,20.00687],[73.78483,20.0069],[73.78485,20.00691],[73.78488,20.00692],[73.7849,20.00693],[73.78493,20.00692],[73.78495,20.00691],[73.78497,20.00689],[73.78498,20.00686],[73.78498,20.00684],[73.78498,20.00681],[73.78496,20.00679],[73.78494,20.00677],[73.78491,20.00677],[73.78488,20.00677]]},"properties":{"id":"road_w662317914","type":"road_segment","name":"Ashok Stambh Circle","name_local":null,"category":"trunk","source":"openstreetmap","source_id":"way/662317914","updated_at":"2024-05-22T12:35:38Z","tags":{"ref":"NH848","oneway":"yes"}}},{"type":"Feature","geometry":{"type":"LineString","coordinates":[[73.78481,20.00685],[73.78467,20.00687],[73.7846,20.00688],[73.78457,20.00688],[73.7845,20.00687],[73.78399,20.00678],[73.78392,20.00677],[73.7838,20.00674],[73.7836,20.00668],[73.78351,20.00665],[73.7831,20.00648],[73.78276,20.00631],[73.7825,20.00616],[73.78226,20.00603],[73.78213,20.00598],[73.78196,20.00593],[73.7817,20.00591],[73.78138,20.00593]]},"properties":{"id":"road_w662318656","type":"road_segment","name":"Gangapur Road","name_local":null,"category":"primary","source":"openstreetmap","source_id":"way/662318656","updated_at":"2024-05-22T12:35:38Z","tags":{"oneway":"yes"}}},{"type":"Feature","geometry":{"type":"LineString","coordinates":[[73.78937,20.00664],[73.78935,20.00663],[73.78933,20.00663],[73.78931,20.00664],[73.7893,20.00666],[73.78929,20.00667],[73.78929,20.00669],[73.78929,20.00671],[73.7893,20.00673],[73.78932,20.00675],[73.78934,20.00675],[73.78936,20.00676],[73.78938,20.00675],[73.7894,20.00674],[73.78941,20.00672],[73.78942,20.0067],[73.78942,20.00668],[73.78941,20.00666],[73.78939,20.00665],[73.78937,20.00664]]},"properties":{"id":"road_w662318933","type":"road_segment","name":"Raviwar Karanja Circle","name_local":null,"category":"primary","source":"openstreetmap","source_id":"way/662318933","updated_at":"2026-01-26T20:14:08Z","tags":{"oneway":"yes"}}},{"type":"Feature","geometry":{"type":"LineString","coordinates":[[73.78508,20.00701],[73.78498,20.00681]]},"properties":{"id":"road_w662319421","type":"road_segment","name":"Old Agra Road","name_local":null,"category":"trunk","source":"openstreetmap","source_id":"way/662319421","updated_at":"2024-09-19T08:58:15Z","tags":{"ref":"NH848","oneway":"yes"}}},{"type":"Feature","geometry":{"type":"LineString","coordinates":[[73.78488,20.00692],[73.785,20.00697],[73.78508,20.00701]]},"properties":{"id":"road_w662319541","type":"road_segment","name":"Old Agra Road","name_local":null,"category":"trunk","source":"openstreetmap","source_id":"way/662319541","updated_at":"2024-05-22T12:35:38Z","tags":{"ref":"NH848","oneway":"yes"}}},{"type":"Feature","geometry":{"type":"LineString","coordinates":[[73.7813,19.99719],[73.78129,19.9973],[73.78128,19.99735],[73.78127,19.99749],[73.7813,19.99769],[73.78142,19.99802],[73.78156,19.99846],[73.78178,19.999],[73.78191,19.99935],[73.78204,19.99968],[73.78229,20.00036],[73.78232,20.00045],[73.78239,20.00061],[73.78243,20.00071],[73.78253,20.00093],[73.78269,20.00139],[73.78278,20.00165],[73.78285,20.00184],[73.78308,20.00244],[73.78328,20.00304],[73.78361,20.00396],[73.78388,20.0047],[73.78393,20.00486],[73.78403,20.00511],[73.78428,20.00575],[73.78465,20.0067],[73.78468,20.00674],[73.78472,20.00678],[73.78481,20.00685]]},"properties":{"id":"road_w662320838","type":"road_segment","name":"Old Agra Road","name_local":null,"category":"trunk","source":"openstreetmap","source_id":"way/662320838","updated_at":"2026-02-10T06:47:13Z","tags":{"ref":"NH848","oneway":"yes"}}},{"type":"Feature","geometry":{"type":"LineString","coordinates":[[73.78485,20.00678],[73.78478,20.00673],[73.78473,20.00667],[73.78455,20.0062],[73.78437,20.00574],[73.78403,20.00486],[73.78369,20.00395],[73.78338,20.00303],[73.78311,20.00222],[73.78288,20.00156],[73.78266,20.00097],[73.78256,20.00073],[73.78252,20.00063],[73.78245,20.00045],[73.7824,20.00035],[73.78217,19.99969],[73.78206,19.99939],[73.78203,19.99931],[73.7819,19.99899],[73.78166,19.99843],[73.78155,19.9981],[73.78141,19.99768],[73.78141,19.99759],[73.7814,19.99753],[73.7814,19.99747],[73.78139,19.99732],[73.78142,19.99722]]},"properties":{"id":"road_w662321286","type":"road_segment","name":"Old Agra Road","name_local":null,"category":"trunk","source":"openstreetmap","source_id":"way/662321286","updated_at":"2026-02-10T06:47:13Z","tags":{"ref":"NH848","oneway":"yes"}}},{"type":"Feature","geometry":{"type":"LineString","coordinates":[[73.7893,20.00666],[73.78925,20.00661],[73.78915,20.00656],[73.78896,20.00644],[73.78883,20.00633],[73.78863,20.00617],[73.78855,20.00608],[73.78826,20.00582],[73.78813,20.00572],[73.78774,20.0054],[73.78743,20.00516]]},"properties":{"id":"road_w662322751","type":"road_segment","name":"Tilak Road","name_local":null,"category":"primary","source":"openstreetmap","source_id":"way/662322751","updated_at":"2026-01-26T20:14:08Z","tags":{"oneway":"yes"}}},{"type":"Feature","geometry":{"type":"LineString","coordinates":[[73.7813,19.99719],[73.78086,19.99708],[73.77971,19.99677],[73.77945,19.9967],[73.77809,19.99628],[73.77636,19.99574],[73.77627,19.99572],[73.77603,19.99564],[73.77579,19.99555],[73.77485,19.99526],[73.77354,19.99484],[73.77313,19.99471],[73.77288,19.99464],[73.77254,19.99454],[73.77205,19.99435]]},"properties":{"id":"road_w663088726","type":"road_segment","name":"Trimbak Road","name_local":null,"category":"trunk","source":"openstreetmap","source_id":"way/663088726","updated_at":"2025-02-17T15:25:32Z","tags":{"ref":"NH848","oneway":"yes"}}},{"type":"Feature","geometry":{"type":"LineString","coordinates":[[73.78406,19.99789],[73.78352,19.99775],[73.78159,19.99726],[73.78142,19.99722]]},"properties":{"id":"road_w663088727","type":"road_segment","name":"Zila Parishad Road","name_local":null,"category":"tertiary","source":"openstreetmap","source_id":"way/663088727","updated_at":"2025-12-22T11:09:32Z","tags":{"oneway":"yes"}}},{"type":"Feature","geometry":{"type":"LineString","coordinates":[[73.78614,19.99871],[73.78601,19.99867],[73.78574,19.99856],[73.78526,19.99832],[73.78488,19.99814],[73.78406,19.99789]]},"properties":{"id":"road_w663088728","type":"road_segment","name":"GPO Road","name_local":null,"category":"tertiary","source":"openstreetmap","source_id":"way/663088728","updated_at":"2024-09-19T06:12:38Z","tags":{"oneway":"yes"}}},{"type":"Feature","geometry":{"type":"LineString","coordinates":[[73.78239,20.00061],[73.78216,20.00064],[73.7817,20.00067],[73.78134,20.00073]]},"properties":{"id":"road_w663096063","type":"road_segment","name":"Sharanpur Road","name_local":null,"category":"secondary","source":"openstreetmap","source_id":"way/663096063","updated_at":"2019-01-14T08:22:52Z","tags":{"oneway":"yes"}}},{"type":"Feature","geometry":{"type":"LineString","coordinates":[[73.78134,20.00073],[73.78171,20.00074],[73.78215,20.00073],[73.78243,20.00071]]},"properties":{"id":"road_w663096064","type":"road_segment","name":"Sharanpur Road","name_local":null,"category":"secondary","source":"openstreetmap","source_id":"way/663096064","updated_at":"2019-01-14T08:21:03Z","tags":{"oneway":"yes"}}},{"type":"Feature","geometry":{"type":"LineString","coordinates":[[73.77744,20.00084],[73.77794,20.00085],[73.7783,20.00084],[73.77968,20.0008],[73.78047,20.00076],[73.78134,20.00073]]},"properties":{"id":"road_w663096273","type":"road_segment","name":"Sharanpur Road","name_local":null,"category":"secondary","source":"openstreetmap","source_id":"way/663096273","updated_at":"2022-11-10T09:27:05Z","tags":{"oneway":"no"}}},{"type":"Feature","geometry":{"type":"LineString","coordinates":[[73.77744,20.00084],[73.77723,20.00083],[73.77705,20.00085],[73.77702,20.00086],[73.77691,20.00089],[73.77684,20.00092],[73.77677,20.00094],[73.77674,20.00095],[73.7766,20.00101],[73.77654,20.00105],[73.77639,20.00115]]},"properties":{"id":"road_w663097633","type":"road_segment","name":"Sharanpur Road","name_local":null,"category":"secondary","source":"openstreetmap","source_id":"way/663097633","updated_at":"2019-01-14T08:26:26Z","tags":{"oneway":"yes"}}},{"type":"Feature","geometry":{"type":"LineString","coordinates":[[73.77639,20.00115],[73.77669,20.00105],[73.77676,20.00103],[73.77686,20.001],[73.77693,20.00098],[73.777,20.00096],[73.77703,20.00095],[73.77718,20.00091],[73.77744,20.00084]]},"properties":{"id":"road_w663097634","type":"road_segment","name":"Sharanpur Road","name_local":null,"category":"secondary","source":"openstreetmap","source_id":"way/663097634","updated_at":"2019-01-14T08:26:26Z","tags":{"oneway":"yes"}}},{"type":"Feature","geometry":{"type":"LineString","coordinates":[[73.77639,20.00115],[73.77615,20.00126],[73.77606,20.0013],[73.77578,20.00143],[73.7757,20.00146]]},"properties":{"id":"road_w663097954","type":"road_segment","name":"Sharanpur Road","name_local":null,"category":"secondary","source":"openstreetmap","source_id":"way/663097954","updated_at":"2022-05-31T06:13:45Z","tags":{"oneway":"no"}}},{"type":"Feature","geometry":{"type":"LineString","coordinates":[[73.77491,20.00175],[73.7739,20.00195],[73.7737,20.002],[73.77337,20.00208]]},"properties":{"id":"road_w663097955","type":"road_segment","name":"Sharanpur Road","name_local":null,"category":"secondary","source":"openstreetmap","source_id":"way/663097955","updated_at":"2023-09-04T06:48:21Z","tags":{}}},{"type":"Feature","geometry":{"type":"LineString","coordinates":[[73.77491,20.00175],[73.77501,20.00175],[73.77513,20.00172],[73.77516,20.00171],[73.77519,20.0017],[73.77526,20.00168],[73.77553,20.00158],[73.7757,20.00146]]},"properties":{"id":"road_w663097956","type":"road_segment","name":"Sharanpur Road","name_local":null,"category":"secondary","source":"openstreetmap","source_id":"way/663097956","updated_at":"2025-06-19T06:06:24Z","tags":{"oneway":"yes"}}},{"type":"Feature","geometry":{"type":"LineString","coordinates":[[73.7757,20.00146],[73.77555,20.00151],[73.77517,20.00165],[73.77511,20.00167],[73.77496,20.00171],[73.77491,20.00175]]},"properties":{"id":"road_w663097957","type":"road_segment","name":"Sharanpur Road","name_local":null,"category":"secondary","source":"openstreetmap","source_id":"way/663097957","updated_at":"2019-01-14T08:33:06Z","tags":{"oneway":"yes"}}},{"type":"Feature","geometry":{"type":"LineString","coordinates":[[73.77524,20.00196],[73.77524,20.00189],[73.77523,20.00182],[73.77519,20.0017],[73.77517,20.00165]]},"properties":{"id":"road_w663098381","type":"road_segment","name":"Pandit Colony Road","name_local":null,"category":"unclassified","source":"openstreetmap","source_id":"way/663098381","updated_at":"2026-01-11T03:09:58Z","tags":{"oneway":"yes"}}},{"type":"Feature","geometry":{"type":"LineString","coordinates":[[73.77511,20.00167],[73.77513,20.00172],[73.7752,20.0019],[73.77524,20.00196]]},"properties":{"id":"road_w663098382","type":"road_segment","name":"Pandit Colony Road","name_local":null,"category":"unclassified","source":"openstreetmap","source_id":"way/663098382","updated_at":"2026-01-11T03:09:58Z","tags":{"oneway":"yes"}}},{"type":"Feature","geometry":{"type":"LineString","coordinates":[[73.77517,20.00165],[73.77511,20.00155],[73.77506,20.0015]]},"properties":{"id":"road_w663100557","type":"road_segment","name":"Ranka Colony Road","name_local":null,"category":"unclassified","source":"openstreetmap","source_id":"way/663100557","updated_at":"2026-01-11T03:09:58Z","tags":{"oneway":"yes"}}},{"type":"Feature","geometry":{"type":"LineString","coordinates":[[73.77506,20.0015],[73.77511,20.00167]]},"properties":{"id":"road_w663100558","type":"road_segment","name":"Ranka Colony Road","name_local":null,"category":"unclassified","source":"openstreetmap","source_id":"way/663100558","updated_at":"2026-01-11T03:09:58Z","tags":{"oneway":"yes"}}},{"type":"Feature","geometry":{"type":"LineString","coordinates":[[73.7727,20.00235],[73.77291,20.00229],[73.77301,20.00225],[73.77317,20.00218],[73.77337,20.00208]]},"properties":{"id":"road_w663100559","type":"road_segment","name":"Sharanpur Road","name_local":null,"category":"secondary","source":"openstreetmap","source_id":"way/663100559","updated_at":"2019-01-14T08:43:07Z","tags":{"oneway":"yes"}}},{"type":"Feature","geometry":{"type":"LineString","coordinates":[[73.77337,20.00208],[73.77315,20.00211],[73.77297,20.00217],[73.77287,20.00221],[73.7727,20.00235]]},"properties":{"id":"road_w663100560","type":"road_segment","name":"Sharanpur Road","name_local":null,"category":"secondary","source":"openstreetmap","source_id":"way/663100560","updated_at":"2023-09-04T06:48:21Z","tags":{"oneway":"yes"}}},{"type":"Feature","geometry":{"type":"LineString","coordinates":[[73.77104,20.00288],[73.77136,20.0028],[73.77171,20.00271],[73.77212,20.00257],[73.7727,20.00235]]},"properties":{"id":"road_w663100561","type":"road_segment","name":"Sharanpur Road","name_local":null,"category":"secondary","source":"openstreetmap","source_id":"way/663100561","updated_at":"2019-01-14T08:43:07Z","tags":{"oneway":"no"}}},{"type":"Feature","geometry":{"type":"LineString","coordinates":[[73.77104,20.00288],[73.77089,20.00288],[73.77024,20.00303]]},"properties":{"id":"road_w663100562","type":"road_segment","name":"Sharanpur Road","name_local":null,"category":"secondary","source":"openstreetmap","source_id":"way/663100562","updated_at":"2019-01-14T08:43:07Z","tags":{"oneway":"yes"}}},{"type":"Feature","geometry":{"type":"LineString","coordinates":[[73.76784,20.00375],[73.76883,20.00351],[73.76911,20.00343],[73.76937,20.00336],[73.76953,20.00332],[73.76993,20.00321],[73.77017,20.00314],[73.77027,20.00312]]},"properties":{"id":"road_w663104251","type":"road_segment","name":"Sharanpur Road","name_local":null,"category":"unclassified","source":"openstreetmap","source_id":"way/663104251","updated_at":"2026-01-11T03:09:58Z","tags":{"oneway":"yes"}}},{"type":"Feature","geometry":{"type":"LineString","coordinates":[[73.7544,20.00279],[73.75377,20.00284],[73.75236,20.00297],[73.75228,20.00299],[73.75187,20.00307],[73.75154,20.00314],[73.75126,20.0032],[73.75001,20.00347]]},"properties":{"id":"road_w663105541","type":"road_segment","name":"Parijat Nagar Road","name_local":null,"category":"tertiary","source":"openstreetmap","source_id":"way/663105541","updated_at":"2022-02-03T07:57:49Z","tags":{}}},{"type":"Feature","geometry":{"type":"LineString","coordinates":[[73.75454,20.0027],[73.75451,20.00083],[73.7545,20.00068],[73.75449,20.0005],[73.7544,19.99962],[73.75435,19.999],[73.75423,19.99758],[73.75421,19.99723],[73.75421,19.99721],[73.75412,19.9964],[73.75403,19.99462],[73.75413,19.99412],[73.75417,19.99391]]},"properties":{"id":"road_w663105542","type":"road_segment","name":"Mahatma Nagar Link Road","name_local":null,"category":"secondary","source":"openstreetmap","source_id":"way/663105542","updated_at":"2026-01-12T18:09:10Z","tags":{"lanes":"2","oneway":"yes"}}},{"type":"Feature","geometry":{"type":"LineString","coordinates":[[73.75001,20.00347],[73.74998,20.00332],[73.74995,20.00323],[73.74993,20.00287],[73.7499,20.00281],[73.74976,20.00253],[73.74974,20.00193],[73.74974,20.00159],[73.74975,20.00091],[73.74977,19.99977],[73.74978,19.99858]]},"properties":{"id":"road_w663105638","type":"road_segment","name":"A Road","name_local":null,"category":"tertiary","source":"openstreetmap","source_id":"way/663105638","updated_at":"2023-08-30T10:29:40Z","tags":{}}},{"type":"Feature","geometry":{"type":"LineString","coordinates":[[73.74184,20.00289],[73.74212,20.00289],[73.74223,20.00288],[73.74229,20.00288],[73.74319,20.00287],[73.74348,20.00287],[73.74362,20.00287],[73.74372,20.00287],[73.74383,20.00286],[73.74425,20.00282],[73.7444,20.00281],[73.74484,20.00277],[73.74507,20.00275],[73.74621,20.00274],[73.74664,20.00274],[73.74667,20.00274],[73.74704,20.0027],[73.74833,20.00266],[73.74955,20.00257],[73.74976,20.00253]]},"properties":{"id":"road_w663105809","type":"road_segment","name":"Kamgar Nagar Road","name_local":null,"category":"residential","source":"openstreetmap","source_id":"way/663105809","updated_at":"2024-09-16T05:51:11Z","tags":{}}},{"type":"Feature","geometry":{"type":"LineString","coordinates":[[73.75408,19.99367],[73.75392,19.99364],[73.75249,19.9934],[73.75201,19.99332],[73.75138,19.99322],[73.75087,19.99315],[73.7506,19.9931],[73.74991,19.99298],[73.74979,19.99296]]},"properties":{"id":"road_w663438494","type":"road_segment","name":"Trimbak Road","name_local":null,"category":"trunk","source":"openstreetmap","source_id":"way/663438494","updated_at":"2025-02-17T15:25:32Z","tags":{"ref":"NH848","oneway":"yes"}}},{"type":"Feature","geometry":{"type":"LineString","coordinates":[[73.74951,19.98954],[73.7496,19.98928],[73.74964,19.98905]]},"properties":{"id":"road_w663438495","type":"road_segment","name":"A Road","name_local":null,"category":"tertiary","source":"openstreetmap","source_id":"way/663438495","updated_at":"2026-02-02T08:17:28Z","tags":{}}},{"type":"Feature","geometry":{"type":"LineString","coordinates":[[73.74832,20.01212],[73.74758,20.01217],[73.74623,20.01225],[73.74601,20.01227],[73.74562,20.01229],[73.74533,20.01231],[73.74462,20.0124],[73.74372,20.01268],[73.74282,20.01297],[73.74241,20.01309],[73.74015,20.01378],[73.73909,20.01412],[73.73856,20.01427],[73.73811,20.01444],[73.73755,20.01497],[73.73705,20.01555],[73.7366,20.01606],[73.73631,20.01629],[73.73608,20.01641]]},"properties":{"id":"road_w663446426","type":"road_segment","name":"Gangapur Road","name_local":null,"category":"primary","source":"openstreetmap","source_id":"way/663446426","updated_at":"2019-11-06T00:51:16Z","tags":{"oneway":"yes"}}},{"type":"Feature","geometry":{"type":"LineString","coordinates":[[73.73565,20.01674],[73.73614,20.01651],[73.73642,20.01634],[73.73667,20.01613]]},"properties":{"id":"road_w663448585","type":"road_segment","name":"Gangapur Road","name_local":null,"category":"primary","source":"openstreetmap","source_id":"way/663448585","updated_at":"2020-01-13T10:00:35Z","tags":{"oneway":"yes"}}},{"type":"Feature","geometry":{"type":"LineString","coordinates":[[73.72115,20.02286],[73.72111,20.02325],[73.72109,20.02357],[73.72113,20.02375],[73.7212,20.0239],[73.72133,20.02404],[73.72156,20.02426],[73.72176,20.02447]]},"properties":{"id":"road_w663448835","type":"road_segment","name":"Gangapur-Satpur Link Road","name_local":null,"category":"primary","source":"openstreetmap","source_id":"way/663448835","updated_at":"2020-01-13T10:00:35Z","tags":{"oneway":"yes"}}},{"type":"Feature","geometry":{"type":"LineString","coordinates":[[73.72186,20.02439],[73.7217,20.02426],[73.72162,20.02418],[73.72136,20.02392],[73.72127,20.02379],[73.72123,20.02363],[73.72124,20.02329],[73.7212,20.02308],[73.72115,20.02286]]},"properties":{"id":"road_w663448870","type":"road_segment","name":"Gangapur-Satpur Link Road","name_local":null,"category":"primary","source":"openstreetmap","source_id":"way/663448870","updated_at":"2020-01-13T10:00:35Z","tags":{"oneway":"yes"}}},{"type":"Feature","geometry":{"type":"LineString","coordinates":[[73.72115,20.02286],[73.72109,20.02268],[73.721,20.02254],[73.72087,20.02238],[73.72036,20.02189],[73.72007,20.02161],[73.71991,20.02142],[73.71978,20.02124],[73.71971,20.02111],[73.71963,20.02094],[73.71946,20.0206],[73.71917,20.02006],[73.719,20.01961],[73.71868,20.01875]]},"properties":{"id":"road_w663449494","type":"road_segment","name":"Gangapur-Satpur Link Road","name_local":null,"category":"primary","source":"openstreetmap","source_id":"way/663449494","updated_at":"2024-08-12T10:02:37Z","tags":{}}},{"type":"Feature","geometry":{"type":"LineString","coordinates":[[73.71153,19.99928],[73.71153,19.99808],[73.71153,19.99716],[73.71153,19.99652],[73.71153,19.99611],[73.71148,19.99435],[73.71147,19.99371],[73.71146,19.9934],[73.71145,19.99322],[73.7115,19.99297],[73.71152,19.99292],[73.71163,19.99269],[73.71197,19.99199],[73.71225,19.99142],[73.71244,19.99102],[73.71269,19.99066],[73.71334,19.9897],[73.7137,19.98913],[73.71405,19.98844],[73.71458,19.98759],[73.71522,19.9866],[73.7154,19.98637],[73.71579,19.98585],[73.71599,19.9855],[73.71671,19.98461],[73.717,19.98426],[73.71754,19.98388],[73.71783,19.98367],[73.7183,19.98335],[73.7184,19.98326]]},"properties":{"id":"road_w663449694","type":"road_segment","name":"Gangapur-Satpur Link Road","name_local":null,"category":"primary","source":"openstreetmap","source_id":"way/663449694","updated_at":"2023-08-29T09:07:25Z","tags":{"oneway":"yes"}}},{"type":"Feature","geometry":{"type":"LineString","coordinates":[[73.72629,19.98745],[73.72577,19.98705],[73.72561,19.98694],[73.72533,19.98672],[73.72493,19.98642],[73.72425,19.98597],[73.72417,19.98591],[73.72369,19.98567]]},"properties":{"id":"road_w663451550","type":"road_segment","name":"Trimbak Road","name_local":null,"category":"trunk","source":"openstreetmap","source_id":"way/663451550","updated_at":"2026-02-28T09:01:05Z","tags":{"ref":"NH848","oneway":"yes"}}},{"type":"Feature","geometry":{"type":"LineString","coordinates":[[73.72369,19.98579],[73.72402,19.98594],[73.72431,19.98612],[73.72488,19.98653],[73.72538,19.9869],[73.72576,19.98719],[73.72653,19.98777]]},"properties":{"id":"road_w663451597","type":"road_segment","name":"Trimbak Road","name_local":null,"category":"trunk","source":"openstreetmap","source_id":"way/663451597","updated_at":"2025-02-17T15:25:32Z","tags":{"ref":"NH848","oneway":"yes"}}},{"type":"Feature","geometry":{"type":"LineString","coordinates":[[73.72813,19.98881],[73.7266,19.98768],[73.72629,19.98745]]},"properties":{"id":"road_w663452206","type":"road_segment","name":"Trimbak Road","name_local":null,"category":"trunk","source":"openstreetmap","source_id":"way/663452206","updated_at":"2025-02-25T21:39:34Z","tags":{"ref":"NH848","oneway":"yes"}}},{"type":"Feature","geometry":{"type":"LineString","coordinates":[[73.73165,19.99055],[73.73227,19.99067],[73.73253,19.99073],[73.73274,19.99077],[73.73364,19.99097],[73.73432,19.99104],[73.7357,19.99118],[73.7361,19.99122],[73.73643,19.99124],[73.73896,19.99148],[73.74167,19.99187],[73.74192,19.99191]]},"properties":{"id":"road_w663452207","type":"road_segment","name":"Trimbak Road","name_local":null,"category":"trunk","source":"openstreetmap","source_id":"way/663452207","updated_at":"2026-01-11T03:29:33Z","tags":{"ref":"NH848","oneway":"yes"}}},{"type":"Feature","geometry":{"type":"LineString","coordinates":[[73.7281,19.98892],[73.72838,19.98912],[73.72853,19.98922],[73.72866,19.98931],[73.72886,19.98942]]},"properties":{"id":"road_w663452208","type":"road_segment","name":"Trimbak Road","name_local":null,"category":"trunk","source":"openstreetmap","source_id":"way/663452208","updated_at":"2023-03-25T13:54:08Z","tags":{"oneway":"yes"}}},{"type":"Feature","geometry":{"type":"LineString","coordinates":[[73.72893,19.98934],[73.72869,19.9892],[73.72813,19.98881]]},"properties":{"id":"road_w663452209","type":"road_segment","name":"Trimbak Road","name_local":null,"category":"trunk","source":"openstreetmap","source_id":"way/663452209","updated_at":"2023-03-25T13:54:08Z","tags":{"oneway":"yes"}}},{"type":"Feature","geometry":{"type":"LineString","coordinates":[[73.72894,19.9895],[73.72989,19.98993],[73.73041,19.99015],[73.73047,19.99018],[73.7306,19.99023],[73.73071,19.99029],[73.73084,19.99034]]},"properties":{"id":"road_w663452419","type":"road_segment","name":"Trimbak Road","name_local":null,"category":"trunk","source":"openstreetmap","source_id":"way/663452419","updated_at":"2023-03-25T13:54:08Z","tags":{"oneway":"yes"}}},{"type":"Feature","geometry":{"type":"LineString","coordinates":[[73.73092,19.99025],[73.72903,19.98938]]},"properties":{"id":"road_w663452564","type":"road_segment","name":"Trimbak Road","name_local":null,"category":"trunk","source":"openstreetmap","source_id":"way/663452564","updated_at":"2023-03-25T13:54:08Z","tags":{"ref":"SH30","oneway":"yes"}}},{"type":"Feature","geometry":{"type":"LineString","coordinates":[[73.73095,19.9904],[73.73165,19.99055]]},"properties":{"id":"road_w663453556","type":"road_segment","name":"Trimbak Road","name_local":null,"category":"trunk","source":"openstreetmap","source_id":"way/663453556","updated_at":"2023-03-25T13:54:08Z","tags":{"oneway":"yes"}}},{"type":"Feature","geometry":{"type":"LineString","coordinates":[[73.71284,19.98161],[73.71258,19.98156],[73.71228,19.98145],[73.71136,19.98072],[73.71057,19.98018]]},"properties":{"id":"road_w663461162","type":"road_segment","name":"Trimbak Road","name_local":null,"category":"trunk","source":"openstreetmap","source_id":"way/663461162","updated_at":"2025-02-17T15:25:32Z","tags":{"ref":"NH848","oneway":"yes"}}},{"type":"Feature","geometry":{"type":"LineString","coordinates":[[73.71057,19.98018],[73.71006,19.97981]]},"properties":{"id":"road_w663461301","type":"road_segment","name":"Trimbak Road","name_local":null,"category":"trunk","source":"openstreetmap","source_id":"way/663461301","updated_at":"2023-03-25T13:54:08Z","tags":{"oneway":"yes","bridge":"yes"}}},{"type":"Feature","geometry":{"type":"LineString","coordinates":[[73.71006,19.97981],[73.71003,19.97979],[73.70976,19.9796],[73.70957,19.97951],[73.70935,19.97946],[73.70839,19.97931],[73.70823,19.97928]]},"properties":{"id":"road_w663461302","type":"road_segment","name":"Trimbak Road","name_local":null,"category":"trunk","source":"openstreetmap","source_id":"way/663461302","updated_at":"2025-02-17T15:25:32Z","tags":{"ref":"NH848","oneway":"yes"}}},{"type":"Feature","geometry":{"type":"LineString","coordinates":[[73.66566,19.96716],[73.66556,19.96712]]},"properties":{"id":"road_w663461555","type":"road_segment","name":"Trimbak Road","name_local":null,"category":"trunk","source":"openstreetmap","source_id":"way/663461555","updated_at":"2023-03-25T13:54:08Z","tags":{"lanes":"2","maxspeed":"60","surface":"asphalt","oneway":"yes"}}},{"type":"Feature","geometry":{"type":"LineString","coordinates":[[73.66556,19.96712],[73.66536,19.96707],[73.66509,19.96702]]},"properties":{"id":"road_w663461558","type":"road_segment","name":"Trimbak Road","name_local":null,"category":"trunk","source":"openstreetmap","source_id":"way/663461558","updated_at":"2023-03-25T13:54:08Z","tags":{"oneway":"yes"}}},{"type":"Feature","geometry":{"type":"LineString","coordinates":[[73.66509,19.96702],[73.66462,19.96696]]},"properties":{"id":"road_w663461559","type":"road_segment","name":"Trimbak Road","name_local":null,"category":"trunk","source":"openstreetmap","source_id":"way/663461559","updated_at":"2023-03-25T13:54:08Z","tags":{"oneway":"yes","bridge":"yes"}}},{"type":"Feature","geometry":{"type":"LineString","coordinates":[[73.66462,19.96696],[73.6634,19.96676],[73.6629,19.96665],[73.6622,19.96637],[73.6618,19.96623],[73.66171,19.9662],[73.66124,19.96604],[73.6608,19.96593],[73.66024,19.96585],[73.6602,19.96585],[73.65802,19.96564],[73.65525,19.96549],[73.65282,19.96529],[73.65148,19.96514],[73.65075,19.96506],[73.65002,19.96494],[73.64932,19.96474]]},"properties":{"id":"road_w663461560","type":"road_segment","name":"Trimbak Road","name_local":null,"category":"trunk","source":"openstreetmap","source_id":"way/663461560","updated_at":"2023-04-13T08:03:09Z","tags":{"oneway":"yes"}}},{"type":"Feature","geometry":{"type":"LineString","coordinates":[[73.66458,19.96704],[73.66552,19.96719]]},"properties":{"id":"road_w663461863","type":"road_segment","name":"Trimbak Road","name_local":null,"category":"trunk","source":"openstreetmap","source_id":"way/663461863","updated_at":"2023-03-25T13:54:08Z","tags":{"oneway":"yes","bridge":"yes"}}},{"type":"Feature","geometry":{"type":"LineString","coordinates":[[73.62677,19.95847],[73.62702,19.9587],[73.62718,19.95881],[73.62732,19.9589],[73.62768,19.95908],[73.62858,19.95947],[73.62871,19.95952],[73.62922,19.95966],[73.62966,19.95973],[73.63007,19.95979],[73.63156,19.96003],[73.63223,19.96014],[73.6325,19.96017],[73.63278,19.96018],[73.63303,19.96017],[73.6332,19.96016],[73.63365,19.96009],[73.63575,19.95973],[73.63619,19.95974],[73.63714,19.95984],[73.63888,19.96004],[73.64109,19.96033],[73.64128,19.96038],[73.64145,19.96045],[73.64173,19.96059],[73.64203,19.96079],[73.64267,19.96117],[73.64331,19.96157],[73.6439,19.96192],[73.64395,19.96195],[73.64438,19.96221],[73.64503,19.96259],[73.64559,19.96293],[73.64615,19.96328],[73.64705,19.96386],[73.64751,19.96413],[73.64773,19.96425],[73.64796,19.96435],[73.64842,19.96452],[73.64888,19.96467],[73.6498,19.96497],[73.6503,19.96509],[73.65132,19.96522],[73.65219,19.96531],[73.65353,19.96544],[73.65491,19.96556],[73.6563,19.96565],[73.65764,19.96572],[73.6592,19.96585],[73.66001,19.96593],[73.6608,19.96604],[73.6613,19.96616],[73.66178,19.96632],[73.66273,19.96668],[73.66314,19.96681],[73.66381,19.96693],[73.66458,19.96704]]},"properties":{"id":"road_w663465891","type":"road_segment","name":"Trimbak Road","name_local":null,"category":"trunk","source":"openstreetmap","source_id":"way/663465891","updated_at":"2025-02-17T15:25:32Z","tags":{"ref":"NH848","oneway":"yes"}}},{"type":"Feature","geometry":{"type":"LineString","coordinates":[[73.62458,19.95749],[73.62499,19.95743],[73.62527,19.95742],[73.62549,19.95744],[73.62581,19.95752],[73.62599,19.95761],[73.62626,19.95779],[73.62641,19.95793],[73.62657,19.95816],[73.62677,19.95847]]},"properties":{"id":"road_w663465894","type":"road_segment","name":"Trimbak Road","name_local":null,"category":"trunk","source":"openstreetmap","source_id":"way/663465894","updated_at":"2023-03-25T13:54:08Z","tags":{"ref":"SH30","oneway":"yes"}}},{"type":"Feature","geometry":{"type":"LineString","coordinates":[[73.62705,19.95863],[73.62691,19.9585],[73.62679,19.95837],[73.6266,19.95808],[73.62646,19.95789],[73.62629,19.95772],[73.62589,19.95748],[73.62556,19.95739],[73.62531,19.95735],[73.62513,19.95736]]},"properties":{"id":"road_w663465895","type":"road_segment","name":"Trimbak Road","name_local":null,"category":"trunk","source":"openstreetmap","source_id":"way/663465895","updated_at":"2023-03-25T13:54:08Z","tags":{"oneway":"yes"}}},{"type":"Feature","geometry":{"type":"LineString","coordinates":[[73.64932,19.96474],[73.64846,19.96446],[73.64791,19.96424],[73.64746,19.964],[73.64469,19.96227],[73.64434,19.96206],[73.64396,19.96184],[73.64363,19.96165],[73.6423,19.96085],[73.64173,19.96049],[73.64146,19.96034],[73.64125,19.96026],[73.64101,19.96021],[73.63919,19.96],[73.63746,19.9598],[73.63635,19.95967],[73.6359,19.95966],[73.63548,19.95968],[73.63397,19.95997],[73.63305,19.9601],[73.63252,19.96009],[73.63131,19.9599],[73.63008,19.9597],[73.62912,19.95956],[73.62877,19.95947],[73.62783,19.95907],[73.62738,19.95888],[73.62705,19.95863]]},"properties":{"id":"road_w663466211","type":"road_segment","name":"Trimbak Road","name_local":null,"category":"trunk","source":"openstreetmap","source_id":"way/663466211","updated_at":"2023-03-25T13:54:08Z","tags":{"oneway":"yes"}}},{"type":"Feature","geometry":{"type":"LineString","coordinates":[[73.62513,19.95736],[73.62323,19.9576],[73.62188,19.95793],[73.62115,19.95816],[73.6201,19.95857]]},"properties":{"id":"road_w663467187","type":"road_segment","name":"Trimbak Road","name_local":null,"category":"trunk","source":"openstreetmap","source_id":"way/663467187","updated_at":"2023-03-25T13:54:08Z","tags":{"oneway":"yes"}}},{"type":"Feature","geometry":{"type":"LineString","coordinates":[[73.6201,19.95857],[73.61974,19.95873]]},"properties":{"id":"road_w663467188","type":"road_segment","name":"Trimbak Road","name_local":null,"category":"trunk","source":"openstreetmap","source_id":"way/663467188","updated_at":"2023-03-25T13:54:08Z","tags":{"oneway":"yes","bridge":"yes"}}},{"type":"Feature","geometry":{"type":"LineString","coordinates":[[73.61974,19.95873],[73.61899,19.95905],[73.61857,19.95916],[73.61821,19.95919],[73.6176,19.95917],[73.61569,19.95899],[73.61518,19.95894],[73.61457,19.95884],[73.61335,19.95861],[73.61228,19.95843],[73.61083,19.95817],[73.60973,19.95797],[73.60823,19.95769],[73.60784,19.95762],[73.60596,19.95729]]},"properties":{"id":"road_w663467189","type":"road_segment","name":"Trimbak Road","name_local":null,"category":"trunk","source":"openstreetmap","source_id":"way/663467189","updated_at":"2025-02-17T15:25:32Z","tags":{"ref":"NH848","oneway":"yes"}}},{"type":"Feature","geometry":{"type":"LineString","coordinates":[[73.58509,19.95329],[73.58605,19.95361],[73.58655,19.95375],[73.58708,19.95387],[73.59028,19.95455],[73.59102,19.95468],[73.5919,19.95472],[73.59335,19.95483],[73.59501,19.95494],[73.59818,19.95519],[73.5992,19.95533],[73.60056,19.95552],[73.60116,19.95559],[73.60122,19.9556],[73.60153,19.95571],[73.60221,19.95614],[73.60274,19.95646],[73.60334,19.95682],[73.60372,19.95699],[73.60487,19.9572],[73.60608,19.95741],[73.6085,19.95784],[73.61231,19.95849],[73.61334,19.95867],[73.61377,19.95875],[73.61527,19.95902],[73.61595,19.95909],[73.61767,19.95925],[73.61798,19.95927],[73.61837,19.95925],[73.61876,19.95919],[73.61888,19.95915],[73.61916,19.95905],[73.6198,19.95877]]},"properties":{"id":"road_w663467651","type":"road_segment","name":"Trimbak Road","name_local":null,"category":"trunk","source":"openstreetmap","source_id":"way/663467651","updated_at":"2025-02-17T15:25:32Z","tags":{"ref":"NH848","oneway":"yes"}}},{"type":"Feature","geometry":{"type":"LineString","coordinates":[[73.5545,19.94597],[73.55496,19.94624]]},"properties":{"id":"road_w663467929","type":"road_segment","name":"Trimbak Road","name_local":null,"category":"trunk","source":"openstreetmap","source_id":"way/663467929","updated_at":"2023-03-25T13:54:08Z","tags":{"ref":"SH30","oneway":"yes","bridge":"yes"}}},{"type":"Feature","geometry":{"type":"LineString","coordinates":[[73.60596,19.95729],[73.60392,19.95695],[73.6036,19.95686],[73.60309,19.9566],[73.60187,19.95581],[73.60152,19.95562],[73.60123,19.95554],[73.60067,19.95545],[73.59911,19.95524],[73.59793,19.95507],[73.59614,19.95494],[73.59582,19.95492],[73.59382,19.95478],[73.59188,19.95464],[73.59086,19.95456],[73.59026,19.95447],[73.58828,19.95403],[73.58609,19.95352],[73.58512,19.95322],[73.58467,19.95319],[73.58416,19.95319],[73.58331,19.95313],[73.58274,19.95305],[73.58053,19.95274],[73.57822,19.95247],[73.57546,19.95208],[73.5749,19.95201],[73.57335,19.95183],[73.57242,19.9518],[73.57205,19.95182],[73.56953,19.952],[73.56881,19.95198],[73.56777,19.95179],[73.56676,19.95149],[73.565,19.95086],[73.5649,19.95082],[73.56412,19.95057]]},"properties":{"id":"road_w663468466","type":"road_segment","name":"Trimbak Road","name_local":null,"category":"trunk","source":"openstreetmap","source_id":"way/663468466","updated_at":"2025-12-08T10:23:53Z","tags":{"oneway":"yes"}}},{"type":"Feature","geometry":{"type":"LineString","coordinates":[[73.55495,19.94612],[73.55455,19.94588]]},"properties":{"id":"road_w663468555","type":"road_segment","name":"Trimbak Road","name_local":null,"category":"trunk","source":"openstreetmap","source_id":"way/663468555","updated_at":"2023-03-25T13:54:08Z","tags":{"oneway":"yes","bridge":"yes"}}},{"type":"Feature","geometry":{"type":"LineString","coordinates":[[73.55128,19.9448],[73.55022,19.94472],[73.5497,19.94467],[73.54923,19.94456],[73.54877,19.9444],[73.54774,19.94389],[73.5468,19.94338],[73.54589,19.94299],[73.54447,19.94228],[73.54323,19.94174],[73.54171,19.94102],[73.53983,19.9399],[73.53756,19.93845]]},"properties":{"id":"road_w663468556","type":"road_segment","name":"Trimbak Road","name_local":null,"category":"trunk","source":"openstreetmap","source_id":"way/663468556","updated_at":"2023-11-23T10:54:53Z","tags":{"ref":"NH160A","oneway":"yes"}}},{"type":"Feature","geometry":{"type":"LineString","coordinates":[[73.53756,19.93845],[73.53736,19.93831]]},"properties":{"id":"road_w663469238","type":"road_segment","name":"Trimbak Road","name_local":null,"category":"trunk","source":"openstreetmap","source_id":"way/663469238","updated_at":"2023-03-25T13:54:08Z","tags":{"ref":"NH160A","oneway":"yes","bridge":"yes"}}},{"type":"Feature","geometry":{"type":"LineString","coordinates":[[73.53736,19.93831],[73.53631,19.93742],[73.53629,19.93741],[73.53621,19.93734]]},"properties":{"id":"road_w663469239","type":"road_segment","name":"Trimbak Road","name_local":null,"category":"trunk","source":"openstreetmap","source_id":"way/663469239","updated_at":"2024-06-01T07:47:23Z","tags":{"ref":"NH160A","oneway":"yes"}}},{"type":"Feature","geometry":{"type":"LineString","coordinates":[[73.71682,20.02914],[73.71726,20.02862],[73.71761,20.02814],[73.71776,20.02794],[73.71811,20.02751],[73.71832,20.02724],[73.71845,20.0271],[73.71854,20.02699],[73.71888,20.02665],[73.71907,20.02645],[73.71937,20.02618],[73.71968,20.02593],[73.72068,20.02524],[73.72176,20.02447]]},"properties":{"id":"road_w663763371","type":"road_segment","name":"Gangapur Road","name_local":null,"category":"primary","source":"openstreetmap","source_id":"way/663763371","updated_at":"2022-04-08T12:55:58Z","tags":{"ref":"SH27"}}},{"type":"Feature","geometry":{"type":"LineString","coordinates":[[73.71632,20.02958],[73.71659,20.02936],[73.71682,20.02914]]},"properties":{"id":"road_w663763373","type":"road_segment","name":"Gangapur Road","name_local":null,"category":"primary","source":"openstreetmap","source_id":"way/663763373","updated_at":"2020-01-13T10:00:35Z","tags":{"ref":"SH27"}}},{"type":"Feature","geometry":{"type":"LineString","coordinates":[[73.75704,20.01934],[73.75692,20.01916],[73.75682,20.01899],[73.75677,20.01884],[73.75674,20.01863],[73.7567,20.01763],[73.75667,20.01706],[73.75666,20.01686],[73.75663,20.01672]]},"properties":{"id":"road_w666598227","type":"road_segment","name":"DK Nagar Road","name_local":null,"category":"secondary","source":"openstreetmap","source_id":"way/666598227","updated_at":"2026-01-12T15:57:41Z","tags":{"oneway":"yes"}}},{"type":"Feature","geometry":{"type":"LineString","coordinates":[[73.75621,20.0146],[73.75632,20.01456],[73.75716,20.01437],[73.75765,20.01428],[73.75789,20.01423],[73.75813,20.01419],[73.75868,20.01408],[73.75923,20.01398],[73.75975,20.01391],[73.76081,20.01382],[73.76088,20.01382]]},"properties":{"id":"road_w666602265","type":"road_segment","name":"Swami Samarth Mandir Road","name_local":null,"category":"tertiary","source":"openstreetmap","source_id":"way/666602265","updated_at":"2024-09-17T11:58:02Z","tags":{"oneway":"yes"}}},{"type":"Feature","geometry":{"type":"LineString","coordinates":[[73.73805,20.03733],[73.73819,20.03724]]},"properties":{"id":"road_w724607467","type":"road_segment","name":"Chandshi Road","name_local":null,"category":"tertiary","source":"openstreetmap","source_id":"way/724607467","updated_at":"2019-09-14T18:16:36Z","tags":{"bridge":"yes"}}},{"type":"Feature","geometry":{"type":"LineString","coordinates":[[73.73819,20.03724],[73.73821,20.03722],[73.73827,20.03719],[73.73907,20.03649],[73.73914,20.03642],[73.73917,20.03635],[73.73925,20.03613],[73.73948,20.03545],[73.73987,20.0345],[73.73994,20.03435],[73.74031,20.03362],[73.74106,20.03219],[73.7418,20.03073],[73.74211,20.03012],[73.74234,20.02967],[73.74248,20.02937],[73.74262,20.02908],[73.74279,20.02871],[73.743,20.02812],[73.74313,20.02725],[73.74314,20.02711],[73.74317,20.02652],[73.74319,20.0262],[73.7432,20.02602],[73.74334,20.0242],[73.74343,20.02365],[73.74353,20.02323],[73.74358,20.02271],[73.74364,20.02207],[73.74366,20.02193],[73.7437,20.02183],[73.74377,20.02176],[73.74387,20.0217],[73.74401,20.02162],[73.74418,20.02153],[73.74431,20.02144],[73.74445,20.02136],[73.74457,20.02126],[73.74476,20.02107],[73.74498,20.0208],[73.74557,20.0201],[73.74569,20.01996],[73.74575,20.01985],[73.74599,20.01948],[73.74606,20.0194]]},"properties":{"id":"road_w724607468","type":"road_segment","name":"Chandshi Road","name_local":null,"category":"tertiary","source":"openstreetmap","source_id":"way/724607468","updated_at":"2024-09-18T04:49:32Z","tags":{"maxspeed":"30"}}},{"type":"Feature","geometry":{"type":"LineString","coordinates":[[73.75531,19.98085],[73.75534,19.98065],[73.75525,19.98015],[73.75518,19.97958],[73.75516,19.97926],[73.75507,19.97852],[73.75505,19.97839],[73.75499,19.97768],[73.75495,19.97732],[73.75491,19.97663],[73.7549,19.97648],[73.75489,19.97626],[73.75488,19.97596],[73.75487,19.97568],[73.75484,19.97517],[73.75475,19.97459],[73.75474,19.97445],[73.75471,19.97428],[73.75471,19.97426],[73.7547,19.97409],[73.75461,19.97349],[73.75461,19.97346],[73.75448,19.97275],[73.75441,19.97232],[73.75437,19.97217],[73.75418,19.97164],[73.75414,19.97148],[73.75408,19.97127],[73.75395,19.97089],[73.7539,19.97071],[73.75385,19.97052],[73.75383,19.97042],[73.75381,19.97036],[73.7538,19.97033],[73.75373,19.97005],[73.75367,19.96974],[73.75366,19.96959],[73.75362,19.96941],[73.75359,19.96917],[73.75354,19.96893],[73.75351,19.96875],[73.75347,19.96847],[73.75342,19.96804],[73.75339,19.96785],[73.75339,19.9678],[73.75338,19.96777],[73.75336,19.96759],[73.75336,19.96755]]},"properties":{"id":"road_w737815545","type":"road_segment","name":"Ambad Link Road (M17)","name_local":null,"category":"secondary","source":"openstreetmap","source_id":"way/737815545","updated_at":"2024-08-13T09:40:42Z","tags":{"oneway":"yes"}}},{"type":"Feature","geometry":{"type":"LineString","coordinates":[[73.75336,19.96755],[73.75335,19.96742],[73.75335,19.96718],[73.75335,19.96714],[73.75336,19.9669],[73.75336,19.96662],[73.75337,19.96651],[73.75337,19.96644],[73.75338,19.96625],[73.7534,19.96593],[73.75342,19.96568],[73.75343,19.96553],[73.75344,19.96544],[73.75349,19.96512],[73.75351,19.96503],[73.7536,19.96463],[73.75366,19.96435],[73.75369,19.96416],[73.75378,19.96378],[73.75386,19.9635],[73.75393,19.96328],[73.75397,19.96315],[73.75399,19.96309],[73.7541,19.9627],[73.75415,19.96252],[73.75418,19.96243],[73.7542,19.96236],[73.75444,19.9616],[73.7545,19.9613],[73.75457,19.96083],[73.75461,19.9604],[73.75469,19.95974],[73.75469,19.95967],[73.75468,19.9595],[73.75468,19.95941]]},"properties":{"id":"road_w737815546","type":"road_segment","name":"Ambad Link Road (M17)","name_local":null,"category":"secondary","source":"openstreetmap","source_id":"way/737815546","updated_at":"2024-08-13T03:15:07Z","tags":{"oneway":"yes"}}},{"type":"Feature","geometry":{"type":"LineString","coordinates":[[73.75619,19.98305],[73.75619,19.98319],[73.75645,19.98362],[73.7566,19.98397],[73.75669,19.98423],[73.75673,19.98432],[73.75701,19.985],[73.75713,19.98525],[73.75714,19.98531],[73.75722,19.98546],[73.75735,19.98569],[73.7575,19.98599],[73.75763,19.98628],[73.7577,19.98645],[73.75781,19.9866],[73.75795,19.98679],[73.75825,19.98707],[73.75907,19.9877],[73.75949,19.98801],[73.75989,19.9883],[73.76022,19.98846]]},"properties":{"id":"road_w737815547","type":"road_segment","name":"Ambad Link Road (M17)","name_local":null,"category":"secondary","source":"openstreetmap","source_id":"way/737815547","updated_at":"2024-08-13T09:33:58Z","tags":{"oneway":"yes"}}},{"type":"Feature","geometry":{"type":"LineString","coordinates":[[73.75468,19.95941],[73.75462,19.95953],[73.75457,19.95993],[73.75452,19.96048],[73.75441,19.9613],[73.75431,19.96159],[73.75428,19.9617],[73.75419,19.96201],[73.75411,19.96233],[73.75402,19.96266],[73.75394,19.9629],[73.75388,19.96314],[73.75379,19.96346],[73.75367,19.96387],[73.75362,19.96408],[73.7536,19.96414],[73.75342,19.96502],[73.75341,19.96511],[73.75336,19.96546],[73.75333,19.96573],[73.75329,19.96625],[73.75328,19.96678],[73.75328,19.96717],[73.75328,19.96752]]},"properties":{"id":"road_w737815548","type":"road_segment","name":"Ambad Link Road (M17)","name_local":null,"category":"secondary","source":"openstreetmap","source_id":"way/737815548","updated_at":"2024-08-13T05:45:07Z","tags":{"oneway":"yes"}}},{"type":"Feature","geometry":{"type":"LineString","coordinates":[[73.76128,19.98931],[73.76132,19.98942],[73.76198,19.98995]]},"properties":{"id":"road_w737820921","type":"road_segment","name":"Ambad Link Road (M17)","name_local":null,"category":"secondary","source":"openstreetmap","source_id":"way/737820921","updated_at":"2019-10-23T09:22:48Z","tags":{"oneway":"yes"}}},{"type":"Feature","geometry":{"type":"LineString","coordinates":[[73.76198,19.98995],[73.76242,19.99027]]},"properties":{"id":"road_w737820922","type":"road_segment","name":"Ambad Link Road","name_local":null,"category":"secondary","source":"openstreetmap","source_id":"way/737820922","updated_at":"2024-08-14T04:21:52Z","tags":{"oneway":"yes","bridge":"yes"}}},{"type":"Feature","geometry":{"type":"LineString","coordinates":[[73.76347,19.99093],[73.76399,19.99125],[73.76421,19.99139],[73.76431,19.99145],[73.76441,19.9915],[73.76509,19.99182],[73.76514,19.99184],[73.76531,19.99191],[73.76546,19.99196],[73.76559,19.99198],[73.76617,19.99203],[73.76662,19.99208],[73.76704,19.99217],[73.76742,19.99224],[73.76765,19.9923],[73.76776,19.99235],[73.7679,19.99246],[73.768,19.99256],[73.76807,19.99268],[73.76814,19.99284],[73.76816,19.99288],[73.76823,19.99303],[73.76825,19.99307],[73.76829,19.99314],[73.76838,19.9932],[73.7686,19.99332],[73.76915,19.99358]]},"properties":{"id":"road_w737820923","type":"road_segment","name":"Ambad Link Road","name_local":null,"category":"primary","source":"openstreetmap","source_id":"way/737820923","updated_at":"2026-01-12T15:57:41Z","tags":{"oneway":"yes"}}},{"type":"Feature","geometry":{"type":"LineString","coordinates":[[73.76517,19.99176],[73.76502,19.9917],[73.76455,19.99148],[73.76442,19.99141],[73.76429,19.99132],[73.76384,19.99103],[73.76354,19.99084],[73.76341,19.99077]]},"properties":{"id":"road_w737820924","type":"road_segment","name":"Ambad Link Road","name_local":null,"category":"primary","source":"openstreetmap","source_id":"way/737820924","updated_at":"2026-01-12T15:57:41Z","tags":{"oneway":"yes"}}},{"type":"Feature","geometry":{"type":"LineString","coordinates":[[73.76212,19.98995],[73.76204,19.98989],[73.7614,19.98935],[73.76128,19.98931]]},"properties":{"id":"road_w737820925","type":"road_segment","name":"Ambad Link Road (M17)","name_local":null,"category":"secondary","source":"openstreetmap","source_id":"way/737820925","updated_at":"2024-08-14T03:42:35Z","tags":{"oneway":"yes"}}},{"type":"Feature","geometry":{"type":"LineString","coordinates":[[73.79408,19.97207],[73.79409,19.97202],[73.79424,19.97142],[73.79427,19.9713],[73.79428,19.97121],[73.79429,19.97107],[73.7943,19.97086],[73.79437,19.96965],[73.79437,19.96961],[73.79434,19.96928],[73.79434,19.96912],[73.79434,19.96904],[73.79435,19.96896],[73.79454,19.96829],[73.79461,19.96802],[73.79464,19.96792]]},"properties":{"id":"road_w738072581","type":"road_segment","name":"Wadala Road","name_local":null,"category":"tertiary","source":"openstreetmap","source_id":"way/738072581","updated_at":"2024-08-14T07:20:09Z","tags":{}}},{"type":"Feature","geometry":{"type":"LineString","coordinates":[[73.79812,19.96969],[73.79825,19.96933],[73.79833,19.96898],[73.79843,19.96868],[73.79853,19.96855],[73.79876,19.96842],[73.79973,19.96835],[73.79993,19.96831]]},"properties":{"id":"road_w738072582","type":"road_segment","name":"Shree Sant Savata Mali Marg","name_local":null,"category":"primary","source":"openstreetmap","source_id":"way/738072582","updated_at":"2026-01-13T10:01:14Z","tags":{"oneway":"yes"}}},{"type":"Feature","geometry":{"type":"LineString","coordinates":[[73.7998,19.96817],[73.79958,19.96819],[73.79915,19.96824],[73.79871,19.96828],[73.79842,19.96828],[73.79837,19.96842]]},"properties":{"id":"road_w738072583","type":"road_segment","name":"Shree Sant Savata Mali Marg","name_local":null,"category":"primary","source":"openstreetmap","source_id":"way/738072583","updated_at":"2026-01-13T10:01:14Z","tags":{"oneway":"yes"}}},{"type":"Feature","geometry":{"type":"LineString","coordinates":[[73.79607,19.97244],[73.79623,19.97243],[73.79636,19.97242],[73.79646,19.97241],[73.79656,19.97238],[73.79665,19.97235],[73.79674,19.97232],[73.79687,19.97226],[73.79704,19.97217],[73.79707,19.97215],[73.7973,19.97198],[73.79744,19.97186],[73.79754,19.97175],[73.79765,19.97161],[73.79775,19.97146],[73.79781,19.97135],[73.79786,19.97125],[73.7979,19.97115],[73.79802,19.97073],[73.79812,19.96969]]},"properties":{"id":"road_w738072584","type":"road_segment","name":"Shree Sant Savata Mali Marg","name_local":null,"category":"primary","source":"openstreetmap","source_id":"way/738072584","updated_at":"2026-01-12T12:58:02Z","tags":{}}},{"type":"Feature","geometry":{"type":"LineString","coordinates":[[73.80747,19.97949],[73.80751,19.97958]]},"properties":{"id":"road_w738079565","type":"road_segment","name":"Pujya Ravi Shankar Marg","name_local":null,"category":"primary","source":"openstreetmap","source_id":"way/738079565","updated_at":"2026-01-12T12:58:02Z","tags":{"oneway":"yes"}}},{"type":"Feature","geometry":{"type":"LineString","coordinates":[[73.80747,19.97949],[73.80726,19.97937],[73.80686,19.97916],[73.80674,19.9791]]},"properties":{"id":"road_w738079566","type":"road_segment","name":"Pujya Ravi Shankar Marg","name_local":null,"category":"primary","source":"openstreetmap","source_id":"way/738079566","updated_at":"2026-01-13T09:56:35Z","tags":{}}},{"type":"Feature","geometry":{"type":"LineString","coordinates":[[73.81887,19.96922],[73.81883,19.96917],[73.81873,19.96913],[73.81847,19.96903],[73.81836,19.96898]]},"properties":{"id":"road_w738095885","type":"road_segment","name":"Canal Road","name_local":null,"category":"tertiary","source":"openstreetmap","source_id":"way/738095885","updated_at":"2019-10-24T03:34:46Z","tags":{"oneway":"yes"}}},{"type":"Feature","geometry":{"type":"LineString","coordinates":[[73.81829,19.96906],[73.81838,19.96909],[73.8188,19.96923],[73.81887,19.96922]]},"properties":{"id":"road_w738095886","type":"road_segment","name":"Canal Road","name_local":null,"category":"tertiary","source":"openstreetmap","source_id":"way/738095886","updated_at":"2019-10-24T03:34:46Z","tags":{"oneway":"yes"}}},{"type":"Feature","geometry":{"type":"LineString","coordinates":[[73.7561,20.01459],[73.75596,20.01463],[73.75454,20.01494],[73.75398,20.01507]]},"properties":{"id":"road_w738100017","type":"road_segment","name":"Swami Samarth Mandir Road","name_local":null,"category":"tertiary","source":"openstreetmap","source_id":"way/738100017","updated_at":"2023-09-04T06:25:38Z","tags":{}}},{"type":"Feature","geometry":{"type":"LineString","coordinates":[[73.73565,20.01674],[73.7351,20.01702],[73.7349,20.01715],[73.73479,20.01724],[73.73459,20.01742],[73.73406,20.01801],[73.73392,20.01816],[73.73376,20.01827],[73.73371,20.0183],[73.73361,20.01835],[73.73162,20.01927],[73.73157,20.01929],[73.73152,20.01932],[73.73144,20.01936],[73.73007,20.01998],[73.72901,20.02048],[73.72882,20.02057],[73.72855,20.02071],[73.72808,20.02097],[73.728,20.02101]]},"properties":{"id":"road_w738101215","type":"road_segment","name":"Gangapur Road","name_local":null,"category":"primary","source":"openstreetmap","source_id":"way/738101215","updated_at":"2025-01-29T12:45:48Z","tags":{}}},{"type":"Feature","geometry":{"type":"LineString","coordinates":[[73.72787,20.02108],[73.728,20.02101]]},"properties":{"id":"road_w738101216","type":"road_segment","name":"Gangapur Road","name_local":null,"category":"primary","source":"openstreetmap","source_id":"way/738101216","updated_at":"2024-08-12T10:17:16Z","tags":{"bridge":"yes"}}},{"type":"Feature","geometry":{"type":"LineString","coordinates":[[73.78093,20.00603],[73.7811,20.00603],[73.78158,20.006],[73.7818,20.006],[73.78201,20.00602],[73.78215,20.00607]]},"properties":{"id":"road_w738134506","type":"road_segment","name":"Gangapur Road","name_local":null,"category":"primary","source":"openstreetmap","source_id":"way/738134506","updated_at":"2023-08-28T07:35:55Z","tags":{"oneway":"yes"}}},{"type":"Feature","geometry":{"type":"LineString","coordinates":[[73.76415,19.99033],[73.76448,19.99009]]},"properties":{"id":"road_w738155765","type":"road_segment","name":"Canal Link Road","name_local":null,"category":"primary","source":"openstreetmap","source_id":"way/738155765","updated_at":"2026-01-12T18:41:29Z","tags":{"lanes":"2","oneway":"yes","bridge":"yes"}}},{"type":"Feature","geometry":{"type":"LineString","coordinates":[[73.78873,19.98985],[73.78871,19.99048],[73.78863,19.99101],[73.78858,19.99105]]},"properties":{"id":"road_w738161163","type":"road_segment","name":"Maulana Abdul Kalam Azad Road","name_local":null,"category":"tertiary","source":"openstreetmap","source_id":"way/738161163","updated_at":"2023-08-29T07:23:01Z","tags":{}}},{"type":"Feature","geometry":{"type":"LineString","coordinates":[[73.79056,19.99391],[73.7907,19.99408],[73.79075,19.99413],[73.79091,19.99424]]},"properties":{"id":"road_w738161164","type":"road_segment","name":"Maulana Abdul Kalam Azad Road","name_local":null,"category":"tertiary","source":"openstreetmap","source_id":"way/738161164","updated_at":"2022-06-24T15:48:38Z","tags":{}}},{"type":"Feature","geometry":{"type":"LineString","coordinates":[[73.84038,19.95212],[73.84037,19.95185],[73.84037,19.95165],[73.84038,19.95158],[73.84053,19.95097],[73.84056,19.95074],[73.84072,19.94971],[73.84077,19.94933],[73.8408,19.94918],[73.84087,19.94839]]},"properties":{"id":"road_w738171256","type":"road_segment","name":"NashikRoad Railway-sation road","name_local":null,"category":"secondary","source":"openstreetmap","source_id":"way/738171256","updated_at":"2026-01-11T05:56:33Z","tags":{"oneway":"yes"}}},{"type":"Feature","geometry":{"type":"LineString","coordinates":[[73.76436,19.99006],[73.76405,19.99027]]},"properties":{"id":"road_w738173144","type":"road_segment","name":"Canal Link Road","name_local":null,"category":"primary","source":"openstreetmap","source_id":"way/738173144","updated_at":"2026-01-12T18:41:29Z","tags":{"lanes":"3","maxspeed":"50","surface":"asphalt","oneway":"yes","bridge":"yes"}}},{"type":"Feature","geometry":{"type":"LineString","coordinates":[[73.77969,19.97966],[73.77952,19.97971],[73.77823,19.98025],[73.77778,19.98042],[73.7775,19.9806],[73.77734,19.98072],[73.77715,19.98093],[73.77699,19.98112],[73.77668,19.98149],[73.77636,19.98192],[73.77582,19.98269],[73.77568,19.98286],[73.77517,19.98349],[73.77446,19.98434],[73.77435,19.98443],[73.77404,19.98465],[73.77286,19.98542],[73.77171,19.98613],[73.77099,19.98657],[73.77074,19.98672],[73.77055,19.98686],[73.76921,19.98768],[73.76776,19.98848],[73.7675,19.98864],[73.76646,19.98917],[73.76606,19.98943],[73.76528,19.98968],[73.76465,19.98987],[73.76445,19.98999],[73.76442,19.99001],[73.76436,19.99006]]},"properties":{"id":"road_w738173145","type":"road_segment","name":"Canal Link Road","name_local":null,"category":"primary","source":"openstreetmap","source_id":"way/738173145","updated_at":"2026-01-12T18:41:29Z","tags":{"lanes":"3","maxspeed":"50","surface":"asphalt","oneway":"yes"}}},{"type":"Feature","geometry":{"type":"LineString","coordinates":[[73.8102,19.98178],[73.81012,19.98199],[73.80985,19.98357],[73.80984,19.9838],[73.80982,19.98413],[73.80987,19.98583],[73.80987,19.9859],[73.80987,19.98607],[73.80988,19.9861],[73.80993,19.98657],[73.8098,19.98687],[73.80929,19.98812]]},"properties":{"id":"road_w738382740","type":"road_segment","name":"Tapovan Road","name_local":null,"category":"secondary","source":"openstreetmap","source_id":"way/738382740","updated_at":"2025-04-14T09:28:20Z","tags":{"oneway":"yes"}}},{"type":"Feature","geometry":{"type":"LineString","coordinates":[[73.80929,19.98812],[73.80909,19.98874]]},"properties":{"id":"road_w738382741","type":"road_segment","name":"Tapovan Road","name_local":null,"category":"secondary","source":"openstreetmap","source_id":"way/738382741","updated_at":"2023-08-01T08:13:08Z","tags":{"oneway":"yes","bridge":"yes"}}},{"type":"Feature","geometry":{"type":"LineString","coordinates":[[73.83711,19.94985],[73.83715,19.95036],[73.83723,19.95132],[73.83728,19.9518],[73.83728,19.95185],[73.83732,19.9522],[73.83737,19.95263],[73.83738,19.95278],[73.8376,19.95384]]},"properties":{"id":"road_w738404308","type":"road_segment","name":"Jail Road","name_local":null,"category":"primary","source":"openstreetmap","source_id":"way/738404308","updated_at":"2026-01-11T05:56:33Z","tags":{"oneway":"yes"}}},{"type":"Feature","geometry":{"type":"LineString","coordinates":[[73.83786,19.95457],[73.83837,19.95717]]},"properties":{"id":"road_w738404309","type":"road_segment","name":"Jail Road","name_local":null,"category":"primary","source":"openstreetmap","source_id":"way/738404309","updated_at":"2022-06-01T12:31:20Z","tags":{"ref":"SH27","oneway":"yes"}}},{"type":"Feature","geometry":{"type":"LineString","coordinates":[[73.80087,19.99586],[73.80102,19.99581],[73.80131,19.99572],[73.80141,19.99569],[73.80163,19.99563],[73.80166,19.99562],[73.80201,19.99554],[73.80227,19.99549],[73.8026,19.99541],[73.80312,19.99531],[73.8032,19.99529],[73.80328,19.99528],[73.80376,19.99517],[73.80383,19.99508]]},"properties":{"id":"road_w739683519","type":"road_segment","name":"Takli Road","name_local":null,"category":"tertiary","source":"openstreetmap","source_id":"way/739683519","updated_at":"2023-08-30T05:12:39Z","tags":{"oneway":"yes"}}},{"type":"Feature","geometry":{"type":"LineString","coordinates":[[73.80383,19.99508],[73.80374,19.99507],[73.80318,19.99518],[73.80309,19.9952],[73.80258,19.99532],[73.80224,19.99539],[73.80197,19.99544],[73.80161,19.99553],[73.80136,19.9956],[73.80127,19.99563],[73.80092,19.99571],[73.80079,19.99575],[73.80074,19.99577]]},"properties":{"id":"road_w739683520","type":"road_segment","name":"Takli Road","name_local":null,"category":"tertiary","source":"openstreetmap","source_id":"way/739683520","updated_at":"2023-08-30T05:12:39Z","tags":{"oneway":"yes"}}},{"type":"Feature","geometry":{"type":"LineString","coordinates":[[73.77214,19.94708],[73.77178,19.94764],[73.77158,19.94794],[73.7715,19.94812],[73.77144,19.94822],[73.77087,19.94928],[73.77083,19.94936],[73.77017,19.95063],[73.76999,19.95103],[73.76986,19.95121],[73.76973,19.95132],[73.76969,19.95136],[73.76914,19.95173],[73.76878,19.95196],[73.76739,19.9529],[73.76717,19.95302],[73.76701,19.95312],[73.76696,19.95314]]},"properties":{"id":"road_w739683924","type":"road_segment","name":"Pathardi Road","name_local":null,"category":"primary","source":"openstreetmap","source_id":"way/739683924","updated_at":"2026-02-23T14:02:45Z","tags":{"ref":"SH27","oneway":"no"}}},{"type":"Feature","geometry":{"type":"LineString","coordinates":[[73.77398,19.94415],[73.77382,19.94438]]},"properties":{"id":"road_w739683925","type":"road_segment","name":"Pathardi Roade","name_local":null,"category":"primary","source":"openstreetmap","source_id":"way/739683925","updated_at":"2024-03-11T12:47:27Z","tags":{"ref":"SH27","oneway":"yes"}}},{"type":"Feature","geometry":{"type":"LineString","coordinates":[[73.80483,20.05272],[73.80491,20.05295],[73.80522,20.05372],[73.80539,20.05413],[73.80552,20.05464],[73.80558,20.05514],[73.80571,20.05609],[73.80569,20.05717],[73.80568,20.05758],[73.80564,20.05924],[73.8056,20.06082],[73.80558,20.06161],[73.80555,20.06304],[73.80555,20.06629],[73.80555,20.06755],[73.80564,20.06776],[73.80601,20.06843],[73.80609,20.06858],[73.80619,20.06907],[73.80593,20.07001],[73.80578,20.07057],[73.80582,20.07155],[73.80593,20.07275],[73.80559,20.07471],[73.80555,20.07505],[73.8055,20.07529],[73.80547,20.07545],[73.80546,20.07572],[73.80538,20.07615],[73.80538,20.0768],[73.80539,20.07724],[73.80533,20.07787]]},"properties":{"id":"road_w740049113","type":"road_segment","name":"Dindori Road","name_local":null,"category":"primary","source":"openstreetmap","source_id":"way/740049113","updated_at":"2024-11-23T18:25:07Z","tags":{"ref":"SH17"}}},{"type":"Feature","geometry":{"type":"LineString","coordinates":[[73.80383,20.03587],[73.80378,20.03565],[73.80363,20.03502],[73.80356,20.03476],[73.80355,20.03473],[73.80314,20.03292]]},"properties":{"id":"road_w740049122","type":"road_segment","name":"Dindori Road","name_local":null,"category":"primary","source":"openstreetmap","source_id":"way/740049122","updated_at":"2019-11-05T03:27:17Z","tags":{"ref":"SH17","oneway":"yes"}}},{"type":"Feature","geometry":{"type":"LineString","coordinates":[[73.8115,20.02376],[73.81164,20.02377],[73.81541,20.02287],[73.81636,20.02264],[73.81681,20.0225],[73.81752,20.02225],[73.81833,20.02193],[73.81884,20.0217],[73.81934,20.02147],[73.81968,20.02131],[73.81997,20.0212],[73.82029,20.02108],[73.82064,20.02094],[73.8212,20.02061],[73.82205,20.02007],[73.82299,20.01948],[73.82312,20.01938],[73.82392,20.01866],[73.82436,20.01821],[73.82459,20.01793],[73.82486,20.01752],[73.82504,20.01719],[73.82518,20.01693],[73.82535,20.01661],[73.82537,20.01654]]},"properties":{"id":"road_w740084267","type":"road_segment","name":"Dr Nanasaheb Dharmadhikari Marg","name_local":null,"category":"primary","source":"openstreetmap","source_id":"way/740084267","updated_at":"2026-01-12T15:57:41Z","tags":{"oneway":"yes"}}},{"type":"Feature","geometry":{"type":"LineString","coordinates":[[73.77406,19.94422],[73.77403,19.94444],[73.7741,19.945],[73.77425,19.946],[73.77455,19.94751],[73.77471,19.94835],[73.77493,19.94948],[73.77504,19.94994],[73.77523,19.95082],[73.77526,19.95095],[73.77549,19.95198],[73.77568,19.9528],[73.7758,19.95329],[73.77583,19.95387],[73.77586,19.9541]]},"properties":{"id":"road_w740095275","type":"road_segment","name":"Wadala-Pathardi Road","name_local":null,"category":"secondary","source":"openstreetmap","source_id":"way/740095275","updated_at":"2026-01-11T19:23:43Z","tags":{"oneway":"yes"}}},{"type":"Feature","geometry":{"type":"LineString","coordinates":[[73.77598,19.95409],[73.77594,19.95383],[73.77589,19.95325],[73.77579,19.95281],[73.7756,19.95199],[73.77533,19.95081],[73.77527,19.95051],[73.77514,19.94993],[73.7751,19.94977],[73.77492,19.94886],[73.7748,19.94824],[73.77477,19.94811],[73.77464,19.94747],[73.77462,19.94736],[73.77436,19.94597],[73.77427,19.94542],[73.77423,19.94515],[73.77418,19.94473],[73.77415,19.94442],[73.77411,19.94421]]},"properties":{"id":"road_w740095277","type":"road_segment","name":"Wadala-Pathardi Road","name_local":null,"category":"secondary","source":"openstreetmap","source_id":"way/740095277","updated_at":"2026-01-11T19:23:43Z","tags":{"oneway":"yes"}}},{"type":"Feature","geometry":{"type":"LineString","coordinates":[[73.77027,20.00312],[73.77024,20.00303]]},"properties":{"id":"road_w740654539","type":"road_segment","name":"Canada Corner Link Road","name_local":null,"category":"primary","source":"openstreetmap","source_id":"way/740654539","updated_at":"2026-01-13T09:24:04Z","tags":{"oneway":"yes"}}},{"type":"Feature","geometry":{"type":"LineString","coordinates":[[73.7992,20.04706],[73.79921,20.04847]]},"properties":{"id":"road_w741803430","type":"road_segment","name":"Kishor Surywanshi Marg","name_local":null,"category":"tertiary","source":"openstreetmap","source_id":"way/741803430","updated_at":"2024-09-18T06:08:12Z","tags":{}}},{"type":"Feature","geometry":{"type":"LineString","coordinates":[[73.79231,19.98145],[73.79245,19.9812],[73.79256,19.98116],[73.79481,19.9811],[73.79658,19.98096],[73.7975,19.98088],[73.79767,19.98085],[73.79785,19.98083],[73.79803,19.9808],[73.79856,19.98075],[73.79879,19.98072],[73.79931,19.98063],[73.79971,19.98055],[73.80019,19.98054],[73.80057,19.98054],[73.80062,19.98054],[73.80076,19.98054],[73.80154,19.98051],[73.80187,19.98048],[73.80239,19.98043],[73.80318,19.9803],[73.80423,19.98009],[73.80484,19.97996],[73.80576,19.97977],[73.80606,19.9797],[73.80627,19.97961],[73.80646,19.97949],[73.80665,19.97937],[73.80671,19.97927]]},"properties":{"id":"road_w742061347","type":"road_segment","name":"Ashok Marg","name_local":null,"category":"tertiary","source":"openstreetmap","source_id":"way/742061347","updated_at":"2026-01-13T09:56:35Z","tags":{"oneway":"yes"}}},{"type":"Feature","geometry":{"type":"LineString","coordinates":[[73.76557,20.00571],[73.76556,20.00563],[73.76481,20.00346],[73.76455,20.00271]]},"properties":{"id":"road_w742068497","type":"road_segment","name":"Keshavrao More Road","name_local":null,"category":"tertiary","source":"openstreetmap","source_id":"way/742068497","updated_at":"2023-10-17T05:52:55Z","tags":{"oneway":"yes"}}},{"type":"Feature","geometry":{"type":"LineString","coordinates":[[73.73523,19.96317],[73.73521,19.96315],[73.73519,19.96314],[73.73517,19.96313],[73.73515,19.96313],[73.73512,19.96313],[73.7351,19.96314],[73.73508,19.96315],[73.73507,19.96317],[73.73506,19.9632],[73.73505,19.96322],[73.73506,19.96324],[73.73507,19.96326],[73.73508,19.96328],[73.7351,19.96329],[73.73513,19.9633],[73.73515,19.9633],[73.73518,19.9633],[73.7352,19.96329],[73.73522,19.96328],[73.73523,19.96326],[73.73524,19.96324],[73.73524,19.96321],[73.73524,19.96318],[73.73523,19.96317]]},"properties":{"id":"road_w742071732","type":"road_segment","name":"XLO Paint/CTR Circle","name_local":null,"category":"primary","source":"openstreetmap","source_id":"way/742071732","updated_at":"2026-02-10T14:26:04Z","tags":{"ref":"SH27","oneway":"yes"}}},{"type":"Feature","geometry":{"type":"LineString","coordinates":[[73.74414,19.94371],[73.74394,19.94385],[73.74376,19.94405],[73.74271,19.94509],[73.74207,19.94575],[73.74206,19.94576],[73.74161,19.94619],[73.7405,19.9473],[73.73971,19.94812],[73.73941,19.94841],[73.73905,19.94878],[73.73844,19.94939],[73.73803,19.9498],[73.7377,19.95014],[73.73754,19.95031],[73.73729,19.95055],[73.73617,19.95171],[73.73604,19.95192],[73.73598,19.95205],[73.73557,19.9528],[73.73554,19.9529],[73.73539,19.95325],[73.73532,19.95341],[73.73517,19.95395],[73.73511,19.95432],[73.7351,19.95472],[73.73509,19.95521],[73.73505,19.95568],[73.73504,19.9558],[73.73504,19.95631],[73.73506,19.95839],[73.73509,19.96029],[73.73509,19.96064],[73.73506,19.96195],[73.73509,19.96267],[73.7351,19.96314]]},"properties":{"id":"road_w742071733","type":"road_segment","name":"Doctor Gaware Road","name_local":null,"category":"secondary","source":"openstreetmap","source_id":"way/742071733","updated_at":"2026-02-10T14:26:04Z","tags":{"surface":"asphalt","oneway":"yes"}}},{"type":"Feature","geometry":{"type":"LineString","coordinates":[[73.84077,19.94837],[73.84065,19.94928],[73.8406,19.94971],[73.84052,19.95041],[73.84048,19.9507],[73.84044,19.95096],[73.8403,19.95159],[73.84029,19.95167],[73.84028,19.9519],[73.8403,19.95215]]},"properties":{"id":"road_w742111277","type":"road_segment","name":"NashikRoad railway station road","name_local":null,"category":"secondary","source":"openstreetmap","source_id":"way/742111277","updated_at":"2026-01-11T05:56:33Z","tags":{"oneway":"yes"}}},{"type":"Feature","geometry":{"type":"LineString","coordinates":[[73.8365,19.94626],[73.8366,19.94624],[73.83678,19.94626],[73.83697,19.94631],[73.83737,19.94645],[73.83744,19.94649],[73.83816,19.94679],[73.83856,19.94688],[73.83897,19.94694],[73.83915,19.94696],[73.83963,19.94705],[73.83971,19.94711],[73.83992,19.94726],[73.84008,19.94745],[73.84017,19.94756],[73.84074,19.94822]]},"properties":{"id":"road_w742111278","type":"road_segment","name":"Subhash Road","name_local":null,"category":"secondary","source":"openstreetmap","source_id":"way/742111278","updated_at":"2026-01-11T05:56:33Z","tags":{"oneway":"yes"}}},{"type":"Feature","geometry":{"type":"LineString","coordinates":[[73.86568,19.93089],[73.86558,19.93093],[73.8654,19.93103],[73.86491,19.93128],[73.86411,19.93167],[73.86376,19.93188],[73.86348,19.93212],[73.8633,19.9323]]},"properties":{"id":"road_w742360165","type":"road_segment","name":"Pune Nashik Road","name_local":null,"category":"trunk","source":"openstreetmap","source_id":"way/742360165","updated_at":"2024-06-03T08:57:43Z","tags":{"ref":"NH60","oneway":"yes"}}},{"type":"Feature","geometry":{"type":"LineString","coordinates":[[73.86341,19.9324],[73.86361,19.93221],[73.86385,19.93199],[73.86418,19.93179],[73.86551,19.93111],[73.86564,19.93105],[73.86575,19.93099]]},"properties":{"id":"road_w742360166","type":"road_segment","name":"Pune Nashik Road","name_local":null,"category":"trunk","source":"openstreetmap","source_id":"way/742360166","updated_at":"2024-06-03T08:57:43Z","tags":{"ref":"NH60","oneway":"yes"}}},{"type":"Feature","geometry":{"type":"LineString","coordinates":[[73.8633,19.9323],[73.86258,19.93314],[73.86183,19.93398]]},"properties":{"id":"road_w742360167","type":"road_segment","name":"Pune Nashik Road","name_local":null,"category":"trunk","source":"openstreetmap","source_id":"way/742360167","updated_at":"2023-03-21T14:54:58Z","tags":{"ref":"NH60","oneway":"yes","bridge":"yes"}}},{"type":"Feature","geometry":{"type":"LineString","coordinates":[[73.86183,19.93398],[73.86152,19.93434],[73.86128,19.93462],[73.86068,19.93531],[73.8603,19.93564],[73.85995,19.9359],[73.85955,19.93613],[73.8592,19.93632],[73.85915,19.93635],[73.85824,19.93684],[73.85744,19.93725],[73.85681,19.93758],[73.85656,19.93772],[73.85611,19.93804],[73.85569,19.93841],[73.85299,19.94113],[73.85103,19.94314]]},"properties":{"id":"road_w742360168","type":"road_segment","name":"Pune Nashik Road","name_local":null,"category":"trunk","source":"openstreetmap","source_id":"way/742360168","updated_at":"2025-02-25T21:39:34Z","tags":{"ref":"NH60;NH160","oneway":"yes"}}},{"type":"Feature","geometry":{"type":"LineString","coordinates":[[73.81037,19.98122],[73.81033,19.98134]]},"properties":{"id":"road_w742365898","type":"road_segment","name":"Tapovan Road","name_local":null,"category":"secondary","source":"openstreetmap","source_id":"way/742365898","updated_at":"2019-11-06T01:52:48Z","tags":{}}},{"type":"Feature","geometry":{"type":"LineString","coordinates":[[73.7435,20.00199],[73.74348,20.00287]]},"properties":{"id":"road_w742366380","type":"road_segment","name":"Suyojity Garden Road","name_local":null,"category":"residential","source":"openstreetmap","source_id":"way/742366380","updated_at":"2019-11-06T01:57:51Z","tags":{}}},{"type":"Feature","geometry":{"type":"LineString","coordinates":[[73.71865,20.01862],[73.71803,20.01757],[73.71738,20.01639],[73.71696,20.01568],[73.71628,20.01447],[73.71575,20.01358],[73.71545,20.01311],[73.71528,20.01281],[73.71515,20.01252],[73.71507,20.01233],[73.71502,20.01219],[73.71498,20.01199],[73.71491,20.01169],[73.71487,20.01155],[73.71484,20.01147],[73.71464,20.01107],[73.7145,20.01073],[73.71399,20.0098],[73.71385,20.00957],[73.71365,20.0092],[73.71347,20.00889],[73.71299,20.0081],[73.7126,20.0074],[73.71224,20.0069],[73.71202,20.00657],[73.71186,20.00635],[73.71179,20.00617],[73.71156,20.00532],[73.71151,20.00466],[73.71146,20.00312],[73.71146,20.00253],[73.71146,20.00238],[73.71146,20.00199],[73.71147,20.00148],[73.71147,20.0012],[73.7115,20.00035],[73.71153,19.99935],[73.71153,19.99928]]},"properties":{"id":"road_w762825629","type":"road_segment","name":"Gangapur-Satpur Link Road","name_local":null,"category":"primary","source":"openstreetmap","source_id":"way/762825629","updated_at":"2024-08-12T09:32:32Z","tags":{"oneway":"yes"}}},{"type":"Feature","geometry":{"type":"LineString","coordinates":[[73.7381,20.01087],[73.73912,20.0104]]},"properties":{"id":"road_w781220007","type":"road_segment","name":"4th Avenue Road","name_local":null,"category":"residential","source":"openstreetmap","source_id":"way/781220007","updated_at":"2023-08-28T05:59:08Z","tags":{}}},{"type":"Feature","geometry":{"type":"LineString","coordinates":[[73.73912,20.0104],[73.7397,20.01018],[73.74001,20.01006],[73.74015,20.01001],[73.74132,20.00955],[73.74146,20.0095],[73.74232,20.00914],[73.74274,20.00896]]},"properties":{"id":"road_w781220008","type":"road_segment","name":"4th Avenue Road","name_local":null,"category":"residential","source":"openstreetmap","source_id":"way/781220008","updated_at":"2023-08-28T05:59:08Z","tags":{}}},{"type":"Feature","geometry":{"type":"LineString","coordinates":[[73.81041,20.03211],[73.80997,20.03216],[73.80927,20.03222],[73.80844,20.03232],[73.80711,20.03247],[73.80623,20.03257],[73.80536,20.03267],[73.80516,20.03268],[73.80455,20.03276],[73.80413,20.03281],[73.8033,20.03288],[73.80325,20.03289]]},"properties":{"id":"road_w781252658","type":"road_segment","name":"Meri-Rasbihari Link Road","name_local":null,"category":"secondary","source":"openstreetmap","source_id":"way/781252658","updated_at":"2024-04-05T12:20:38Z","tags":{}}},{"type":"Feature","geometry":{"type":"LineString","coordinates":[[73.81087,20.03205],[73.81041,20.03211]]},"properties":{"id":"road_w781252659","type":"road_segment","name":"Meri-Rasbihari Link Road","name_local":null,"category":"secondary","source":"openstreetmap","source_id":"way/781252659","updated_at":"2020-03-14T08:37:45Z","tags":{"bridge":"yes"}}},{"type":"Feature","geometry":{"type":"LineString","coordinates":[[73.82156,20.04317],[73.82185,20.04294]]},"properties":{"id":"road_w781252663","type":"road_segment","name":"Mhasrul Adgaon Road","name_local":null,"category":"secondary","source":"openstreetmap","source_id":"way/781252663","updated_at":"2020-03-14T08:37:45Z","tags":{"oneway":"no","bridge":"yes"}}},{"type":"Feature","geometry":{"type":"LineString","coordinates":[[73.82185,20.04294],[73.82217,20.04261],[73.82258,20.04246],[73.82293,20.04234],[73.82319,20.04217],[73.82331,20.04206],[73.82343,20.0419],[73.82352,20.04179],[73.82366,20.04167],[73.82392,20.04158],[73.82439,20.04148],[73.82477,20.04146],[73.82499,20.04146],[73.82514,20.04144],[73.82521,20.04139],[73.82525,20.04126],[73.82526,20.04115],[73.82535,20.04102],[73.82543,20.04097],[73.82657,20.04085],[73.82763,20.04069],[73.82825,20.04065],[73.82927,20.0405],[73.82998,20.04035],[73.83034,20.04025],[73.83181,20.03956],[73.83213,20.03938],[73.83247,20.03919],[73.83343,20.03901],[73.83375,20.03899],[73.83442,20.03891],[73.83486,20.03879],[73.83501,20.03875],[73.83657,20.03829],[73.83696,20.03825],[73.83844,20.03792],[73.83867,20.03789],[73.8393,20.03779],[73.84017,20.03765],[73.84032,20.03763],[73.84207,20.03731],[73.8422,20.03728],[73.84248,20.03721],[73.84278,20.03712],[73.84359,20.03694],[73.84408,20.03683],[73.84461,20.03672],[73.84477,20.03668],[73.84599,20.03643],[73.84727,20.03612],[73.84741,20.03609],[73.84795,20.03598],[73.84888,20.03577],[73.85025,20.0352],[73.85107,20.03485],[73.85111,20.03483],[73.8513,20.03475],[73.85153,20.03466],[73.85202,20.03445],[73.85235,20.03429],[73.85296,20.03375],[73.85321,20.03343],[73.85364,20.03275],[73.85375,20.03259],[73.85388,20.0325],[73.85513,20.03172],[73.85567,20.03148],[73.85576,20.03144],[73.85625,20.03125],[73.85661,20.03108],[73.85694,20.03095]]},"properties":{"id":"road_w781252664","type":"road_segment","name":"Mhasrul Adgaon Road","name_local":null,"category":"secondary","source":"openstreetmap","source_id":"way/781252664","updated_at":"2024-09-18T09:41:04Z","tags":{"oneway":"no"}}},{"type":"Feature","geometry":{"type":"LineString","coordinates":[[73.50097,19.96731],[73.50069,19.96739]]},"properties":{"id":"road_w808899454","type":"road_segment","name":"Jawhar Trimbhak Highway","name_local":null,"category":"trunk","source":"openstreetmap","source_id":"way/808899454","updated_at":"2023-03-25T13:54:08Z","tags":{"ref":"NH160A","oneway":"no","bridge":"yes"}}},{"type":"Feature","geometry":{"type":"LineString","coordinates":[[73.50464,19.96542],[73.50307,19.96648],[73.50263,19.96678],[73.50184,19.96711],[73.50097,19.96731]]},"properties":{"id":"road_w808899455","type":"road_segment","name":"Jawhar Trimbhak Highway","name_local":null,"category":"trunk","source":"openstreetmap","source_id":"way/808899455","updated_at":"2023-03-25T13:54:08Z","tags":{"ref":"NH160A","oneway":"no"}}},{"type":"Feature","geometry":{"type":"LineString","coordinates":[[73.78129,19.9973],[73.78139,19.99732]]},"properties":{"id":"road_w845395439","type":"road_segment","name":"Zila Parishad Road","name_local":null,"category":"trunk","source":"openstreetmap","source_id":"way/845395439","updated_at":"2024-05-22T12:39:52Z","tags":{"ref":"NH848;SH30","oneway":"yes"}}},{"type":"Feature","geometry":{"type":"LineString","coordinates":[[73.78142,19.99722],[73.7813,19.99719]]},"properties":{"id":"road_w845395440","type":"road_segment","name":"Zila Parishad Road","name_local":null,"category":"trunk","source":"openstreetmap","source_id":"way/845395440","updated_at":"2024-05-22T12:39:52Z","tags":{"oneway":"yes"}}},{"type":"Feature","geometry":{"type":"LineString","coordinates":[[73.55455,19.94588],[73.5537,19.94538],[73.55352,19.94527],[73.55328,19.94514],[73.55274,19.94497],[73.55202,19.94488],[73.55128,19.9448]]},"properties":{"id":"road_w845790819","type":"road_segment","name":"Trimbak Road","name_local":null,"category":"trunk","source":"openstreetmap","source_id":"way/845790819","updated_at":"2025-02-17T15:25:32Z","tags":{"ref":"NH848","oneway":"yes"}}},{"type":"Feature","geometry":{"type":"LineString","coordinates":[[73.83339,19.88102],[73.83455,19.88041],[73.83507,19.88012],[73.83521,19.88005],[73.83536,19.88002],[73.83563,19.88001],[73.83582,19.87998],[73.83611,19.87985],[73.83697,19.8795],[73.83717,19.87941]]},"properties":{"id":"road_w941891070","type":"road_segment","name":"Flyover","name_local":null,"category":"secondary","source":"openstreetmap","source_id":"way/941891070","updated_at":"2025-12-23T12:00:15Z","tags":{"bridge":"yes"}}},{"type":"Feature","geometry":{"type":"LineString","coordinates":[[73.79467,20.00678],[73.79469,20.00693],[73.79474,20.00703],[73.79484,20.00738]]},"properties":{"id":"road_w992395209","type":"road_segment","name":"Shabrichi Bol","name_local":null,"category":"residential","source":"openstreetmap","source_id":"way/992395209","updated_at":"2026-01-21T17:02:26Z","tags":{}}},{"type":"Feature","geometry":{"type":"LineString","coordinates":[[73.78999,20.00789],[73.79011,20.00806]]},"properties":{"id":"road_w1019968012","type":"road_segment","name":"Ahilyabai Holkar Bridge","name_local":null,"category":"primary","source":"openstreetmap","source_id":"way/1019968012","updated_at":"2026-01-26T20:14:08Z","tags":{"oneway":"yes"}}},{"type":"Feature","geometry":{"type":"LineString","coordinates":[[73.79011,20.00806],[73.79127,20.00929]]},"properties":{"id":"road_w1019968013","type":"road_segment","name":"Ahilyabai Holkar Bridge","name_local":null,"category":"primary","source":"openstreetmap","source_id":"way/1019968013","updated_at":"2026-01-26T20:14:08Z","tags":{"maxspeed":"30","oneway":"yes","bridge":"yes"}}},{"type":"Feature","geometry":{"type":"LineString","coordinates":[[73.79485,20.00977],[73.7948,20.00977],[73.79476,20.00978],[73.79472,20.0098],[73.79471,20.00983],[73.79468,20.00987],[73.79468,20.00991],[73.7947,20.00995],[73.79472,20.00998],[73.79476,20.01],[73.7948,20.01001],[73.79484,20.01001],[73.79488,20.00999],[73.79491,20.00997],[73.79492,20.00995],[73.79493,20.00993],[73.79494,20.00989],[73.79494,20.00985],[73.79492,20.00982],[73.79489,20.00979],[73.79485,20.00977]]},"properties":{"id":"road_w1019968017","type":"road_segment","name":"Panchavati Karanja","name_local":null,"category":"primary","source":"openstreetmap","source_id":"way/1019968017","updated_at":"2026-02-21T08:40:40Z","tags":{"oneway":"yes"}}},{"type":"Feature","geometry":{"type":"LineString","coordinates":[[73.79454,20.02257],[73.79449,20.02269],[73.7945,20.02274],[73.79458,20.02336],[73.7948,20.02471],[73.795,20.02611],[73.79517,20.02734],[73.79518,20.02743],[73.79521,20.02768]]},"properties":{"id":"road_w1019968024","type":"road_segment","name":"Old Agra Road","name_local":null,"category":"trunk","source":"openstreetmap","source_id":"way/1019968024","updated_at":"2025-02-11T14:15:22Z","tags":{"ref":"NH848","oneway":"yes"}}},{"type":"Feature","geometry":{"type":"LineString","coordinates":[[73.79354,20.01674],[73.79358,20.01698],[73.79369,20.01759],[73.79386,20.01866],[73.79401,20.01979],[73.79415,20.02076],[73.7943,20.02167],[73.79439,20.0222],[73.79448,20.02239]]},"properties":{"id":"road_w1019968025","type":"road_segment","name":"Old Agra Road","name_local":null,"category":"trunk","source":"openstreetmap","source_id":"way/1019968025","updated_at":"2022-01-10T11:07:08Z","tags":{"ref":"NH848","oneway":"yes"}}},{"type":"Feature","geometry":{"type":"LineString","coordinates":[[73.79295,20.0125],[73.79295,20.01255],[73.79298,20.01272]]},"properties":{"id":"road_w1019968027","type":"road_segment","name":"Old Agra Road","name_local":null,"category":"trunk","source":"openstreetmap","source_id":"way/1019968027","updated_at":"2024-05-22T04:43:40Z","tags":{"ref":"NH848","oneway":"yes"}}},{"type":"Feature","geometry":{"type":"LineString","coordinates":[[73.79298,20.01272],[73.79302,20.01345],[73.79314,20.01422],[73.79316,20.01428],[73.79332,20.01527],[73.79333,20.01535],[73.79334,20.0154],[73.79341,20.01586]]},"properties":{"id":"road_w1019968028","type":"road_segment","name":"Old Agra Road","name_local":null,"category":"trunk","source":"openstreetmap","source_id":"way/1019968028","updated_at":"2024-09-19T07:12:57Z","tags":{"ref":"NH848","oneway":"yes"}}},{"type":"Feature","geometry":{"type":"LineString","coordinates":[[73.79341,20.01586],[73.79354,20.01674]]},"properties":{"id":"road_w1019968029","type":"road_segment","name":"Old Agra Road","name_local":null,"category":"trunk","source":"openstreetmap","source_id":"way/1019968029","updated_at":"2022-01-10T11:07:08Z","tags":{"ref":"NH848","oneway":"yes"}}},{"type":"Feature","geometry":{"type":"LineString","coordinates":[[73.83693,19.9475],[73.83683,19.9475],[73.8367,19.9475],[73.83572,19.94749],[73.83492,19.94746],[73.83448,19.94744],[73.83303,19.94728],[73.83237,19.94722],[73.83213,19.9472],[73.83177,19.94717],[73.83167,19.94716],[73.83118,19.94712],[73.82994,19.94705],[73.82977,19.94704],[73.82962,19.94702],[73.82953,19.947],[73.82939,19.94694],[73.82921,19.94687],[73.82907,19.9468],[73.8289,19.94673],[73.82883,19.9467],[73.82875,19.94668],[73.82837,19.94663],[73.82821,19.94661],[73.82811,19.9466],[73.82798,19.9466],[73.82777,19.94659],[73.82748,19.94657],[73.8273,19.94657],[73.82714,19.94655],[73.82691,19.94653],[73.82679,19.94654]]},"properties":{"id":"road_w1025442388","type":"road_segment","name":"Pathardi Roade","name_local":null,"category":"tertiary","source":"openstreetmap","source_id":"way/1025442388","updated_at":"2024-09-18T09:17:09Z","tags":{"ref":"SH27","oneway":"yes"}}},{"type":"Feature","geometry":{"type":"LineString","coordinates":[[73.80607,20.04771],[73.80621,20.04767],[73.80665,20.04757],[73.80762,20.04731],[73.80774,20.04729],[73.80784,20.04728],[73.80804,20.04726],[73.80841,20.04724],[73.80844,20.04724],[73.80853,20.04725],[73.80863,20.04731],[73.80877,20.04743],[73.80896,20.04756],[73.80918,20.04758],[73.80943,20.04751],[73.80967,20.04737],[73.80988,20.04722],[73.81013,20.04696],[73.81065,20.0461]]},"properties":{"id":"road_w1025448792","type":"road_segment","name":"Mhasrul Adgaon Road","name_local":null,"category":"secondary","source":"openstreetmap","source_id":"way/1025448792","updated_at":"2024-06-21T11:13:32Z","tags":{"oneway":"no"}}},{"type":"Feature","geometry":{"type":"LineString","coordinates":[[73.81065,20.0461],[73.81077,20.04591]]},"properties":{"id":"road_w1025448793","type":"road_segment","name":"Mhasrul Adgaon Road","name_local":null,"category":"secondary","source":"openstreetmap","source_id":"way/1025448793","updated_at":"2022-01-28T09:14:32Z","tags":{"oneway":"no","bridge":"yes"}}},{"type":"Feature","geometry":{"type":"LineString","coordinates":[[73.78814,20.00699],[73.7879,20.00585]]},"properties":{"id":"road_w1025450691","type":"road_segment","name":"Sarsubhe Lane","name_local":null,"category":"residential","source":"openstreetmap","source_id":"way/1025450691","updated_at":"2026-01-24T17:53:39Z","tags":{}}},{"type":"Feature","geometry":{"type":"LineString","coordinates":[[73.74207,19.94205],[73.74165,19.94178],[73.74124,19.94151],[73.741,19.94131],[73.74068,19.94102],[73.74041,19.94077],[73.74022,19.94057],[73.73982,19.94017],[73.73964,19.93999],[73.73905,19.93934],[73.73875,19.93905],[73.73856,19.93889]]},"properties":{"id":"road_w1027234700","type":"road_segment","name":"Service Road","name_local":null,"category":"primary","source":"openstreetmap","source_id":"way/1027234700","updated_at":"2026-01-11T19:23:43Z","tags":{"lanes":"2","surface":"asphalt"}}},{"type":"Feature","geometry":{"type":"LineString","coordinates":[[73.75444,20.00285],[73.75453,20.00462],[73.75454,20.00473],[73.7546,20.00535],[73.75489,20.00702],[73.75536,20.00855]]},"properties":{"id":"road_w1027293302","type":"road_segment","name":"Mahatma Nagar Link Road","name_local":null,"category":"secondary","source":"openstreetmap","source_id":"way/1027293302","updated_at":"2026-01-12T18:09:10Z","tags":{"lanes":"2","oneway":"yes"}}},{"type":"Feature","geometry":{"type":"LineString","coordinates":[[73.85321,19.85289],[73.85352,19.85262],[73.85356,19.85212],[73.85393,19.8493],[73.85436,19.84654],[73.85462,19.84409]]},"properties":{"id":"road_w1039503089","type":"road_segment","name":"Vinchuri Dalvi - Pandhurli Road","name_local":null,"category":"secondary","source":"openstreetmap","source_id":"way/1039503089","updated_at":"2022-03-12T06:46:32Z","tags":{"ref":"MDR55"}}},{"type":"Feature","geometry":{"type":"LineString","coordinates":[[73.83782,19.95443],[73.83785,19.95449]]},"properties":{"id":"road_w1065864190","type":"road_segment","name":"Jail Road","name_local":null,"category":"primary","source":"openstreetmap","source_id":"way/1065864190","updated_at":"2022-06-01T12:31:20Z","tags":{"ref":"SH27","oneway":"yes"}}},{"type":"Feature","geometry":{"type":"LineString","coordinates":[[73.83785,19.95449],[73.83786,19.95457]]},"properties":{"id":"road_w1065864191","type":"road_segment","name":"Jail Road","name_local":null,"category":"primary","source":"openstreetmap","source_id":"way/1065864191","updated_at":"2022-06-01T12:31:20Z","tags":{"ref":"SH27","oneway":"yes"}}},{"type":"Feature","geometry":{"type":"LineString","coordinates":[[73.84453,19.98297],[73.84457,19.98316],[73.84461,19.98336],[73.84471,19.98397],[73.84478,19.98442],[73.8448,19.98455],[73.84491,19.98542],[73.84498,19.98588],[73.845,19.98599],[73.84508,19.98636],[73.84523,19.98723],[73.84528,19.98762],[73.84542,19.98842],[73.84545,19.98854],[73.84549,19.9891]]},"properties":{"id":"road_w1065864222","type":"road_segment","name":"Jail Road","name_local":null,"category":"primary","source":"openstreetmap","source_id":"way/1065864222","updated_at":"2022-06-01T12:31:20Z","tags":{"ref":"SH27","oneway":"yes"}}},{"type":"Feature","geometry":{"type":"LineString","coordinates":[[73.83566,19.9555],[73.83582,19.95547],[73.8361,19.95527],[73.83696,19.9546],[73.83739,19.95429]]},"properties":{"id":"road_w1065864227","type":"road_segment","name":"Pune Road","name_local":null,"category":"secondary","source":"openstreetmap","source_id":"way/1065864227","updated_at":"2024-09-23T09:51:57Z","tags":{"lanes":"2","surface":"asphalt","oneway":"yes"}}},{"type":"Feature","geometry":{"type":"LineString","coordinates":[[73.83768,19.95407],[73.83778,19.95431],[73.83779,19.95434],[73.83782,19.95443]]},"properties":{"id":"road_w1065864228","type":"road_segment","name":"Jail Road","name_local":null,"category":"primary","source":"openstreetmap","source_id":"way/1065864228","updated_at":"2023-08-29T04:39:40Z","tags":{"ref":"SH27","oneway":"yes"}}},{"type":"Feature","geometry":{"type":"LineString","coordinates":[[73.83791,19.95439],[73.83787,19.95429],[73.83776,19.95401]]},"properties":{"id":"road_w1065864229","type":"road_segment","name":"Jail Road","name_local":null,"category":"primary","source":"openstreetmap","source_id":"way/1065864229","updated_at":"2022-06-01T12:31:20Z","tags":{"ref":"SH27","oneway":"yes"}}},{"type":"Feature","geometry":{"type":"LineString","coordinates":[[73.83768,19.95407],[73.83776,19.95401]]},"properties":{"id":"road_w1065864230","type":"road_segment","name":"Pune Road","name_local":null,"category":"secondary","source":"openstreetmap","source_id":"way/1065864230","updated_at":"2022-06-01T12:31:20Z","tags":{"lanes":"2","surface":"asphalt","oneway":"yes"}}},{"type":"Feature","geometry":{"type":"LineString","coordinates":[[73.75358,19.97661],[73.75375,19.97659],[73.75397,19.97657],[73.75427,19.97654]]},"properties":{"id":"road_w1066661199","type":"road_segment","name":"M 49","name_local":null,"category":"residential","source":"openstreetmap","source_id":"way/1066661199","updated_at":"2024-03-26T02:58:42Z","tags":{}}},{"type":"Feature","geometry":{"type":"LineString","coordinates":[[73.76022,19.98846],[73.76064,19.98881],[73.76072,19.98887],[73.76103,19.98911],[73.76128,19.98931]]},"properties":{"id":"road_w1075001070","type":"road_segment","name":"Ambad Link Road (M17)","name_local":null,"category":"secondary","source":"openstreetmap","source_id":"way/1075001070","updated_at":"2022-07-01T05:59:26Z","tags":{}}},{"type":"Feature","geometry":{"type":"LineString","coordinates":[[73.75531,19.98085],[73.75538,19.98108],[73.75545,19.98131],[73.7556,19.98188],[73.75593,19.9825],[73.75619,19.98305]]},"properties":{"id":"road_w1075001072","type":"road_segment","name":"Ambad Link Road (M17)","name_local":null,"category":"secondary","source":"openstreetmap","source_id":"way/1075001072","updated_at":"2024-08-13T09:33:58Z","tags":{}}},{"type":"Feature","geometry":{"type":"LineString","coordinates":[[73.76334,20.00587],[73.76357,20.00584],[73.76386,20.00581],[73.76415,20.00579],[73.7644,20.00576],[73.76501,20.00574],[73.7655,20.00572],[73.76557,20.00571],[73.76576,20.00569],[73.76609,20.00561],[73.7662,20.00559],[73.76654,20.00549],[73.76665,20.00546],[73.76691,20.00538]]},"properties":{"id":"road_w1096950968","type":"road_segment","name":"College road","name_local":null,"category":"secondary","source":"openstreetmap","source_id":"way/1096950968","updated_at":"2024-08-09T06:14:02Z","tags":{"lanes":"2","surface":"concrete","oneway":"yes"}}},{"type":"Feature","geometry":{"type":"LineString","coordinates":[[73.76696,20.00528],[73.76632,20.00549],[73.76608,20.00555],[73.76571,20.00561],[73.76556,20.00563],[73.76548,20.00564],[73.7652,20.00565],[73.76465,20.00567],[73.7644,20.00568],[73.76414,20.0057]]},"properties":{"id":"road_w1096950969","type":"road_segment","name":"College Road","name_local":null,"category":"secondary","source":"openstreetmap","source_id":"way/1096950969","updated_at":"2023-12-13T04:33:19Z","tags":{"lanes":"2","surface":"concrete","oneway":"yes"}}},{"type":"Feature","geometry":{"type":"LineString","coordinates":[[73.76829,20.00483],[73.76742,20.00514],[73.76696,20.00528]]},"properties":{"id":"road_w1100760070","type":"road_segment","name":"College Road","name_local":null,"category":"secondary","source":"openstreetmap","source_id":"way/1100760070","updated_at":"2022-10-04T05:22:33Z","tags":{"lanes":"2","surface":"concrete","oneway":"yes"}}},{"type":"Feature","geometry":{"type":"LineString","coordinates":[[73.74951,19.98954],[73.74942,19.98963],[73.74927,19.99008],[73.74925,19.99014],[73.74921,19.99027],[73.7492,19.99035],[73.7492,19.99041],[73.7492,19.99051],[73.74922,19.99064],[73.74933,19.9911],[73.74935,19.99119],[73.74942,19.99148],[73.74955,19.99198],[73.74972,19.99262],[73.74979,19.99296]]},"properties":{"id":"road_w1103434616","type":"road_segment","name":"A Road","name_local":null,"category":"tertiary","source":"openstreetmap","source_id":"way/1103434616","updated_at":"2024-08-09T10:54:25Z","tags":{"oneway":"yes"}}},{"type":"Feature","geometry":{"type":"LineString","coordinates":[[73.74979,19.99296],[73.74982,19.99319],[73.74982,19.99348]]},"properties":{"id":"road_w1103434617","type":"road_segment","name":"A Road","name_local":null,"category":"tertiary","source":"openstreetmap","source_id":"way/1103434617","updated_at":"2022-10-13T10:22:42Z","tags":{"oneway":"yes"}}},{"type":"Feature","geometry":{"type":"LineString","coordinates":[[73.74982,19.99348],[73.74982,19.99354],[73.74986,19.9936]]},"properties":{"id":"road_w1103434618","type":"road_segment","name":"A Road","name_local":null,"category":"tertiary","source":"openstreetmap","source_id":"way/1103434618","updated_at":"2022-10-13T10:22:42Z","tags":{"oneway":"yes"}}},{"type":"Feature","geometry":{"type":"LineString","coordinates":[[73.81749,19.9848],[73.81754,19.98473],[73.81763,19.98399],[73.81775,19.98326],[73.81778,19.98311],[73.81779,19.98243],[73.81779,19.98208],[73.81778,19.9817],[73.81775,19.98106],[73.81774,19.98083],[73.81771,19.98069]]},"properties":{"id":"road_w1112019998","type":"road_segment","name":"Takli Road","name_local":null,"category":"secondary","source":"openstreetmap","source_id":"way/1112019998","updated_at":"2026-01-13T10:14:13Z","tags":{"oneway":"yes"}}},{"type":"Feature","geometry":{"type":"LineString","coordinates":[[73.7803,19.97988],[73.78032,19.97973],[73.78034,19.97967],[73.78038,19.97962],[73.7812,19.9794],[73.78189,19.97919],[73.78238,19.97902],[73.78252,19.97896],[73.78266,19.97891],[73.78284,19.97885],[73.78348,19.97866],[73.78411,19.97849],[73.78415,19.97848],[73.78436,19.97843],[73.78466,19.97834],[73.78514,19.97821],[73.78645,19.97781],[73.78652,19.97778],[73.78669,19.97761]]},"properties":{"id":"road_w1116440401","type":"road_segment","name":"Shree Sant Savata Mali Marg","name_local":null,"category":"primary","source":"openstreetmap","source_id":"way/1116440401","updated_at":"2026-01-12T12:58:03Z","tags":{"oneway":"yes"}}},{"type":"Feature","geometry":{"type":"LineString","coordinates":[[73.79382,19.97258],[73.79253,19.97262],[73.79242,19.97263],[73.79229,19.97265],[73.79217,19.97267],[73.792,19.97273],[73.79177,19.97281],[73.79163,19.97295]]},"properties":{"id":"road_w1117996493","type":"road_segment","name":"Shree Sant Savata Mali Marg","name_local":null,"category":"primary","source":"openstreetmap","source_id":"way/1117996493","updated_at":"2026-01-12T12:58:03Z","tags":{"oneway":"yes"}}},{"type":"Feature","geometry":{"type":"LineString","coordinates":[[73.82145,20.01507],[73.81926,20.01439]]},"properties":{"id":"road_w1118815198","type":"road_segment","name":"Mumbai Agra Highway Elevated Corridor","name_local":null,"category":"motorway","source":"openstreetmap","source_id":"way/1118815198","updated_at":"2026-01-11T19:23:43Z","tags":{"ref":"NH60","lanes":"3","surface":"asphalt","oneway":"yes","bridge":"yes"}}},{"type":"Feature","geometry":{"type":"LineString","coordinates":[[73.77063,19.97858],[73.77052,19.97845],[73.77036,19.97824],[73.77015,19.97792],[73.76975,19.97751],[73.76918,19.97691],[73.76846,19.97617],[73.76799,19.97569],[73.76774,19.97547],[73.76734,19.97508],[73.76715,19.97489],[73.76667,19.97442],[73.76592,19.97366],[73.76567,19.9734],[73.76549,19.97321],[73.7652,19.97291],[73.76508,19.97279],[73.76476,19.97248],[73.76447,19.97219],[73.76399,19.97175],[73.76382,19.9716],[73.76345,19.97124],[73.76267,19.97046],[73.76257,19.97037],[73.76221,19.97002],[73.76169,19.96946],[73.76167,19.96944],[73.7614,19.96922],[73.76084,19.96867],[73.7605,19.96833],[73.7601,19.96795],[73.76001,19.96793]]},"properties":{"id":"road_w1119774165","type":"road_segment","name":"Maharana Pratap Chowk Road","name_local":null,"category":"secondary","source":"openstreetmap","source_id":"way/1119774165","updated_at":"2026-01-10T20:04:54Z","tags":{"oneway":"yes"}}},{"type":"Feature","geometry":{"type":"LineString","coordinates":[[73.75951,19.95618],[73.75931,19.95624],[73.75842,19.95656]]},"properties":{"id":"road_w1120067838","type":"road_segment","name":"Pathardi Road","name_local":null,"category":"primary","source":"openstreetmap","source_id":"way/1120067838","updated_at":"2022-12-07T10:37:32Z","tags":{"ref":"SH27","oneway":"yes"}}},{"type":"Feature","geometry":{"type":"LineString","coordinates":[[73.75796,19.95676],[73.75775,19.95695],[73.75733,19.9573],[73.75638,19.95814],[73.75632,19.95824]]},"properties":{"id":"road_w1120067839","type":"road_segment","name":"SH27","name_local":null,"category":"primary","source":"openstreetmap","source_id":"way/1120067839","updated_at":"2024-06-24T16:17:35Z","tags":{"ref":"SH27","oneway":"yes"}}},{"type":"Feature","geometry":{"type":"LineString","coordinates":[[73.79712,20.00529],[73.79716,20.00492],[73.79719,20.0047]]},"properties":{"id":"road_w1123507586","type":"road_segment","name":"Colony Road","name_local":null,"category":"residential","source":"openstreetmap","source_id":"way/1123507586","updated_at":"2022-12-20T04:19:43Z","tags":{}}},{"type":"Feature","geometry":{"type":"LineString","coordinates":[[73.79716,20.00492],[73.79755,20.00493]]},"properties":{"id":"road_w1123507664","type":"road_segment","name":"Colony Road","name_local":null,"category":"residential","source":"openstreetmap","source_id":"way/1123507664","updated_at":"2022-12-20T04:20:19Z","tags":{"surface":"colony_road"}}},{"type":"Feature","geometry":{"type":"LineString","coordinates":[[73.78732,20.01263],[73.78731,20.01234],[73.78728,20.01189],[73.78729,20.0117]]},"properties":{"id":"road_w1124350662","type":"road_segment","name":"Colony Road","name_local":null,"category":"residential","source":"openstreetmap","source_id":"way/1124350662","updated_at":"2025-12-27T11:21:10Z","tags":{}}},{"type":"Feature","geometry":{"type":"LineString","coordinates":[[73.58276,19.94075],[73.58277,19.94071],[73.58277,19.94059],[73.58271,19.94029],[73.58268,19.94007],[73.58265,19.93983],[73.5825,19.93952],[73.5823,19.93905],[73.58224,19.93872],[73.58208,19.93802],[73.58197,19.93746]]},"properties":{"id":"road_w1150866391","type":"road_segment","name":"Anjaneri Treck Road","name_local":null,"category":"unclassified","source":"openstreetmap","source_id":"way/1150866391","updated_at":"2023-03-03T05:24:34Z","tags":{"surface":"dirt"}}},{"type":"Feature","geometry":{"type":"LineString","coordinates":[[73.58197,19.93746],[73.58192,19.93717],[73.58193,19.93691],[73.58192,19.93672],[73.58195,19.93638],[73.58201,19.93614],[73.58205,19.93588],[73.58204,19.93559],[73.582,19.93534],[73.58194,19.93513],[73.58175,19.93474],[73.58154,19.93433],[73.58142,19.9341],[73.5814,19.93399],[73.58143,19.93393],[73.58149,19.93388],[73.58162,19.93384],[73.58197,19.93385]]},"properties":{"id":"road_w1150866392","type":"road_segment","name":"Anjaneri Treck Road","name_local":null,"category":"unclassified","source":"openstreetmap","source_id":"way/1150866392","updated_at":"2023-03-03T05:24:34Z","tags":{"surface":"dirt"}}},{"type":"Feature","geometry":{"type":"LineString","coordinates":[[73.7698,19.95465],[73.76973,19.95397],[73.76968,19.95359],[73.76966,19.95347],[73.76962,19.95332],[73.76937,19.95286],[73.76911,19.95246],[73.76898,19.95226],[73.76878,19.95196]]},"properties":{"id":"road_w1153415551","type":"road_segment","name":"Dnyaneshwar Nagar Road","name_local":null,"category":"residential","source":"openstreetmap","source_id":"way/1153415551","updated_at":"2026-02-23T14:02:45Z","tags":{}}},{"type":"Feature","geometry":{"type":"LineString","coordinates":[[73.77586,19.9541],[73.77602,19.95466],[73.77611,19.95489],[73.77676,19.95671],[73.77685,19.957],[73.77694,19.95737],[73.77706,19.95797],[73.77714,19.95838],[73.77726,19.95898],[73.77742,19.95952],[73.77759,19.96008],[73.77764,19.96023],[73.77769,19.96038],[73.77772,19.9605],[73.77787,19.96098],[73.77798,19.96135],[73.77811,19.9618],[73.77823,19.96218],[73.77832,19.96236],[73.77856,19.96288],[73.7786,19.96297],[73.77912,19.96403],[73.77931,19.96443],[73.77952,19.96481],[73.77976,19.96529],[73.78021,19.96615],[73.78084,19.96717],[73.78088,19.96723],[73.78124,19.96771],[73.78145,19.968],[73.78195,19.96867],[73.78225,19.96912]]},"properties":{"id":"road_w1190094324","type":"road_segment","name":"Wadala-Pathardi Road","name_local":null,"category":"secondary","source":"openstreetmap","source_id":"way/1190094324","updated_at":"2026-01-11T19:23:43Z","tags":{"lanes":"1","surface":"asphalt","oneway":"yes"}}},{"type":"Feature","geometry":{"type":"LineString","coordinates":[[73.81033,19.98134],[73.8102,19.98178]]},"properties":{"id":"road_w1193703569","type":"road_segment","name":"Tapovan Road","name_local":null,"category":"secondary","source":"openstreetmap","source_id":"way/1193703569","updated_at":"2023-08-01T08:13:08Z","tags":{"oneway":"no"}}},{"type":"Feature","geometry":{"type":"LineString","coordinates":[[73.80974,19.99772],[73.80988,19.99842],[73.80995,19.99896],[73.81014,19.99942]]},"properties":{"id":"road_w1193703570","type":"road_segment","name":"Tapovan Road","name_local":null,"category":"secondary","source":"openstreetmap","source_id":"way/1193703570","updated_at":"2023-08-01T08:13:08Z","tags":{"oneway":"no"}}},{"type":"Feature","geometry":{"type":"LineString","coordinates":[[73.73559,19.96316],[73.73546,19.96315],[73.73539,19.96315],[73.73524,19.96318]]},"properties":{"id":"road_w1194191164","type":"road_segment","name":"SH27","name_local":null,"category":"primary","source":"openstreetmap","source_id":"way/1194191164","updated_at":"2023-08-03T05:04:19Z","tags":{"ref":"SH27","oneway":"yes"}}},{"type":"Feature","geometry":{"type":"LineString","coordinates":[[73.72457,19.98283],[73.72459,19.98277],[73.72473,19.98234],[73.72495,19.98156],[73.72511,19.98096],[73.72515,19.98085],[73.72519,19.98072],[73.72538,19.98029],[73.7256,19.97981],[73.72581,19.97932],[73.72603,19.97874],[73.72634,19.97809],[73.72641,19.97793],[73.72666,19.97727],[73.72684,19.97671],[73.72697,19.97641],[73.72722,19.97585],[73.72749,19.97515],[73.72774,19.97449],[73.72793,19.97404],[73.72809,19.97378],[73.72827,19.97351],[73.72845,19.97324],[73.72869,19.9729],[73.72896,19.97251],[73.72912,19.97226],[73.72939,19.97185],[73.72971,19.97135],[73.72977,19.97127],[73.73027,19.97041],[73.73031,19.97035],[73.73036,19.97026],[73.73066,19.9698],[73.73107,19.96907],[73.7311,19.96902],[73.73155,19.96819],[73.73203,19.9674],[73.73257,19.96635],[73.73266,19.96618],[73.73307,19.96542],[73.73325,19.96506],[73.7339,19.96413],[73.73416,19.96376],[73.7343,19.96362],[73.73437,19.96357],[73.7351,19.96329]]},"properties":{"id":"road_w1194191165","type":"road_segment","name":"Ambad Satpur Link Road","name_local":"अंबड सातपूर लिंक रोड","category":"primary","source":"openstreetmap","source_id":"way/1194191165","updated_at":"2026-02-10T16:17:04Z","tags":{"name:en":"Ambad Satpur Link Road","name:mr":"अंबड सातपूर लिंक रोड","oneway":"yes"}}},{"type":"Feature","geometry":{"type":"LineString","coordinates":[[73.72367,19.98566],[73.72377,19.98531],[73.72385,19.98509],[73.72387,19.98504],[73.72403,19.98462],[73.72425,19.98386],[73.72438,19.98341]]},"properties":{"id":"road_w1194191167","type":"road_segment","name":"Ambad Satpur Link Road","name_local":"अंबड सातपूर लिंक रोड","category":"primary","source":"openstreetmap","source_id":"way/1194191167","updated_at":"2026-02-10T16:17:04Z","tags":{"name:en":"Ambad Satpur Link Road","name:mr":"अंबड सातपूर लिंक रोड","oneway":"yes"}}},{"type":"Feature","geometry":{"type":"LineString","coordinates":[[73.72438,19.98341],[73.7245,19.983],[73.72457,19.98283]]},"properties":{"id":"road_w1194191168","type":"road_segment","name":"Ambad Satpur Link Road","name_local":"अंबड सातपूर लिंक रोड","category":"primary","source":"openstreetmap","source_id":"way/1194191168","updated_at":"2026-02-10T16:17:04Z","tags":{"name:en":"Ambad Satpur Link Road","name:mr":"अंबड सातपूर लिंक रोड","oneway":"yes","bridge":"yes"}}},{"type":"Feature","geometry":{"type":"LineString","coordinates":[[73.75294,19.96966],[73.75295,19.96928]]},"properties":{"id":"road_w1202252752","type":"road_segment","name":"M 16","name_local":null,"category":"residential","source":"openstreetmap","source_id":"way/1202252752","updated_at":"2023-08-26T09:09:01Z","tags":{}}},{"type":"Feature","geometry":{"type":"LineString","coordinates":[[73.73565,20.01674],[73.73558,20.01664],[73.7354,20.01648],[73.73496,20.01596],[73.73425,20.01497],[73.73414,20.01481],[73.73407,20.01466],[73.734,20.01455],[73.73388,20.01428],[73.73375,20.014],[73.73357,20.01372],[73.7333,20.01328]]},"properties":{"id":"road_w1202697653","type":"road_segment","name":"4th Avenue Road","name_local":null,"category":"residential","source":"openstreetmap","source_id":"way/1202697653","updated_at":"2023-08-28T05:59:08Z","tags":{}}},{"type":"Feature","geometry":{"type":"LineString","coordinates":[[73.80145,19.98645],[73.80147,19.98632],[73.80155,19.98611],[73.80172,19.98586],[73.80193,19.98561],[73.80209,19.98545],[73.80254,19.98497],[73.80284,19.98461],[73.80296,19.98448],[73.80326,19.98413],[73.80345,19.9839],[73.80378,19.98353],[73.80467,19.98256],[73.80516,19.98204],[73.80567,19.9815],[73.80638,19.98076],[73.80732,19.97977],[73.80751,19.97958],[73.80759,19.97949],[73.80782,19.97924],[73.80908,19.9779],[73.80922,19.97774],[73.80928,19.97767],[73.80942,19.97752],[73.80947,19.97747],[73.80971,19.97721],[73.80988,19.97706],[73.81039,19.97651]]},"properties":{"id":"road_w1202701010","type":"road_segment","name":"Nashik Pune Highway","name_local":null,"category":"trunk","source":"openstreetmap","source_id":"way/1202701010","updated_at":"2025-12-11T07:55:16Z","tags":{"ref":"NH60;NH160","lanes":"3","surface":"asphalt","oneway":"yes"}}},{"type":"Feature","geometry":{"type":"LineString","coordinates":[[73.75427,19.97654],[73.75481,19.97649]]},"properties":{"id":"road_w1202737109","type":"road_segment","name":"M 49","name_local":null,"category":"residential","source":"openstreetmap","source_id":"way/1202737109","updated_at":"2023-08-28T09:37:25Z","tags":{}}},{"type":"Feature","geometry":{"type":"LineString","coordinates":[[73.79216,20.00422],[73.79244,20.00416],[73.79263,20.00414],[73.7927,20.00413],[73.79277,20.00413],[73.79283,20.00414]]},"properties":{"id":"road_w1202766312","type":"road_segment","name":"Kapad Bazaar","name_local":null,"category":"tertiary","source":"openstreetmap","source_id":"way/1202766312","updated_at":"2023-08-28T11:26:38Z","tags":{}}},{"type":"Feature","geometry":{"type":"LineString","coordinates":[[73.83739,19.95429],[73.83754,19.95428],[73.83761,19.95428],[73.83767,19.9543],[73.83773,19.95432],[73.83779,19.95434]]},"properties":{"id":"road_w1203021309","type":"road_segment","name":"Pune Road","name_local":null,"category":"primary_link","source":"openstreetmap","source_id":"way/1203021309","updated_at":"2024-09-19T09:18:07Z","tags":{"lanes":"2","surface":"asphalt","oneway":"yes"}}},{"type":"Feature","geometry":{"type":"LineString","coordinates":[[73.83739,19.95429],[73.83768,19.95407]]},"properties":{"id":"road_w1203021310","type":"road_segment","name":"Pune Road","name_local":null,"category":"secondary","source":"openstreetmap","source_id":"way/1203021310","updated_at":"2023-08-29T04:39:40Z","tags":{"lanes":"2","surface":"asphalt","oneway":"yes"}}},{"type":"Feature","geometry":{"type":"LineString","coordinates":[[73.83556,19.94412],[73.83556,19.94416],[73.83554,19.94421],[73.8358,19.94486],[73.836,19.94536],[73.83603,19.94541],[73.83636,19.94619],[73.83638,19.94623],[73.8364,19.94628],[73.83683,19.9475],[73.83686,19.94759],[73.83686,19.94761],[73.83692,19.94798],[73.83699,19.94845],[73.83707,19.94932],[73.83711,19.94985]]},"properties":{"id":"road_w1203053388","type":"road_segment","name":"Jail Road","name_local":null,"category":"primary","source":"openstreetmap","source_id":"way/1203053388","updated_at":"2026-01-11T05:56:33Z","tags":{"oneway":"yes"}}},{"type":"Feature","geometry":{"type":"LineString","coordinates":[[73.74571,19.97105],[73.74594,19.97079],[73.74607,19.97065],[73.74628,19.97043],[73.74636,19.97034]]},"properties":{"id":"road_w1203059774","type":"road_segment","name":"M 11","name_local":null,"category":"residential","source":"openstreetmap","source_id":"way/1203059774","updated_at":"2024-09-16T06:19:52Z","tags":{}}},{"type":"Feature","geometry":{"type":"LineString","coordinates":[[73.74985,19.97049],[73.74983,19.97015]]},"properties":{"id":"road_w1203060923","type":"road_segment","name":"M 13","name_local":null,"category":"residential","source":"openstreetmap","source_id":"way/1203060923","updated_at":"2023-08-29T09:22:04Z","tags":{}}},{"type":"Feature","geometry":{"type":"LineString","coordinates":[[73.78558,20.00924],[73.78558,20.00933]]},"properties":{"id":"road_w1203072950","type":"road_segment","name":"Old Agra Road","name_local":null,"category":"trunk","source":"openstreetmap","source_id":"way/1203072950","updated_at":"2023-08-29T10:07:05Z","tags":{"ref":"NH848"}}},{"type":"Feature","geometry":{"type":"LineString","coordinates":[[73.74982,19.9962],[73.74984,19.99502],[73.74986,19.99437],[73.74986,19.99412],[73.74986,19.9936]]},"properties":{"id":"road_w1203463190","type":"road_segment","name":"A Road","name_local":null,"category":"tertiary","source":"openstreetmap","source_id":"way/1203463190","updated_at":"2023-08-30T10:29:40Z","tags":{}}},{"type":"Feature","geometry":{"type":"LineString","coordinates":[[73.74978,19.99858],[73.7498,19.99741],[73.74982,19.9962]]},"properties":{"id":"road_w1203463192","type":"road_segment","name":"A Road","name_local":null,"category":"tertiary","source":"openstreetmap","source_id":"way/1203463192","updated_at":"2023-08-30T10:29:40Z","tags":{}}},{"type":"Feature","geometry":{"type":"LineString","coordinates":[[73.76266,20.003],[73.76348,20.00286]]},"properties":{"id":"road_w1203470063","type":"road_segment","name":"Shraddha Mall Road","name_local":null,"category":"residential","source":"openstreetmap","source_id":"way/1203470063","updated_at":"2023-08-30T11:00:40Z","tags":{}}},{"type":"Feature","geometry":{"type":"LineString","coordinates":[[73.81055,20.11953],[73.81087,20.12029],[73.81104,20.12082],[73.81119,20.12124]]},"properties":{"id":"road_w1204127457","type":"road_segment","name":"Dindori Road","name_local":null,"category":"primary","source":"openstreetmap","source_id":"way/1204127457","updated_at":"2023-09-01T10:11:49Z","tags":{"ref":"SH17"}}},{"type":"Feature","geometry":{"type":"LineString","coordinates":[[73.76515,20.01739],[73.76544,20.01736]]},"properties":{"id":"road_w1212184916","type":"road_segment","name":"Swami Vivekanand Road","name_local":null,"category":"tertiary","source":"openstreetmap","source_id":"way/1212184916","updated_at":"2023-10-01T08:08:44Z","tags":{}}},{"type":"Feature","geometry":{"type":"LineString","coordinates":[[73.85003,20.02839],[73.85077,20.02862],[73.85223,20.02914]]},"properties":{"id":"road_w1216753844","type":"road_segment","name":"Agra Mumbai Road","name_local":null,"category":"trunk","source":"openstreetmap","source_id":"way/1216753844","updated_at":"2026-01-11T18:49:04Z","tags":{"ref":"NH60","lanes":"3","surface":"asphalt","oneway":"yes"}}},{"type":"Feature","geometry":{"type":"LineString","coordinates":[[73.85224,20.02903],[73.8515,20.02876],[73.85057,20.02845],[73.85002,20.02828]]},"properties":{"id":"road_w1216753845","type":"road_segment","name":"Agra Mumbai Road","name_local":null,"category":"trunk","source":"openstreetmap","source_id":"way/1216753845","updated_at":"2026-01-11T18:49:04Z","tags":{"ref":"NH60","lanes":"3","surface":"asphalt","oneway":"yes"}}},{"type":"Feature","geometry":{"type":"LineString","coordinates":[[73.82658,20.01701],[73.82666,20.0171],[73.82681,20.01719],[73.82701,20.01731],[73.82726,20.01744],[73.82751,20.01756],[73.82956,20.01852]]},"properties":{"id":"road_w1216788381","type":"road_segment","name":"Agra Mumbai Road Flyover Ramp","name_local":null,"category":"motorway_link","source":"openstreetmap","source_id":"way/1216788381","updated_at":"2026-01-11T19:23:43Z","tags":{"oneway":"yes","bridge":"yes"}}},{"type":"Feature","geometry":{"type":"LineString","coordinates":[[73.82969,20.01826],[73.82755,20.01724],[73.8272,20.01719]]},"properties":{"id":"road_w1216788382","type":"road_segment","name":"Agra Mumbai Road Flyover Ramp","name_local":null,"category":"motorway_link","source":"openstreetmap","source_id":"way/1216788382","updated_at":"2026-01-11T19:23:43Z","tags":{"oneway":"yes","bridge":"yes"}}},{"type":"Feature","geometry":{"type":"LineString","coordinates":[[73.83226,20.01991],[73.83253,20.02013],[73.83736,20.02304]]},"properties":{"id":"road_w1216788383","type":"road_segment","name":"Agra Mumbai Road Flyover Ramp","name_local":null,"category":"motorway_link","source":"openstreetmap","source_id":"way/1216788383","updated_at":"2026-01-11T19:23:43Z","tags":{"oneway":"yes"}}},{"type":"Feature","geometry":{"type":"LineString","coordinates":[[73.81608,20.03122],[73.815,20.03137],[73.81423,20.03144],[73.81365,20.03149],[73.81336,20.03153],[73.81297,20.03171],[73.81247,20.03182],[73.81087,20.03205]]},"properties":{"id":"road_w1216788390","type":"road_segment","name":"Meri-Rasbihari Link Road","name_local":null,"category":"secondary","source":"openstreetmap","source_id":"way/1216788390","updated_at":"2024-11-23T18:25:07Z","tags":{}}},{"type":"Feature","geometry":{"type":"LineString","coordinates":[[73.8165,20.03112],[73.81608,20.03122]]},"properties":{"id":"road_w1216788391","type":"road_segment","name":"Meri-Rasbihari Link Road","name_local":null,"category":"secondary","source":"openstreetmap","source_id":"way/1216788391","updated_at":"2024-05-28T06:16:05Z","tags":{"bridge":"yes"}}},{"type":"Feature","geometry":{"type":"LineString","coordinates":[[73.84638,19.94812],[73.84646,19.94796],[73.84662,19.94766],[73.84682,19.94737],[73.84695,19.94719],[73.8471,19.94701],[73.84732,19.9468],[73.84757,19.9466],[73.84821,19.94607],[73.84877,19.94554],[73.85051,19.94378]]},"properties":{"id":"road_w1218500067","type":"road_segment","name":"Pune Nashik Road","name_local":null,"category":"trunk","source":"openstreetmap","source_id":"way/1218500067","updated_at":"2023-11-28T11:24:52Z","tags":{"ref":"NH60","surface":"asphalt","oneway":"yes"}}},{"type":"Feature","geometry":{"type":"LineString","coordinates":[[73.78728,20.01189],[73.78769,20.01189]]},"properties":{"id":"road_w1220468579","type":"road_segment","name":"Colony Road","name_local":null,"category":"residential","source":"openstreetmap","source_id":"way/1220468579","updated_at":"2023-11-03T09:29:23Z","tags":{}}},{"type":"Feature","geometry":{"type":"LineString","coordinates":[[73.92373,20.09291],[73.9239,20.09382],[73.92401,20.09423],[73.92412,20.09449],[73.92428,20.09481],[73.92445,20.09507],[73.92466,20.09536]]},"properties":{"id":"road_w1221512885","type":"road_segment","name":"Agra Mumbai Road","name_local":null,"category":"trunk","source":"openstreetmap","source_id":"way/1221512885","updated_at":"2023-11-06T10:44:18Z","tags":{"ref":"NH60","lanes":"3","surface":"asphalt","oneway":"yes"}}},{"type":"Feature","geometry":{"type":"LineString","coordinates":[[73.92383,20.09231],[73.92373,20.09173],[73.92354,20.09032]]},"properties":{"id":"road_w1221512886","type":"road_segment","name":"Agra Mumbai Road","name_local":null,"category":"trunk","source":"openstreetmap","source_id":"way/1221512886","updated_at":"2023-11-06T10:44:18Z","tags":{"ref":"NH60","oneway":"yes"}}},{"type":"Feature","geometry":{"type":"LineString","coordinates":[[73.92154,20.08729],[73.92225,20.08797],[73.92262,20.08841],[73.92291,20.08887],[73.92315,20.08934],[73.9233,20.08976],[73.92343,20.09033]]},"properties":{"id":"road_w1221512887","type":"road_segment","name":"Agra Mumbai Road","name_local":null,"category":"trunk","source":"openstreetmap","source_id":"way/1221512887","updated_at":"2023-11-06T10:44:18Z","tags":{"ref":"NH60","lanes":"3","surface":"asphalt","oneway":"yes","bridge":"yes"}}},{"type":"Feature","geometry":{"type":"LineString","coordinates":[[73.92343,20.09033],[73.92346,20.09053],[73.92362,20.09187],[73.92365,20.09231]]},"properties":{"id":"road_w1221512888","type":"road_segment","name":"Agra Mumbai Road","name_local":null,"category":"trunk","source":"openstreetmap","source_id":"way/1221512888","updated_at":"2023-11-06T10:44:18Z","tags":{"ref":"NH60","lanes":"3","surface":"asphalt","oneway":"yes"}}},{"type":"Feature","geometry":{"type":"LineString","coordinates":[[73.92365,20.09231],[73.92373,20.09291]]},"properties":{"id":"road_w1221512889","type":"road_segment","name":"Agra Mumbai Road","name_local":null,"category":"trunk","source":"openstreetmap","source_id":"way/1221512889","updated_at":"2023-11-06T10:44:18Z","tags":{"ref":"NH60","lanes":"3","surface":"asphalt","oneway":"yes","bridge":"yes"}}},{"type":"Feature","geometry":{"type":"LineString","coordinates":[[73.92697,20.09785],[73.92647,20.09728],[73.92553,20.09618],[73.92523,20.09583]]},"properties":{"id":"road_w1221512900","type":"road_segment","name":"Agra Mumbai Road","name_local":null,"category":"trunk","source":"openstreetmap","source_id":"way/1221512900","updated_at":"2023-11-06T10:44:18Z","tags":{"ref":"NH60","oneway":"yes"}}},{"type":"Feature","geometry":{"type":"LineString","coordinates":[[73.92512,20.0959],[73.92664,20.09768],[73.9271,20.09821]]},"properties":{"id":"road_w1221512901","type":"road_segment","name":"Agra Mumbai Road","name_local":null,"category":"trunk","source":"openstreetmap","source_id":"way/1221512901","updated_at":"2023-11-06T10:44:18Z","tags":{"ref":"NH60","lanes":"3","surface":"asphalt","oneway":"yes"}}},{"type":"Feature","geometry":{"type":"LineString","coordinates":[[73.92466,20.09536],[73.92512,20.0959]]},"properties":{"id":"road_w1221512902","type":"road_segment","name":"Agra Mumbai Road","name_local":null,"category":"trunk","source":"openstreetmap","source_id":"way/1221512902","updated_at":"2023-11-06T10:44:18Z","tags":{"ref":"NH60","lanes":"3","surface":"asphalt","oneway":"yes","bridge":"yes"}}},{"type":"Feature","geometry":{"type":"LineString","coordinates":[[73.92523,20.09583],[73.92497,20.09552],[73.92477,20.09528]]},"properties":{"id":"road_w1221512903","type":"road_segment","name":"Agra Mumbai Road","name_local":null,"category":"trunk","source":"openstreetmap","source_id":"way/1221512903","updated_at":"2023-11-06T10:44:18Z","tags":{"ref":"NH60","oneway":"yes","bridge":"yes"}}},{"type":"Feature","geometry":{"type":"LineString","coordinates":[[73.76414,20.0057],[73.76382,20.00574],[73.76358,20.00577],[73.76346,20.00579],[73.76332,20.00581]]},"properties":{"id":"road_w1230755713","type":"road_segment","name":"College Road","name_local":null,"category":"secondary","source":"openstreetmap","source_id":"way/1230755713","updated_at":"2023-12-13T04:33:19Z","tags":{"lanes":"2","surface":"concrete","oneway":"yes"}}},{"type":"Feature","geometry":{"type":"LineString","coordinates":[[73.78656,19.99898],[73.78693,19.99903],[73.78707,19.99906],[73.78733,19.9991],[73.7875,19.99913],[73.78753,19.99914],[73.78815,19.99929],[73.78826,19.99929]]},"properties":{"id":"road_w1238224935","type":"road_segment","name":"GPO Road","name_local":null,"category":"tertiary","source":"openstreetmap","source_id":"way/1238224935","updated_at":"2026-03-17T04:47:41Z","tags":{"ref":"NH848;SH30","oneway":"yes"}}},{"type":"Feature","geometry":{"type":"LineString","coordinates":[[73.78656,19.99898],[73.78658,19.99888]]},"properties":{"id":"road_w1238224936","type":"road_segment","name":"Tilak Road","name_local":null,"category":"secondary","source":"openstreetmap","source_id":"way/1238224936","updated_at":"2026-01-11T03:29:33Z","tags":{"ref":"SH30","lanes":"2","surface":"asphalt","oneway":"yes"}}},{"type":"Feature","geometry":{"type":"LineString","coordinates":[[73.78695,19.99897],[73.78658,19.99888]]},"properties":{"id":"road_w1238224937","type":"road_segment","name":"GPO Road","name_local":null,"category":"tertiary","source":"openstreetmap","source_id":"way/1238224937","updated_at":"2024-03-07T07:17:55Z","tags":{"oneway":"yes"}}},{"type":"Feature","geometry":{"type":"LineString","coordinates":[[73.81424,19.97256],[73.81488,19.97197],[73.81526,19.97164],[73.81603,19.97098],[73.81674,19.97041],[73.81729,19.96997],[73.81768,19.96965],[73.81781,19.96954],[73.81838,19.96909],[73.81847,19.96903],[73.81873,19.9688],[73.81909,19.96848],[73.82091,19.96696]]},"properties":{"id":"road_w1240430196","type":"road_segment","name":"Nashik Pune Highway","name_local":null,"category":"trunk","source":"openstreetmap","source_id":"way/1240430196","updated_at":"2024-09-19T04:42:31Z","tags":{"ref":"NH6","lanes":"3","surface":"asphalt","oneway":"yes"}}},{"type":"Feature","geometry":{"type":"LineString","coordinates":[[73.68985,20.07489],[73.68973,20.07487],[73.68952,20.07485],[73.6893,20.07487],[73.68907,20.0749],[73.68882,20.07496],[73.68855,20.07506],[73.68841,20.0751],[73.68833,20.07512],[73.68827,20.07509],[73.68813,20.07501],[73.68799,20.07489],[73.68783,20.0748],[73.68768,20.07477],[73.68748,20.07474],[73.68721,20.07471],[73.68702,20.07466],[73.68674,20.07465],[73.68658,20.07462],[73.68651,20.07458],[73.68648,20.07453],[73.68641,20.07433],[73.68637,20.07417],[73.68633,20.07403],[73.68626,20.07384],[73.68623,20.07367],[73.68624,20.07357],[73.68622,20.07353],[73.68617,20.07351],[73.68609,20.07354],[73.68595,20.07357],[73.68573,20.07362],[73.68555,20.07368],[73.68539,20.07368],[73.68521,20.07368],[73.68508,20.07366],[73.6849,20.07362],[73.68475,20.07357],[73.68463,20.07337],[73.68458,20.0732],[73.68454,20.07308],[73.6845,20.0729],[73.68441,20.07267],[73.68436,20.07249],[73.68428,20.07226],[73.68422,20.07203],[73.68419,20.0719],[73.68413,20.07172],[73.68406,20.07154],[73.68398,20.0713],[73.68394,20.07115],[73.6839,20.07098],[73.68384,20.0708],[73.68378,20.07062],[73.68369,20.07042],[73.6836,20.07023],[73.68353,20.06997]]},"properties":{"id":"road_w1257795286","type":"road_segment","name":"Gangapur Road","name_local":null,"category":"unclassified","source":"openstreetmap","source_id":"way/1257795286","updated_at":"2024-03-05T11:57:08Z","tags":{"ref":"SH27"}}},{"type":"Feature","geometry":{"type":"LineString","coordinates":[[73.72221,20.05106],[73.72202,20.05101],[73.72167,20.05096],[73.72129,20.05104],[73.71979,20.05189],[73.71531,20.05444],[73.71441,20.05493],[73.71367,20.0552],[73.71275,20.05562],[73.7082,20.05797],[73.70274,20.06076],[73.68945,20.06726],[73.68418,20.06974],[73.68353,20.06997]]},"properties":{"id":"road_w1257795287","type":"road_segment","name":"State Highway 26","name_local":null,"category":"primary","source":"openstreetmap","source_id":"way/1257795287","updated_at":"2024-03-05T11:57:08Z","tags":{"ref":"SH26","oneway":"no"}}},{"type":"Feature","geometry":{"type":"LineString","coordinates":[[73.77414,19.94414],[73.77426,19.944],[73.7745,19.94379],[73.77459,19.94366]]},"properties":{"id":"road_w1260586446","type":"road_segment","name":"Pathardi Road","name_local":null,"category":"primary","source":"openstreetmap","source_id":"way/1260586446","updated_at":"2026-01-11T05:56:33Z","tags":{"ref":"SH27","oneway":"yes"}}},{"type":"Feature","geometry":{"type":"LineString","coordinates":[[73.77352,19.94497],[73.77366,19.94489],[73.77402,19.94421]]},"properties":{"id":"road_w1260586447","type":"road_segment","name":"Pathardi Roade","name_local":null,"category":"primary","source":"openstreetmap","source_id":"way/1260586447","updated_at":"2024-03-11T12:47:27Z","tags":{"ref":"SH27","oneway":"yes"}}},{"type":"Feature","geometry":{"type":"LineString","coordinates":[[73.77382,19.94438],[73.77365,19.94467],[73.77355,19.94485],[73.77352,19.94497]]},"properties":{"id":"road_w1260586448","type":"road_segment","name":"Pathardi Road","name_local":null,"category":"primary","source":"openstreetmap","source_id":"way/1260586448","updated_at":"2024-03-11T12:47:27Z","tags":{"ref":"SH27","oneway":"yes"}}},{"type":"Feature","geometry":{"type":"LineString","coordinates":[[73.83717,19.87941],[73.83728,19.87936]]},"properties":{"id":"road_w1261437877","type":"road_segment","name":"Flyover","name_local":null,"category":"secondary","source":"openstreetmap","source_id":"way/1261437877","updated_at":"2024-09-23T09:27:17Z","tags":{}}},{"type":"Feature","geometry":{"type":"LineString","coordinates":[[73.83728,19.87936],[73.83707,19.87936],[73.83612,19.87974],[73.83575,19.87989],[73.83555,19.87992],[73.83531,19.87992],[73.83516,19.87995],[73.83496,19.88005],[73.83476,19.88016],[73.83471,19.88019],[73.83338,19.88092],[73.83329,19.88107]]},"properties":{"id":"road_w1261437878","type":"road_segment","name":"Lam Road","name_local":null,"category":"tertiary","source":"openstreetmap","source_id":"way/1261437878","updated_at":"2024-03-12T09:37:06Z","tags":{"ref":"MDR55"}}},{"type":"Feature","geometry":{"type":"LineString","coordinates":[[73.75079,19.9699],[73.75078,19.96978],[73.75074,19.96943]]},"properties":{"id":"road_w1266044441","type":"road_segment","name":"M 12","name_local":null,"category":"residential","source":"openstreetmap","source_id":"way/1266044441","updated_at":"2024-03-25T09:32:40Z","tags":{}}},{"type":"Feature","geometry":{"type":"LineString","coordinates":[[73.75451,19.97347],[73.75461,19.97346]]},"properties":{"id":"road_w1266054592","type":"road_segment","name":"M 54","name_local":null,"category":"residential","source":"openstreetmap","source_id":"way/1266054592","updated_at":"2024-08-06T09:11:31Z","tags":{}}},{"type":"Feature","geometry":{"type":"LineString","coordinates":[[73.75477,19.97597],[73.75488,19.97596]]},"properties":{"id":"road_w1266058337","type":"road_segment","name":"M 50","name_local":null,"category":"secondary_link","source":"openstreetmap","source_id":"way/1266058337","updated_at":"2024-03-25T10:13:30Z","tags":{}}},{"type":"Feature","geometry":{"type":"LineString","coordinates":[[73.75436,19.97277],[73.75448,19.97275]]},"properties":{"id":"road_w1266060041","type":"road_segment","name":"M 36","name_local":null,"category":"residential","source":"openstreetmap","source_id":"way/1266060041","updated_at":"2024-08-06T09:10:44Z","tags":{}}},{"type":"Feature","geometry":{"type":"LineString","coordinates":[[73.80314,20.03292],[73.80325,20.03289]]},"properties":{"id":"road_w1270024961","type":"road_segment","name":"Meri-Rasbihari Link Road","name_local":null,"category":"secondary","source":"openstreetmap","source_id":"way/1270024961","updated_at":"2024-04-05T12:20:38Z","tags":{"oneway":"yes"}}},{"type":"Feature","geometry":{"type":"LineString","coordinates":[[73.76696,19.95314],[73.76684,19.95319],[73.76674,19.95326],[73.76582,19.95391],[73.76553,19.95413],[73.76551,19.95414],[73.76511,19.9544],[73.76494,19.95447],[73.76466,19.95457],[73.76442,19.95465],[73.7634,19.95497],[73.76243,19.95527],[73.76172,19.95549],[73.76094,19.95575],[73.76083,19.95578],[73.76057,19.95587],[73.76047,19.9559],[73.75979,19.9561],[73.75951,19.95618]]},"properties":{"id":"road_w1273644178","type":"road_segment","name":"Pathardi Road","name_local":null,"category":"primary","source":"openstreetmap","source_id":"way/1273644178","updated_at":"2024-09-16T09:15:16Z","tags":{"ref":"SH27","oneway":"yes"}}},{"type":"Feature","geometry":{"type":"LineString","coordinates":[[73.79307,20.01248],[73.79295,20.0125],[73.79273,20.01253],[73.7925,20.01261],[73.79223,20.01273],[73.79212,20.01279],[73.79205,20.01282],[73.79144,20.01311],[73.79136,20.01314],[73.79129,20.01316],[73.79123,20.01316],[73.79117,20.01315],[73.79109,20.01311],[73.79104,20.01308],[73.79096,20.013],[73.79079,20.01283],[73.79056,20.01257],[73.79036,20.01236],[73.7903,20.01231],[73.79029,20.01229],[73.79015,20.01214],[73.78999,20.01198],[73.78979,20.01183],[73.78965,20.01173],[73.78949,20.01163],[73.78936,20.01157],[73.78928,20.01152],[73.78903,20.01139],[73.78883,20.01123],[73.7887,20.01109],[73.78866,20.01106],[73.7886,20.01103],[73.78852,20.01101],[73.78843,20.011],[73.78828,20.01101],[73.78808,20.01104]]},"properties":{"id":"road_w1285446651","type":"road_segment","name":"Old Agra Road","name_local":null,"category":"trunk","source":"openstreetmap","source_id":"way/1285446651","updated_at":"2025-12-27T11:05:24Z","tags":{"ref":"NH848","oneway":"yes"}}},{"type":"Feature","geometry":{"type":"LineString","coordinates":[[73.78768,20.01108],[73.78722,20.01112],[73.78705,20.01112],[73.78688,20.01111],[73.78675,20.01109],[73.7863,20.011],[73.78574,20.01086],[73.78568,20.01082],[73.78564,20.01077],[73.78561,20.01066],[73.78559,20.01052]]},"properties":{"id":"road_w1285446653","type":"road_segment","name":"Old Agra Road","name_local":null,"category":"trunk","source":"openstreetmap","source_id":"way/1285446653","updated_at":"2024-05-22T04:43:40Z","tags":{"ref":"NH848","oneway":"yes"}}},{"type":"Feature","geometry":{"type":"LineString","coordinates":[[73.78808,20.01104],[73.78768,20.01108]]},"properties":{"id":"road_w1285446654","type":"road_segment","name":"Old Agra Road","name_local":null,"category":"trunk","source":"openstreetmap","source_id":"way/1285446654","updated_at":"2024-05-22T04:43:40Z","tags":{"ref":"NH848","oneway":"yes","bridge":"yes"}}},{"type":"Feature","geometry":{"type":"LineString","coordinates":[[73.73517,19.96313],[73.73516,19.96304],[73.73516,19.96267],[73.73518,19.96064],[73.73518,19.96053],[73.73518,19.96024],[73.73517,19.95897],[73.73515,19.95839],[73.73514,19.9563],[73.73515,19.9558],[73.73515,19.95567],[73.73518,19.95472],[73.73519,19.95434],[73.73528,19.95389],[73.73565,19.95282],[73.73627,19.95174],[73.73684,19.95118],[73.73736,19.95061],[73.73851,19.94945],[73.73949,19.94848],[73.73978,19.94818],[73.74059,19.94737],[73.7417,19.94626],[73.74214,19.94582],[73.74279,19.94517],[73.74394,19.94399],[73.74401,19.94392],[73.74414,19.94371]]},"properties":{"id":"road_w1285534648","type":"road_segment","name":"Doctor Gaware Road","name_local":null,"category":"secondary","source":"openstreetmap","source_id":"way/1285534648","updated_at":"2026-01-22T17:11:22Z","tags":{"oneway":"yes"}}},{"type":"Feature","geometry":{"type":"LineString","coordinates":[[73.75842,19.95656],[73.75818,19.95636],[73.75785,19.95612],[73.75734,19.95564],[73.75705,19.95536],[73.75681,19.95511],[73.75627,19.95453],[73.7557,19.95393],[73.75469,19.9528],[73.75445,19.95254],[73.75425,19.95234],[73.75403,19.95214],[73.7534,19.95165],[73.75302,19.95134],[73.75255,19.95096],[73.75182,19.95037],[73.75114,19.94984],[73.75074,19.94952],[73.75056,19.94939],[73.74971,19.9487],[73.74678,19.946],[73.74621,19.94552],[73.74572,19.94508],[73.74552,19.94491],[73.74527,19.94465],[73.74428,19.94365],[73.74426,19.94363],[73.74373,19.94315],[73.74351,19.94297],[73.74317,19.94272],[73.74286,19.94253],[73.74226,19.94217],[73.74207,19.94205]]},"properties":{"id":"road_w1286198754","type":"road_segment","name":"Vikrikar Bhavan Road","name_local":null,"category":"primary","source":"openstreetmap","source_id":"way/1286198754","updated_at":"2026-01-11T19:23:43Z","tags":{"lanes":"2","surface":"asphalt"}}},{"type":"Feature","geometry":{"type":"LineString","coordinates":[[74.03386,20.06053],[74.03403,20.06058],[74.03458,20.06076],[74.0353,20.06097],[74.03563,20.06105],[74.03615,20.06113],[74.03652,20.06117],[74.03743,20.06128],[74.03834,20.06139],[74.03944,20.06152],[74.04019,20.06162],[74.04089,20.06172],[74.04165,20.06184],[74.04264,20.06202],[74.04312,20.0621],[74.04334,20.06213],[74.04346,20.06217],[74.04358,20.06221],[74.04373,20.06231],[74.04387,20.06244],[74.04404,20.06262],[74.04418,20.0628],[74.04427,20.06298],[74.0444,20.06327],[74.0445,20.06353],[74.04466,20.06391],[74.04482,20.06432],[74.04495,20.06467]]},"properties":{"id":"road_w1288647064","type":"road_segment","name":"SH 30","name_local":null,"category":"primary","source":"openstreetmap","source_id":"way/1288647064","updated_at":"2024-06-01T12:05:35Z","tags":{"ref":"SH30","oneway":"yes"}}},{"type":"Feature","geometry":{"type":"LineString","coordinates":[[73.71868,20.01875],[73.71865,20.01862]]},"properties":{"id":"road_w1289046165","type":"road_segment","name":"Gangapur-Satpur Link Road","name_local":null,"category":"primary","source":"openstreetmap","source_id":"way/1289046165","updated_at":"2024-06-03T05:33:54Z","tags":{"oneway":"yes"}}},{"type":"Feature","geometry":{"type":"LineString","coordinates":[[73.83169,19.89659],[73.83168,19.89669],[73.83176,19.89755]]},"properties":{"id":"road_w1289049913","type":"road_segment","name":"Lam Road","name_local":null,"category":"secondary","source":"openstreetmap","source_id":"way/1289049913","updated_at":"2024-06-03T06:01:44Z","tags":{"ref":"MDR55"}}},{"type":"Feature","geometry":{"type":"LineString","coordinates":[[73.83171,19.89636],[73.8317,19.89651]]},"properties":{"id":"road_w1289049914","type":"road_segment","name":"Lam Road","name_local":null,"category":"secondary","source":"openstreetmap","source_id":"way/1289049914","updated_at":"2024-06-03T06:01:44Z","tags":{"ref":"MDR55","bridge":"yes"}}},{"type":"Feature","geometry":{"type":"LineString","coordinates":[[73.8317,19.89651],[73.83169,19.89659]]},"properties":{"id":"road_w1289049915","type":"road_segment","name":"Lam Road","name_local":null,"category":"secondary","source":"openstreetmap","source_id":"way/1289049915","updated_at":"2024-06-03T06:01:44Z","tags":{"ref":"MDR55"}}},{"type":"Feature","geometry":{"type":"LineString","coordinates":[[73.83776,19.95401],[73.83767,19.95378]]},"properties":{"id":"road_w1289051247","type":"road_segment","name":"Jail Road","name_local":null,"category":"primary","source":"openstreetmap","source_id":"way/1289051247","updated_at":"2024-06-03T06:23:12Z","tags":{"ref":"SH27","oneway":"yes"}}},{"type":"Feature","geometry":{"type":"LineString","coordinates":[[73.8376,19.95384],[73.83768,19.95407]]},"properties":{"id":"road_w1289051249","type":"road_segment","name":"Jail Road","name_local":null,"category":"primary","source":"openstreetmap","source_id":"way/1289051249","updated_at":"2024-06-03T06:23:12Z","tags":{"ref":"SH27","oneway":"yes"}}},{"type":"Feature","geometry":{"type":"LineString","coordinates":[[73.51237,19.88969],[73.51155,19.88928],[73.51095,19.88888],[73.51071,19.88856],[73.51055,19.8882],[73.50997,19.88715],[73.50941,19.88662],[73.50918,19.88647],[73.50901,19.88622],[73.50884,19.88567],[73.5087,19.88546],[73.50799,19.88501],[73.50726,19.88452],[73.50649,19.88351],[73.50547,19.88236],[73.50466,19.88157],[73.50452,19.88142],[73.50408,19.88098],[73.50361,19.88061],[73.50334,19.88038],[73.5031,19.88],[73.50293,19.87948],[73.50294,19.87918],[73.50281,19.8788],[73.50236,19.87807],[73.50202,19.87769],[73.50173,19.87751],[73.50163,19.87745],[73.50114,19.87723],[73.50065,19.87714],[73.49978,19.87718],[73.49953,19.87725],[73.49936,19.87727],[73.49915,19.87722],[73.49883,19.87702],[73.49864,19.87681],[73.49811,19.87638],[73.49783,19.87626],[73.49754,19.87626],[73.49715,19.8763],[73.49684,19.8763],[73.49657,19.87626],[73.49473,19.87609],[73.494,19.87617],[73.49314,19.87641],[73.49237,19.87669],[73.49112,19.87699],[73.49061,19.87705],[73.49006,19.87712],[73.48932,19.87718],[73.48914,19.87718]]},"properties":{"id":"road_w1289084682","type":"road_segment","name":"Maharashtra State Highway 21","name_local":null,"category":"trunk","source":"openstreetmap","source_id":"way/1289084682","updated_at":"2024-06-03T10:03:58Z","tags":{"ref":"NH160A","oneway":"no"}}},{"type":"Feature","geometry":{"type":"LineString","coordinates":[[73.51262,19.88979],[73.51237,19.88969]]},"properties":{"id":"road_w1289084683","type":"road_segment","name":"Maharashtra State Highway 21","name_local":null,"category":"trunk","source":"openstreetmap","source_id":"way/1289084683","updated_at":"2024-06-03T10:03:58Z","tags":{"ref":"NH160A","oneway":"no","bridge":"yes"}}},{"type":"Feature","geometry":{"type":"LineString","coordinates":[[73.5474,19.89982],[73.54666,19.90026],[73.54618,19.90067],[73.54584,19.90143],[73.54567,19.90152],[73.54541,19.90151],[73.54505,19.9014],[73.54465,19.90118],[73.54408,19.90079],[73.54386,19.90057],[73.5437,19.90018],[73.54318,19.89909],[73.54271,19.89836],[73.54215,19.89776],[73.54201,19.89759],[73.54189,19.89751],[73.54166,19.89742],[73.54095,19.89736],[73.54026,19.89715],[73.5388,19.89643],[73.53787,19.89614],[73.53704,19.8959]]},"properties":{"id":"road_w1289085245","type":"road_segment","name":"Maharashtra State Highway 21","name_local":null,"category":"trunk","source":"openstreetmap","source_id":"way/1289085245","updated_at":"2024-06-03T10:08:06Z","tags":{"ref":"NH160A","oneway":"no"}}},{"type":"Feature","geometry":{"type":"LineString","coordinates":[[73.53704,19.8959],[73.53682,19.89583]]},"properties":{"id":"road_w1289085246","type":"road_segment","name":"Maharashtra State Highway 21","name_local":null,"category":"trunk","source":"openstreetmap","source_id":"way/1289085246","updated_at":"2024-06-03T10:08:06Z","tags":{"ref":"NH160A","oneway":"no","bridge":"yes"}}},{"type":"Feature","geometry":{"type":"LineString","coordinates":[[73.96196,19.8665],[73.96185,19.86649],[73.96142,19.8664]]},"properties":{"id":"road_w1291983539","type":"road_segment","name":"Pune Nashik Road","name_local":null,"category":"trunk","source":"openstreetmap","source_id":"way/1291983539","updated_at":"2024-06-14T12:42:38Z","tags":{"ref":"NH160","oneway":"yes"}}},{"type":"Feature","geometry":{"type":"LineString","coordinates":[[73.97742,19.85837],[73.976,19.85988],[73.97496,19.86089],[73.97421,19.86164],[73.97338,19.8622],[73.973,19.86242],[73.97272,19.8625],[73.97245,19.86252],[73.97216,19.86245],[73.97189,19.86238],[73.97167,19.86236],[73.97136,19.8624],[73.97063,19.86264],[73.96984,19.8629],[73.96902,19.86324],[73.96826,19.86357],[73.96814,19.86362],[73.96526,19.86486],[73.96513,19.86491],[73.96328,19.86571],[73.96282,19.86596],[73.96247,19.86616],[73.96232,19.86625]]},"properties":{"id":"road_w1291987591","type":"road_segment","name":"Pune Nashik Road","name_local":null,"category":"secondary","source":"openstreetmap","source_id":"way/1291987591","updated_at":"2025-01-23T18:45:34Z","tags":{"oneway":"no"}}},{"type":"Feature","geometry":{"type":"LineString","coordinates":[[73.98892,19.84794],[73.98556,19.85094],[73.98417,19.85217],[73.9828,19.8534],[73.98142,19.85463],[73.98111,19.85491],[73.97899,19.85683],[73.9776,19.8581],[73.97742,19.85837]]},"properties":{"id":"road_w1291987592","type":"road_segment","name":"Pune Nashik Road","name_local":null,"category":"secondary","source":"openstreetmap","source_id":"way/1291987592","updated_at":"2025-01-23T18:45:34Z","tags":{"oneway":"yes"}}},{"type":"Feature","geometry":{"type":"LineString","coordinates":[[73.96196,19.8665],[73.96214,19.86638],[73.96232,19.86625]]},"properties":{"id":"road_w1292365273","type":"road_segment","name":"Pune Nashik Road","name_local":null,"category":"trunk","source":"openstreetmap","source_id":"way/1292365273","updated_at":"2024-06-14T12:42:38Z","tags":{"ref":"NH160","oneway":"yes"}}},{"type":"Feature","geometry":{"type":"LineString","coordinates":[[73.96019,19.86729],[73.96141,19.86669],[73.96159,19.86658]]},"properties":{"id":"road_w1292365275","type":"road_segment","name":"Pune Nashik Road","name_local":null,"category":"trunk","source":"openstreetmap","source_id":"way/1292365275","updated_at":"2024-06-14T12:42:38Z","tags":{"ref":"NH60","oneway":"yes"}}},{"type":"Feature","geometry":{"type":"LineString","coordinates":[[73.73856,19.93889],[73.73831,19.93876]]},"properties":{"id":"road_w1295786562","type":"road_segment","name":"Service Road","name_local":null,"category":"trunk_link","source":"openstreetmap","source_id":"way/1295786562","updated_at":"2024-06-24T16:28:12Z","tags":{"lanes":"2","surface":"asphalt","oneway":"yes"}}},{"type":"Feature","geometry":{"type":"LineString","coordinates":[[73.8115,20.02376],[73.81128,20.02382],[73.81088,20.02394]]},"properties":{"id":"road_w1300197758","type":"road_segment","name":"Dr Nanasaheb Dharmadhikari Marg","name_local":null,"category":"primary","source":"openstreetmap","source_id":"way/1300197758","updated_at":"2026-01-12T15:57:41Z","tags":{}}},{"type":"Feature","geometry":{"type":"LineString","coordinates":[[73.8102,20.02408],[73.81002,20.02412]]},"properties":{"id":"road_w1300197759","type":"road_segment","name":"Dr Nanasaheb Dharmadhikari Marg","name_local":null,"category":"primary","source":"openstreetmap","source_id":"way/1300197759","updated_at":"2026-01-12T15:57:41Z","tags":{}}},{"type":"Feature","geometry":{"type":"LineString","coordinates":[[73.81002,20.02412],[73.80989,20.02409],[73.80815,20.02451],[73.80647,20.02489],[73.80467,20.02531]]},"properties":{"id":"road_w1300197762","type":"road_segment","name":"Dr Nanasaheb Dharmadhikari Marg","name_local":null,"category":"primary","source":"openstreetmap","source_id":"way/1300197762","updated_at":"2026-01-12T15:57:41Z","tags":{"oneway":"yes"}}},{"type":"Feature","geometry":{"type":"LineString","coordinates":[[73.80469,20.02533],[73.80467,20.02531],[73.80464,20.0253],[73.80461,20.0253],[73.80458,20.02531],[73.80455,20.02533],[73.80454,20.02535],[73.80453,20.02538],[73.80453,20.02541],[73.80455,20.02543],[73.80457,20.02546],[73.80459,20.02547],[73.80462,20.02547],[73.80465,20.02547],[73.80468,20.02546],[73.8047,20.02543],[73.80471,20.02541],[73.80472,20.02538],[73.80471,20.02535],[73.80469,20.02533]]},"properties":{"id":"road_w1300197763","type":"road_segment","name":"Dharmveer Chhatrapati Sambhajiraje Chowk","name_local":null,"category":"primary","source":"openstreetmap","source_id":"way/1300197763","updated_at":"2026-01-12T15:57:41Z","tags":{"oneway":"yes"}}},{"type":"Feature","geometry":{"type":"LineString","coordinates":[[73.78703,20.02633],[73.78715,20.02639],[73.78724,20.02643],[73.78832,20.02679],[73.78863,20.02687],[73.789,20.02697],[73.78965,20.02708],[73.79049,20.02716],[73.79177,20.02726],[73.79227,20.02729],[73.79346,20.02735],[73.79518,20.02743],[73.79528,20.02743],[73.7958,20.02738],[73.79708,20.02723],[73.79837,20.02709],[73.7988,20.02704],[73.79997,20.0269],[73.80064,20.02675],[73.80084,20.02669],[73.80095,20.02665]]},"properties":{"id":"road_w1300197764","type":"road_segment","name":"VIBGYOR School Road","name_local":null,"category":"primary","source":"openstreetmap","source_id":"way/1300197764","updated_at":"2026-01-12T15:57:41Z","tags":{"oneway":"yes"}}},{"type":"Feature","geometry":{"type":"LineString","coordinates":[[73.80472,20.02538],[73.8055,20.0252],[73.80649,20.02498],[73.80682,20.0249],[73.80818,20.02461],[73.80992,20.02419],[73.81002,20.02412]]},"properties":{"id":"road_w1300197765","type":"road_segment","name":"Dr Nanasaheb Dharmadhikari Marg","name_local":null,"category":"primary","source":"openstreetmap","source_id":"way/1300197765","updated_at":"2026-01-12T15:57:41Z","tags":{"oneway":"yes"}}},{"type":"Feature","geometry":{"type":"LineString","coordinates":[[73.78485,20.02529],[73.78492,20.02538],[73.78602,20.02587],[73.78671,20.02619],[73.7868,20.02623],[73.78684,20.02624]]},"properties":{"id":"road_w1300197768","type":"road_segment","name":"VIBGYOR School Road","name_local":null,"category":"primary","source":"openstreetmap","source_id":"way/1300197768","updated_at":"2026-01-12T15:57:41Z","tags":{"oneway":"yes"}}},{"type":"Feature","geometry":{"type":"LineString","coordinates":[[73.78684,20.02624],[73.78703,20.02633]]},"properties":{"id":"road_w1300197769","type":"road_segment","name":"VIBGYOR School Road","name_local":null,"category":"primary","source":"openstreetmap","source_id":"way/1300197769","updated_at":"2026-01-12T15:57:41Z","tags":{"oneway":"yes","bridge":"yes"}}},{"type":"Feature","geometry":{"type":"LineString","coordinates":[[73.82523,20.01648],[73.82521,20.01656],[73.8251,20.0168],[73.82494,20.01714],[73.82477,20.01748],[73.82452,20.01786],[73.8243,20.01815],[73.82411,20.01833],[73.82384,20.01861],[73.82345,20.01897],[73.82308,20.01931],[73.82295,20.0194],[73.822,20.01999],[73.82118,20.0205],[73.82061,20.02085],[73.82024,20.02099],[73.81987,20.02112],[73.81965,20.02122],[73.81931,20.02138],[73.81878,20.02162],[73.81829,20.02185],[73.8175,20.02216],[73.81677,20.02243],[73.8164,20.02253],[73.8154,20.02278],[73.81159,20.02369],[73.8115,20.02376]]},"properties":{"id":"road_w1300197773","type":"road_segment","name":"Dr Nanasaheb Dharmadhikari Marg","name_local":null,"category":"primary","source":"openstreetmap","source_id":"way/1300197773","updated_at":"2026-01-12T15:57:41Z","tags":{"oneway":"yes"}}},{"type":"Feature","geometry":{"type":"LineString","coordinates":[[73.78243,19.99013],[73.7826,19.99013],[73.78268,19.99012],[73.78287,19.99009],[73.78301,19.99008]]},"properties":{"id":"road_w1305874704","type":"road_segment","name":"Shrihari Narayan Kute Marg","name_local":null,"category":"tertiary","source":"openstreetmap","source_id":"way/1305874704","updated_at":"2024-08-06T05:53:33Z","tags":{"lanes":"2","surface":"asphalt","oneway":"yes"}}},{"type":"Feature","geometry":{"type":"LineString","coordinates":[[73.78301,19.99003],[73.78287,19.99003],[73.78265,19.99007],[73.78259,19.99008],[73.78243,19.99013]]},"properties":{"id":"road_w1305874705","type":"road_segment","name":"Shrihari Narayan Kute Marg","name_local":null,"category":"tertiary","source":"openstreetmap","source_id":"way/1305874705","updated_at":"2024-08-06T05:53:33Z","tags":{"lanes":"2","surface":"asphalt","oneway":"yes"}}},{"type":"Feature","geometry":{"type":"LineString","coordinates":[[73.80095,20.02665],[73.80268,20.02607],[73.80395,20.02566],[73.80455,20.02543]]},"properties":{"id":"road_w1306279336","type":"road_segment","name":"Dr Nanasaheb Dharmadhikari Marg","name_local":null,"category":"primary","source":"openstreetmap","source_id":"way/1306279336","updated_at":"2026-01-12T15:57:41Z","tags":{"oneway":"yes"}}},{"type":"Feature","geometry":{"type":"LineString","coordinates":[[73.80454,20.02535],[73.80391,20.02558],[73.80266,20.02599],[73.80226,20.02612],[73.80151,20.02637],[73.80092,20.02657]]},"properties":{"id":"road_w1306279337","type":"road_segment","name":"Dr Nanasaheb Dharmadhikari Marg","name_local":null,"category":"primary","source":"openstreetmap","source_id":"way/1306279337","updated_at":"2026-01-12T15:57:41Z","tags":{"oneway":"yes"}}},{"type":"Feature","geometry":{"type":"LineString","coordinates":[[73.83559,19.95556],[73.83561,19.9563]]},"properties":{"id":"road_w1306330010","type":"road_segment","name":"R65","name_local":null,"category":"residential","source":"openstreetmap","source_id":"way/1306330010","updated_at":"2024-09-23T09:51:57Z","tags":{}}},{"type":"Feature","geometry":{"type":"LineString","coordinates":[[73.8344,19.95647],[73.83438,19.95636],[73.83438,19.95627],[73.83437,19.95619],[73.83437,19.95615],[73.83437,19.95612],[73.8344,19.95579],[73.83438,19.95572]]},"properties":{"id":"road_w1306476544","type":"road_segment","name":"Datta Mandir Rd (S17)","name_local":null,"category":"tertiary","source":"openstreetmap","source_id":"way/1306476544","updated_at":"2024-08-09T03:38:34Z","tags":{"oneway":"yes"}}},{"type":"Feature","geometry":{"type":"LineString","coordinates":[[73.83438,19.95572],[73.83434,19.95579],[73.8343,19.95612],[73.8343,19.95613],[73.83431,19.95624],[73.83431,19.95628],[73.83433,19.95641],[73.83435,19.95652]]},"properties":{"id":"road_w1306476545","type":"road_segment","name":"Datta Mandir Rd (S17)","name_local":null,"category":"tertiary","source":"openstreetmap","source_id":"way/1306476545","updated_at":"2024-08-09T03:38:34Z","tags":{"oneway":"yes"}}},{"type":"Feature","geometry":{"type":"LineString","coordinates":[[73.83441,19.95692],[73.83442,19.95681],[73.83441,19.95672],[73.8344,19.95647]]},"properties":{"id":"road_w1306476810","type":"road_segment","name":"Bytco Factory Rd","name_local":null,"category":"residential","source":"openstreetmap","source_id":"way/1306476810","updated_at":"2024-08-09T03:31:25Z","tags":{"oneway":"yes"}}},{"type":"Feature","geometry":{"type":"LineString","coordinates":[[73.83435,19.95652],[73.83437,19.95681],[73.83441,19.95692]]},"properties":{"id":"road_w1306476811","type":"road_segment","name":"Bytco Factory Rd","name_local":null,"category":"residential","source":"openstreetmap","source_id":"way/1306476811","updated_at":"2024-08-09T03:31:25Z","tags":{"oneway":"yes"}}},{"type":"Feature","geometry":{"type":"LineString","coordinates":[[73.83657,19.95959],[73.83638,19.95958],[73.83631,19.95958]]},"properties":{"id":"road_w1306490738","type":"road_segment","name":"R57","name_local":null,"category":"residential","source":"openstreetmap","source_id":"way/1306490738","updated_at":"2024-08-09T05:50:52Z","tags":{}}},{"type":"Feature","geometry":{"type":"LineString","coordinates":[[73.83731,19.95971],[73.83687,19.95965]]},"properties":{"id":"road_w1306490739","type":"road_segment","name":"R57","name_local":null,"category":"residential","source":"openstreetmap","source_id":"way/1306490739","updated_at":"2024-08-09T05:50:52Z","tags":{}}},{"type":"Feature","geometry":{"type":"LineString","coordinates":[[73.76332,20.00581],[73.76324,20.00551],[73.7632,20.00547]]},"properties":{"id":"road_w1306493234","type":"road_segment","name":"Shraddha Mall Road","name_local":null,"category":"tertiary","source":"openstreetmap","source_id":"way/1306493234","updated_at":"2024-08-09T06:16:43Z","tags":{"oneway":"yes"}}},{"type":"Feature","geometry":{"type":"LineString","coordinates":[[73.76338,20.00619],[73.76339,20.00613],[73.76334,20.00587]]},"properties":{"id":"road_w1306493235","type":"road_segment","name":"Thatte Nagar Road","name_local":null,"category":"tertiary","source":"openstreetmap","source_id":"way/1306493235","updated_at":"2026-01-11T03:29:33Z","tags":{"surface":"asphalt","oneway":"yes"}}},{"type":"Feature","geometry":{"type":"LineString","coordinates":[[73.76327,20.00589],[73.76334,20.00587]]},"properties":{"id":"road_w1306493238","type":"road_segment","name":"College road","name_local":null,"category":"secondary","source":"openstreetmap","source_id":"way/1306493238","updated_at":"2024-08-09T06:14:02Z","tags":{"lanes":"2","surface":"concrete","oneway":"yes"}}},{"type":"Feature","geometry":{"type":"LineString","coordinates":[[73.76334,20.00587],[73.76332,20.00581]]},"properties":{"id":"road_w1306493239","type":"road_segment","name":"Shraddha Mall Road","name_local":null,"category":"secondary","source":"openstreetmap","source_id":"way/1306493239","updated_at":"2024-08-09T06:16:43Z","tags":{"oneway":"yes"}}},{"type":"Feature","geometry":{"type":"LineString","coordinates":[[73.83579,19.9759],[73.83542,19.97573],[73.83532,19.97573]]},"properties":{"id":"road_w1306500672","type":"road_segment","name":"Juna Saikheda Road","name_local":null,"category":"secondary","source":"openstreetmap","source_id":"way/1306500672","updated_at":"2024-08-09T07:05:05Z","tags":{"oneway":"yes"}}},{"type":"Feature","geometry":{"type":"LineString","coordinates":[[73.72856,19.96483],[73.72866,19.96663],[73.72875,19.96716],[73.72878,19.96758],[73.7288,19.96797],[73.72885,19.9687],[73.7289,19.96913]]},"properties":{"id":"road_w1307172525","type":"road_segment","name":"Mahatma Phule Road","name_local":null,"category":"residential","source":"openstreetmap","source_id":"way/1307172525","updated_at":"2024-12-25T07:52:15Z","tags":{}}},{"type":"Feature","geometry":{"type":"LineString","coordinates":[[73.75541,19.95878],[73.75571,19.95912],[73.75577,19.95918],[73.75582,19.95923],[73.7559,19.95929],[73.75604,19.95941],[73.75636,19.95967],[73.75673,19.95997],[73.75726,19.9604],[73.7585,19.96141],[73.75867,19.96156],[73.75901,19.96183],[73.75954,19.96225],[73.76057,19.96308],[73.76074,19.96323],[73.76085,19.96335],[73.76097,19.9635],[73.76113,19.96369],[73.76132,19.96393],[73.76151,19.96417],[73.76158,19.96425],[73.7617,19.9644],[73.76173,19.96444],[73.76235,19.96522],[73.7625,19.9654],[73.76296,19.96594],[73.76302,19.96601],[73.7637,19.96688],[73.76467,19.96803],[73.76502,19.96841],[73.76518,19.96858],[73.76565,19.96905],[73.76615,19.96955],[73.76618,19.96957],[73.76622,19.96958],[73.76627,19.96959],[73.76634,19.9696],[73.76731,19.96944],[73.76791,19.96934],[73.76841,19.96927],[73.76848,19.96925],[73.76851,19.96923],[73.76852,19.96922],[73.76909,19.96888],[73.7694,19.96869]]},"properties":{"id":"road_w1307388158","type":"road_segment","name":"Veer Sawarkar Marg","name_local":null,"category":"tertiary","source":"openstreetmap","source_id":"way/1307388158","updated_at":"2024-09-16T11:59:05Z","tags":{"oneway":"yes"}}},{"type":"Feature","geometry":{"type":"LineString","coordinates":[[73.76571,19.96411],[73.76498,19.9646],[73.76356,19.96555],[73.76335,19.96568],[73.76302,19.9659],[73.76296,19.96594],[73.76212,19.96652],[73.76183,19.96677],[73.76138,19.96713],[73.76131,19.96718],[73.76118,19.96725],[73.76104,19.96732],[73.76077,19.96745],[73.76068,19.96751],[73.76001,19.96793]]},"properties":{"id":"road_w1307400575","type":"road_segment","name":"Ambad Police Station Road","name_local":null,"category":"tertiary","source":"openstreetmap","source_id":"way/1307400575","updated_at":"2026-01-10T20:04:54Z","tags":{"oneway":"yes"}}},{"type":"Feature","geometry":{"type":"LineString","coordinates":[[73.76219,19.96139],[73.76246,19.96171],[73.76273,19.96201],[73.76276,19.96206],[73.76298,19.9623],[73.76332,19.96269],[73.76337,19.96275],[73.76392,19.96338],[73.76422,19.96372],[73.76498,19.9646],[73.76504,19.96466]]},"properties":{"id":"road_w1307405089","type":"road_segment","name":"Telephone Exchange Road","name_local":null,"category":"unclassified","source":"openstreetmap","source_id":"way/1307405089","updated_at":"2026-01-11T19:23:43Z","tags":{}}},{"type":"Feature","geometry":{"type":"LineString","coordinates":[[73.76057,19.96308],[73.76062,19.96303],[73.76097,19.96266],[73.76129,19.96234],[73.76147,19.96215],[73.76159,19.96202],[73.76219,19.96139],[73.76276,19.96085]]},"properties":{"id":"road_w1307405090","type":"road_segment","name":"Swami Vivekanand Swimming Pool Road","name_local":null,"category":"tertiary","source":"openstreetmap","source_id":"way/1307405090","updated_at":"2024-08-13T05:14:11Z","tags":{}}},{"type":"Feature","geometry":{"type":"LineString","coordinates":[[73.78669,19.97761],[73.78648,19.97763],[73.78515,19.97805],[73.78512,19.97806],[73.78461,19.97821],[73.7844,19.97826],[73.78413,19.97834],[73.78232,19.97885],[73.78208,19.97892],[73.78178,19.979],[73.78113,19.9792],[73.78042,19.97941],[73.78017,19.97951],[73.78003,19.97955]]},"properties":{"id":"road_w1307435321","type":"road_segment","name":"Shree Sant Savata Mali Marg","name_local":null,"category":"primary","source":"openstreetmap","source_id":"way/1307435321","updated_at":"2026-01-12T12:58:03Z","tags":{"oneway":"yes"}}},{"type":"Feature","geometry":{"type":"LineString","coordinates":[[73.78446,19.98663],[73.78405,19.98603],[73.78404,19.98601]]},"properties":{"id":"road_w1307441980","type":"road_segment","name":"Agra Mumbai Highway","name_local":null,"category":"primary","source":"openstreetmap","source_id":"way/1307441980","updated_at":"2026-01-11T19:23:43Z","tags":{"lanes":"2","oneway":"yes"}}},{"type":"Feature","geometry":{"type":"LineString","coordinates":[[73.78404,19.98601],[73.78382,19.9856]]},"properties":{"id":"road_w1307441981","type":"road_segment","name":"Agra Mumbai Highway","name_local":null,"category":"primary","source":"openstreetmap","source_id":"way/1307441981","updated_at":"2026-01-11T19:23:43Z","tags":{"lanes":"2","oneway":"yes","bridge":"yes"}}},{"type":"Feature","geometry":{"type":"LineString","coordinates":[[73.75619,19.98305],[73.75603,19.98296],[73.75594,19.9829],[73.75589,19.98286],[73.75567,19.98263],[73.75563,19.98258],[73.75551,19.98247],[73.75533,19.98231],[73.75523,19.98228]]},"properties":{"id":"road_w1307444913","type":"road_segment","name":"Trimurti-Kamatwade Road","name_local":null,"category":"tertiary","source":"openstreetmap","source_id":"way/1307444913","updated_at":"2024-08-13T09:33:58Z","tags":{"oneway":"yes"}}},{"type":"Feature","geometry":{"type":"LineString","coordinates":[[73.75523,19.98228],[73.75528,19.98237],[73.75557,19.98263],[73.75575,19.98282],[73.75579,19.98287],[73.75585,19.98293],[73.75591,19.98299],[73.75604,19.9831],[73.75609,19.98314],[73.75619,19.98319]]},"properties":{"id":"road_w1307444914","type":"road_segment","name":"Trimurti-Kamatwade Road","name_local":null,"category":"tertiary","source":"openstreetmap","source_id":"way/1307444914","updated_at":"2024-08-13T09:33:58Z","tags":{"oneway":"yes"}}},{"type":"Feature","geometry":{"type":"LineString","coordinates":[[73.75465,19.98163],[73.75477,19.98182],[73.75485,19.98192],[73.75492,19.982],[73.75498,19.98207],[73.7551,19.98218],[73.75523,19.98228]]},"properties":{"id":"road_w1307446207","type":"road_segment","name":"Trimurti-Kamatwade Road","name_local":null,"category":"tertiary","source":"openstreetmap","source_id":"way/1307446207","updated_at":"2024-08-13T09:40:42Z","tags":{}}},{"type":"Feature","geometry":{"type":"LineString","coordinates":[[73.75465,19.98163],[73.75466,19.98156],[73.75427,19.98079],[73.75416,19.98055],[73.75415,19.98053],[73.75404,19.98026],[73.75387,19.97979],[73.75383,19.97968],[73.75379,19.97961],[73.75376,19.97955],[73.75372,19.9795],[73.75365,19.97941],[73.75358,19.97933],[73.75353,19.97928],[73.75347,19.97923],[73.7534,19.97919],[73.7533,19.97915]]},"properties":{"id":"road_w1307446208","type":"road_segment","name":"Trimurti-Kamatwade Road","name_local":null,"category":"tertiary","source":"openstreetmap","source_id":"way/1307446208","updated_at":"2024-08-13T09:40:42Z","tags":{"oneway":"yes"}}},{"type":"Feature","geometry":{"type":"LineString","coordinates":[[73.7533,19.97915],[73.75337,19.97924],[73.75342,19.97928],[73.75347,19.97931],[73.75353,19.97937],[73.75358,19.97942],[73.7537,19.97958],[73.75373,19.97963],[73.75378,19.97973],[73.75411,19.98057],[73.75421,19.98081],[73.75458,19.98158],[73.75465,19.98163]]},"properties":{"id":"road_w1307446209","type":"road_segment","name":"Trimurti-Kamatwade Road","name_local":null,"category":"tertiary","source":"openstreetmap","source_id":"way/1307446209","updated_at":"2024-08-13T09:40:42Z","tags":{"oneway":"yes"}}},{"type":"Feature","geometry":{"type":"LineString","coordinates":[[73.75218,19.97847],[73.75237,19.9786],[73.75264,19.9788],[73.75274,19.97887],[73.75291,19.97897],[73.7533,19.97915]]},"properties":{"id":"road_w1307448327","type":"road_segment","name":"Trimurti-Kamatwade Road","name_local":null,"category":"tertiary","source":"openstreetmap","source_id":"way/1307448327","updated_at":"2024-08-13T09:51:10Z","tags":{}}},{"type":"Feature","geometry":{"type":"LineString","coordinates":[[73.74876,19.97345],[73.74871,19.97353],[73.74925,19.97548],[73.74934,19.97571],[73.74944,19.97592],[73.7495,19.97604],[73.74961,19.97623],[73.75008,19.97687],[73.75029,19.97709],[73.75044,19.97725],[73.75063,19.97741],[73.75094,19.97762],[73.75132,19.97787],[73.75177,19.97819],[73.75185,19.97825],[73.75206,19.97843],[73.75218,19.97847]]},"properties":{"id":"road_w1307448329","type":"road_segment","name":"Trimurti-Kamatwade Road","name_local":null,"category":"tertiary","source":"openstreetmap","source_id":"way/1307448329","updated_at":"2024-08-13T09:51:10Z","tags":{"oneway":"yes"}}},{"type":"Feature","geometry":{"type":"LineString","coordinates":[[73.75072,19.97735],[73.75059,19.97724],[73.75052,19.97718],[73.75042,19.97708],[73.75034,19.97699],[73.75017,19.97681],[73.74996,19.97653],[73.74967,19.9761],[73.74962,19.97603],[73.74958,19.97597],[73.74951,19.97583],[73.74943,19.97566],[73.74936,19.97548],[73.74931,19.97533],[73.74928,19.97521],[73.74914,19.97469],[73.74899,19.97411],[73.74882,19.97352],[73.74876,19.97345]]},"properties":{"id":"road_w1307448330","type":"road_segment","name":"Ambad Kamatwade Rd","name_local":null,"category":"tertiary","source":"openstreetmap","source_id":"way/1307448330","updated_at":"2024-08-13T09:51:10Z","tags":{"oneway":"yes"}}},{"type":"Feature","geometry":{"type":"LineString","coordinates":[[73.74851,19.9726],[73.74841,19.97255],[73.74827,19.97255],[73.74764,19.97266],[73.74758,19.97267],[73.74754,19.97268],[73.74744,19.97266],[73.74738,19.97265],[73.74731,19.97261],[73.74714,19.97244],[73.74672,19.97203],[73.74651,19.97181],[73.74608,19.9714],[73.74571,19.97105],[73.74466,19.97015],[73.74445,19.97007]]},"properties":{"id":"road_w1307451334","type":"road_segment","name":"Ambad Kamatwade Rd","name_local":null,"category":"tertiary","source":"openstreetmap","source_id":"way/1307451334","updated_at":"2024-08-13T10:06:31Z","tags":{"oneway":"yes"}}},{"type":"Feature","geometry":{"type":"LineString","coordinates":[[73.74445,19.97007],[73.74453,19.97015],[73.74459,19.97022],[73.74565,19.97112],[73.74627,19.97171],[73.74665,19.97209],[73.74708,19.97253],[73.74719,19.97264],[73.74724,19.97267],[73.74728,19.9727],[73.74735,19.97272],[73.74742,19.97274],[73.74752,19.97275],[73.74758,19.97274],[73.74766,19.97273],[73.74825,19.97264],[73.74831,19.97264],[73.74842,19.97264],[73.74851,19.9726]]},"properties":{"id":"road_w1307451335","type":"road_segment","name":"Ambad Kamatwade Rd","name_local":null,"category":"tertiary","source":"openstreetmap","source_id":"way/1307451335","updated_at":"2024-09-16T06:15:16Z","tags":{"oneway":"yes"}}},{"type":"Feature","geometry":{"type":"LineString","coordinates":[[73.74851,19.9726],[73.74859,19.97265],[73.74861,19.97268],[73.74864,19.97271],[73.74866,19.97276],[73.74871,19.97299],[73.74876,19.97322],[73.74876,19.97337],[73.74876,19.97345]]},"properties":{"id":"road_w1307451336","type":"road_segment","name":"Ambad Kamatwade Rd","name_local":null,"category":"tertiary","source":"openstreetmap","source_id":"way/1307451336","updated_at":"2024-08-13T10:00:32Z","tags":{}}},{"type":"Feature","geometry":{"type":"LineString","coordinates":[[73.79403,19.97264],[73.79533,19.97253],[73.79577,19.97249],[73.79597,19.97247],[73.79607,19.97244]]},"properties":{"id":"road_w1307655588","type":"road_segment","name":"Shree Sant Savata Mali Marg","name_local":null,"category":"primary","source":"openstreetmap","source_id":"way/1307655588","updated_at":"2026-01-12T12:58:03Z","tags":{"oneway":"yes"}}},{"type":"Feature","geometry":{"type":"LineString","coordinates":[[73.79607,19.97244],[73.79597,19.97243],[73.79533,19.97247],[73.79402,19.97256]]},"properties":{"id":"road_w1307655589","type":"road_segment","name":"Shree Sant Savata Mali Marg","name_local":null,"category":"primary","source":"openstreetmap","source_id":"way/1307655589","updated_at":"2026-01-12T12:58:03Z","tags":{"oneway":"yes"}}},{"type":"Feature","geometry":{"type":"LineString","coordinates":[[73.79163,19.97295],[73.79195,19.97284],[73.79216,19.97278],[73.79228,19.97274],[73.79252,19.97271],[73.79297,19.97268],[73.79382,19.97266]]},"properties":{"id":"road_w1307655590","type":"road_segment","name":"Shree Sant Savata Mali Marg","name_local":null,"category":"primary","source":"openstreetmap","source_id":"way/1307655590","updated_at":"2026-01-12T12:58:03Z","tags":{"oneway":"yes"}}},{"type":"Feature","geometry":{"type":"LineString","coordinates":[[73.79401,19.97254],[73.79409,19.97214],[73.79408,19.97207]]},"properties":{"id":"road_w1307656340","type":"road_segment","name":"Wadala Road","name_local":null,"category":"tertiary","source":"openstreetmap","source_id":"way/1307656340","updated_at":"2024-08-14T06:57:28Z","tags":{"oneway":"yes"}}},{"type":"Feature","geometry":{"type":"LineString","coordinates":[[73.79408,19.97207],[73.79403,19.97212],[73.79389,19.97251]]},"properties":{"id":"road_w1307656341","type":"road_segment","name":"Wadala Road","name_local":null,"category":"tertiary","source":"openstreetmap","source_id":"way/1307656341","updated_at":"2024-08-14T06:57:28Z","tags":{"oneway":"yes"}}},{"type":"Feature","geometry":{"type":"LineString","coordinates":[[73.79224,19.98377],[73.79231,19.98336],[73.79234,19.98243],[73.79231,19.98145]]},"properties":{"id":"road_w1307657758","type":"road_segment","name":"Wadala Road","name_local":null,"category":"tertiary","source":"openstreetmap","source_id":"way/1307657758","updated_at":"2024-08-14T07:08:11Z","tags":{}}},{"type":"Feature","geometry":{"type":"LineString","coordinates":[[73.79285,19.97671],[73.79275,19.97748],[73.79269,19.97802],[73.79264,19.97842],[73.79262,19.97858],[73.79247,19.97988],[73.79241,19.98032],[73.79236,19.98076],[73.79235,19.98083],[73.79234,19.98115],[73.79245,19.9812]]},"properties":{"id":"road_w1307657759","type":"road_segment","name":"Wadala Road","name_local":null,"category":"tertiary","source":"openstreetmap","source_id":"way/1307657759","updated_at":"2026-01-11T10:26:43Z","tags":{"oneway":"yes"}}},{"type":"Feature","geometry":{"type":"LineString","coordinates":[[73.78696,20.00426],[73.78669,20.00431],[73.78631,20.0044],[73.78602,20.00447],[73.78403,20.00486],[73.78393,20.00486]]},"properties":{"id":"road_w1314589394","type":"road_segment","name":"MG Road","name_local":null,"category":"tertiary","source":"openstreetmap","source_id":"way/1314589394","updated_at":"2026-02-10T06:47:13Z","tags":{}}},{"type":"Feature","geometry":{"type":"LineString","coordinates":[[73.75408,19.99367],[73.75405,19.99389]]},"properties":{"id":"road_w1314611929","type":"road_segment","name":"Canal Link Road","name_local":null,"category":"secondary","source":"openstreetmap","source_id":"way/1314611929","updated_at":"2026-01-12T18:09:10Z","tags":{"lanes":"3","maxspeed":"50","surface":"asphalt","oneway":"yes"}}},{"type":"Feature","geometry":{"type":"LineString","coordinates":[[73.75422,19.99369],[73.75408,19.99367]]},"properties":{"id":"road_w1314611930","type":"road_segment","name":"Trimbak Road","name_local":null,"category":"trunk","source":"openstreetmap","source_id":"way/1314611930","updated_at":"2024-09-10T11:07:09Z","tags":{"ref":"SH30","oneway":"yes"}}},{"type":"Feature","geometry":{"type":"LineString","coordinates":[[73.75417,19.99391],[73.75422,19.99369]]},"properties":{"id":"road_w1314611931","type":"road_segment","name":"Mahatma Nagar Link Road","name_local":null,"category":"secondary","source":"openstreetmap","source_id":"way/1314611931","updated_at":"2026-01-12T18:09:10Z","tags":{"lanes":"2","oneway":"yes"}}},{"type":"Feature","geometry":{"type":"LineString","coordinates":[[73.75405,19.99389],[73.75417,19.99391]]},"properties":{"id":"road_w1314611932","type":"road_segment","name":"Trimbak Road","name_local":null,"category":"trunk","source":"openstreetmap","source_id":"way/1314611932","updated_at":"2024-09-10T11:07:09Z","tags":{"oneway":"yes"}}},{"type":"Feature","geometry":{"type":"LineString","coordinates":[[73.75388,19.99387],[73.75405,19.99389]]},"properties":{"id":"road_w1314611933","type":"road_segment","name":"Trimbak Road","name_local":null,"category":"trunk","source":"openstreetmap","source_id":"way/1314611933","updated_at":"2024-09-10T11:07:09Z","tags":{"oneway":"yes"}}},{"type":"Feature","geometry":{"type":"LineString","coordinates":[[73.77352,19.94497],[73.77328,19.9453],[73.77318,19.94547],[73.77285,19.94599],[73.77265,19.94632],[73.77238,19.94671],[73.77214,19.94708]]},"properties":{"id":"road_w1315839158","type":"road_segment","name":"Pathardi Road","name_local":null,"category":"primary","source":"openstreetmap","source_id":"way/1315839158","updated_at":"2024-09-16T03:35:06Z","tags":{"ref":"SH27"}}},{"type":"Feature","geometry":{"type":"LineString","coordinates":[[73.74218,19.9919],[73.74247,19.99194],[73.74437,19.99224]]},"properties":{"id":"road_w1315851073","type":"road_segment","name":"Trimbak Road","name_local":null,"category":"trunk","source":"openstreetmap","source_id":"way/1315851073","updated_at":"2025-04-14T08:48:22Z","tags":{"oneway":"yes"}}},{"type":"Feature","geometry":{"type":"LineString","coordinates":[[73.74565,19.97112],[73.74571,19.97105]]},"properties":{"id":"road_w1315853687","type":"road_segment","name":"M 11","name_local":null,"category":"tertiary","source":"openstreetmap","source_id":"way/1315853687","updated_at":"2024-09-16T06:19:52Z","tags":{}}},{"type":"Feature","geometry":{"type":"LineString","coordinates":[[73.79386,19.9727],[73.79379,19.97313],[73.79371,19.9737],[73.79365,19.97384],[73.79358,19.97412],[73.79344,19.97442],[73.79339,19.97454],[73.79325,19.97497],[73.79324,19.97502],[73.79315,19.97535],[73.79311,19.97545],[73.79299,19.97577],[73.79298,19.97579],[73.79297,19.97585],[73.79295,19.97593],[73.79287,19.9765],[73.79285,19.97664],[73.79285,19.97671]]},"properties":{"id":"road_w1316069838","type":"road_segment","name":"Wadala Road","name_local":null,"category":"tertiary","source":"openstreetmap","source_id":"way/1316069838","updated_at":"2024-09-17T05:34:50Z","tags":{"oneway":"yes"}}},{"type":"Feature","geometry":{"type":"LineString","coordinates":[[73.78669,19.97761],[73.78845,19.97705],[73.78884,19.97679],[73.7891,19.97659],[73.78917,19.97653]]},"properties":{"id":"road_w1316075184","type":"road_segment","name":"Shree Sant Savata Mali Marg","name_local":null,"category":"primary","source":"openstreetmap","source_id":"way/1316075184","updated_at":"2026-01-12T12:58:03Z","tags":{}}},{"type":"Feature","geometry":{"type":"LineString","coordinates":[[73.82663,19.94652],[73.82557,19.94639],[73.82476,19.94626],[73.82326,19.94614]]},"properties":{"id":"road_w1316337174","type":"road_segment","name":"Pathardi Roade","name_local":null,"category":"residential","source":"openstreetmap","source_id":"way/1316337174","updated_at":"2024-09-18T09:17:09Z","tags":{"ref":"SH27","oneway":"no"}}},{"type":"Feature","geometry":{"type":"LineString","coordinates":[[73.82679,19.94654],[73.82663,19.94652]]},"properties":{"id":"road_w1316337176","type":"road_segment","name":"Pathardi Roade","name_local":null,"category":"tertiary","source":"openstreetmap","source_id":"way/1316337176","updated_at":"2024-09-18T09:17:09Z","tags":{"ref":"SH27","oneway":"no"}}},{"type":"Feature","geometry":{"type":"LineString","coordinates":[[73.81039,19.97651],[73.81077,19.97611],[73.81089,19.97598],[73.81156,19.97529],[73.8128,19.97395],[73.81351,19.97324],[73.81388,19.97287],[73.81424,19.97256]]},"properties":{"id":"road_w1316566517","type":"road_segment","name":"Nashik Pune Highway","name_local":null,"category":"trunk","source":"openstreetmap","source_id":"way/1316566517","updated_at":"2025-02-11T14:15:22Z","tags":{"ref":"NH60","lanes":"3","surface":"asphalt","oneway":"yes"}}},{"type":"Feature","geometry":{"type":"LineString","coordinates":[[73.78658,19.99888],[73.78647,19.99884],[73.78614,19.99871]]},"properties":{"id":"road_w1316577965","type":"road_segment","name":"GPO Road","name_local":null,"category":"tertiary","source":"openstreetmap","source_id":"way/1316577965","updated_at":"2026-03-17T04:47:41Z","tags":{"oneway":"yes"}}},{"type":"Feature","geometry":{"type":"LineString","coordinates":[[73.78765,20.01346],[73.78756,20.01346],[73.78709,20.01346]]},"properties":{"id":"road_w1316582520","type":"road_segment","name":"Colony Road","name_local":null,"category":"residential","source":"openstreetmap","source_id":"way/1316582520","updated_at":"2024-09-19T06:42:58Z","tags":{}}},{"type":"Feature","geometry":{"type":"LineString","coordinates":[[73.83329,19.88107],[73.83339,19.88102]]},"properties":{"id":"road_w1317542559","type":"road_segment","name":"Flyover","name_local":null,"category":"secondary","source":"openstreetmap","source_id":"way/1317542559","updated_at":"2024-09-23T09:27:17Z","tags":{}}},{"type":"Feature","geometry":{"type":"LineString","coordinates":[[73.84488,19.95048],[73.84471,19.95053],[73.84435,19.95066]]},"properties":{"id":"road_w1317548718","type":"road_segment","name":"Nashik Road Railway Station Exit","name_local":null,"category":"secondary","source":"openstreetmap","source_id":"way/1317548718","updated_at":"2024-09-23T09:51:57Z","tags":{"lanes":"2","surface":"asphalt","oneway":"yes"}}},{"type":"Feature","geometry":{"type":"LineString","coordinates":[[73.84488,19.95048],[73.84468,19.95065],[73.84451,19.95074]]},"properties":{"id":"road_w1317548719","type":"road_segment","name":"Nashik Pune Highway Flyover","name_local":null,"category":"trunk","source":"openstreetmap","source_id":"way/1317548719","updated_at":"2024-09-23T09:51:57Z","tags":{"ref":"NH60","lanes":"2","surface":"asphalt","oneway":"yes"}}},{"type":"Feature","geometry":{"type":"LineString","coordinates":[[73.84594,19.94911],[73.84584,19.94939],[73.84567,19.94968],[73.84549,19.94993],[73.84523,19.95021],[73.84488,19.95048]]},"properties":{"id":"road_w1317548720","type":"road_segment","name":"Nashik Pune Highway Flyover","name_local":null,"category":"trunk","source":"openstreetmap","source_id":"way/1317548720","updated_at":"2024-09-23T09:51:57Z","tags":{"ref":"NH60","lanes":"3","surface":"asphalt","oneway":"yes"}}},{"type":"Feature","geometry":{"type":"LineString","coordinates":[[73.84605,19.94913],[73.84628,19.94836],[73.84638,19.94812]]},"properties":{"id":"road_w1317548721","type":"road_segment","name":"Nashik Pune Highway Flyover","name_local":null,"category":"trunk","source":"openstreetmap","source_id":"way/1317548721","updated_at":"2025-02-25T21:39:34Z","tags":{"ref":"NH60;NH160","lanes":"2","surface":"asphalt","oneway":"yes"}}},{"type":"Feature","geometry":{"type":"LineString","coordinates":[[73.84079,19.95159],[73.84065,19.95166]]},"properties":{"id":"road_w1317548722","type":"road_segment","name":"Nashik Road Railway Station Exit","name_local":null,"category":"secondary","source":"openstreetmap","source_id":"way/1317548722","updated_at":"2024-09-23T09:51:57Z","tags":{"lanes":"2","oneway":"yes"}}},{"type":"Feature","geometry":{"type":"LineString","coordinates":[[73.84038,19.95212],[73.8408,19.95187]]},"properties":{"id":"road_w1317548723","type":"road_segment","name":"Pune Road Flyover","name_local":null,"category":"secondary","source":"openstreetmap","source_id":"way/1317548723","updated_at":"2024-09-23T09:51:57Z","tags":{"lanes":"2","surface":"asphalt","oneway":"yes"}}},{"type":"Feature","geometry":{"type":"LineString","coordinates":[[73.83566,19.9555],[73.83576,19.95542]]},"properties":{"id":"road_w1317548724","type":"road_segment","name":"Nashik Pune Highway Flyover","name_local":null,"category":"trunk","source":"openstreetmap","source_id":"way/1317548724","updated_at":"2024-09-23T09:51:57Z","tags":{"ref":"NH6","lanes":"4","surface":"asphalt","oneway":"yes"}}},{"type":"Feature","geometry":{"type":"LineString","coordinates":[[73.83578,19.95528],[73.83566,19.95536]]},"properties":{"id":"road_w1317548725","type":"road_segment","name":"Nashik Pune Highway Flyover","name_local":null,"category":"trunk","source":"openstreetmap","source_id":"way/1317548725","updated_at":"2024-09-23T09:51:57Z","tags":{"ref":"NH6","lanes":"3","surface":"asphalt","oneway":"yes"}}},{"type":"Feature","geometry":{"type":"LineString","coordinates":[[73.8463,19.94807],[73.84617,19.94839],[73.84602,19.9489],[73.84594,19.94911]]},"properties":{"id":"road_w1317548726","type":"road_segment","name":"Nashik Pune Highway Flyover","name_local":null,"category":"trunk","source":"openstreetmap","source_id":"way/1317548726","updated_at":"2024-09-23T09:51:57Z","tags":{"ref":"NH60","lanes":"3","surface":"asphalt","oneway":"yes"}}},{"type":"Feature","geometry":{"type":"LineString","coordinates":[[73.77764,20.00593],[73.77778,20.00592]]},"properties":{"id":"road_w1317549100","type":"road_segment","name":"Gangapur Road Flyover","name_local":null,"category":"primary","source":"openstreetmap","source_id":"way/1317549100","updated_at":"2024-09-23T09:56:17Z","tags":{"oneway":"yes"}}},{"type":"Feature","geometry":{"type":"LineString","coordinates":[[73.77778,20.00584],[73.77762,20.00584]]},"properties":{"id":"road_w1317549101","type":"road_segment","name":"Gangapur Road Flyover","name_local":null,"category":"primary","source":"openstreetmap","source_id":"way/1317549101","updated_at":"2024-09-23T09:56:17Z","tags":{"oneway":"yes"}}},{"type":"Feature","geometry":{"type":"LineString","coordinates":[[73.77972,20.00599],[73.77995,20.006]]},"properties":{"id":"road_w1317549102","type":"road_segment","name":"Gangapur Road Flyover","name_local":null,"category":"primary","source":"openstreetmap","source_id":"way/1317549102","updated_at":"2024-09-23T09:56:17Z","tags":{"oneway":"yes"}}},{"type":"Feature","geometry":{"type":"LineString","coordinates":[[73.77994,20.00593],[73.77972,20.00593]]},"properties":{"id":"road_w1317549103","type":"road_segment","name":"Gangapur Road Flyover","name_local":null,"category":"primary","source":"openstreetmap","source_id":"way/1317549103","updated_at":"2024-09-23T09:56:17Z","tags":{"oneway":"yes"}}},{"type":"Feature","geometry":{"type":"LineString","coordinates":[[73.84912,20.02801],[73.84796,20.02764]]},"properties":{"id":"road_w1317550716","type":"road_segment","name":"Mumbai Agra Highway Elevated Corridor","name_local":null,"category":"motorway","source":"openstreetmap","source_id":"way/1317550716","updated_at":"2026-01-11T19:23:43Z","tags":{"ref":"NH60","lanes":"2","surface":"asphalt","oneway":"yes"}}},{"type":"Feature","geometry":{"type":"LineString","coordinates":[[73.84793,20.02774],[73.84977,20.0283],[73.85003,20.02839]]},"properties":{"id":"road_w1317550717","type":"road_segment","name":"Mumbai Agra Highway Elevated Corridor","name_local":null,"category":"motorway","source":"openstreetmap","source_id":"way/1317550717","updated_at":"2026-01-11T19:23:43Z","tags":{"ref":"NH60","lanes":"3","surface":"asphalt","oneway":"yes"}}},{"type":"Feature","geometry":{"type":"LineString","coordinates":[[73.74031,19.94103],[73.74034,19.94106],[73.74042,19.94112]]},"properties":{"id":"road_w1317563183","type":"road_segment","name":"Mumbai Agra Highway Elevated Corridor","name_local":null,"category":"motorway","source":"openstreetmap","source_id":"way/1317563183","updated_at":"2026-01-11T19:23:43Z","tags":{"ref":"NH848","lanes":"3","surface":"asphalt","oneway":"yes"}}},{"type":"Feature","geometry":{"type":"LineString","coordinates":[[73.74527,19.94487],[73.74455,19.94414],[73.74414,19.94371]]},"properties":{"id":"road_w1317563184","type":"road_segment","name":"Mumbai Agra Highway Elevated Corridor","name_local":null,"category":"motorway","source":"openstreetmap","source_id":"way/1317563184","updated_at":"2026-01-11T19:23:43Z","tags":{"ref":"NH848","lanes":"3","maxspeed":"100","surface":"asphalt","oneway":"yes"}}},{"type":"Feature","geometry":{"type":"LineString","coordinates":[[73.75519,19.95382],[73.75626,19.95501],[73.7574,19.9561],[73.76051,19.95873]]},"properties":{"id":"road_w1317563185","type":"road_segment","name":"Mumbai Agra Highway Elevated Corridor","name_local":null,"category":"motorway","source":"openstreetmap","source_id":"way/1317563185","updated_at":"2026-01-11T19:23:43Z","tags":{"ref":"NH160","lanes":"3","surface":"asphalt","oneway":"yes","bridge":"yes"}}},{"type":"Feature","geometry":{"type":"LineString","coordinates":[[73.75315,19.95178],[73.75357,19.95214],[73.75398,19.95255]]},"properties":{"id":"road_w1317563186","type":"road_segment","name":"Mumbai Agra Highway Elevated Corridor","name_local":null,"category":"motorway","source":"openstreetmap","source_id":"way/1317563186","updated_at":"2026-01-11T19:23:43Z","tags":{"ref":"NH160","lanes":"3","surface":"asphalt","oneway":"yes"}}},{"type":"Feature","geometry":{"type":"LineString","coordinates":[[73.75398,19.95255],[73.75466,19.95326],[73.75519,19.95382]]},"properties":{"id":"road_w1317563188","type":"road_segment","name":"Mumbai Agra Highway Elevated Corridor","name_local":null,"category":"motorway","source":"openstreetmap","source_id":"way/1317563188","updated_at":"2026-01-11T19:23:43Z","tags":{"ref":"NH160","lanes":"3","surface":"asphalt","oneway":"yes"}}},{"type":"Feature","geometry":{"type":"LineString","coordinates":[[73.74602,19.94577],[73.74682,19.94651],[73.74827,19.94782],[73.74872,19.94819],[73.74934,19.94871]]},"properties":{"id":"road_w1317563190","type":"road_segment","name":"Mumbai Agra Highway Elevated Corridor","name_local":null,"category":"motorway","source":"openstreetmap","source_id":"way/1317563190","updated_at":"2026-01-11T19:23:43Z","tags":{"ref":"NH848","lanes":"3","surface":"asphalt","oneway":"yes","bridge":"yes"}}},{"type":"Feature","geometry":{"type":"LineString","coordinates":[[73.7494,19.94864],[73.74928,19.94855],[73.74875,19.94809],[73.7465,19.94607],[73.74598,19.94555],[73.74527,19.94487]]},"properties":{"id":"road_w1317563191","type":"road_segment","name":"Mumbai Agra Highway Elevated Corridor","name_local":null,"category":"motorway","source":"openstreetmap","source_id":"way/1317563191","updated_at":"2026-01-11T19:23:43Z","tags":{"ref":"NH848","lanes":"3","maxspeed":"100","surface":"asphalt","oneway":"yes","bridge":"yes"}}},{"type":"Feature","geometry":{"type":"LineString","coordinates":[[73.76399,19.96164],[73.7635,19.96115],[73.76281,19.96056],[73.76236,19.96015],[73.7608,19.95884],[73.76058,19.95866]]},"properties":{"id":"road_w1317563568","type":"road_segment","name":"Mumbai Agra Highway Elevated Corridor","name_local":null,"category":"motorway","source":"openstreetmap","source_id":"way/1317563568","updated_at":"2026-01-11T19:23:43Z","tags":{"ref":"NH160","lanes":"3","maxspeed":"100","surface":"asphalt","oneway":"yes"}}},{"type":"Feature","geometry":{"type":"LineString","coordinates":[[73.76442,19.96212],[73.76399,19.96164]]},"properties":{"id":"road_w1317563569","type":"road_segment","name":"Mumbai Agra Highway Elevated Corridor","name_local":null,"category":"motorway","source":"openstreetmap","source_id":"way/1317563569","updated_at":"2026-01-11T19:23:43Z","tags":{"ref":"NH848","lanes":"3","maxspeed":"100","surface":"asphalt","oneway":"yes"}}},{"type":"Feature","geometry":{"type":"LineString","coordinates":[[73.76764,19.96593],[73.76583,19.96377],[73.76442,19.96212]]},"properties":{"id":"road_w1317565919","type":"road_segment","name":"Mumbai Agra Highway Elevated Corridor","name_local":null,"category":"motorway","source":"openstreetmap","source_id":"way/1317565919","updated_at":"2026-01-11T19:23:43Z","tags":{"ref":"NH160","lanes":"3","maxspeed":"100","surface":"asphalt","oneway":"yes"}}},{"type":"Feature","geometry":{"type":"LineString","coordinates":[[73.76767,19.96618],[73.76773,19.96626],[73.76854,19.96729],[73.76928,19.96823],[73.76954,19.96855]]},"properties":{"id":"road_w1317565921","type":"road_segment","name":"Mumbai Agra Highway Elevated Corridor","name_local":null,"category":"motorway","source":"openstreetmap","source_id":"way/1317565921","updated_at":"2026-01-11T19:23:43Z","tags":{"ref":"NH160","lanes":"3","surface":"asphalt","oneway":"yes"}}},{"type":"Feature","geometry":{"type":"LineString","coordinates":[[73.76954,19.96855],[73.76999,19.9691]]},"properties":{"id":"road_w1317565922","type":"road_segment","name":"Mumbai Agra Highway Elevated Corridor","name_local":null,"category":"motorway","source":"openstreetmap","source_id":"way/1317565922","updated_at":"2026-01-11T19:23:43Z","tags":{"ref":"NH848","lanes":"3","surface":"asphalt","oneway":"yes"}}},{"type":"Feature","geometry":{"type":"LineString","coordinates":[[73.76999,19.9691],[73.77034,19.96956]]},"properties":{"id":"road_w1317565923","type":"road_segment","name":"Mumbai Agra Highway Elevated Corridor","name_local":null,"category":"motorway","source":"openstreetmap","source_id":"way/1317565923","updated_at":"2026-01-11T19:23:43Z","tags":{"ref":"NH848","lanes":"3","surface":"asphalt","oneway":"yes"}}},{"type":"Feature","geometry":{"type":"LineString","coordinates":[[73.7729,19.97181],[73.77162,19.97075],[73.77129,19.97039]]},"properties":{"id":"road_w1317565924","type":"road_segment","name":"Mumbai Agra Highway Elevated Corridor","name_local":null,"category":"motorway","source":"openstreetmap","source_id":"way/1317565924","updated_at":"2026-01-11T19:23:43Z","tags":{"ref":"NH160","lanes":"3","maxspeed":"100","surface":"asphalt","oneway":"yes"}}},{"type":"Feature","geometry":{"type":"LineString","coordinates":[[73.77059,19.9696],[73.77055,19.96956],[73.77035,19.96931]]},"properties":{"id":"road_w1317565925","type":"road_segment","name":"Mumbai Agra Highway Elevated Corridor","name_local":null,"category":"motorway","source":"openstreetmap","source_id":"way/1317565925","updated_at":"2026-01-11T19:23:43Z","tags":{"ref":"NH848","lanes":"3","maxspeed":"100","surface":"asphalt","oneway":"yes"}}},{"type":"Feature","geometry":{"type":"LineString","coordinates":[[73.77034,19.96956],[73.77073,19.96997]]},"properties":{"id":"road_w1317568143","type":"road_segment","name":"Mumbai Agra Highway Elevated Corridor","name_local":null,"category":"motorway","source":"openstreetmap","source_id":"way/1317568143","updated_at":"2026-01-11T19:23:43Z","tags":{"ref":"NH848","lanes":"3","surface":"asphalt","oneway":"yes"}}},{"type":"Feature","geometry":{"type":"LineString","coordinates":[[73.77073,19.96997],[73.77102,19.97029],[73.77126,19.97054]]},"properties":{"id":"road_w1317568144","type":"road_segment","name":"Mumbai Agra Highway Elevated Corridor","name_local":null,"category":"motorway","source":"openstreetmap","source_id":"way/1317568144","updated_at":"2026-01-11T19:23:43Z","tags":{"ref":"NH848","lanes":"3","surface":"asphalt","oneway":"yes"}}},{"type":"Feature","geometry":{"type":"LineString","coordinates":[[73.77129,19.97039],[73.77115,19.97023],[73.77097,19.97002],[73.77059,19.9696]]},"properties":{"id":"road_w1317568145","type":"road_segment","name":"Mumbai Agra Highway Elevated Corridor","name_local":null,"category":"motorway","source":"openstreetmap","source_id":"way/1317568145","updated_at":"2026-01-11T19:23:43Z","tags":{"ref":"NH848","lanes":"3","maxspeed":"100","surface":"asphalt","oneway":"yes"}}},{"type":"Feature","geometry":{"type":"LineString","coordinates":[[73.77545,19.97459],[73.77698,19.97631],[73.77818,19.97766]]},"properties":{"id":"road_w1317568146","type":"road_segment","name":"Mumbai Agra Highway Elevated Corridor","name_local":null,"category":"motorway","source":"openstreetmap","source_id":"way/1317568146","updated_at":"2026-03-14T11:53:53Z","tags":{"ref":"NH160","lanes":"3","surface":"asphalt","oneway":"yes"}}},{"type":"Feature","geometry":{"type":"LineString","coordinates":[[73.77847,19.97784],[73.77553,19.97449]]},"properties":{"id":"road_w1317568147","type":"road_segment","name":"Mumbai Agra Highway Elevated Corridor","name_local":null,"category":"motorway","source":"openstreetmap","source_id":"way/1317568147","updated_at":"2026-01-11T19:23:43Z","tags":{"ref":"NH160","lanes":"3","surface":"asphalt","oneway":"yes"}}},{"type":"Feature","geometry":{"type":"LineString","coordinates":[[73.77818,19.97766],[73.77835,19.97786]]},"properties":{"id":"road_w1317568148","type":"road_segment","name":"Mumbai Agra Highway Elevated Corridor","name_local":null,"category":"motorway","source":"openstreetmap","source_id":"way/1317568148","updated_at":"2026-01-11T19:23:43Z","tags":{"ref":"NH848","lanes":"3","surface":"asphalt","oneway":"yes"}}},{"type":"Feature","geometry":{"type":"LineString","coordinates":[[73.77859,19.97799],[73.77847,19.97784]]},"properties":{"id":"road_w1317568149","type":"road_segment","name":"Mumbai Agra Highway Elevated Corridor","name_local":null,"category":"motorway","source":"openstreetmap","source_id":"way/1317568149","updated_at":"2026-01-11T19:23:43Z","tags":{"ref":"NH848","lanes":"3","surface":"asphalt","oneway":"yes"}}},{"type":"Feature","geometry":{"type":"LineString","coordinates":[[73.76405,19.99027],[73.76393,19.99036],[73.76357,19.99063],[73.7635,19.99068],[73.76341,19.99077],[73.76335,19.99085]]},"properties":{"id":"road_w1348044517","type":"road_segment","name":"Canal Link Road","name_local":null,"category":"primary","source":"openstreetmap","source_id":"way/1348044517","updated_at":"2026-01-12T18:41:29Z","tags":{"lanes":"3","maxspeed":"50","surface":"asphalt","oneway":"yes"}}},{"type":"Feature","geometry":{"type":"LineString","coordinates":[[73.76242,19.99027],[73.76296,19.9906],[73.76317,19.99074],[73.76335,19.99085]]},"properties":{"id":"road_w1348044518","type":"road_segment","name":"Ambad Link Road","name_local":null,"category":"secondary","source":"openstreetmap","source_id":"way/1348044518","updated_at":"2025-01-02T18:25:58Z","tags":{"oneway":"yes"}}},{"type":"Feature","geometry":{"type":"LineString","coordinates":[[73.76347,19.99093],[73.76354,19.99084],[73.7636,19.99076],[73.76373,19.99065],[73.76415,19.99033]]},"properties":{"id":"road_w1348044519","type":"road_segment","name":"Canal Link Road","name_local":null,"category":"primary","source":"openstreetmap","source_id":"way/1348044519","updated_at":"2026-01-12T18:41:29Z","tags":{"lanes":"2","oneway":"yes"}}},{"type":"Feature","geometry":{"type":"LineString","coordinates":[[73.76335,19.99085],[73.76347,19.99093]]},"properties":{"id":"road_w1348044520","type":"road_segment","name":"Ambad Link Road","name_local":null,"category":"primary","source":"openstreetmap","source_id":"way/1348044520","updated_at":"2026-01-13T09:52:40Z","tags":{"oneway":"yes"}}},{"type":"Feature","geometry":{"type":"LineString","coordinates":[[73.54769,19.94399],[73.54804,19.94417],[73.54866,19.94448],[73.5492,19.94467],[73.54977,19.94478],[73.55066,19.94486],[73.55127,19.94489]]},"properties":{"id":"road_w1350411435","type":"road_segment","name":"Trimbak Road","name_local":null,"category":"trunk","source":"openstreetmap","source_id":"way/1350411435","updated_at":"2025-01-11T17:40:28Z","tags":{"ref":"NH160A","oneway":"yes"}}},{"type":"Feature","geometry":{"type":"LineString","coordinates":[[73.55496,19.94624],[73.55637,19.94713],[73.55691,19.94745],[73.5574,19.94768],[73.55819,19.94803],[73.55974,19.94871],[73.55991,19.94879],[73.56409,19.95063]]},"properties":{"id":"road_w1350411436","type":"road_segment","name":"Trimbak Road","name_local":null,"category":"trunk","source":"openstreetmap","source_id":"way/1350411436","updated_at":"2025-12-10T04:51:35Z","tags":{"ref":"NH848","oneway":"yes"}}},{"type":"Feature","geometry":{"type":"LineString","coordinates":[[73.56412,19.95057],[73.5641,19.95056],[73.56207,19.94967],[73.55882,19.94823],[73.55699,19.94736],[73.55538,19.94641],[73.55495,19.94612]]},"properties":{"id":"road_w1350411438","type":"road_segment","name":"Trimbak Road","name_local":null,"category":"trunk","source":"openstreetmap","source_id":"way/1350411438","updated_at":"2025-01-11T17:40:28Z","tags":{"oneway":"yes"}}},{"type":"Feature","geometry":{"type":"LineString","coordinates":[[73.56409,19.95063],[73.56486,19.9509],[73.56596,19.95126],[73.56706,19.95168],[73.56793,19.9519],[73.56877,19.95206],[73.56941,19.95208],[73.57019,19.95205],[73.57162,19.95193],[73.573,19.95189],[73.57433,19.95201],[73.57568,19.9522],[73.57847,19.95261],[73.58118,19.95292],[73.58267,19.95311],[73.58391,19.95328],[73.58442,19.95325],[73.58509,19.95329]]},"properties":{"id":"road_w1350411439","type":"road_segment","name":"Trimbak Road","name_local":null,"category":"trunk","source":"openstreetmap","source_id":"way/1350411439","updated_at":"2025-01-11T17:40:28Z","tags":{"ref":"SH30","oneway":"yes"}}},{"type":"Feature","geometry":{"type":"LineString","coordinates":[[73.58563,19.94666],[73.58555,19.94667]]},"properties":{"id":"road_w1350411440","type":"road_segment","name":"Anjaneri Treck Road","name_local":null,"category":"unclassified","source":"openstreetmap","source_id":"way/1350411440","updated_at":"2025-01-11T17:40:28Z","tags":{"surface":"dirt"}}},{"type":"Feature","geometry":{"type":"LineString","coordinates":[[73.74985,19.98848],[73.74988,19.98825],[73.74989,19.98815],[73.74987,19.98798],[73.74978,19.98765],[73.74975,19.98755],[73.74948,19.9869],[73.74922,19.98629],[73.74918,19.98617],[73.74914,19.98605]]},"properties":{"id":"road_w1356372334","type":"road_segment","name":"ITI Ambad Road","name_local":null,"category":"tertiary","source":"openstreetmap","source_id":"way/1356372334","updated_at":"2026-02-02T08:17:28Z","tags":{}}},{"type":"Feature","geometry":{"type":"LineString","coordinates":[[73.74914,19.98605],[73.74894,19.9854],[73.74876,19.98443],[73.74873,19.98431],[73.74868,19.98399]]},"properties":{"id":"road_w1356372335","type":"road_segment","name":"ITI Ambad Road","name_local":null,"category":"tertiary","source":"openstreetmap","source_id":"way/1356372335","updated_at":"2025-02-03T10:25:08Z","tags":{}}},{"type":"Feature","geometry":{"type":"LineString","coordinates":[[73.74868,19.98399],[73.74866,19.98389],[73.74859,19.98345],[73.74855,19.98323]]},"properties":{"id":"road_w1356372336","type":"road_segment","name":"ITI Ambad Road","name_local":null,"category":"tertiary","source":"openstreetmap","source_id":"way/1356372336","updated_at":"2025-11-14T12:09:37Z","tags":{}}},{"type":"Feature","geometry":{"type":"LineString","coordinates":[[73.80004,19.99563],[73.79935,19.99526],[73.79709,19.99407],[73.79627,19.99362],[73.79584,19.99339],[73.79488,19.99291],[73.79327,19.99202]]},"properties":{"id":"road_w1362948842","type":"road_segment","name":"Mumbai Agra Highway Elevated Corridor","name_local":null,"category":"motorway","source":"openstreetmap","source_id":"way/1362948842","updated_at":"2026-01-11T19:23:43Z","tags":{"lanes":"2","surface":"asphalt","oneway":"yes","bridge":"yes"}}},{"type":"Feature","geometry":{"type":"LineString","coordinates":[[73.79321,19.99209],[73.7937,19.99235],[73.79533,19.99323],[73.79622,19.9937],[73.79929,19.99535],[73.79979,19.99562],[73.80002,19.99576]]},"properties":{"id":"road_w1362948843","type":"road_segment","name":"Mumbai Agra Highway Elevated Corridor","name_local":null,"category":"motorway","source":"openstreetmap","source_id":"way/1362948843","updated_at":"2026-01-11T19:23:43Z","tags":{"lanes":"2","surface":"asphalt","oneway":"yes","bridge":"yes"}}},{"type":"Feature","geometry":{"type":"LineString","coordinates":[[73.74979,19.99296],[73.74951,19.99292],[73.74596,19.9923],[73.74575,19.99226],[73.74548,19.99221],[73.74434,19.99202],[73.74285,19.99184],[73.74245,19.9918],[73.74217,19.99178]]},"properties":{"id":"road_w1377396927","type":"road_segment","name":"Trimbak Road","name_local":null,"category":"trunk","source":"openstreetmap","source_id":"way/1377396927","updated_at":"2025-04-14T08:48:22Z","tags":{"ref":"NH848","oneway":"yes"}}},{"type":"Feature","geometry":{"type":"LineString","coordinates":[[73.80062,20.07787],[73.80059,20.07808],[73.80063,20.07837],[73.80055,20.07861],[73.80062,20.07883],[73.80088,20.07902],[73.80102,20.07924],[73.80123,20.07932],[73.80149,20.07924],[73.80158,20.07916],[73.8018,20.07918],[73.80199,20.07895],[73.80199,20.07874],[73.80203,20.07852],[73.80187,20.07831],[73.80182,20.07821],[73.80165,20.07814],[73.8016,20.07797],[73.80148,20.07791],[73.80126,20.07788],[73.80119,20.07787],[73.80091,20.07787],[73.80062,20.07787]]},"properties":{"id":"road_w1431080892","type":"road_segment","name":"Walkway","name_local":null,"category":"unclassified","source":"openstreetmap","source_id":"way/1431080892","updated_at":"2025-09-20T06:21:28Z","tags":{"surface":"sand"}}},{"type":"Feature","geometry":{"type":"LineString","coordinates":[[73.80073,20.07743],[73.80062,20.07787]]},"properties":{"id":"road_w1431434805","type":"road_segment","name":"Walkway","name_local":null,"category":"unclassified","source":"openstreetmap","source_id":"way/1431434805","updated_at":"2025-09-20T06:21:28Z","tags":{"surface":"sand"}}},{"type":"Feature","geometry":{"type":"LineString","coordinates":[[73.93316,19.89108],[73.9356,19.8894],[73.93746,19.88812],[73.93911,19.88699],[73.93945,19.88676],[73.94003,19.88638],[73.94073,19.88594],[73.94184,19.88525],[73.94216,19.88499],[73.94247,19.88469],[73.94264,19.88446],[73.94282,19.8842],[73.94304,19.8838],[73.94321,19.88345],[73.94393,19.88196],[73.94441,19.88091],[73.94442,19.88089],[73.9447,19.88038],[73.94489,19.88014],[73.94503,19.87996],[73.94544,19.87962],[73.94632,19.87905],[73.94636,19.87902],[73.94815,19.87808],[73.94846,19.87792],[73.94861,19.8778],[73.94879,19.87763],[73.94897,19.87731],[73.94904,19.87706],[73.94903,19.87666],[73.94899,19.87619],[73.949,19.87598],[73.94907,19.87577],[73.94922,19.8756],[73.94943,19.87548],[73.9497,19.87546],[73.95,19.87551],[73.95025,19.87564],[73.95061,19.87591],[73.95108,19.87611],[73.95138,19.87622],[73.95172,19.87625],[73.95208,19.87621],[73.95242,19.87609],[73.95282,19.87587],[73.95312,19.87555],[73.95344,19.87488],[73.95365,19.87434],[73.95371,19.87389],[73.95371,19.87346],[73.95359,19.87303],[73.9536,19.87263],[73.95373,19.87156],[73.95384,19.87116],[73.95397,19.87087],[73.95419,19.87055],[73.95448,19.87024],[73.95468,19.87012],[73.955,19.86992],[73.95617,19.86934],[73.95742,19.8687],[73.95891,19.86793],[73.95954,19.86762],[73.96019,19.86729]]},"properties":{"id":"road_w1458036972","type":"road_segment","name":"Pune Nashik Road","name_local":null,"category":"trunk","source":"openstreetmap","source_id":"way/1458036972","updated_at":"2025-12-12T11:12:56Z","tags":{"ref":"NH60;NH160","oneway":"yes"}}},{"type":"Feature","geometry":{"type":"LineString","coordinates":[[73.93307,19.89115],[73.93316,19.89108]]},"properties":{"id":"road_w1458036973","type":"road_segment","name":"Pune Nashik Road","name_local":null,"category":"trunk","source":"openstreetmap","source_id":"way/1458036973","updated_at":"2025-12-12T11:12:56Z","tags":{"ref":"NH60;NH160","oneway":"yes","bridge":"yes"}}},{"type":"Feature","geometry":{"type":"LineString","coordinates":[[73.80087,19.96813],[73.80066,19.96811],[73.8003,19.96814],[73.80004,19.96815],[73.7998,19.96817]]},"properties":{"id":"road_w1466082828","type":"road_segment","name":"Shree Sant Savata Mali Marg","name_local":null,"category":"tertiary","source":"openstreetmap","source_id":"way/1466082828","updated_at":"2026-01-10T19:40:16Z","tags":{"oneway":"yes"}}},{"type":"Feature","geometry":{"type":"LineString","coordinates":[[73.79993,19.96831],[73.80066,19.96818],[73.80087,19.96813]]},"properties":{"id":"road_w1466082829","type":"road_segment","name":"Sawata Mali Road","name_local":null,"category":"tertiary","source":"openstreetmap","source_id":"way/1466082829","updated_at":"2026-01-13T10:01:14Z","tags":{"oneway":"yes"}}},{"type":"Feature","geometry":{"type":"LineString","coordinates":[[73.76001,19.96793],[73.76004,19.96799]]},"properties":{"id":"road_w1466087821","type":"road_segment","name":"Maharana Pratap Chowk Road","name_local":null,"category":"tertiary","source":"openstreetmap","source_id":"way/1466087821","updated_at":"2026-01-10T20:04:54Z","tags":{"oneway":"yes"}}},{"type":"Feature","geometry":{"type":"LineString","coordinates":[[73.76001,19.96793],[73.75995,19.96799]]},"properties":{"id":"road_w1466087822","type":"road_segment","name":"Ambad Police Station Road","name_local":null,"category":"secondary","source":"openstreetmap","source_id":"way/1466087822","updated_at":"2026-01-10T20:04:54Z","tags":{"oneway":"yes"}}},{"type":"Feature","geometry":{"type":"LineString","coordinates":[[73.75995,19.96799],[73.76004,19.96799]]},"properties":{"id":"road_w1466087823","type":"road_segment","name":"Ambad Police Station Road","name_local":null,"category":"secondary","source":"openstreetmap","source_id":"way/1466087823","updated_at":"2026-01-10T20:04:54Z","tags":{"oneway":"yes"}}},{"type":"Feature","geometry":{"type":"LineString","coordinates":[[73.77639,19.97601],[73.77592,19.97642],[73.77533,19.97689],[73.77468,19.9775],[73.77391,19.97823],[73.77336,19.97872],[73.77311,19.97885],[73.77288,19.97888],[73.7721,19.97891],[73.77124,19.9789],[73.77098,19.97887],[73.7708,19.97876],[73.77063,19.97858]]},"properties":{"id":"road_w1466087824","type":"road_segment","name":"Bhujbal Farm Road","name_local":null,"category":"secondary","source":"openstreetmap","source_id":"way/1466087824","updated_at":"2026-01-10T20:04:54Z","tags":{"oneway":"yes"}}},{"type":"Feature","geometry":{"type":"LineString","coordinates":[[73.79053,19.99678],[73.79056,19.99674],[73.79062,19.99659],[73.79066,19.99627],[73.79063,19.99596],[73.79052,19.99546],[73.79037,19.99476],[73.79026,19.99452]]},"properties":{"id":"road_w1466131670","type":"road_segment","name":"Falke Road","name_local":null,"category":"tertiary","source":"openstreetmap","source_id":"way/1466131670","updated_at":"2026-01-11T02:26:57Z","tags":{"oneway":"yes"}}},{"type":"Feature","geometry":{"type":"LineString","coordinates":[[73.78883,20.00199],[73.78986,20.00201]]},"properties":{"id":"road_w1466136054","type":"road_segment","name":"Damodar Road","name_local":null,"category":"tertiary","source":"openstreetmap","source_id":"way/1466136054","updated_at":"2026-01-11T03:43:37Z","tags":{}}},{"type":"Feature","geometry":{"type":"LineString","coordinates":[[73.78883,20.00162],[73.78883,20.00199]]},"properties":{"id":"road_w1466136055","type":"road_segment","name":"Damodar Road","name_local":null,"category":"tertiary","source":"openstreetmap","source_id":"way/1466136055","updated_at":"2026-01-11T03:43:37Z","tags":{}}},{"type":"Feature","geometry":{"type":"LineString","coordinates":[[73.79367,19.9925],[73.7937,19.99256],[73.79374,19.99266]]},"properties":{"id":"road_w1466146695","type":"road_segment","name":"Wadala Road","name_local":"वडाळा रस्ता","category":"unclassified","source":"openstreetmap","source_id":"way/1466146695","updated_at":"2026-01-11T06:06:50Z","tags":{"name:mr":"वडाळा रस्ता","lanes":"2","surface":"asphalt","oneway":"yes"}}},{"type":"Feature","geometry":{"type":"LineString","coordinates":[[73.79359,19.99196],[73.79361,19.99213],[73.79365,19.99238],[73.79367,19.9925]]},"properties":{"id":"road_w1466146696","type":"road_segment","name":"Wadala Road","name_local":"वडाळा रस्ता","category":"secondary","source":"openstreetmap","source_id":"way/1466146696","updated_at":"2026-01-11T06:06:50Z","tags":{"name:mr":"वडाळा रस्ता","lanes":"2","surface":"asphalt","oneway":"yes"}}},{"type":"Feature","geometry":{"type":"LineString","coordinates":[[73.81002,20.01092],[73.81021,20.01079]]},"properties":{"id":"road_w1466151438","type":"road_segment","name":"Bappa Sitaram Marg","name_local":null,"category":"tertiary","source":"openstreetmap","source_id":"way/1466151438","updated_at":"2026-01-11T06:53:06Z","tags":{}}},{"type":"Feature","geometry":{"type":"LineString","coordinates":[[73.79535,19.99589],[73.79598,19.99546],[73.79602,19.99543],[73.79622,19.99529],[73.79631,19.99522],[73.79664,19.99479],[73.79666,19.99477],[73.7967,19.99472],[73.79707,19.99428]]},"properties":{"id":"road_w1466159431","type":"road_segment","name":"Wazare Road","name_local":null,"category":"tertiary","source":"openstreetmap","source_id":"way/1466159431","updated_at":"2026-01-11T08:07:55Z","tags":{}}},{"type":"Feature","geometry":{"type":"LineString","coordinates":[[73.83736,20.02304],[73.83772,20.02323],[73.83809,20.02333]]},"properties":{"id":"road_w1466165896","type":"road_segment","name":"Agra Mumbai Road Flyover Ramp","name_local":null,"category":"motorway_link","source":"openstreetmap","source_id":"way/1466165896","updated_at":"2026-01-11T19:23:43Z","tags":{"oneway":"yes","bridge":"yes"}}},{"type":"Feature","geometry":{"type":"LineString","coordinates":[[73.82956,20.01852],[73.83047,20.01894],[73.83073,20.01904]]},"properties":{"id":"road_w1466165897","type":"road_segment","name":"Agra Mumbai Road Flyover Ramp","name_local":null,"category":"motorway_link","source":"openstreetmap","source_id":"way/1466165897","updated_at":"2026-01-11T19:23:43Z","tags":{"oneway":"yes"}}},{"type":"Feature","geometry":{"type":"LineString","coordinates":[[73.83164,20.01929],[73.83152,20.01922],[73.8306,20.01868],[73.83034,20.01854],[73.82969,20.01826]]},"properties":{"id":"road_w1466165898","type":"road_segment","name":"Agra Mumbai Road Flyover Ramp","name_local":null,"category":"motorway_link","source":"openstreetmap","source_id":"way/1466165898","updated_at":"2026-01-11T19:23:43Z","tags":{"oneway":"yes"}}},{"type":"Feature","geometry":{"type":"LineString","coordinates":[[73.83753,20.02276],[73.83628,20.02201],[73.83164,20.01929]]},"properties":{"id":"road_w1466165899","type":"road_segment","name":"Agra Mumbai Road Flyover Ramp","name_local":null,"category":"motorway_link","source":"openstreetmap","source_id":"way/1466165899","updated_at":"2026-01-11T19:23:43Z","tags":{"oneway":"yes"}}},{"type":"Feature","geometry":{"type":"LineString","coordinates":[[73.83856,20.02354],[73.83847,20.02341],[73.83825,20.02323],[73.83753,20.02276]]},"properties":{"id":"road_w1466165900","type":"road_segment","name":"Agra Mumbai Road Flyover Ramp","name_local":null,"category":"motorway_link","source":"openstreetmap","source_id":"way/1466165900","updated_at":"2026-01-11T19:23:43Z","tags":{"oneway":"yes","bridge":"yes"}}},{"type":"Feature","geometry":{"type":"LineString","coordinates":[[73.85002,20.02828],[73.84912,20.02801]]},"properties":{"id":"road_w1466283406","type":"road_segment","name":"Agra Mumbai Road","name_local":null,"category":"trunk","source":"openstreetmap","source_id":"way/1466283406","updated_at":"2026-01-11T18:49:03Z","tags":{"ref":"NH60","lanes":"3","surface":"asphalt","oneway":"yes"}}},{"type":"Feature","geometry":{"type":"LineString","coordinates":[[73.84796,20.02764],[73.84541,20.02681],[73.84448,20.02652],[73.844,20.02636],[73.84364,20.02622],[73.8432,20.02605],[73.84274,20.02587]]},"properties":{"id":"road_w1466283407","type":"road_segment","name":"Agra Mumbai Road Flyover","name_local":null,"category":"motorway","source":"openstreetmap","source_id":"way/1466283407","updated_at":"2026-01-11T18:49:03Z","tags":{"ref":"NH60","lanes":"2","surface":"asphalt","oneway":"yes"}}},{"type":"Feature","geometry":{"type":"LineString","coordinates":[[73.84269,20.02594],[73.84297,20.02606],[73.84326,20.02617],[73.84392,20.02642],[73.84461,20.02665],[73.84793,20.02774]]},"properties":{"id":"road_w1466283408","type":"road_segment","name":"Agra Mumbai Road Flyover","name_local":null,"category":"motorway","source":"openstreetmap","source_id":"way/1466283408","updated_at":"2026-01-11T18:49:03Z","tags":{"ref":"NH60","lanes":"2","surface":"asphalt","oneway":"yes"}}},{"type":"Feature","geometry":{"type":"LineString","coordinates":[[73.78251,19.99354],[73.7825,19.99361],[73.78228,19.99464],[73.78223,19.99498],[73.78215,19.99533],[73.78207,19.99564],[73.78193,19.99592],[73.78175,19.99629],[73.78165,19.99649],[73.78145,19.9969],[73.7813,19.99719]]},"properties":{"id":"road_w1466283409","type":"road_segment","name":"Old Agra Road","name_local":null,"category":"trunk","source":"openstreetmap","source_id":"way/1466283409","updated_at":"2026-01-11T19:35:22Z","tags":{"lanes":"2","surface":"asphalt","oneway":"yes"}}},{"type":"Feature","geometry":{"type":"LineString","coordinates":[[73.82537,20.01654],[73.82543,20.01636],[73.82546,20.01626],[73.82553,20.01585],[73.82551,20.01571]]},"properties":{"id":"road_w1466462248","type":"road_segment","name":"Dr Nanasaheb Dharmadhikari Marg","name_local":null,"category":"primary","source":"openstreetmap","source_id":"way/1466462248","updated_at":"2026-01-12T12:58:01Z","tags":{"oneway":"yes"}}},{"type":"Feature","geometry":{"type":"LineString","coordinates":[[73.82551,20.01571],[73.82541,20.0158],[73.82531,20.01621],[73.82529,20.0163],[73.82523,20.01648]]},"properties":{"id":"road_w1466462249","type":"road_segment","name":"Dr Nanasaheb Dharmadhikari Marg","name_local":null,"category":"primary","source":"openstreetmap","source_id":"way/1466462249","updated_at":"2026-01-12T12:58:01Z","tags":{"oneway":"yes"}}},{"type":"Feature","geometry":{"type":"LineString","coordinates":[[73.76341,19.99077],[73.76281,19.99041],[73.76255,19.99025]]},"properties":{"id":"road_w1466511828","type":"road_segment","name":"Ambad Link Road","name_local":null,"category":"secondary","source":"openstreetmap","source_id":"way/1466511828","updated_at":"2026-01-12T15:57:41Z","tags":{"oneway":"yes"}}},{"type":"Feature","geometry":{"type":"LineString","coordinates":[[73.76915,19.99358],[73.77004,19.99385],[73.77154,19.99428],[73.7717,19.99435]]},"properties":{"id":"road_w1466511829","type":"road_segment","name":"Ambad Link Road","name_local":null,"category":"secondary","source":"openstreetmap","source_id":"way/1466511829","updated_at":"2026-01-12T15:57:41Z","tags":{"oneway":"yes"}}},{"type":"Feature","geometry":{"type":"LineString","coordinates":[[73.77179,19.99426],[73.77162,19.9942],[73.76912,19.99344]]},"properties":{"id":"road_w1466511830","type":"road_segment","name":"Ambad Link Road","name_local":null,"category":"secondary","source":"openstreetmap","source_id":"way/1466511830","updated_at":"2026-01-12T15:57:41Z","tags":{"oneway":"yes"}}},{"type":"Feature","geometry":{"type":"LineString","coordinates":[[73.73441,20.00487],[73.74067,20.0041]]},"properties":{"id":"road_w1466563999","type":"road_segment","name":"Satpur MIDC Road","name_local":null,"category":"unclassified","source":"openstreetmap","source_id":"way/1466563999","updated_at":"2026-01-12T18:37:34Z","tags":{}}},{"type":"Feature","geometry":{"type":"LineString","coordinates":[[73.80671,19.97927],[73.80686,19.97916]]},"properties":{"id":"road_w1466708664","type":"road_segment","name":"Ashok Marg","name_local":null,"category":"tertiary","source":"openstreetmap","source_id":"way/1466708664","updated_at":"2026-01-13T09:56:35Z","tags":{}}},{"type":"Feature","geometry":{"type":"LineString","coordinates":[[73.79837,19.96842],[73.79829,19.96863],[73.79821,19.96896],[73.79819,19.96907],[73.79815,19.96934],[73.79812,19.96969]]},"properties":{"id":"road_w1466709674","type":"road_segment","name":"Shree Sant Savata Mali Marg","name_local":null,"category":"primary","source":"openstreetmap","source_id":"way/1466709674","updated_at":"2026-01-13T10:01:14Z","tags":{"oneway":"yes"}}},{"type":"Feature","geometry":{"type":"LineString","coordinates":[[73.81747,19.98495],[73.81749,19.9848]]},"properties":{"id":"road_w1466712081","type":"road_segment","name":"Takli Road","name_local":null,"category":"secondary","source":"openstreetmap","source_id":"way/1466712081","updated_at":"2026-01-13T10:14:13Z","tags":{}}},{"type":"Feature","geometry":{"type":"LineString","coordinates":[[73.79477,20.00874],[73.79475,20.00869],[73.79471,20.00868],[73.79464,20.00844],[73.79462,20.00837],[73.7945,20.00796],[73.79448,20.00784],[73.79447,20.00779],[73.79451,20.00775],[73.79446,20.00751]]},"properties":{"id":"road_w1469179168","type":"road_segment","name":"Natkar Lane No. 1","name_local":null,"category":"living_street","source":"openstreetmap","source_id":"way/1469179168","updated_at":"2026-01-21T15:26:52Z","tags":{}}},{"type":"Feature","geometry":{"type":"LineString","coordinates":[[73.74986,19.98855],[73.74985,19.98848]]},"properties":{"id":"road_w1473538155","type":"road_segment","name":"ITI Ambad Road","name_local":null,"category":"tertiary","source":"openstreetmap","source_id":"way/1473538155","updated_at":"2026-02-02T08:17:28Z","tags":{"oneway":"yes"}}},{"type":"Feature","geometry":{"type":"LineString","coordinates":[[73.74964,19.98905],[73.74969,19.98899]]},"properties":{"id":"road_w1473538156","type":"road_segment","name":"A Road","name_local":null,"category":"tertiary","source":"openstreetmap","source_id":"way/1473538156","updated_at":"2026-02-02T08:17:28Z","tags":{"oneway":"yes"}}},{"type":"Feature","geometry":{"type":"LineString","coordinates":[[73.78826,19.99929],[73.78817,19.99923],[73.78754,19.99909],[73.78734,19.99904],[73.78709,19.999],[73.78695,19.99897]]},"properties":{"id":"road_w1489651327","type":"road_segment","name":"GPO Road","name_local":null,"category":"tertiary","source":"openstreetmap","source_id":"way/1489651327","updated_at":"2026-03-17T04:47:41Z","tags":{"oneway":"yes"}}}]}