{"type":"FeatureCollection","features":[{"type":"Feature","geometry":{"type":"Point","coordinates":[73.74488,20.12688]},"properties":{"id":"place_n700979771","type":"fort","name":"Dehergad","name_local":null,"category":"fort","source":"openstreetmap","source_id":"node/700979771","updated_at":"2021-11-15T04:22:36Z","tags":{"ele":"1091"}}},{"type":"Feature","geometry":{"type":"Point","coordinates":[72.98845,19.67261]},"properties":{"id":"place_n2705510883","type":"fort","name":"Kohoj Fort","name_local":null,"category":"fort","source":"openstreetmap","source_id":"node/2705510883","updated_at":"2023-03-06T09:09:33Z","tags":{}}},{"type":"Feature","geometry":{"type":"Point","coordinates":[74.25932,20.3356]},"properties":{"id":"place_n4555096719","type":"fort","name":"Chandwad Fort","name_local":null,"category":"fort","source":"openstreetmap","source_id":"node/4555096719","updated_at":"2023-03-03T05:16:14Z","tags":{}}},{"type":"Feature","geometry":{"type":"Point","coordinates":[73.71095,19.60031]},"properties":{"id":"place_n4693883696","type":"peak","name":"Kalasubai peak","name_local":"Kalsubai","category":"peak","source":"openstreetmap","source_id":"node/4693883696","updated_at":"2025-04-05T18:17:39Z","tags":{"name:en":"Kalasubai peak","name:mr":"कळसूबाई शिखर","wikipedia":"en:Kalsubai","wikidata":"Q3629166","ele":"1646"}}},{"type":"Feature","geometry":{"type":"Point","coordinates":[73.64925,19.58964]},"properties":{"id":"place_n5549544321","type":"fort","name":"Madangad Fort","name_local":null,"category":"fort","source":"openstreetmap","source_id":"node/5549544321","updated_at":"2023-11-20T20:57:50Z","tags":{"wikipedia":"en:Madangad Fort","wikidata":"Q6726455","ele":"1494"}}},{"type":"Feature","geometry":{"type":"Point","coordinates":[72.92484,19.43632]},"properties":{"id":"place_n5928769193","type":"peak","name":"Tungareshwar","name_local":null,"category":"peak","source":"openstreetmap","source_id":"node/5928769193","updated_at":"2018-09-25T12:22:52Z","tags":{}}},{"type":"Feature","geometry":{"type":"Point","coordinates":[74.40668,20.21575]},"properties":{"id":"place_n6171493120","type":"peak","name":"Hadbi chi Shendi","name_local":null,"category":"peak","source":"openstreetmap","source_id":"node/6171493120","updated_at":"2018-12-29T20:19:01Z","tags":{}}},{"type":"Feature","geometry":{"type":"Point","coordinates":[74.44325,20.18808]},"properties":{"id":"place_n6171493755","type":"fort","name":"Ankai Fort","name_local":null,"category":"fort","source":"openstreetmap","source_id":"node/6171493755","updated_at":"2023-03-03T05:16:14Z","tags":{}}},{"type":"Feature","geometry":{"type":"Point","coordinates":[73.63649,19.59498]},"properties":{"id":"place_n6832066623","type":"fort","name":"Kulang Fort","name_local":null,"category":"fort","source":"openstreetmap","source_id":"node/6832066623","updated_at":"2023-11-20T20:57:50Z","tags":{"wikipedia":"en:Kulang Fort","wikidata":"Q28173976","ele":"1471"}}},{"type":"Feature","geometry":{"type":"Point","coordinates":[73.69859,19.59388]},"properties":{"id":"place_n6832096254","type":"peak","name":"Sakira peak","name_local":null,"category":"peak","source":"openstreetmap","source_id":"node/6832096254","updated_at":"2023-03-03T05:54:54Z","tags":{}}},{"type":"Feature","geometry":{"type":"Point","coordinates":[73.67627,19.58709]},"properties":{"id":"place_n6832096255","type":"peak","name":"Kirda peak","name_local":null,"category":"peak","source":"openstreetmap","source_id":"node/6832096255","updated_at":"2020-11-02T03:18:22Z","tags":{}}},{"type":"Feature","geometry":{"type":"Point","coordinates":[73.6402,19.59026]},"properties":{"id":"place_n6832096256","type":"peak","name":"Kulang","name_local":null,"category":"peak","source":"openstreetmap","source_id":"node/6832096256","updated_at":"2019-09-28T06:48:16Z","tags":{}}},{"type":"Feature","geometry":{"type":"Point","coordinates":[73.64878,19.5896]},"properties":{"id":"place_n6832096259","type":"peak","name":"Madan","name_local":null,"category":"peak","source":"openstreetmap","source_id":"node/6832096259","updated_at":"2019-09-28T06:48:16Z","tags":{}}},{"type":"Feature","geometry":{"type":"Point","coordinates":[73.73782,20.11966]},"properties":{"id":"place_n7192682075","type":"peak","name":"Bhorgad","name_local":null,"category":"peak","source":"openstreetmap","source_id":"node/7192682075","updated_at":"2022-07-17T12:34:44Z","tags":{"ele":"1090"}}},{"type":"Feature","geometry":{"type":"Point","coordinates":[73.76358,19.62755]},"properties":{"id":"place_n7732089703","type":"peak","name":"Pandhara peak","name_local":null,"category":"peak","source":"openstreetmap","source_id":"node/7732089703","updated_at":"2020-11-02T03:22:27Z","tags":{}}},{"type":"Feature","geometry":{"type":"Point","coordinates":[73.83336,19.70975]},"properties":{"id":"place_n7732089704","type":"fort","name":"Vishramgad Fort","name_local":null,"category":"fort","source":"openstreetmap","source_id":"node/7732089704","updated_at":"2022-07-23T18:00:58Z","tags":{"alt_name":"Patta Fort"}}},{"type":"Feature","geometry":{"type":"Point","coordinates":[73.66089,19.58262]},"properties":{"id":"place_n7732171243","type":"fort","name":"Alang Fort","name_local":null,"category":"fort","source":"openstreetmap","source_id":"node/7732171243","updated_at":"2023-03-03T05:53:23Z","tags":{}}},{"type":"Feature","geometry":{"type":"Point","coordinates":[73.52127,19.91444]},"properties":{"id":"place_n7818514419","type":"peak","name":"Durg bhandar","name_local":null,"category":"peak","source":"openstreetmap","source_id":"node/7818514419","updated_at":"2020-11-06T12:15:35Z","tags":{"ele":"1260"}}},{"type":"Feature","geometry":{"type":"Point","coordinates":[73.71288,19.48368]},"properties":{"id":"place_n8062725871","type":"peak","name":"Katrabai","name_local":null,"category":"peak","source":"openstreetmap","source_id":"node/8062725871","updated_at":"2023-03-08T08:35:52Z","tags":{"alt_name":"Katrubaicha Dongar"}}},{"type":"Feature","geometry":{"type":"Point","coordinates":[73.7307,19.47706]},"properties":{"id":"place_n8062725872","type":"peak","name":"Muda","name_local":null,"category":"peak","source":"openstreetmap","source_id":"node/8062725872","updated_at":"2026-06-29T12:42:57Z","tags":{}}},{"type":"Feature","geometry":{"type":"Point","coordinates":[73.75943,19.47602]},"properties":{"id":"place_n8062725873","type":"peak","name":"Ghanchakkar Dogar","name_local":null,"category":"peak","source":"openstreetmap","source_id":"node/8062725873","updated_at":"2023-03-03T08:12:14Z","tags":{}}},{"type":"Feature","geometry":{"type":"Point","coordinates":[73.67906,19.69008]},"properties":{"id":"place_n8073280590","type":"fort","name":"Mordhan fort","name_local":null,"category":"fort","source":"openstreetmap","source_id":"node/8073280590","updated_at":"2023-03-03T05:33:56Z","tags":{}}},{"type":"Feature","geometry":{"type":"Point","coordinates":[73.42263,19.91263]},"properties":{"id":"place_n8073370100","type":"peak","name":"Utwad","name_local":null,"category":"peak","source":"openstreetmap","source_id":"node/8073370100","updated_at":"2020-11-02T05:02:15Z","tags":{}}},{"type":"Feature","geometry":{"type":"Point","coordinates":[73.43094,19.90436]},"properties":{"id":"place_n8073370101","type":"peak","name":"Bhaskargad/Basgad","name_local":null,"category":"peak","source":"openstreetmap","source_id":"node/8073370101","updated_at":"2020-11-02T05:02:15Z","tags":{}}},{"type":"Feature","geometry":{"type":"Point","coordinates":[73.92728,20.38497]},"properties":{"id":"place_n8074492419","type":"fort","name":"Markandeya fort","name_local":null,"category":"fort","source":"openstreetmap","source_id":"node/8074492419","updated_at":"2024-12-10T06:06:42Z","tags":{"access":"yes"}}},{"type":"Feature","geometry":{"type":"Point","coordinates":[74.10931,20.37348]},"properties":{"id":"place_n8076578586","type":"fort","name":"Kanchana fort","name_local":null,"category":"fort","source":"openstreetmap","source_id":"node/8076578586","updated_at":"2021-10-24T04:10:03Z","tags":{}}},{"type":"Feature","geometry":{"type":"Point","coordinates":[74.0569,20.38495]},"properties":{"id":"place_n8076578587","type":"peak","name":"Ikhara peak","name_local":null,"category":"peak","source":"openstreetmap","source_id":"node/8076578587","updated_at":"2020-11-03T04:48:09Z","tags":{}}},{"type":"Feature","geometry":{"type":"Point","coordinates":[74.03092,20.38538]},"properties":{"id":"place_n8076578588","type":"fort","name":"Dhodap fort","name_local":null,"category":"fort","source":"openstreetmap","source_id":"node/8076578588","updated_at":"2021-10-24T04:10:03Z","tags":{}}},{"type":"Feature","geometry":{"type":"Point","coordinates":[74.20824,20.36053]},"properties":{"id":"place_n8076594514","type":"fort","name":"Indrai fort","name_local":null,"category":"fort","source":"openstreetmap","source_id":"node/8076594514","updated_at":"2021-10-24T04:10:03Z","tags":{}}},{"type":"Feature","geometry":{"type":"Point","coordinates":[74.19379,20.38706]},"properties":{"id":"place_n8076594515","type":"fort","name":"Rajdher fort","name_local":null,"category":"fort","source":"openstreetmap","source_id":"node/8076594515","updated_at":"2021-10-24T04:10:03Z","tags":{}}},{"type":"Feature","geometry":{"type":"Point","coordinates":[74.17046,20.37917]},"properties":{"id":"place_n8076594516","type":"fort","name":"Koldher fort","name_local":null,"category":"fort","source":"openstreetmap","source_id":"node/8076594516","updated_at":"2023-03-15T07:25:54Z","tags":{}}},{"type":"Feature","geometry":{"type":"Point","coordinates":[73.82764,20.43086]},"properties":{"id":"place_n8076632515","type":"fort","name":"Anchala fort","name_local":null,"category":"fort","source":"openstreetmap","source_id":"node/8076632515","updated_at":"2023-03-15T09:03:23Z","tags":{}}},{"type":"Feature","geometry":{"type":"Point","coordinates":[73.85955,20.4153]},"properties":{"id":"place_n8076632516","type":"fort","name":"Ahiwant Fort","name_local":null,"category":"fort","source":"openstreetmap","source_id":"node/8076632516","updated_at":"2023-03-15T09:03:23Z","tags":{}}},{"type":"Feature","geometry":{"type":"Point","coordinates":[73.89585,20.44225]},"properties":{"id":"place_n8076638717","type":"fort","name":"Mohandari fort","name_local":null,"category":"fort","source":"openstreetmap","source_id":"node/8076638717","updated_at":"2023-03-03T04:54:57Z","tags":{}}},{"type":"Feature","geometry":{"type":"Point","coordinates":[73.47196,19.90469]},"properties":{"id":"place_n9183679549","type":"fort","name":"Harihar Fort","name_local":null,"category":"fort","source":"openstreetmap","source_id":"node/9183679549","updated_at":"2026-01-11T16:47:16Z","tags":{"ele":"1109","alt_name":"Harshagad","wikipedia":"en:Harihar fort"}}},{"type":"Feature","geometry":{"type":"Point","coordinates":[73.84959,20.41394]},"properties":{"id":"place_n9196755039","type":"fort","name":"Ahivant Fort","name_local":null,"category":"fort","source":"openstreetmap","source_id":"node/9196755039","updated_at":"2021-10-24T03:48:06Z","tags":{}}},{"type":"Feature","geometry":{"type":"Point","coordinates":[73.76041,20.54254]},"properties":{"id":"place_n9196764820","type":"fort","name":"Hatgad Fort","name_local":null,"category":"fort","source":"openstreetmap","source_id":"node/9196764820","updated_at":"2023-09-04T16:16:56Z","tags":{}}},{"type":"Feature","geometry":{"type":"Point","coordinates":[74.28532,20.59608]},"properties":{"id":"place_n9196765729","type":"fort","name":"Ajmera Fort","name_local":null,"category":"fort","source":"openstreetmap","source_id":"node/9196765729","updated_at":"2021-10-24T03:29:06Z","tags":{}}},{"type":"Feature","geometry":{"type":"Point","coordinates":[73.95842,20.37458]},"properties":{"id":"place_n9196783423","type":"fort","name":"Jawlya fort","name_local":null,"category":"fort","source":"openstreetmap","source_id":"node/9196783423","updated_at":"2021-10-24T03:53:14Z","tags":{}}},{"type":"Feature","geometry":{"type":"Point","coordinates":[73.97143,20.37226]},"properties":{"id":"place_n9196783424","type":"fort","name":"Rawlya fort","name_local":null,"category":"fort","source":"openstreetmap","source_id":"node/9196783424","updated_at":"2021-10-24T03:53:14Z","tags":{}}},{"type":"Feature","geometry":{"type":"Point","coordinates":[73.48191,20.04577]},"properties":{"id":"place_n9196813668","type":"fort","name":"Fort Vaghera","name_local":null,"category":"fort","source":"openstreetmap","source_id":"node/9196813668","updated_at":"2021-10-24T06:46:41Z","tags":{}}},{"type":"Feature","geometry":{"type":"Point","coordinates":[73.38901,20.14664]},"properties":{"id":"place_n9196813669","type":"fort","name":"Khairai Fort","name_local":null,"category":"fort","source":"openstreetmap","source_id":"node/9196813669","updated_at":"2021-10-24T06:46:41Z","tags":{}}},{"type":"Feature","geometry":{"type":"Point","coordinates":[72.94843,20.54982]},"properties":{"id":"place_n9196813670","type":"fort","name":"Parnera Fort","name_local":null,"category":"fort","source":"openstreetmap","source_id":"node/9196813670","updated_at":"2021-10-24T06:46:41Z","tags":{}}},{"type":"Feature","geometry":{"type":"Point","coordinates":[72.91191,20.43183]},"properties":{"id":"place_n9196813671","type":"fort","name":"Arjungad Fort","name_local":null,"category":"fort","source":"openstreetmap","source_id":"node/9196813671","updated_at":"2021-10-24T06:46:41Z","tags":{}}},{"type":"Feature","geometry":{"type":"Point","coordinates":[73.04817,20.05432]},"properties":{"id":"place_n9196813675","type":"fort","name":"Gambhirgad","name_local":null,"category":"fort","source":"openstreetmap","source_id":"node/9196813675","updated_at":"2023-01-24T18:11:50Z","tags":{"ele":"640"}}},{"type":"Feature","geometry":{"type":"Point","coordinates":[73.24964,19.49028]},"properties":{"id":"place_n9196824991","type":"fort","name":"Mahuli Fort","name_local":null,"category":"fort","source":"openstreetmap","source_id":"node/9196824991","updated_at":"2021-12-03T06:38:59Z","tags":{"ele":"858"}}},{"type":"Feature","geometry":{"type":"Point","coordinates":[73.24784,19.47272]},"properties":{"id":"place_n9196824992","type":"peak","name":"Navra Pinnacle","name_local":null,"category":"peak","source":"openstreetmap","source_id":"node/9196824992","updated_at":"2021-10-24T07:14:34Z","tags":{}}},{"type":"Feature","geometry":{"type":"Point","coordinates":[72.94798,20.00562]},"properties":{"id":"place_n9196962010","type":"fort","name":"Segvagad Fort","name_local":null,"category":"fort","source":"openstreetmap","source_id":"node/9196962010","updated_at":"2021-10-24T06:58:28Z","tags":{}}},{"type":"Feature","geometry":{"type":"Point","coordinates":[72.92165,19.82148]},"properties":{"id":"place_n9196962013","type":"fort","name":"Asherigad Fort","name_local":null,"category":"fort","source":"openstreetmap","source_id":"node/9196962013","updated_at":"2021-10-24T06:58:28Z","tags":{}}},{"type":"Feature","geometry":{"type":"Point","coordinates":[72.93248,19.79932]},"properties":{"id":"place_n9196962014","type":"peak","name":"Adsule Pinnacle","name_local":null,"category":"peak","source":"openstreetmap","source_id":"node/9196962014","updated_at":"2021-10-24T06:58:28Z","tags":{}}},{"type":"Feature","geometry":{"type":"Point","coordinates":[72.94361,19.56395]},"properties":{"id":"place_n9196971606","type":"fort","name":"Takmak Fort","name_local":null,"category":"fort","source":"openstreetmap","source_id":"node/9196971606","updated_at":"2023-03-01T07:36:55Z","tags":{"wikipedia":"en:Takmak fort","wikidata":"Q19807300"}}},{"type":"Feature","geometry":{"type":"Point","coordinates":[73.03812,19.43506]},"properties":{"id":"place_n9196971613","type":"fort","name":"Gumtara Fort","name_local":null,"category":"fort","source":"openstreetmap","source_id":"node/9196971613","updated_at":"2021-10-24T07:09:27Z","tags":{}}},{"type":"Feature","geometry":{"type":"Point","coordinates":[73.4905,19.68895]},"properties":{"id":"place_n9197183458","type":"fort","name":"Balvantgad Fort","name_local":null,"category":"fort","source":"openstreetmap","source_id":"node/9197183458","updated_at":"2021-10-24T10:55:41Z","tags":{}}},{"type":"Feature","geometry":{"type":"Point","coordinates":[73.837,19.74705]},"properties":{"id":"place_n9197183459","type":"fort","name":"Aundha Fort","name_local":null,"category":"fort","source":"openstreetmap","source_id":"node/9197183459","updated_at":"2021-10-24T10:55:41Z","tags":{}}},{"type":"Feature","geometry":{"type":"Point","coordinates":[73.9106,19.74119]},"properties":{"id":"place_n9197183460","type":"fort","name":"Aad Fort","name_local":null,"category":"fort","source":"openstreetmap","source_id":"node/9197183460","updated_at":"2021-10-24T10:55:41Z","tags":{}}},{"type":"Feature","geometry":{"type":"Point","coordinates":[73.96905,19.79139]},"properties":{"id":"place_n9197183461","type":"fort","name":"Dubera fort","name_local":null,"category":"fort","source":"openstreetmap","source_id":"node/9197183461","updated_at":"2021-10-24T10:55:41Z","tags":{}}},{"type":"Feature","geometry":{"type":"Point","coordinates":[74.04114,19.67195]},"properties":{"id":"place_n9197183462","type":"fort","name":"Songad Fort","name_local":null,"category":"fort","source":"openstreetmap","source_id":"node/9197183462","updated_at":"2021-10-24T10:55:41Z","tags":{}}},{"type":"Feature","geometry":{"type":"Point","coordinates":[74.03426,19.67277]},"properties":{"id":"place_n9197183463","type":"fort","name":"Parvatgad fort","name_local":null,"category":"fort","source":"openstreetmap","source_id":"node/9197183463","updated_at":"2021-10-24T10:55:41Z","tags":{}}},{"type":"Feature","geometry":{"type":"Point","coordinates":[73.81024,19.40594]},"properties":{"id":"place_n9197197937","type":"fort","name":"Bhairavgad Fort, Kothale","name_local":null,"category":"fort","source":"openstreetmap","source_id":"node/9197197937","updated_at":"2021-10-24T10:52:35Z","tags":{}}},{"type":"Feature","geometry":{"type":"Point","coordinates":[73.68468,19.46604]},"properties":{"id":"place_n9197197940","type":"peak","name":"Ajoba peak","name_local":null,"category":"peak","source":"openstreetmap","source_id":"node/9197197940","updated_at":"2021-10-24T10:52:35Z","tags":{}}},{"type":"Feature","geometry":{"type":"Point","coordinates":[73.70219,19.50019]},"properties":{"id":"place_n9197197941","type":"fort","name":"Ratangad","name_local":null,"category":"fort","source":"openstreetmap","source_id":"node/9197197941","updated_at":"2021-10-24T10:52:35Z","tags":{}}},{"type":"Feature","geometry":{"type":"Point","coordinates":[73.7866,19.4994]},"properties":{"id":"place_n9197197943","type":"peak","name":"Mutkhel","name_local":null,"category":"peak","source":"openstreetmap","source_id":"node/9197197943","updated_at":"2021-10-24T10:52:35Z","tags":{}}},{"type":"Feature","geometry":{"type":"Point","coordinates":[73.78042,19.50058]},"properties":{"id":"place_n9197197944","type":"peak","name":"Sindola","name_local":null,"category":"peak","source":"openstreetmap","source_id":"node/9197197944","updated_at":"2021-10-24T10:52:35Z","tags":{}}},{"type":"Feature","geometry":{"type":"Point","coordinates":[73.7783,19.51363]},"properties":{"id":"place_n9197197945","type":"fort","name":"Pabargad Fort","name_local":null,"category":"fort","source":"openstreetmap","source_id":"node/9197197945","updated_at":"2023-03-03T08:19:03Z","tags":{}}},{"type":"Feature","geometry":{"type":"Point","coordinates":[73.67723,19.69648]},"properties":{"id":"place_n9197197946","type":"fort","name":"Mordhan Fort","name_local":null,"category":"fort","source":"openstreetmap","source_id":"node/9197197946","updated_at":"2021-10-24T10:52:35Z","tags":{}}},{"type":"Feature","geometry":{"type":"Point","coordinates":[73.62293,19.77232]},"properties":{"id":"place_n9197197947","type":"fort","name":"Kavnai Fort","name_local":null,"category":"fort","source":"openstreetmap","source_id":"node/9197197947","updated_at":"2025-05-30T11:54:06Z","tags":{"access":"yes"}}},{"type":"Feature","geometry":{"type":"Point","coordinates":[73.64163,19.88489]},"properties":{"id":"place_n9197239139","type":"fort","name":"Ghargad Fort","name_local":null,"category":"fort","source":"openstreetmap","source_id":"node/9197239139","updated_at":"2023-03-03T05:31:00Z","tags":{}}},{"type":"Feature","geometry":{"type":"Point","coordinates":[73.63009,19.91114]},"properties":{"id":"place_n9197240539","type":"fort","name":"Ranjangiri Fort","name_local":null,"category":"fort","source":"openstreetmap","source_id":"node/9197240539","updated_at":"2021-10-24T11:09:11Z","tags":{}}},{"type":"Feature","geometry":{"type":"Point","coordinates":[73.56985,19.92006]},"properties":{"id":"place_n9197240540","type":"fort","name":"Anjaneri fort","name_local":null,"category":"fort","source":"openstreetmap","source_id":"node/9197240540","updated_at":"2021-10-24T11:09:11Z","tags":{}}},{"type":"Feature","geometry":{"type":"Point","coordinates":[73.54782,19.92211]},"properties":{"id":"place_n9197240541","type":"fort","name":"Navara Navri Fort","name_local":null,"category":"fort","source":"openstreetmap","source_id":"node/9197240541","updated_at":"2021-10-24T11:09:11Z","tags":{}}},{"type":"Feature","geometry":{"type":"Point","coordinates":[73.5236,19.91519]},"properties":{"id":"place_n9197240542","type":"fort","name":"Brahmagiri","name_local":null,"category":"fort","source":"openstreetmap","source_id":"node/9197240542","updated_at":"2021-10-24T11:09:11Z","tags":{}}},{"type":"Feature","geometry":{"type":"Point","coordinates":[73.51534,19.9308]},"properties":{"id":"place_n9197240543","type":"fort","name":"Durg Bhandar","name_local":null,"category":"fort","source":"openstreetmap","source_id":"node/9197240543","updated_at":"2021-10-24T11:09:11Z","tags":{}}},{"type":"Feature","geometry":{"type":"Point","coordinates":[73.43083,19.90436]},"properties":{"id":"place_n9197240544","type":"fort","name":"Basgad","name_local":null,"category":"fort","source":"openstreetmap","source_id":"node/9197240544","updated_at":"2021-10-24T11:09:11Z","tags":{}}},{"type":"Feature","geometry":{"type":"Point","coordinates":[73.42082,19.9058]},"properties":{"id":"place_n9197240545","type":"peak","name":"Utwad","name_local":null,"category":"peak","source":"openstreetmap","source_id":"node/9197240545","updated_at":"2021-10-24T11:09:11Z","tags":{}}},{"type":"Feature","geometry":{"type":"Point","coordinates":[74.42379,20.1932]},"properties":{"id":"place_n9197289070","type":"fort","name":"Gorakhgad Manmad","name_local":null,"category":"fort","source":"openstreetmap","source_id":"node/9197289070","updated_at":"2021-10-24T11:27:03Z","tags":{}}},{"type":"Feature","geometry":{"type":"Point","coordinates":[73.7,19.50972]},"properties":{"id":"place_n9198670535","type":"peak","name":"Khutta Pinnacle","name_local":null,"category":"peak","source":"openstreetmap","source_id":"node/9198670535","updated_at":"2021-10-25T03:29:05Z","tags":{}}},{"type":"Feature","geometry":{"type":"Point","coordinates":[73.72226,19.5175]},"properties":{"id":"place_n9198670536","type":"fort","name":"Ratanwadi","name_local":null,"category":"fort","source":"openstreetmap","source_id":"node/9198670536","updated_at":"2021-10-25T03:29:05Z","tags":{}}},{"type":"Feature","geometry":{"type":"Point","coordinates":[73.61778,19.88281]},"properties":{"id":"place_n9198670538","type":"peak","name":"Dangya Pinnacle","name_local":null,"category":"peak","source":"openstreetmap","source_id":"node/9198670538","updated_at":"2021-10-25T03:29:05Z","tags":{}}},{"type":"Feature","geometry":{"type":"Point","coordinates":[74.09276,19.46495]},"properties":{"id":"place_n9198729633","type":"fort","name":"Pemgiri Fort","name_local":null,"category":"fort","source":"openstreetmap","source_id":"node/9198729633","updated_at":"2021-10-25T04:24:21Z","tags":{}}},{"type":"Feature","geometry":{"type":"Point","coordinates":[74.09978,20.57519]},"properties":{"id":"place_n9442101240","type":"fort","name":"Chaulher Fort","name_local":null,"category":"fort","source":"openstreetmap","source_id":"node/9442101240","updated_at":"2022-01-23T12:45:03Z","tags":{}}},{"type":"Feature","geometry":{"type":"Point","coordinates":[73.25028,19.48644]},"properties":{"id":"place_n9843077183","type":"peak","name":"Mahuli-Bhandargad-Palasgad","name_local":null,"category":"peak","source":"openstreetmap","source_id":"node/9843077183","updated_at":"2022-06-24T03:35:43Z","tags":{"ele":"853"}}},{"type":"Feature","geometry":{"type":"Point","coordinates":[73.78154,19.46848]},"properties":{"id":"place_n9893202943","type":"fort","name":"Bhairavgad (Shirpunji)","name_local":null,"category":"fort","source":"openstreetmap","source_id":"node/9893202943","updated_at":"2023-03-03T08:12:14Z","tags":{}}},{"type":"Feature","geometry":{"type":"Point","coordinates":[73.53658,19.73604]},"properties":{"id":"place_n9893202945","type":"fort","name":"Tringalwadi Fort","name_local":null,"category":"fort","source":"openstreetmap","source_id":"node/9893202945","updated_at":"2023-03-03T05:31:00Z","tags":{}}},{"type":"Feature","geometry":{"type":"Point","coordinates":[73.76705,20.11368]},"properties":{"id":"place_n9893202946","type":"fort","name":"Ramshej Fort","name_local":null,"category":"fort","source":"openstreetmap","source_id":"node/9893202946","updated_at":"2026-04-05T04:57:36Z","tags":{"ele":"975","access":"yes"}}},{"type":"Feature","geometry":{"type":"Point","coordinates":[73.7366,19.40983]},"properties":{"id":"place_n10304004034","type":"peak","name":"Napte Dongar","name_local":null,"category":"peak","source":"openstreetmap","source_id":"node/10304004034","updated_at":"2023-01-04T07:54:50Z","tags":{}}},{"type":"Feature","geometry":{"type":"Point","coordinates":[73.03964,19.53309]},"properties":{"id":"place_n10701247179","type":"peak","name":"Mandakini Hills","name_local":null,"category":"peak","source":"openstreetmap","source_id":"node/10701247179","updated_at":"2023-03-01T08:06:28Z","tags":{}}},{"type":"Feature","geometry":{"type":"Point","coordinates":[73.96795,20.41659]},"properties":{"id":"place_n10705805313","type":"fort","name":"Kanhergad Fort","name_local":null,"category":"fort","source":"openstreetmap","source_id":"node/10705805313","updated_at":"2023-03-03T04:54:57Z","tags":{}}},{"type":"Feature","geometry":{"type":"Point","coordinates":[74.45484,20.19136]},"properties":{"id":"place_n10705831793","type":"fort","name":"Tankai Fort","name_local":null,"category":"fort","source":"openstreetmap","source_id":"node/10705831793","updated_at":"2023-03-03T05:16:14Z","tags":{}}},{"type":"Feature","geometry":{"type":"Point","coordinates":[73.62769,19.76598]},"properties":{"id":"place_n10705834293","type":"peak","name":"Bandeo","name_local":null,"category":"peak","source":"openstreetmap","source_id":"node/10705834293","updated_at":"2023-03-03T05:33:56Z","tags":{}}},{"type":"Feature","geometry":{"type":"Point","coordinates":[73.75889,19.42054]},"properties":{"id":"place_n10706051187","type":"peak","name":"Bhairoba Dongar","name_local":null,"category":"peak","source":"openstreetmap","source_id":"node/10706051187","updated_at":"2023-03-03T08:12:14Z","tags":{}}},{"type":"Feature","geometry":{"type":"Point","coordinates":[73.74592,19.4741]},"properties":{"id":"place_n10706051191","type":"peak","name":"Gawaldev","name_local":null,"category":"peak","source":"openstreetmap","source_id":"node/10706051191","updated_at":"2026-06-29T12:42:58Z","tags":{}}},{"type":"Feature","geometry":{"type":"Point","coordinates":[73.68951,19.55288]},"properties":{"id":"place_n10706289186","type":"peak","name":"Mot Dongar","name_local":null,"category":"peak","source":"openstreetmap","source_id":"node/10706289186","updated_at":"2023-03-03T09:13:24Z","tags":{}}},{"type":"Feature","geometry":{"type":"Point","coordinates":[73.65969,19.52615]},"properties":{"id":"place_n10706289193","type":"peak","name":"Sipnur Dongar","name_local":null,"category":"peak","source":"openstreetmap","source_id":"node/10706289193","updated_at":"2023-03-03T09:13:24Z","tags":{}}},{"type":"Feature","geometry":{"type":"Point","coordinates":[73.29208,19.81593]},"properties":{"id":"place_n10715876196","type":"peak","name":"Bhopatgarh","name_local":null,"category":"peak","source":"openstreetmap","source_id":"node/10715876196","updated_at":"2026-07-02T16:02:47Z","tags":{"ele":"492"}}},{"type":"Feature","geometry":{"type":"Point","coordinates":[73.67354,19.49625]},"properties":{"id":"place_n10720656093","type":"peak","name":"Sula Dongar","name_local":null,"category":"peak","source":"openstreetmap","source_id":"node/10720656093","updated_at":"2023-03-08T08:35:52Z","tags":{}}},{"type":"Feature","geometry":{"type":"Point","coordinates":[73.70234,19.49916]},"properties":{"id":"place_n10720656094","type":"peak","name":"Ratangarh Dongar","name_local":null,"category":"peak","source":"openstreetmap","source_id":"node/10720656094","updated_at":"2025-12-13T09:25:23Z","tags":{"ele":"1247"}}},{"type":"Feature","geometry":{"type":"Point","coordinates":[73.69659,19.47804]},"properties":{"id":"place_n10720656103","type":"peak","name":"Karanda Dongar","name_local":null,"category":"peak","source":"openstreetmap","source_id":"node/10720656103","updated_at":"2023-03-08T08:35:52Z","tags":{}}},{"type":"Feature","geometry":{"type":"Point","coordinates":[73.72843,19.46505]},"properties":{"id":"place_n10720656104","type":"peak","name":"Wakadi Dongar","name_local":null,"category":"peak","source":"openstreetmap","source_id":"node/10720656104","updated_at":"2023-03-08T08:35:52Z","tags":{}}},{"type":"Feature","geometry":{"type":"Point","coordinates":[73.79096,19.42007]},"properties":{"id":"place_n10720685410","type":"peak","name":"Vaitaal Dhar","name_local":null,"category":"peak","source":"openstreetmap","source_id":"node/10720685410","updated_at":"2026-03-15T06:50:09Z","tags":{}}},{"type":"Feature","geometry":{"type":"Point","coordinates":[73.81049,19.40556]},"properties":{"id":"place_n10720685412","type":"peak","name":"Kothale Dongar","name_local":null,"category":"peak","source":"openstreetmap","source_id":"node/10720685412","updated_at":"2023-03-08T08:35:52Z","tags":{}}},{"type":"Feature","geometry":{"type":"Point","coordinates":[73.72721,19.59505]},"properties":{"id":"place_n10720691524","type":"peak","name":"Karanda","name_local":null,"category":"peak","source":"openstreetmap","source_id":"node/10720691524","updated_at":"2023-03-08T08:50:47Z","tags":{}}},{"type":"Feature","geometry":{"type":"Point","coordinates":[73.7306,19.58516]},"properties":{"id":"place_n10720691525","type":"peak","name":"Gommeti","name_local":null,"category":"peak","source":"openstreetmap","source_id":"node/10720691525","updated_at":"2023-03-08T08:50:47Z","tags":{}}},{"type":"Feature","geometry":{"type":"Point","coordinates":[73.81613,20.43197]},"properties":{"id":"place_n10736203780","type":"fort","name":"Achala Fort","name_local":null,"category":"fort","source":"openstreetmap","source_id":"node/10736203780","updated_at":"2024-12-10T06:10:26Z","tags":{"access":"yes"}}},{"type":"Feature","geometry":{"type":"Point","coordinates":[73.80395,20.42833]},"properties":{"id":"place_n10736203781","type":"peak","name":"Taulya","name_local":null,"category":"peak","source":"openstreetmap","source_id":"node/10736203781","updated_at":"2023-03-15T03:49:51Z","tags":{}}},{"type":"Feature","geometry":{"type":"Point","coordinates":[73.89797,20.44402]},"properties":{"id":"place_n10736203782","type":"peak","name":"Bundla","name_local":null,"category":"peak","source":"openstreetmap","source_id":"node/10736203782","updated_at":"2023-03-15T03:49:51Z","tags":{}}},{"type":"Feature","geometry":{"type":"Point","coordinates":[74.01074,20.36368]},"properties":{"id":"place_n10736203783","type":"peak","name":"Banda Dongar","name_local":null,"category":"peak","source":"openstreetmap","source_id":"node/10736203783","updated_at":"2023-03-15T03:49:51Z","tags":{}}},{"type":"Feature","geometry":{"type":"Point","coordinates":[74.09476,20.37573]},"properties":{"id":"place_n10736203785","type":"peak","name":"Handa Dongar","name_local":null,"category":"peak","source":"openstreetmap","source_id":"node/10736203785","updated_at":"2023-03-15T03:49:51Z","tags":{}}},{"type":"Feature","geometry":{"type":"Point","coordinates":[74.17041,20.37903]},"properties":{"id":"place_n10736427689","type":"peak","name":"Koldari Dongar","name_local":null,"category":"peak","source":"openstreetmap","source_id":"node/10736427689","updated_at":"2023-03-15T07:25:54Z","tags":{}}},{"type":"Feature","geometry":{"type":"Point","coordinates":[74.26043,20.3366]},"properties":{"id":"place_n10736427690","type":"peak","name":"Killa Dongar","name_local":null,"category":"peak","source":"openstreetmap","source_id":"node/10736427690","updated_at":"2023-03-15T07:25:54Z","tags":{}}},{"type":"Feature","geometry":{"type":"Point","coordinates":[73.35748,20.51176]},"properties":{"id":"place_n11928156137","type":"peak","name":"Wilson Hill","name_local":null,"category":"peak","source":"openstreetmap","source_id":"node/11928156137","updated_at":"2024-05-23T11:49:39Z","tags":{"wikipedia":"en:Wilson Hills, Gujarat","wikidata":"Q8023088","ele":"675"}}},{"type":"Feature","geometry":{"type":"Point","coordinates":[73.48227,19.91328]},"properties":{"id":"place_n12278284892","type":"peak","name":"Brahma Dongar","name_local":null,"category":"peak","source":"openstreetmap","source_id":"node/12278284892","updated_at":"2026-01-11T16:47:16Z","tags":{"ele":"1209"}}},{"type":"Feature","geometry":{"type":"Point","coordinates":[73.47318,19.8924]},"properties":{"id":"place_n12278297088","type":"peak","name":"Simvasan Dongar","name_local":null,"category":"peak","source":"openstreetmap","source_id":"node/12278297088","updated_at":"2024-10-22T09:32:08Z","tags":{}}},{"type":"Feature","geometry":{"type":"Point","coordinates":[73.45326,19.90796]},"properties":{"id":"place_n12278299485","type":"peak","name":"Phani Dongar","name_local":null,"category":"peak","source":"openstreetmap","source_id":"node/12278299485","updated_at":"2024-10-22T09:32:08Z","tags":{}}},{"type":"Feature","geometry":{"type":"Point","coordinates":[73.4312,19.88376]},"properties":{"id":"place_n12284877711","type":"peak","name":"Shahariya Dongar","name_local":null,"category":"peak","source":"openstreetmap","source_id":"node/12284877711","updated_at":"2024-10-24T08:11:00Z","tags":{}}},{"type":"Feature","geometry":{"type":"Point","coordinates":[73.71146,19.43162]},"properties":{"id":"place_n12464867588","type":"peak","name":"Kumshet Ka Komda","name_local":null,"category":"peak","source":"openstreetmap","source_id":"node/12464867588","updated_at":"2024-12-31T08:04:41Z","tags":{}}},{"type":"Feature","geometry":{"type":"Point","coordinates":[73.00827,20.24174]},"properties":{"id":"place_n12771872936","type":"fort","name":"Spring city","name_local":null,"category":"castle","source":"openstreetmap","source_id":"node/12771872936","updated_at":"2025-04-21T10:27:52Z","tags":{"access":"yes"}}},{"type":"Feature","geometry":{"type":"Point","coordinates":[73.74925,19.93908]},"properties":{"id":"place_n13446779617","type":"peak","name":"Trirashmi Hill","name_local":null,"category":"peak","source":"openstreetmap","source_id":"node/13446779617","updated_at":"2026-01-10T18:37:56Z","tags":{}}},{"type":"Feature","geometry":{"type":"Point","coordinates":[73.46326,19.98117]},"properties":{"id":"place_n13448362983","type":"peak","name":"Amba Dongar","name_local":null,"category":"peak","source":"openstreetmap","source_id":"node/13448362983","updated_at":"2026-04-09T05:55:51Z","tags":{"ele":"879"}}},{"type":"Feature","geometry":{"type":"Point","coordinates":[73.81345,19.4099]},"properties":{"id":"place_n13649016980","type":"peak","name":"Kothali","name_local":null,"category":"peak","source":"openstreetmap","source_id":"node/13649016980","updated_at":"2026-03-15T06:50:10Z","tags":{}}},{"type":"Feature","geometry":{"type":"Point","coordinates":[73.80875,19.40001]},"properties":{"id":"place_n13649044516","type":"peak","name":"Gadwya Cha Dongar","name_local":null,"category":"peak","source":"openstreetmap","source_id":"node/13649044516","updated_at":"2026-03-15T06:50:11Z","tags":{}}},{"type":"Feature","geometry":{"type":"Point","coordinates":[73.62712,19.92518]},"properties":{"id":"place_n13717780053","type":"peak","name":"Thamnagad","name_local":null,"category":"peak","source":"openstreetmap","source_id":"node/13717780053","updated_at":"2026-04-09T05:55:42Z","tags":{}}},{"type":"Feature","geometry":{"type":"Point","coordinates":[73.70408,19.86844]},"properties":{"id":"place_w314517267","type":"fort","name":"Bahula Fort","name_local":"बाहुला किल्ला","category":"fort","source":"openstreetmap","source_id":"way/314517267","updated_at":"2026-01-11T08:38:47Z","tags":{"name:mr":"बाहुला किल्ला"}}},{"type":"Feature","geometry":{"type":"Point","coordinates":[73.43163,19.90455]},"properties":{"id":"place_w1390924651","type":"fort","name":"Bhaskargad","name_local":null,"category":"fort","source":"openstreetmap","source_id":"way/1390924651","updated_at":"2025-05-30T11:03:51Z","tags":{}}},{"type":"Feature","geometry":{"type":"Point","coordinates":[73.64198,19.8848]},"properties":{"id":"place_w1390932113","type":"fort","name":"Ghargad fort (Gadgada)","name_local":null,"category":"fort","source":"openstreetmap","source_id":"way/1390932113","updated_at":"2025-05-30T11:40:54Z","tags":{"access":"yes"}}},{"type":"Feature","geometry":{"type":"Point","coordinates":[74.23941,20.14222]},"properties":{"id":"place_r5374187","type":"fort","name":"Lasalgaon Fort","name_local":null,"category":"fort","source":"openstreetmap","source_id":"relation/5374187","updated_at":"2020-05-17T04:53:56Z","tags":{}}},{"type":"Feature","geometry":{"type":"MultiLineString","coordinates":[[[73.82784,20.43094],[73.82808,20.43091],[73.8284,20.43094],[73.82862,20.43094],[73.82878,20.4308],[73.829,20.43074],[73.8291,20.43058],[73.82895,20.43032],[73.82888,20.4302],[73.82897,20.42992],[73.82903,20.42976],[73.82922,20.42942],[73.82938,20.42906],[73.82961,20.42822],[73.82983,20.42737],[73.83016,20.42656],[73.83073,20.42568],[73.83129,20.42514],[73.83137,20.4247],[73.83174,20.42401],[73.8324,20.42352],[73.83304,20.42324],[73.83389,20.42272],[73.83421,20.42256],[73.83462,20.42232],[73.83507,20.42193],[73.83537,20.42134],[73.8358,20.42102],[73.8361,20.42072],[73.83661,20.42027],[73.83687,20.41993],[73.83714,20.41961],[73.83752,20.41931],[73.83777,20.41901],[73.83831,20.41882],[73.83863,20.41857],[73.83904,20.41809],[73.83947,20.4178],[73.84027,20.41749],[73.84074,20.41742],[73.84125,20.4173],[73.84142,20.41722],[73.84189,20.41695],[73.84224,20.41672],[73.84268,20.41656],[73.84342,20.41616],[73.84375,20.41598],[73.84452,20.41555],[73.84512,20.41526],[73.84544,20.41499],[73.8459,20.4147],[73.84633,20.41464],[73.84665,20.41466],[73.84699,20.41479],[73.84733,20.41508],[73.84753,20.41534],[73.84757,20.41551],[73.84789,20.41576],[73.8481,20.4161],[73.84822,20.41631],[73.84851,20.41643],[73.84841,20.41665],[73.84857,20.41683],[73.84898,20.41689],[73.84916,20.41713],[73.84961,20.4171],[73.84999,20.41711],[73.85026,20.41731],[73.85031,20.41764],[73.85024,20.41796],[73.85039,20.4182],[73.85046,20.4183],[73.85051,20.41878],[73.85039,20.41897],[73.85023,20.41901],[73.84988,20.41914],[73.84978,20.41928],[73.84981,20.41946],[73.84997,20.41963],[73.85004,20.41988],[73.85007,20.4202],[73.85007,20.42057],[73.84993,20.42091],[73.84986,20.42114],[73.84983,20.42148],[73.84979,20.42162],[73.84986,20.42183],[73.85004,20.42199],[73.85011,20.42208],[73.85017,20.42221],[73.85019,20.42239],[73.8501,20.42275],[73.85007,20.4229],[73.85012,20.42302],[73.85032,20.42305],[73.85053,20.42305],[73.85071,20.42313],[73.85077,20.42315],[73.85097,20.42313],[73.85127,20.42313],[73.85145,20.42294],[73.85148,20.42264],[73.85155,20.42242],[73.85156,20.42217],[73.8516,20.42184],[73.85188,20.42168],[73.85217,20.42145],[73.85232,20.42123],[73.85258,20.42106],[73.85273,20.42091],[73.8529,20.42046],[73.85313,20.42006],[73.85326,20.41975],[73.85341,20.41936],[73.85345,20.4192],[73.85371,20.41886],[73.85394,20.41859],[73.85423,20.41826],[73.85442,20.41789],[73.85465,20.41758],[73.85475,20.41731],[73.85483,20.41714],[73.85511,20.41689],[73.8552,20.41681],[73.85533,20.41656],[73.85556,20.41626],[73.85576,20.41595],[73.85604,20.41579],[73.85621,20.4157],[73.85637,20.41549],[73.85655,20.41526],[73.85663,20.41512],[73.85681,20.41502],[73.85711,20.41503],[73.85725,20.4151],[73.85744,20.41505],[73.85755,20.41494],[73.85767,20.41488],[73.85781,20.41492],[73.85798,20.41485],[73.85806,20.41476],[73.85817,20.41474],[73.85834,20.41477],[73.85846,20.41502],[73.85885,20.41498],[73.85905,20.41477],[73.85937,20.41469],[73.85967,20.41443],[73.85979,20.41416],[73.86014,20.41393],[73.86063,20.41384],[73.86132,20.41412],[73.86171,20.41384],[73.86195,20.41343],[73.86232,20.41327],[73.86309,20.41276],[73.86373,20.41238],[73.86414,20.41221],[73.86461,20.41197],[73.86492,20.4117],[73.86526,20.4114],[73.86586,20.41104],[73.86623,20.41073],[73.86663,20.41051],[73.8674,20.41017],[73.86801,20.40991],[73.86886,20.40962],[73.86947,20.40949]],[[73.86132,20.41412],[73.86128,20.41476],[73.86118,20.4155],[73.86111,20.41607],[73.86106,20.41673],[73.86106,20.41731],[73.86118,20.41788],[73.86141,20.41823],[73.86186,20.41894],[73.86204,20.41937],[73.86214,20.41977],[73.86255,20.42017],[73.86312,20.42048],[73.86352,20.4208],[73.86395,20.42115],[73.86449,20.42156],[73.8649,20.42188],[73.86539,20.42196],[73.86595,20.4222],[73.86638,20.42245],[73.86664,20.42237],[73.86696,20.42245],[73.86756,20.42267],[73.86811,20.42276],[73.86869,20.42284],[73.86928,20.42321],[73.86971,20.42347],[73.87014,20.4239],[73.87053,20.42418],[73.87018,20.42436],[73.87038,20.42466],[73.87051,20.42473],[73.87079,20.42481],[73.87085,20.42488],[73.87106,20.42522],[73.87162,20.42526],[73.87207,20.4254],[73.87252,20.42548],[73.8731,20.42565],[73.87374,20.42563],[73.87434,20.42544],[73.87495,20.42544],[73.8757,20.42544],[73.87616,20.42541],[73.87668,20.42531],[73.87693,20.42532],[73.87727,20.42545],[73.87762,20.42565],[73.87781,20.42588],[73.87824,20.4265],[73.87838,20.42683],[73.87849,20.4271],[73.87844,20.42757],[73.8784,20.42784],[73.87835,20.42823],[73.87826,20.42872],[73.87834,20.42915],[73.87879,20.42987],[73.87893,20.4301],[73.87877,20.43048],[73.87889,20.43086],[73.87896,20.43122],[73.87892,20.43162],[73.87909,20.43205],[73.87939,20.43221],[73.87962,20.43235],[73.8797,20.43264],[73.87962,20.4329],[73.8796,20.43311],[73.87955,20.43324],[73.87958,20.43345],[73.87991,20.43363],[73.88024,20.43367],[73.8805,20.43383],[73.8807,20.43407],[73.88084,20.43416],[73.88124,20.43428],[73.88134,20.43443],[73.88135,20.43472],[73.88146,20.43496],[73.8819,20.43527],[73.88233,20.43549],[73.88292,20.43591],[73.88327,20.43622],[73.88347,20.43646],[73.88356,20.43665],[73.88383,20.43707],[73.88427,20.43735],[73.88457,20.43759],[73.88506,20.43789],[73.88567,20.43823],[73.886,20.43851],[73.88622,20.43901],[73.8865,20.43925],[73.88686,20.43961],[73.88705,20.43949],[73.88728,20.43952],[73.88757,20.43971],[73.88777,20.43997],[73.88789,20.44006],[73.8881,20.44024],[73.88831,20.44034],[73.88863,20.44051],[73.88881,20.44063],[73.88903,20.44081],[73.88935,20.44096],[73.8897,20.44108],[73.89029,20.44123],[73.8911,20.4415],[73.89168,20.44174],[73.89228,20.44203],[73.89266,20.44215],[73.89285,20.44216],[73.89344,20.44219],[73.89395,20.44225],[73.89472,20.44222],[73.89512,20.44211],[73.89548,20.4421],[73.89593,20.44194],[73.89625,20.4418],[73.89652,20.44166],[73.89687,20.44147],[73.89717,20.4413],[73.89738,20.44106],[73.89748,20.44094],[73.89764,20.44059],[73.89792,20.44038],[73.89827,20.44023],[73.8985,20.44038],[73.89858,20.44024],[73.89861,20.44004],[73.8986,20.43998],[73.89827,20.43962],[73.89801,20.43937],[73.89731,20.43927],[73.89719,20.43877],[73.8971,20.43842],[73.89692,20.43821],[73.8966,20.43797],[73.89656,20.43776],[73.89618,20.43756],[73.89629,20.43716],[73.89662,20.43684],[73.89685,20.43639],[73.89735,20.43626],[73.8977,20.43624],[73.89802,20.43624],[73.89863,20.4362],[73.89912,20.43635],[73.89947,20.43639]],[[73.82235,20.40063],[73.82219,20.4014],[73.82215,20.4019],[73.82221,20.40225],[73.82237,20.40255],[73.8226,20.40323],[73.8228,20.4038],[73.82329,20.40449],[73.82357,20.40491],[73.82369,20.40561],[73.82373,20.40657],[73.82374,20.40739],[73.82373,20.40812],[73.82381,20.40889],[73.82389,20.40945],[73.82396,20.40989],[73.82416,20.41067],[73.82437,20.4115],[73.82453,20.41216],[73.82476,20.41257],[73.82512,20.4129],[73.82553,20.41356],[73.82567,20.41401],[73.82581,20.41447],[73.82604,20.4148],[73.8265,20.41512],[73.82684,20.41538],[73.82684,20.41593],[73.82673,20.41642],[73.82669,20.41668],[73.82664,20.41722],[73.82662,20.4177],[73.82658,20.41803],[73.82655,20.41865],[73.82652,20.41921],[73.82649,20.4197],[73.82642,20.42005],[73.82629,20.42054],[73.82616,20.42096],[73.82614,20.42122],[73.82613,20.42152],[73.82618,20.42188],[73.8262,20.42219],[73.8262,20.42271],[73.82625,20.42325],[73.82629,20.42382],[73.82639,20.42435],[73.82646,20.42473],[73.82647,20.42488],[73.82642,20.42595],[73.82638,20.42626],[73.82638,20.4267],[73.82636,20.42691],[73.82651,20.42723],[73.82662,20.42736],[73.82666,20.42757],[73.82663,20.4278],[73.82662,20.42805],[73.82668,20.42822],[73.8268,20.42831],[73.82686,20.42851],[73.82689,20.42867],[73.82693,20.42887],[73.82694,20.42901],[73.82703,20.42926],[73.82716,20.4294],[73.82726,20.4296],[73.82727,20.4297],[73.82741,20.42987],[73.82756,20.43017],[73.8277,20.43031],[73.8278,20.43059],[73.82784,20.43076],[73.82784,20.43094],[73.82785,20.43111],[73.82788,20.43132],[73.82781,20.43136],[73.8277,20.4313],[73.82767,20.43116],[73.82763,20.43106],[73.82752,20.43102],[73.82734,20.43101],[73.82709,20.43102],[73.82688,20.43101],[73.82659,20.43096],[73.82635,20.43092],[73.82609,20.43083],[73.82579,20.43073],[73.82549,20.43075],[73.82515,20.43078],[73.82492,20.43082],[73.82472,20.43085],[73.82451,20.43089],[73.82429,20.43098],[73.82408,20.43104],[73.82391,20.4311],[73.82375,20.43115],[73.8236,20.43122],[73.82351,20.4313],[73.8234,20.4314],[73.82328,20.43144],[73.82315,20.43139],[73.82309,20.43131],[73.82301,20.43127],[73.82287,20.43128],[73.82274,20.43133],[73.82261,20.43138],[73.82246,20.43137],[73.82215,20.43136],[73.82188,20.43138],[73.8216,20.43146],[73.8214,20.43153],[73.8212,20.43158],[73.82098,20.43163],[73.82081,20.43164],[73.82061,20.43169],[73.82039,20.43177],[73.82024,20.43181],[73.82003,20.43188],[73.81957,20.43196],[73.81943,20.432],[73.81932,20.43205],[73.81916,20.43214],[73.819,20.43219],[73.81883,20.43219],[73.81866,20.43218],[73.81852,20.43221],[73.81837,20.43225],[73.81822,20.43235],[73.81817,20.43242],[73.81813,20.4325],[73.81807,20.43263],[73.81805,20.43273],[73.81804,20.43283],[73.81799,20.43294],[73.81794,20.43305],[73.81785,20.43309],[73.81766,20.4331],[73.81748,20.43309],[73.8172,20.43305],[73.81708,20.43301],[73.81685,20.43293],[73.81667,20.43286],[73.81651,20.43267],[73.81643,20.43255],[73.81634,20.4324],[73.81632,20.43229],[73.81631,20.43218],[73.81628,20.43204],[73.81623,20.43195],[73.81615,20.43185],[73.81602,20.43176],[73.81582,20.43168],[73.81514,20.43138],[73.81432,20.4311],[73.81367,20.4309],[73.81285,20.43089],[73.81225,20.43068]]]},"properties":{"id":"trail_r11843498","type":"trail","name":"Anchala Ahiwant Mohandari","name_local":null,"category":"regional hiking route","source":"openstreetmap","source_id":"relation/11843498","updated_at":"2023-03-22T16:36:15Z","tags":{"network":"rwn"}}},{"type":"Feature","geometry":{"type":"MultiLineString","coordinates":[[[74.11171,20.37423],[74.11196,20.37425],[74.11208,20.37429],[74.11221,20.37436],[74.11241,20.37442],[74.11263,20.37448],[74.11281,20.37453],[74.11298,20.37462],[74.11312,20.37464],[74.11336,20.37464],[74.1136,20.37468],[74.11375,20.3747],[74.11389,20.37466],[74.11398,20.37459],[74.11408,20.3745],[74.11419,20.37443],[74.11431,20.37438],[74.11453,20.37435],[74.11471,20.37442],[74.11484,20.37453],[74.11507,20.37471],[74.11524,20.37488],[74.11549,20.37496],[74.11573,20.37504],[74.11579,20.37522],[74.11588,20.37533],[74.11607,20.37538],[74.11632,20.37538],[74.11655,20.37537],[74.1169,20.37539],[74.11705,20.37536],[74.1172,20.3752],[74.11729,20.37522],[74.11736,20.37532],[74.1174,20.37534],[74.11754,20.37537],[74.11773,20.37541],[74.11799,20.37544],[74.11806,20.37533],[74.11818,20.3754],[74.11825,20.37546],[74.11837,20.37542],[74.11846,20.37536],[74.11868,20.37534],[74.11895,20.37531],[74.11909,20.3753],[74.11929,20.37528],[74.11945,20.37527],[74.11961,20.37525],[74.1198,20.37523],[74.12002,20.37517],[74.12021,20.37509],[74.12039,20.37501],[74.12061,20.37494],[74.12088,20.37487],[74.12111,20.37476],[74.12128,20.37466],[74.12146,20.37455],[74.12168,20.37446],[74.12197,20.37436],[74.12226,20.37425],[74.12239,20.37423],[74.12265,20.37422],[74.1228,20.37417],[74.12308,20.37395],[74.12325,20.37386],[74.12355,20.37374],[74.1238,20.37373],[74.124,20.37374],[74.12432,20.37378],[74.12465,20.37378],[74.12497,20.37365],[74.12509,20.37344],[74.1254,20.3733],[74.12579,20.3732],[74.12595,20.37317],[74.12624,20.37325],[74.1264,20.37318],[74.12648,20.37325],[74.12672,20.37323],[74.12709,20.37317],[74.12733,20.37321],[74.12756,20.3733],[74.12769,20.37326],[74.12785,20.3732],[74.128,20.37302],[74.128,20.37284],[74.12803,20.37276],[74.12821,20.37268],[74.12832,20.37268],[74.12837,20.37245],[74.12835,20.3723],[74.12833,20.37216],[74.12835,20.37203],[74.12842,20.3719],[74.12853,20.37161],[74.12859,20.37147],[74.12861,20.37129],[74.12863,20.37097],[74.1288,20.37077],[74.12889,20.37057],[74.12902,20.37032],[74.12914,20.37003],[74.12925,20.36976],[74.12951,20.36956],[74.12973,20.36942],[74.12991,20.36928],[74.13003,20.36902],[74.13012,20.36865],[74.13023,20.36819],[74.13033,20.36789],[74.13026,20.36774],[74.13016,20.36746],[74.13014,20.36722],[74.13044,20.36644],[74.1306,20.36568],[74.1308,20.36468],[74.13114,20.36324],[74.13151,20.36183],[74.1316,20.36145],[74.13177,20.36065],[74.13207,20.35955],[74.13242,20.35821],[74.13259,20.35735],[74.13275,20.35648],[74.13301,20.35574],[74.13324,20.35494],[74.13349,20.35405],[74.1338,20.35321],[74.13415,20.35224],[74.13452,20.35143],[74.13474,20.35078],[74.13482,20.35055],[74.13487,20.35035],[74.13507,20.35033]],[[74.11165,20.37419],[74.11155,20.37414],[74.11145,20.3741],[74.11138,20.37405],[74.11126,20.37397],[74.1111,20.37391],[74.11095,20.37386],[74.11077,20.37384],[74.11042,20.37376],[74.11022,20.37369],[74.11007,20.37365],[74.10993,20.37366],[74.10979,20.37358],[74.10967,20.37352],[74.10949,20.37343],[74.10928,20.37341],[74.10913,20.37342],[74.10905,20.37344],[74.10913,20.37342],[74.10928,20.37341],[74.10949,20.37343],[74.10967,20.37352],[74.10979,20.37358],[74.10993,20.37366],[74.11007,20.37365],[74.11022,20.37369],[74.11042,20.37376],[74.11077,20.37384],[74.11095,20.37386],[74.1111,20.37391],[74.11126,20.37397],[74.11138,20.37405],[74.11145,20.3741],[74.11155,20.37414],[74.11165,20.37419],[74.11171,20.37423],[74.11175,20.37428],[74.11177,20.37433],[74.11171,20.37441],[74.11165,20.37449],[74.11147,20.37453],[74.11128,20.37456],[74.11109,20.37459],[74.11093,20.37466],[74.11085,20.37481],[74.1108,20.37491],[74.11077,20.37501],[74.11089,20.37508],[74.11106,20.3751],[74.11126,20.37508],[74.11152,20.37506],[74.11173,20.37508],[74.11185,20.37514],[74.11187,20.37526],[74.11181,20.37532],[74.11181,20.37541],[74.1119,20.37553],[74.11189,20.37563],[74.11154,20.37574],[74.1113,20.37582],[74.11127,20.37596],[74.11162,20.37618],[74.11167,20.37643],[74.11127,20.37644],[74.11086,20.37644],[74.11055,20.37655],[74.11031,20.37681],[74.11001,20.37691],[74.10969,20.37681],[74.10935,20.37678],[74.10895,20.37685],[74.10866,20.37717],[74.10877,20.37749],[74.10876,20.37785],[74.1085,20.37823],[74.10829,20.37859],[74.10817,20.37906],[74.10799,20.37927]]]},"properties":{"id":"trail_r11843532","type":"trail","name":"Kanchan Fort","name_local":null,"category":"regional hiking route","source":"openstreetmap","source_id":"relation/11843532","updated_at":"2023-03-03T04:54:57Z","tags":{"network":"rwn"}}},{"type":"Feature","geometry":{"type":"MultiLineString","coordinates":[[[74.2099,20.36273],[74.20962,20.36301],[74.20914,20.3631],[74.20849,20.36289],[74.20828,20.36268],[74.20795,20.36209]]]},"properties":{"id":"trail_r11843533","type":"trail","name":"Koldher-Rajdher-Indrai","name_local":null,"category":"regional hiking route","source":"openstreetmap","source_id":"relation/11843533","updated_at":"2022-12-20T15:26:11Z","tags":{"network":"rwn"}}},{"type":"Feature","geometry":{"type":"MultiLineString","coordinates":[[[73.61827,19.90043],[73.61855,19.90049],[73.61886,19.90056],[73.61912,19.90064],[73.61948,19.90064],[73.6198,19.90071],[73.61999,19.90074],[73.62022,19.90082],[73.62049,19.90083],[73.62072,19.90093],[73.62092,19.90101],[73.62113,19.90101],[73.62116,19.90109],[73.62126,19.90103],[73.62138,19.90104],[73.62144,19.9011],[73.62148,19.90126],[73.62149,19.90138],[73.62151,19.90151],[73.62154,19.90173],[73.62155,19.90183],[73.62153,19.90202],[73.62153,19.90215],[73.62153,19.90227],[73.62158,19.90248],[73.62163,19.90264],[73.62168,19.90286],[73.62178,19.90313],[73.62179,19.90331],[73.62182,19.90346],[73.6219,19.90365],[73.62207,19.90386],[73.62228,19.90402],[73.62256,19.9042],[73.62279,19.90433],[73.62292,19.90442],[73.62303,19.90447],[73.62312,19.90449],[73.62325,19.90459],[73.62337,19.90475],[73.62346,19.90497],[73.62358,19.90518],[73.62372,19.90541],[73.62381,19.9056],[73.62397,19.90577],[73.62414,19.90588],[73.6243,19.90602],[73.62458,19.90639],[73.62465,19.90657],[73.62478,19.90668],[73.62495,19.9068],[73.62501,19.90698],[73.62514,19.90719],[73.62533,19.90743],[73.6255,19.9077],[73.62567,19.90779],[73.62577,19.90778],[73.62589,19.90773],[73.62607,19.90769],[73.62619,19.90773],[73.62625,19.9078],[73.62629,19.90789],[73.62639,19.90795],[73.62649,19.90795],[73.62658,19.90799],[73.62673,19.90807],[73.62682,19.90815],[73.62689,19.90823],[73.62706,19.90832],[73.62716,19.90845],[73.62729,19.90859],[73.62738,19.90871],[73.62746,19.90883],[73.62751,19.90895],[73.62762,19.90912],[73.62776,19.90929],[73.62786,19.90941],[73.62795,19.9095],[73.62809,19.90958],[73.62819,19.90963],[73.62828,19.90973],[73.62836,19.90987],[73.62843,19.90998],[73.6285,19.91004],[73.62859,19.91012],[73.62868,19.9102],[73.62878,19.91031],[73.62886,19.91041],[73.62895,19.91056],[73.62906,19.9107],[73.62917,19.91076],[73.62945,19.91081],[73.6296,19.91081],[73.62971,19.9108],[73.62985,19.91086],[73.62992,19.91091],[73.63,19.91105]]]},"properties":{"id":"trail_r11843538","type":"trail","name":"Ranjangiri","name_local":null,"category":"regional hiking route","source":"openstreetmap","source_id":"relation/11843538","updated_at":"2021-05-29T09:29:18Z","tags":{"network":"rwn"}}},{"type":"Feature","geometry":{"type":"MultiLineString","coordinates":[[[73.77074,19.60097],[73.77078,19.60106],[73.77079,19.60124],[73.77074,19.6015],[73.77064,19.60172],[73.77059,19.60203],[73.7707,19.60212],[73.77085,19.60224],[73.77084,19.60235],[73.77076,19.6024],[73.77054,19.60249],[73.77036,19.60252],[73.77017,19.60255],[73.77001,19.6026],[73.76987,19.60258],[73.76989,19.60282],[73.76992,19.60312],[73.76992,19.60333],[73.76989,19.60346],[73.76986,19.60361],[73.76995,19.60385],[73.76992,19.60404],[73.76976,19.60426],[73.76974,19.60454],[73.76984,19.60476],[73.76993,19.60488],[73.77001,19.60514],[73.77008,19.60524],[73.77012,19.60537],[73.77004,19.60546],[73.76982,19.60543],[73.76961,19.60548],[73.76943,19.60561],[73.76926,19.60567],[73.76905,19.60577],[73.76892,19.60586],[73.76888,19.60596],[73.76881,19.6061],[73.76865,19.60615],[73.76849,19.60621],[73.76833,19.60632],[73.76821,19.60641],[73.76808,19.60656],[73.768,19.60664],[73.76796,19.60681],[73.76789,19.60697],[73.76781,19.60705],[73.76778,19.60717],[73.7677,19.60729],[73.76752,19.60738],[73.76735,19.60735],[73.76726,19.60731],[73.76708,19.60744],[73.76704,19.60753],[73.76724,19.6076],[73.76716,19.60776],[73.76716,19.60796],[73.76701,19.6081],[73.76684,19.60824],[73.76672,19.60839],[73.76665,19.60856],[73.76662,19.60871],[73.76667,19.60888],[73.76664,19.60913],[73.76652,19.60926],[73.76641,19.60935],[73.76635,19.60949],[73.76627,19.6096],[73.76612,19.60973],[73.76603,19.60992],[73.76603,19.61008],[73.76606,19.61037],[73.76601,19.61054],[73.76591,19.61059],[73.76587,19.6108],[73.76583,19.6111],[73.76593,19.6113],[73.76591,19.61147],[73.76596,19.61165],[73.76607,19.61173],[73.7661,19.61187],[73.76616,19.61202],[73.7662,19.61212],[73.76621,19.61227],[73.76621,19.61246],[73.76616,19.61268],[73.7661,19.61283],[73.766,19.61302],[73.76594,19.6132],[73.7659,19.61328],[73.76579,19.61357],[73.76579,19.61381],[73.76583,19.61402],[73.76581,19.61425],[73.76573,19.61442],[73.7656,19.61459],[73.7655,19.61481],[73.76537,19.61517],[73.76525,19.61549],[73.76516,19.61571],[73.76513,19.61597],[73.765,19.61617],[73.76495,19.61638],[73.76488,19.61663],[73.76487,19.6168],[73.76464,19.61688],[73.76455,19.61709],[73.76449,19.61744],[73.76436,19.61784],[73.76426,19.61813],[73.7642,19.61837],[73.76413,19.61858],[73.76408,19.61878],[73.76395,19.61898],[73.76386,19.61921],[73.76382,19.61938],[73.76377,19.61958],[73.7637,19.61981],[73.76366,19.61997],[73.76355,19.62021],[73.76352,19.62035],[73.76352,19.62049],[73.76359,19.62059],[73.76367,19.62061],[73.76375,19.62078],[73.76379,19.62091],[73.7639,19.62105],[73.76406,19.62108],[73.7642,19.62104],[73.76439,19.62094],[73.7645,19.62085],[73.76465,19.62078],[73.76483,19.62069],[73.76497,19.62061],[73.76517,19.62057],[73.7652,19.62059],[73.7653,19.62066],[73.76533,19.62069],[73.7653,19.62083],[73.76527,19.62091],[73.76524,19.62099],[73.76522,19.62113],[73.76518,19.6213],[73.76515,19.62144],[73.76509,19.62162],[73.76502,19.62174],[73.76493,19.62189],[73.76486,19.62206],[73.76482,19.62224],[73.76477,19.62246],[73.76472,19.6227],[73.76472,19.62282],[73.76473,19.62296],[73.76473,19.62324],[73.76475,19.62338],[73.76474,19.6235],[73.76473,19.62361],[73.76473,19.62369],[73.76477,19.62383],[73.76476,19.62392],[73.7647,19.62399],[73.76468,19.62404],[73.76467,19.62414],[73.76469,19.62421],[73.76469,19.62432],[73.76468,19.62452],[73.76467,19.62471],[73.76467,19.62486],[73.76458,19.62512],[73.76455,19.62533],[73.76451,19.62558],[73.76444,19.62575],[73.76437,19.62594],[73.76436,19.62618],[73.76435,19.62687],[73.76427,19.6273],[73.76439,19.62758]]]},"properties":{"id":"trail_r11846481","type":"trail","name":"Pandhara Peak","name_local":null,"category":"regional hiking route","source":"openstreetmap","source_id":"relation/11846481","updated_at":"2023-03-03T05:42:30Z","tags":{"network":"rwn"}}},{"type":"Feature","geometry":{"type":"MultiLineString","coordinates":[[[73.79304,19.66175],[73.79281,19.66159],[73.79264,19.6613],[73.79255,19.66107],[73.79242,19.66078],[73.79237,19.66056],[73.79228,19.66048],[73.79208,19.66041],[73.79187,19.66031],[73.79178,19.66017],[73.79164,19.65986],[73.79151,19.65959],[73.79142,19.65933],[73.79138,19.65912],[73.79146,19.65894],[73.79148,19.65874],[73.79145,19.65851],[73.79138,19.6583],[73.79134,19.65807],[73.79123,19.65789],[73.79109,19.65773],[73.79086,19.65757],[73.79065,19.65733],[73.79051,19.65704],[73.79035,19.65657],[73.79027,19.65634],[73.7902,19.65603],[73.79019,19.65581],[73.79016,19.6556],[73.79015,19.65541],[73.79008,19.65522],[73.78999,19.65503],[73.78991,19.65492],[73.78982,19.65487],[73.7896,19.65494],[73.78946,19.65498],[73.7893,19.65496],[73.78909,19.65486],[73.78887,19.65473],[73.78863,19.65449],[73.78849,19.65437],[73.78835,19.65426],[73.78819,19.6542],[73.78797,19.6542],[73.78769,19.6543],[73.78737,19.65438],[73.78718,19.65455],[73.78694,19.65478],[73.78672,19.65494],[73.78647,19.65514],[73.78628,19.65525],[73.78599,19.65532],[73.78585,19.65533],[73.78569,19.6552],[73.78571,19.65511],[73.78599,19.6551],[73.78605,19.65508],[73.78603,19.65499],[73.786,19.65493],[73.78602,19.65488],[73.78598,19.6548],[73.78595,19.65471],[73.78602,19.65465],[73.78594,19.65455],[73.78593,19.6545],[73.78596,19.65444],[73.78598,19.6544],[73.78597,19.65434],[73.78593,19.65428],[73.78593,19.65423],[73.78601,19.65418],[73.78604,19.65409],[73.78603,19.65398],[73.78608,19.65387],[73.7861,19.65375],[73.78608,19.65363],[73.78611,19.65354],[73.78609,19.65343],[73.78606,19.65336],[73.78606,19.65333],[73.78611,19.6533],[73.78612,19.65323],[73.78613,19.65318]]]},"properties":{"id":"trail_r11846482","type":"trail","name":"Bitangad Fort","name_local":null,"category":"regional hiking route","source":"openstreetmap","source_id":"relation/11846482","updated_at":"2023-03-03T05:42:30Z","tags":{"network":"rwn"}}},{"type":"Feature","geometry":{"type":"MultiLineString","coordinates":[[[73.8467,19.70057],[73.84667,19.70079],[73.84666,19.70095],[73.84659,19.7011],[73.84653,19.70127],[73.84648,19.70151],[73.84635,19.70165],[73.84611,19.70175],[73.84585,19.70177],[73.84544,19.70175],[73.84484,19.70179],[73.84443,19.70188],[73.84399,19.70201],[73.84368,19.70231],[73.8434,19.70252],[73.8432,19.70256],[73.843,19.70246],[73.84288,19.70238],[73.84292,19.70261],[73.84293,19.70276],[73.84291,19.70287],[73.8428,19.70276],[73.84269,19.70258],[73.84257,19.70249],[73.84225,19.70242],[73.84213,19.70241],[73.84202,19.7024],[73.84184,19.70242],[73.84169,19.70242],[73.8416,19.70242],[73.84169,19.70253],[73.84186,19.70257],[73.8418,19.70272],[73.84171,19.7028],[73.84161,19.70279],[73.84155,19.70266],[73.84143,19.70258],[73.84141,19.70263],[73.84145,19.70282],[73.84155,19.70297],[73.84156,19.70309],[73.84151,19.70318],[73.8414,19.70318],[73.8413,19.70302],[73.84122,19.70292],[73.84114,19.70278],[73.84103,19.70269],[73.84096,19.70273],[73.84088,19.7028],[73.84073,19.7028],[73.84058,19.7028],[73.84046,19.70286],[73.84037,19.70296],[73.84033,19.70303],[73.84017,19.70313],[73.83991,19.70326],[73.8398,19.70335],[73.83971,19.70353],[73.83962,19.70371],[73.83952,19.70388],[73.83934,19.70399],[73.83921,19.70412],[73.83901,19.70423],[73.8387,19.70437],[73.83857,19.70442],[73.83831,19.70455],[73.83818,19.70461],[73.83793,19.7047],[73.83768,19.7048],[73.83752,19.70487],[73.83741,19.705],[73.83731,19.70518],[73.83724,19.70534],[73.83716,19.70553],[73.8371,19.7057],[73.83694,19.70589],[73.83687,19.70607],[73.83679,19.70621],[73.83662,19.70641],[73.83638,19.70677],[73.83626,19.70693],[73.83608,19.70714],[73.83577,19.70753],[73.83552,19.70774],[73.83539,19.70793],[73.83514,19.70814],[73.83499,19.70835],[73.83482,19.70854],[73.8345,19.70884],[73.8343,19.709],[73.83413,19.70919],[73.83392,19.70939],[73.83367,19.70964],[73.83348,19.70977],[73.83328,19.70987]]]},"properties":{"id":"trail_r11846483","type":"trail","name":"Vishramgad Fort","name_local":null,"category":"regional hiking route","source":"openstreetmap","source_id":"relation/11846483","updated_at":"2023-03-03T05:38:43Z","tags":{"network":"rwn"}}},{"type":"Feature","geometry":{"type":"MultiLineString","coordinates":[[[73.61688,19.77931],[73.61705,19.77927],[73.61723,19.77924],[73.61751,19.77926],[73.61782,19.77915],[73.61792,19.77905],[73.61798,19.7789],[73.61809,19.77867],[73.61802,19.77846],[73.61802,19.77818],[73.618,19.77784],[73.61796,19.7776],[73.61794,19.77739],[73.61793,19.77717],[73.6179,19.77685],[73.61796,19.77657],[73.61808,19.77659],[73.61817,19.77678],[73.61827,19.77704],[73.61833,19.77726],[73.61837,19.7773],[73.61848,19.77702],[73.61856,19.77673],[73.61859,19.77656],[73.61869,19.77651],[73.61885,19.77632],[73.61899,19.77615],[73.61915,19.77595],[73.61934,19.7758],[73.61953,19.77566],[73.61966,19.77546],[73.6198,19.7752],[73.61995,19.775],[73.62015,19.77476],[73.62037,19.77448],[73.62065,19.77421],[73.6209,19.77391],[73.62121,19.77375],[73.62133,19.77352],[73.6215,19.77317],[73.62149,19.77296],[73.62155,19.77282],[73.62206,19.77275],[73.62216,19.77281],[73.62232,19.77271],[73.62252,19.77267],[73.62269,19.7727],[73.62283,19.77275],[73.623,19.77281],[73.62306,19.77292],[73.6232,19.77299],[73.62327,19.77285],[73.6233,19.77267],[73.62324,19.77241],[73.62328,19.77216],[73.62328,19.77193],[73.62337,19.77165],[73.62355,19.77141],[73.62367,19.77125],[73.62384,19.77097],[73.62403,19.77069],[73.62415,19.7705],[73.62429,19.77025],[73.62437,19.77011],[73.6246,19.76978],[73.6247,19.76951],[73.62485,19.76917],[73.62507,19.76888],[73.62524,19.7685],[73.62536,19.76828],[73.62549,19.76797],[73.62568,19.76768],[73.62595,19.76717],[73.62605,19.76696],[73.62609,19.76675],[73.62627,19.76652],[73.62641,19.7664],[73.62654,19.76623],[73.6267,19.76598],[73.62675,19.76573],[73.62681,19.76557],[73.62684,19.76531],[73.6268,19.76485],[73.62673,19.76438],[73.62661,19.76399],[73.62652,19.76328],[73.62641,19.76274],[73.6263,19.76187],[73.62633,19.76133],[73.62632,19.76097],[73.6262,19.76082],[73.62608,19.76081],[73.62618,19.76057],[73.62629,19.76038],[73.62631,19.76017],[73.62629,19.75992],[73.62619,19.75971],[73.62602,19.75934],[73.62604,19.75891],[73.62597,19.75857],[73.62596,19.75824],[73.62602,19.75785],[73.62596,19.75759],[73.6259,19.75718],[73.62585,19.75673],[73.62583,19.75624],[73.62593,19.75575],[73.62601,19.75531],[73.62622,19.75446],[73.62635,19.75372],[73.62655,19.75315],[73.6267,19.75268],[73.62674,19.75225],[73.62679,19.75181],[73.62672,19.75106],[73.62677,19.75056],[73.62679,19.75005],[73.62677,19.74936],[73.62688,19.749],[73.62716,19.7483],[73.62735,19.74775],[73.62755,19.74735],[73.62774,19.74707],[73.62788,19.74694],[73.62799,19.74645],[73.62812,19.74603],[73.62837,19.74527],[73.62838,19.74488],[73.6285,19.74445],[73.62866,19.74423],[73.62883,19.74386],[73.62898,19.74332],[73.62911,19.74296],[73.6293,19.74267],[73.62941,19.74227],[73.62938,19.74184],[73.62947,19.74139],[73.62957,19.74108],[73.62967,19.74064],[73.62971,19.74008],[73.62996,19.73957],[73.63014,19.73927],[73.63034,19.7391],[73.63051,19.73903],[73.6309,19.73895],[73.631,19.73873],[73.63119,19.73854],[73.63137,19.73811],[73.63153,19.73777],[73.63168,19.73741],[73.6319,19.73704],[73.63231,19.73689],[73.63266,19.7368],[73.63285,19.73657],[73.63283,19.73629],[73.63289,19.73611],[73.63303,19.73592],[73.63302,19.73576],[73.63295,19.73559],[73.63292,19.73543],[73.6332,19.73534],[73.63351,19.73534],[73.63379,19.73538],[73.63417,19.73544],[73.63452,19.73541],[73.63499,19.73524]]]},"properties":{"id":"trail_r11846485","type":"trail","name":"Vandev Kavnai Fort","name_local":null,"category":"regional hiking route","source":"openstreetmap","source_id":"relation/11846485","updated_at":"2025-01-11T17:14:16Z","tags":{"network":"rwn"}}},{"type":"Feature","geometry":{"type":"MultiLineString","coordinates":[[[73.55078,19.73756],[73.55073,19.73756],[73.55058,19.73776],[73.55053,19.73789],[73.55057,19.73801],[73.55056,19.73821],[73.55047,19.73842],[73.55048,19.73867],[73.55059,19.73892],[73.55054,19.739],[73.55044,19.73909],[73.55023,19.73921],[73.55003,19.73932],[73.54991,19.73948],[73.54974,19.73939],[73.54961,19.73928],[73.54944,19.73916],[73.54925,19.73906],[73.54912,19.73904],[73.54902,19.73909],[73.54885,19.73917],[73.54848,19.73917],[73.54819,19.73919],[73.54801,19.73912],[73.54774,19.73902],[73.54742,19.73908],[73.54713,19.73912],[73.54692,19.73911],[73.54655,19.73911],[73.5464,19.73907],[73.54622,19.73899],[73.54594,19.73893],[73.54576,19.73885],[73.54557,19.73886],[73.5453,19.73881],[73.54528,19.73862],[73.54513,19.73845],[73.54492,19.73842],[73.54473,19.7384],[73.54462,19.73835],[73.54455,19.73825],[73.54448,19.7381],[73.54426,19.73792],[73.54409,19.73785],[73.54379,19.73773],[73.54368,19.73758],[73.54364,19.73748],[73.54358,19.7373],[73.54349,19.73711],[73.54339,19.73704],[73.54323,19.73694],[73.54312,19.73683],[73.54296,19.73672],[73.5428,19.73658],[73.54266,19.73646],[73.54251,19.73627],[73.54238,19.73619],[73.54225,19.73596],[73.54216,19.73583],[73.54209,19.73574],[73.54195,19.73567],[73.54179,19.73567],[73.54155,19.73562],[73.54146,19.73546],[73.54137,19.73535],[73.54127,19.73529],[73.54113,19.73524],[73.541,19.73519],[73.54092,19.73508],[73.54085,19.73495],[73.54081,19.73483],[73.54081,19.73468],[73.54085,19.73445],[73.54081,19.73427],[73.54067,19.73417],[73.5406,19.73409],[73.5405,19.73396],[73.54036,19.73389],[73.54036,19.73374],[73.54041,19.7336],[73.54046,19.73351],[73.54046,19.73338],[73.54045,19.73327],[73.5404,19.73311],[73.54038,19.73295],[73.54044,19.73279],[73.54056,19.73272],[73.54061,19.73252],[73.54062,19.73245],[73.54057,19.73219],[73.54046,19.73206],[73.54033,19.73195],[73.5402,19.73188],[73.53999,19.73184],[73.53978,19.73182],[73.53961,19.73185],[73.53947,19.73192],[73.53943,19.73208],[73.53924,19.73207],[73.53914,19.73201],[73.53893,19.73211],[73.53878,19.73206],[73.53873,19.73213],[73.53866,19.73221],[73.53862,19.73231],[73.53861,19.73239],[73.53857,19.73247],[73.53852,19.73258],[73.53846,19.73267],[73.53837,19.7329],[73.5383,19.73303],[73.5382,19.73309],[73.53809,19.73314],[73.538,19.73323],[73.53789,19.73332],[73.5379,19.7335],[73.53778,19.73371],[73.53766,19.73391],[73.5376,19.734],[73.53756,19.73418],[73.53751,19.73425],[73.53743,19.73436],[73.53737,19.73443],[73.53729,19.73452],[73.53717,19.73466],[73.53711,19.73475],[73.53707,19.73488],[73.537,19.73509],[73.53687,19.7352],[73.53678,19.73528],[73.5367,19.73538],[73.53657,19.73555],[73.53649,19.73562],[73.53642,19.73569],[73.53635,19.73574],[73.53626,19.73581],[73.53618,19.73586],[73.53599,19.73597],[73.53585,19.73607],[73.53575,19.73613],[73.53565,19.73619],[73.53558,19.73629],[73.5355,19.73634],[73.53543,19.73639],[73.5354,19.73645],[73.53541,19.7365],[73.53545,19.73657],[73.53554,19.73658],[73.53562,19.73651],[73.53575,19.7364],[73.53585,19.7363],[73.53593,19.73626],[73.53602,19.7362],[73.53617,19.73606],[73.53634,19.73607],[73.53642,19.73614],[73.53639,19.73636],[73.53642,19.73656],[73.53644,19.73672],[73.53649,19.7369],[73.53655,19.73712],[73.53656,19.73725],[73.53661,19.73752],[73.53665,19.73779],[73.53665,19.73799],[73.53661,19.73821],[73.53661,19.7384],[73.53662,19.7387],[73.53656,19.73886],[73.53652,19.73905],[73.53643,19.7392],[73.53635,19.73933],[73.53619,19.73952],[73.53611,19.73975],[73.53592,19.73992],[73.5358,19.74011],[73.53568,19.74032],[73.53557,19.74045],[73.53551,19.74054],[73.53553,19.74079],[73.53551,19.74054],[73.53557,19.74045],[73.53568,19.74032],[73.5358,19.74011],[73.53592,19.73992],[73.53611,19.73975],[73.53619,19.73952],[73.53635,19.73933],[73.53643,19.7392],[73.53652,19.73905],[73.53656,19.73886],[73.53662,19.7387],[73.53661,19.7384],[73.53661,19.73821],[73.53665,19.73799],[73.53665,19.73779],[73.53661,19.73752],[73.53656,19.73725],[73.53655,19.73712],[73.53649,19.7369],[73.53644,19.73672],[73.53642,19.73656],[73.53639,19.73636],[73.53642,19.73614],[73.53634,19.73607],[73.53617,19.73606],[73.53602,19.7362],[73.53593,19.73626],[73.53585,19.7363],[73.53575,19.7364],[73.53562,19.73651],[73.53554,19.73658],[73.53545,19.73657],[73.53541,19.7365],[73.5354,19.73645],[73.53543,19.73639],[73.5355,19.73634],[73.53558,19.73629],[73.53565,19.73619],[73.53575,19.73613],[73.53585,19.73607],[73.53599,19.73597],[73.53618,19.73586],[73.53626,19.73581],[73.53635,19.73574],[73.53642,19.73569],[73.53649,19.73562],[73.53657,19.73555],[73.5367,19.73538],[73.53678,19.73528],[73.53687,19.7352],[73.537,19.73509],[73.53707,19.73488],[73.53711,19.73475],[73.53717,19.73466],[73.53729,19.73452],[73.53737,19.73443],[73.53743,19.73436],[73.53751,19.73425],[73.53756,19.73418],[73.5376,19.734],[73.53766,19.73391],[73.53778,19.73371],[73.5379,19.7335],[73.53789,19.73332],[73.538,19.73323],[73.53809,19.73314],[73.5382,19.73309],[73.5383,19.73303],[73.53837,19.7329],[73.53846,19.73267],[73.53852,19.73258],[73.53857,19.73247],[73.53861,19.73239],[73.53862,19.73231],[73.53866,19.73221],[73.53873,19.73213],[73.53878,19.73206],[73.53884,19.73199],[73.53892,19.7318],[73.53908,19.73163],[73.53918,19.73149],[73.53925,19.73135],[73.53918,19.73118],[73.53917,19.73104],[73.53921,19.73087],[73.53922,19.73079],[73.53919,19.73072],[73.53916,19.73066],[73.53913,19.73057],[73.53912,19.73044],[73.5391,19.73033],[73.53909,19.73023],[73.5391,19.73013],[73.53907,19.73004],[73.5391,19.72991],[73.53914,19.72985],[73.5392,19.72969],[73.53925,19.72955],[73.53926,19.72934],[73.53934,19.72922],[73.53941,19.7291],[73.53947,19.72899],[73.53951,19.72888],[73.53964,19.72872],[73.53987,19.7285],[73.54023,19.72835],[73.54035,19.72831],[73.5405,19.72825],[73.54064,19.72818],[73.54081,19.7281],[73.54091,19.7281],[73.54101,19.72806],[73.54113,19.72801],[73.54129,19.72796],[73.54146,19.72792],[73.54162,19.72782],[73.54171,19.7277],[73.54182,19.7275],[73.5418,19.72734],[73.54169,19.72713],[73.54164,19.72711],[73.54155,19.72705],[73.54146,19.72694],[73.54138,19.72674],[73.54127,19.72662],[73.54119,19.72648],[73.54105,19.72631],[73.54099,19.72617],[73.54102,19.7261],[73.54111,19.72601],[73.54117,19.72587],[73.54118,19.72566],[73.54123,19.72553],[73.54128,19.7254],[73.54129,19.72513],[73.5413,19.72489],[73.54131,19.72473],[73.54134,19.72454],[73.54139,19.72433],[73.54139,19.72421],[73.54152,19.72415],[73.54157,19.72401],[73.54164,19.72375],[73.54163,19.72363],[73.54167,19.72348],[73.54176,19.72325],[73.54176,19.7231],[73.54169,19.72303],[73.54153,19.7229],[73.54153,19.72276],[73.54155,19.72262],[73.54158,19.72253],[73.54163,19.72241],[73.54174,19.72224],[73.54174,19.72214],[73.54175,19.72204],[73.54172,19.72195],[73.54164,19.72165],[73.54164,19.72147],[73.54155,19.72117],[73.54137,19.72082]]]},"properties":{"id":"trail_r11846486","type":"trail","name":"Tringalwadi Fort","name_local":null,"category":"regional hiking route","source":"openstreetmap","source_id":"relation/11846486","updated_at":"2026-06-09T13:06:18Z","tags":{"network":"rwn"}}},{"type":"Feature","geometry":{"type":"MultiLineString","coordinates":[[[73.76728,19.50477],[73.76732,19.5047],[73.76721,19.50462],[73.76696,19.5045],[73.76687,19.50433],[73.76688,19.50419],[73.76693,19.50411],[73.76707,19.50409],[73.76716,19.50401],[73.76724,19.50386],[73.76741,19.50377],[73.76751,19.50366],[73.7676,19.50356],[73.76774,19.50355],[73.76781,19.5035],[73.7678,19.50341],[73.76794,19.50334],[73.76808,19.50324],[73.76811,19.50318],[73.76805,19.50311],[73.76811,19.50298],[73.76825,19.50285],[73.76831,19.50267],[73.76838,19.50247],[73.76845,19.50236],[73.76863,19.50225],[73.76871,19.50215],[73.76877,19.50204],[73.76885,19.50195],[73.76897,19.50185],[73.76901,19.50191],[73.76905,19.50195],[73.76916,19.50192],[73.76921,19.50185],[73.76924,19.50176],[73.76931,19.50168],[73.76944,19.50166],[73.76956,19.50155],[73.76966,19.50142],[73.76969,19.50135],[73.76978,19.50133],[73.76986,19.5012],[73.76997,19.50112],[73.77003,19.50104],[73.77009,19.50094],[73.7701,19.50077],[73.77019,19.5006],[73.77025,19.5005],[73.77032,19.50044],[73.77042,19.50025],[73.77048,19.50006],[73.77054,19.49993],[73.77061,19.49987],[73.77055,19.49973],[73.77042,19.49966],[73.77036,19.49954],[73.77033,19.49935],[73.77029,19.49919],[73.77032,19.49903],[73.77036,19.4989],[73.77043,19.49881],[73.77034,19.49873],[73.77018,19.49873],[73.77006,19.49869],[73.77,19.49859],[73.77001,19.49845],[73.7701,19.49841],[73.77018,19.49838],[73.77045,19.49833],[73.77063,19.49821],[73.77083,19.49791],[73.77091,19.49767],[73.77094,19.49752],[73.77098,19.49737],[73.7711,19.49725],[73.77114,19.4971],[73.7712,19.49706],[73.77133,19.49703],[73.77139,19.49693],[73.77144,19.49675],[73.77149,19.49661],[73.77165,19.49649],[73.77179,19.49642],[73.77191,19.49638],[73.77203,19.49644],[73.77205,19.49635],[73.77201,19.49622],[73.77205,19.49608],[73.77216,19.49605],[73.77225,19.49612],[73.77228,19.49624],[73.77238,19.49632],[73.77247,19.49634],[73.77253,19.49623],[73.77255,19.49606],[73.77259,19.49595],[73.77264,19.49584],[73.7727,19.49567],[73.77275,19.49557],[73.77276,19.49543],[73.77271,19.49537],[73.77276,19.49526],[73.77284,19.49519],[73.77292,19.49519],[73.77305,19.49512],[73.77314,19.49507],[73.77325,19.49497],[73.77329,19.49474],[73.77331,19.4946],[73.77326,19.49443],[73.77313,19.49431],[73.773,19.4942],[73.77294,19.49412],[73.77291,19.49396],[73.77302,19.49339],[73.77298,19.4938],[73.77309,19.49369],[73.7731,19.49358],[73.77313,19.49349],[73.77323,19.49343],[73.7733,19.49337],[73.77341,19.49325],[73.77284,19.49323],[73.77238,19.49324],[73.77248,19.49299],[73.77315,19.4928],[73.7735,19.49301],[73.77379,19.49326],[73.77395,19.49353],[73.77404,19.49374],[73.77422,19.49387],[73.77447,19.49389],[73.77461,19.49389],[73.77475,19.49401],[73.77487,19.49424],[73.77497,19.49435],[73.77501,19.49442],[73.77483,19.49442],[73.77476,19.4945],[73.77487,19.49461],[73.77495,19.49466],[73.77506,19.49478],[73.77521,19.49504],[73.77541,19.49527],[73.77569,19.49573],[73.77615,19.4961],[73.77662,19.49641],[73.77702,19.49693],[73.7774,19.49726],[73.77771,19.49761],[73.77805,19.49812],[73.77839,19.49838],[73.77869,19.49884],[73.77884,19.49919],[73.77915,19.49949],[73.77947,19.49981],[73.77992,19.49999],[73.7804,19.50032],[73.78055,19.50052],[73.78062,19.50079],[73.78068,19.50105],[73.78068,19.50141],[73.78053,19.50185],[73.78047,19.502],[73.78064,19.50203],[73.78084,19.50194],[73.78095,19.50173],[73.78106,19.50159],[73.78123,19.50147],[73.78146,19.50144],[73.78163,19.5015],[73.78173,19.50131],[73.78188,19.50117],[73.78216,19.50107],[73.78236,19.50093],[73.78245,19.50074],[73.78269,19.50061],[73.7829,19.5006],[73.78302,19.50043],[73.78326,19.50041],[73.78362,19.50039],[73.78384,19.50051],[73.78401,19.50065],[73.78416,19.50068],[73.78431,19.50065],[73.78442,19.5007],[73.78447,19.50089],[73.78452,19.50115],[73.78461,19.50133],[73.78476,19.50143],[73.78493,19.50145],[73.78512,19.50126],[73.78537,19.50117],[73.78556,19.5011],[73.78577,19.50111],[73.78579,19.50126],[73.7859,19.50146],[73.78609,19.50148],[73.78619,19.50143],[73.78634,19.50138],[73.78628,19.50118],[73.78617,19.50104],[73.78606,19.50092],[73.78586,19.50084],[73.78547,19.50072],[73.78525,19.50061],[73.78505,19.50052],[73.78487,19.50033],[73.78482,19.50015],[73.78486,19.49999],[73.78508,19.49988],[73.78532,19.49977],[73.78551,19.4995],[73.78566,19.49931],[73.78581,19.49912],[73.78596,19.49894],[73.7862,19.4989],[73.78638,19.4989],[73.78641,19.49899],[73.78641,19.49923],[73.7864,19.49943],[73.78638,19.49967],[73.78655,19.49977],[73.78682,19.49969],[73.78677,19.49918],[73.78668,19.49891],[73.78674,19.49857],[73.78677,19.49833],[73.78668,19.49802],[73.78663,19.49767],[73.7866,19.4973],[73.7866,19.497],[73.78663,19.49677],[73.78674,19.49663],[73.78686,19.49637],[73.78698,19.49611],[73.78717,19.49578],[73.7873,19.49559],[73.78731,19.49544],[73.78746,19.49513],[73.78755,19.49472],[73.78768,19.49409],[73.78787,19.49383],[73.7882,19.49347],[73.78841,19.49307],[73.78858,19.49281],[73.78881,19.49245],[73.78892,19.49219],[73.78922,19.49211],[73.78935,19.49198],[73.78958,19.49181],[73.79012,19.49144],[73.79063,19.49105],[73.79089,19.49081],[73.79104,19.49043],[73.79108,19.49012],[73.79126,19.48971],[73.79151,19.48915],[73.7917,19.48889],[73.79194,19.48877],[73.79211,19.48859],[73.79204,19.4883],[73.79229,19.48815],[73.79254,19.48816],[73.79255,19.4884],[73.79242,19.48866],[73.79219,19.48914],[73.79214,19.48939],[73.79206,19.48974],[73.79196,19.48992],[73.79185,19.49009],[73.79169,19.49044],[73.79175,19.49074],[73.79181,19.49095],[73.79177,19.49117],[73.79177,19.49135],[73.79192,19.4913],[73.79197,19.49104],[73.79208,19.49091],[73.79225,19.49078],[73.79236,19.49065],[73.79245,19.49044],[73.79269,19.49024],[73.79286,19.49007],[73.7931,19.48987],[73.79313,19.48965],[73.79334,19.48966],[73.79361,19.48955],[73.79381,19.48939],[73.79394,19.48918],[73.79407,19.48898],[73.79426,19.48883],[73.79444,19.48879],[73.79471,19.48867],[73.79491,19.48857],[73.79501,19.48834],[73.79528,19.48817],[73.79566,19.48799],[73.79593,19.48783],[73.79614,19.48769],[73.79637,19.48756],[73.79658,19.48745],[73.79675,19.48723],[73.79698,19.48705],[73.79715,19.48686],[73.79749,19.48674],[73.79771,19.48667],[73.79783,19.48646],[73.79796,19.48625],[73.79815,19.48607],[73.79836,19.48605],[73.79859,19.48611],[73.79881,19.48596],[73.79921,19.48582],[73.79957,19.48557],[73.79976,19.48533],[73.8,19.4852],[73.80012,19.48498],[73.80033,19.4849],[73.80061,19.48489],[73.80082,19.48479],[73.80109,19.48469],[73.80142,19.48459],[73.80167,19.48449],[73.80182,19.48438],[73.80209,19.48439]]]},"properties":{"id":"trail_r11846490","type":"trail","name":"Sindola - Mukhtel Peak","name_local":null,"category":"regional hiking route","source":"openstreetmap","source_id":"relation/11846490","updated_at":"2023-03-03T11:57:06Z","tags":{"network":"rwn"}}},{"type":"Feature","geometry":{"type":"MultiLineString","coordinates":[[[73.7877,19.53178],[73.78755,19.53171],[73.78696,19.53162],[73.78677,19.53151],[73.78677,19.53117],[73.78677,19.53092],[73.78673,19.53077],[73.78675,19.5306],[73.78671,19.53037],[73.78661,19.53024],[73.7865,19.53023],[73.78638,19.53028],[73.7863,19.53016],[73.78624,19.52996],[73.78621,19.52984],[73.78616,19.52973],[73.78607,19.52959],[73.78599,19.52954],[73.7859,19.52946],[73.78587,19.5293],[73.78586,19.52898],[73.78581,19.5288],[73.78571,19.52859],[73.78561,19.52842],[73.78551,19.52835],[73.78541,19.52842],[73.78526,19.52849],[73.78505,19.52848],[73.78476,19.5284],[73.78454,19.52837],[73.78437,19.5284],[73.78417,19.52846],[73.78398,19.52855],[73.78381,19.52855],[73.78371,19.52867],[73.78362,19.52883],[73.78351,19.52896],[73.78336,19.52915],[73.78319,19.52933],[73.78305,19.52948],[73.78281,19.52976],[73.78263,19.53],[73.78252,19.53001],[73.78243,19.52978],[73.78248,19.52947],[73.78244,19.52921],[73.78244,19.52897],[73.78237,19.52881],[73.78219,19.52873],[73.78207,19.52866],[73.78206,19.52852],[73.78199,19.52835],[73.78191,19.5282],[73.78191,19.52812],[73.78191,19.52794],[73.78204,19.5277],[73.78208,19.52755],[73.78214,19.52742],[73.7822,19.52716],[73.78226,19.52693],[73.78226,19.52673],[73.78235,19.52657],[73.78245,19.52636],[73.78254,19.5261],[73.78253,19.52584],[73.78247,19.52554],[73.7824,19.52532],[73.78248,19.52511],[73.78254,19.52495],[73.78259,19.5247],[73.78252,19.52453],[73.78249,19.52428],[73.78252,19.52412],[73.78252,19.52388],[73.78256,19.52362],[73.78259,19.52336],[73.7826,19.5231],[73.78263,19.52288],[73.78265,19.52275],[73.78266,19.52251],[73.78277,19.52226],[73.78278,19.52208],[73.78282,19.52178],[73.78282,19.52162],[73.78282,19.52148],[73.78284,19.52125],[73.78284,19.52107],[73.78284,19.52088],[73.78275,19.52073],[73.78267,19.52063],[73.78262,19.52056],[73.78256,19.5204],[73.78252,19.52026],[73.7824,19.52015],[73.78233,19.52011],[73.78217,19.51995],[73.78209,19.51985],[73.78201,19.51974],[73.78195,19.51966],[73.7818,19.51947],[73.78169,19.51937],[73.78159,19.51921],[73.78148,19.51905],[73.78134,19.51877],[73.78126,19.51863],[73.78116,19.51843],[73.78113,19.51812],[73.78107,19.51802],[73.78105,19.51792],[73.78092,19.51763],[73.78091,19.51739],[73.78085,19.51735],[73.78079,19.51731],[73.78061,19.51727],[73.78047,19.51729],[73.78043,19.51719],[73.78053,19.51709],[73.78061,19.51697],[73.78051,19.51685],[73.78033,19.51676],[73.78019,19.51666],[73.78011,19.51651],[73.78007,19.5164],[73.77996,19.51627],[73.77989,19.51621],[73.77976,19.51626],[73.7797,19.51613],[73.77952,19.51611],[73.77937,19.51603],[73.77929,19.51597],[73.77927,19.51589],[73.7792,19.51585],[73.77906,19.51578],[73.77896,19.51565],[73.7789,19.51542],[73.7788,19.5152],[73.77872,19.51502],[73.77866,19.51484],[73.77872,19.51463],[73.77885,19.51445],[73.77894,19.51409],[73.77897,19.51368],[73.77889,19.51325],[73.77869,19.51285],[73.77856,19.51272],[73.77819,19.51286],[73.77798,19.51301],[73.77781,19.51316],[73.77776,19.51332],[73.77766,19.51348],[73.77754,19.51339],[73.77735,19.51344],[73.77708,19.51356],[73.77686,19.51363],[73.77661,19.51376],[73.77633,19.51392],[73.77608,19.51411],[73.77575,19.51425],[73.77553,19.51439],[73.77522,19.51453],[73.77488,19.51464],[73.77464,19.51475]]]},"properties":{"id":"trail_r11846491","type":"trail","name":"Pabargad Fort","name_local":null,"category":"regional hiking route","source":"openstreetmap","source_id":"relation/11846491","updated_at":"2023-03-03T08:19:03Z","tags":{"network":"rwn"}}},{"type":"Feature","geometry":{"type":"MultiLineString","coordinates":[[[73.68434,19.52381],[73.6845,19.52329],[73.6846,19.52285],[73.6846,19.52253],[73.68472,19.52223],[73.6849,19.52192],[73.68507,19.5216],[73.6851,19.52131],[73.68526,19.52106],[73.68546,19.52079],[73.68583,19.52048],[73.68597,19.52037],[73.68609,19.52025],[73.68614,19.52015],[73.68621,19.51994],[73.68625,19.51982],[73.68632,19.51954],[73.6865,19.51921],[73.68654,19.51915],[73.68652,19.51902],[73.68641,19.51893],[73.68634,19.51874],[73.68639,19.51858],[73.68645,19.51819],[73.68649,19.51786],[73.68653,19.51725],[73.6865,19.51679],[73.68653,19.51652],[73.68651,19.51628],[73.6865,19.516],[73.6865,19.51565],[73.6865,19.51528],[73.68644,19.51488],[73.68643,19.51443],[73.68638,19.51391],[73.68635,19.5137],[73.68632,19.51352],[73.68628,19.51317],[73.68624,19.51288],[73.68613,19.51246],[73.68598,19.51186],[73.68589,19.51155],[73.68583,19.51127],[73.68588,19.51114],[73.68595,19.51093],[73.68585,19.51062],[73.68554,19.50994],[73.68535,19.5096],[73.68517,19.50932],[73.68514,19.50921],[73.68517,19.50904],[73.68516,19.50883],[73.68502,19.50862],[73.6848,19.50829],[73.68462,19.5079],[73.68452,19.50749],[73.68441,19.50716],[73.68425,19.50693],[73.68416,19.50678],[73.68402,19.50654],[73.68396,19.50626],[73.6839,19.5061],[73.68384,19.50594],[73.6837,19.50571],[73.6834,19.50552],[73.68323,19.50553],[73.68293,19.50558],[73.68281,19.5056],[73.68252,19.5056],[73.6821,19.5055],[73.68184,19.50546],[73.68138,19.50539],[73.68096,19.50527],[73.68064,19.50524],[73.6801,19.50521],[73.67976,19.50526],[73.67949,19.50529],[73.67922,19.50525],[73.67898,19.50504],[73.67877,19.50482],[73.67868,19.50469],[73.67851,19.50443],[73.67813,19.5042],[73.67782,19.50397],[73.67756,19.50372],[73.67717,19.50344],[73.6769,19.50325],[73.67663,19.50306],[73.67625,19.50293],[73.6759,19.5027],[73.6756,19.50253],[73.67507,19.50234],[73.67472,19.50229],[73.67453,19.5023],[73.67428,19.50228],[73.67404,19.50227],[73.67387,19.50231],[73.67372,19.50234],[73.67335,19.50235],[73.67294,19.50224],[73.67254,19.50211],[73.67206,19.50198],[73.67174,19.50187],[73.67136,19.50183],[73.67112,19.50181],[73.67078,19.50178],[73.67055,19.50173],[73.6701,19.50182],[73.66947,19.50196],[73.66929,19.50204],[73.66909,19.50214],[73.66876,19.50219],[73.66853,19.50217],[73.6684,19.50216],[73.66827,19.50213],[73.66798,19.50199],[73.66765,19.50182],[73.66747,19.50169],[73.66721,19.50147],[73.66695,19.50131],[73.66683,19.50121],[73.66668,19.50105],[73.66644,19.50094],[73.66621,19.50088],[73.66597,19.5008],[73.66571,19.50072],[73.66549,19.50059],[73.66526,19.50037],[73.66504,19.50014],[73.66484,19.50004],[73.66462,19.4999],[73.66439,19.49987],[73.66428,19.49983],[73.6641,19.49973],[73.66397,19.49971],[73.66381,19.49977],[73.66354,19.49982],[73.66329,19.49983],[73.6631,19.4998],[73.6629,19.4998],[73.6627,19.4997],[73.66257,19.49962],[73.66232,19.49948],[73.66211,19.49946],[73.66207,19.49946],[73.66197,19.49952],[73.6619,19.49959],[73.66181,19.49966],[73.66169,19.49974],[73.66156,19.49974],[73.66148,19.49975],[73.66132,19.49964],[73.66116,19.49955],[73.66103,19.49943],[73.66085,19.4993],[73.66054,19.49914],[73.6604,19.4991],[73.66021,19.49907],[73.66,19.49902],[73.65978,19.49893],[73.6596,19.49891],[73.6594,19.49889],[73.65914,19.49881],[73.65906,19.49879],[73.65887,19.49876],[73.65872,19.49868],[73.65855,19.49866],[73.65845,19.49869],[73.65832,19.49873],[73.65804,19.49872],[73.65792,19.4987],[73.65778,19.49859],[73.65772,19.49855],[73.65757,19.49839],[73.65746,19.49823],[73.65733,19.49808],[73.65728,19.49801],[73.65721,19.49794],[73.65709,19.49779],[73.65694,19.4976],[73.65676,19.4975],[73.65654,19.49742],[73.65641,19.49735],[73.65627,19.4973],[73.65604,19.49725],[73.6559,19.49719],[73.65576,19.49704],[73.65562,19.49685],[73.65549,19.49666],[73.6554,19.49651],[73.65531,19.49642],[73.65525,19.49633],[73.65515,19.49616],[73.65506,19.49598],[73.65496,19.49589],[73.65489,19.49572],[73.65481,19.49548],[73.6548,19.49529],[73.6548,19.49513],[73.65473,19.49492],[73.65468,19.49482],[73.65459,19.49468],[73.65454,19.4946],[73.65437,19.49446],[73.6543,19.49436],[73.65418,19.49421],[73.65407,19.49403],[73.65392,19.49379],[73.65379,19.49354],[73.65376,19.49333],[73.65365,19.49294],[73.65351,19.49254],[73.65337,19.49223],[73.65317,19.4918],[73.65305,19.49166],[73.65295,19.49153],[73.6528,19.49124],[73.65268,19.49106],[73.65245,19.49069],[73.65227,19.49032],[73.65212,19.49001],[73.65189,19.48964],[73.65162,19.4893],[73.65153,19.48915],[73.65141,19.48869],[73.65132,19.48824],[73.65122,19.48802],[73.65094,19.48765],[73.65076,19.48749],[73.6505,19.48715],[73.65029,19.48693],[73.64999,19.48675],[73.64971,19.48652],[73.6495,19.48629],[73.6494,19.48607],[73.6494,19.48585],[73.64945,19.48554],[73.64959,19.48541],[73.64964,19.48537],[73.64986,19.48518],[73.64986,19.48495],[73.64976,19.48464],[73.64953,19.48425],[73.64958,19.48407],[73.64969,19.48374],[73.64974,19.48327],[73.64986,19.48286],[73.64991,19.48267],[73.6501,19.4825],[73.6503,19.48221],[73.65031,19.48209],[73.65023,19.48191],[73.65009,19.48162],[73.64998,19.48148],[73.64995,19.48125],[73.64983,19.48097],[73.64961,19.48083],[73.64935,19.4806],[73.64894,19.48043],[73.64854,19.48008],[73.64832,19.47961],[73.64813,19.47946],[73.64767,19.47899],[73.64779,19.47881],[73.64804,19.47863],[73.64858,19.47842],[73.64875,19.47824],[73.64891,19.47806],[73.64894,19.47802],[73.64937,19.47789],[73.64985,19.47783],[73.65017,19.47785],[73.6505,19.47792]]]},"properties":{"id":"trail_r11846493","type":"trail","name":"Sandhan Valley","name_local":null,"category":"regional hiking route","source":"openstreetmap","source_id":"relation/11846493","updated_at":"2026-06-12T17:23:56Z","tags":{"network":"rwn"}}},{"type":"Feature","geometry":{"type":"MultiLineString","coordinates":[[[73.65685,19.53806],[73.65717,19.53739],[73.65728,19.53714],[73.6572,19.53708],[73.65707,19.5371],[73.65697,19.537],[73.65689,19.53687],[73.65669,19.53678],[73.65655,19.53674],[73.65658,19.53662],[73.65648,19.53645],[73.65647,19.53624],[73.65641,19.53611],[73.65631,19.53601],[73.65614,19.536],[73.65605,19.53586],[73.65581,19.53576],[73.65566,19.5358],[73.65556,19.53591],[73.65543,19.53596],[73.65512,19.53602],[73.65491,19.53592],[73.65483,19.53574],[73.65482,19.5355],[73.6547,19.5353],[73.65461,19.53523],[73.65448,19.53504],[73.65436,19.53489],[73.65425,19.53466],[73.65416,19.53448],[73.65396,19.53442],[73.65368,19.53426],[73.65363,19.5341],[73.65352,19.53393],[73.65328,19.53381],[73.65298,19.53365],[73.65278,19.53358],[73.65232,19.53367],[73.65195,19.53362],[73.65174,19.53365],[73.65147,19.53369],[73.65124,19.53374],[73.65103,19.53378],[73.65095,19.5338],[73.65081,19.53375],[73.65061,19.53373],[73.65048,19.53378],[73.65036,19.53387],[73.65023,19.53399],[73.6501,19.53416],[73.65,19.53428],[73.64994,19.53434],[73.6499,19.53441]]]},"properties":{"id":"trail_r11846495","type":"trail","name":"Umbardara","name_local":null,"category":"regional hiking route","source":"openstreetmap","source_id":"relation/11846495","updated_at":"2023-03-03T07:31:04Z","tags":{"network":"rwn"}}},{"type":"Feature","geometry":{"type":"MultiLineString","coordinates":[[[73.63632,19.54485],[73.6362,19.54467],[73.6361,19.54433],[73.63642,19.54416],[73.63645,19.54395],[73.63668,19.54391],[73.63675,19.54361],[73.63675,19.54345],[73.63718,19.54324],[73.63734,19.54307],[73.63732,19.54292],[73.63737,19.54285],[73.63744,19.54277],[73.63755,19.54244],[73.63763,19.54213],[73.63773,19.5419],[73.6376,19.54177],[73.6374,19.54174],[73.63759,19.54152],[73.63776,19.54138],[73.63777,19.54117],[73.63792,19.54101],[73.63805,19.54076],[73.63819,19.54058],[73.63836,19.54042],[73.63852,19.54029],[73.63875,19.5402],[73.63888,19.54],[73.63908,19.54002],[73.63914,19.53989],[73.63945,19.53982],[73.63968,19.53975],[73.63988,19.53978],[73.64008,19.53974],[73.64031,19.53952],[73.64048,19.53935],[73.6406,19.53914],[73.64069,19.53904],[73.6408,19.53903],[73.64087,19.53895],[73.64079,19.53887],[73.64072,19.53884],[73.64072,19.53878],[73.64078,19.53878],[73.64076,19.5387],[73.64074,19.53865],[73.64077,19.5386],[73.64086,19.53856],[73.6409,19.5386],[73.64095,19.53858],[73.641,19.53854],[73.64109,19.53852],[73.64107,19.53846],[73.64112,19.53844],[73.64114,19.53836],[73.6411,19.53829],[73.6411,19.53822],[73.64107,19.53818],[73.64112,19.53816],[73.6412,19.53816],[73.64131,19.53816],[73.64135,19.53814],[73.64137,19.53808],[73.64149,19.53811],[73.64156,19.53806],[73.64162,19.53801],[73.64165,19.53798],[73.64177,19.53793],[73.64176,19.53788],[73.64173,19.53785],[73.64183,19.53781],[73.64186,19.53772],[73.64182,19.53763],[73.6418,19.53756],[73.64192,19.53753],[73.642,19.53742],[73.64215,19.53737],[73.6423,19.53729],[73.64239,19.53719],[73.64242,19.5371],[73.64242,19.537],[73.64245,19.53691],[73.64248,19.53685],[73.64256,19.53674],[73.64263,19.53666],[73.64275,19.53662],[73.64284,19.53654],[73.64295,19.53646],[73.64301,19.5364],[73.64308,19.5363],[73.64311,19.53622],[73.64318,19.53618],[73.64329,19.5361],[73.6434,19.53604],[73.64345,19.53598],[73.64347,19.53591],[73.6435,19.53584],[73.64353,19.53577],[73.64355,19.53568],[73.64356,19.53547],[73.64358,19.53525],[73.64353,19.53519],[73.64351,19.53507],[73.64351,19.53494],[73.6435,19.53485],[73.64362,19.53466],[73.64363,19.53454],[73.64365,19.53439],[73.64365,19.53418],[73.64375,19.53409],[73.64378,19.53402],[73.64369,19.53384],[73.64367,19.53371],[73.64361,19.53356],[73.64354,19.53347],[73.64347,19.5334],[73.64343,19.53328],[73.64345,19.53313],[73.64348,19.533],[73.64349,19.53288],[73.64347,19.53277],[73.64354,19.53272],[73.6436,19.53267],[73.64363,19.53259],[73.64367,19.53244],[73.64373,19.53236],[73.64378,19.53226],[73.64385,19.53218],[73.64395,19.53208],[73.64401,19.53201],[73.64406,19.5319],[73.64407,19.53177],[73.64408,19.5316],[73.64411,19.53153],[73.64417,19.53147],[73.64421,19.53137],[73.64432,19.53132],[73.6443,19.53122],[73.64434,19.53113],[73.64443,19.53105],[73.64444,19.53096],[73.64446,19.53088],[73.64448,19.5308],[73.64447,19.53075],[73.64457,19.53066],[73.64466,19.53054],[73.6447,19.53039],[73.64476,19.53028],[73.64477,19.53022],[73.6448,19.53014],[73.64487,19.53002],[73.64492,19.52991],[73.64495,19.52979],[73.64505,19.52967],[73.64526,19.52942]]]},"properties":{"id":"trail_r11846496","type":"trail","name":"Chondhe Ghat","name_local":null,"category":"regional hiking route","source":"openstreetmap","source_id":"relation/11846496","updated_at":"2023-03-03T07:31:04Z","tags":{"network":"rwn"}}},{"type":"Feature","geometry":{"type":"MultiLineString","coordinates":[[[74.25267,20.34009],[74.25265,20.34004],[74.25261,20.33997],[74.25256,20.33992],[74.25249,20.33984],[74.25244,20.33979],[74.25245,20.33972],[74.25243,20.33967],[74.25239,20.33962],[74.25235,20.33953],[74.25229,20.33948],[74.25226,20.33944],[74.2523,20.33941],[74.25238,20.33941],[74.25242,20.33947],[74.25253,20.33948],[74.25266,20.33951],[74.25271,20.33948],[74.25281,20.33948],[74.25291,20.33951],[74.25298,20.33953],[74.25307,20.33954],[74.25317,20.33951],[74.25324,20.33947],[74.25327,20.33947],[74.25335,20.33951],[74.25341,20.33953],[74.25346,20.33951],[74.25351,20.3395],[74.25358,20.33948],[74.25365,20.33948],[74.25374,20.33949],[74.2538,20.33951],[74.25387,20.33954],[74.25389,20.33957],[74.25391,20.33963],[74.25397,20.33967],[74.25402,20.3397],[74.25407,20.33974],[74.25413,20.33978],[74.25419,20.33982],[74.25425,20.33985],[74.25434,20.3399],[74.25442,20.33995],[74.25449,20.33997],[74.25467,20.33997],[74.25476,20.33997],[74.25483,20.33998],[74.25489,20.34],[74.25495,20.34],[74.255,20.34],[74.25506,20.34],[74.2551,20.34],[74.25516,20.34],[74.2552,20.33999],[74.25526,20.33997],[74.25528,20.33996],[74.25532,20.33994],[74.25533,20.33995],[74.25536,20.33998],[74.25539,20.34],[74.25542,20.34001],[74.25545,20.34001],[74.25548,20.34001],[74.2555,20.34],[74.25551,20.33997],[74.25552,20.33993],[74.25553,20.3399],[74.25555,20.33988],[74.25557,20.33985],[74.25559,20.33983],[74.25562,20.33983],[74.25579,20.33983],[74.2559,20.33982],[74.25595,20.33978],[74.25598,20.33972],[74.25607,20.33967],[74.2561,20.33962],[74.25615,20.33955],[74.25619,20.33948],[74.25622,20.3394],[74.2562,20.33934],[74.25616,20.3393],[74.25628,20.3392],[74.25629,20.33913],[74.25626,20.33908],[74.25634,20.33905],[74.25639,20.33901],[74.25641,20.33893],[74.25644,20.33884],[74.25654,20.33876],[74.25666,20.33873],[74.25677,20.33871],[74.2569,20.33875],[74.25697,20.33871],[74.25705,20.33867],[74.2571,20.33863],[74.25715,20.33861],[74.25726,20.3386],[74.25733,20.33861],[74.2574,20.33863],[74.25757,20.3387],[74.25765,20.33873],[74.25775,20.33876],[74.25787,20.33875],[74.25795,20.33871],[74.25804,20.3386],[74.2581,20.33854],[74.25821,20.33855],[74.25833,20.33857],[74.25846,20.33858],[74.25851,20.33859],[74.25855,20.33863],[74.25856,20.33869],[74.25857,20.33873],[74.25863,20.33874],[74.25869,20.33872],[74.25871,20.33868],[74.2587,20.33865],[74.25869,20.33858],[74.25865,20.33854],[74.25861,20.3385],[74.25863,20.33846],[74.2587,20.33846],[74.25879,20.33852],[74.2589,20.33856],[74.25907,20.3386],[74.25916,20.33864],[74.2594,20.33863],[74.25949,20.33863],[74.25959,20.33867],[74.25972,20.33867],[74.25987,20.33871],[74.26,20.33872],[74.2601,20.33873],[74.26018,20.33876],[74.26032,20.33876],[74.26044,20.33873],[74.26054,20.33875],[74.26063,20.33875],[74.26077,20.33879],[74.26089,20.33882],[74.26106,20.33882],[74.26121,20.3388],[74.26132,20.33879],[74.26138,20.33877],[74.26154,20.33878],[74.2617,20.33885],[74.26182,20.33893],[74.26196,20.33901],[74.26207,20.33903],[74.26228,20.33907],[74.2625,20.33909],[74.26268,20.33907],[74.26273,20.33898],[74.26283,20.33893],[74.26307,20.33894],[74.26324,20.33893],[74.26335,20.3389],[74.26341,20.33887],[74.26359,20.33884],[74.26378,20.33876],[74.26391,20.3387],[74.26404,20.33859],[74.26412,20.3385],[74.2642,20.33838],[74.26425,20.33829],[74.26438,20.33813],[74.26459,20.33785],[74.26466,20.33774],[74.26471,20.33764],[74.26476,20.33754],[74.26475,20.3374],[74.26466,20.33717],[74.26465,20.33704],[74.26465,20.33695],[74.26453,20.33682],[74.26445,20.33679],[74.26434,20.33668],[74.26421,20.33656],[74.26411,20.33651],[74.26404,20.33645],[74.26391,20.3364],[74.26376,20.33637],[74.26354,20.33615],[74.26342,20.33598],[74.26321,20.33589],[74.26309,20.3358],[74.2629,20.33565],[74.26275,20.33545],[74.2626,20.33534],[74.26242,20.33525],[74.26227,20.3352],[74.26213,20.33509],[74.262,20.33504],[74.26194,20.335],[74.26157,20.33492],[74.26154,20.33485],[74.26135,20.33482],[74.26125,20.33476],[74.26109,20.33479],[74.26095,20.33491],[74.26077,20.33495],[74.26068,20.33493],[74.26055,20.33484],[74.26044,20.33472],[74.26031,20.33469],[74.26013,20.33466],[74.25996,20.3346],[74.25986,20.33451],[74.25967,20.3344],[74.25955,20.33429],[74.25947,20.33422],[74.25939,20.33418],[74.25927,20.33406],[74.25902,20.33413],[74.25887,20.33411],[74.25872,20.33397],[74.25851,20.33388],[74.25835,20.3338],[74.25825,20.33374],[74.25811,20.33361],[74.25803,20.33352],[74.25793,20.33341],[74.25775,20.33329],[74.25771,20.33314],[74.25763,20.33303],[74.25756,20.33282],[74.25747,20.3327],[74.25734,20.3326],[74.25727,20.3325],[74.25723,20.33241],[74.25716,20.33238],[74.25703,20.33236],[74.25696,20.3323],[74.25689,20.33221],[74.25674,20.33215],[74.25668,20.33214],[74.25659,20.33223],[74.25652,20.3322],[74.25647,20.33217],[74.2564,20.33217],[74.25642,20.33223],[74.25639,20.33235],[74.25639,20.33241],[74.2564,20.33248],[74.2564,20.33254],[74.25638,20.3326],[74.25635,20.33266],[74.25633,20.33271],[74.25631,20.33277],[74.25631,20.33285],[74.25635,20.33293],[74.25642,20.33309],[74.25644,20.33319],[74.25645,20.3333],[74.25647,20.33337],[74.25649,20.3335],[74.2564,20.33369],[74.25641,20.334],[74.25647,20.33424],[74.25629,20.33463],[74.2563,20.33509],[74.25625,20.3355],[74.25635,20.33573],[74.25654,20.33595],[74.25672,20.33634],[74.25702,20.33665],[74.25724,20.33692],[74.25761,20.33708],[74.25773,20.33724],[74.2579,20.33742],[74.25797,20.33756],[74.2578,20.33774],[74.2578,20.3379],[74.25781,20.33808],[74.25779,20.3383],[74.25767,20.33839],[74.25753,20.33843],[74.25746,20.33845],[74.25738,20.33853],[74.25733,20.33861]],[[74.25184,20.34611],[74.25195,20.3459],[74.25206,20.34567],[74.25215,20.34545],[74.25229,20.34526],[74.25243,20.34513],[74.25245,20.34505],[74.25241,20.34498],[74.25225,20.34484],[74.25216,20.34476],[74.25216,20.34467],[74.25218,20.34459],[74.25222,20.34455],[74.25227,20.34455],[74.25239,20.34465],[74.25254,20.34476],[74.2527,20.34487],[74.25292,20.345],[74.25313,20.3451],[74.25326,20.34517],[74.25343,20.34526],[74.25363,20.34532],[74.25376,20.34536],[74.25386,20.34536],[74.25398,20.34534],[74.25402,20.34531],[74.25402,20.34524],[74.25394,20.3452],[74.25383,20.34517],[74.25371,20.34514],[74.25362,20.34512],[74.25351,20.34507],[74.25335,20.34499],[74.25323,20.34491],[74.25316,20.34485],[74.25303,20.34476],[74.25293,20.34467],[74.25282,20.34459],[74.25275,20.34453],[74.25272,20.34448],[74.25273,20.34443],[74.2528,20.34442],[74.25285,20.34444],[74.25292,20.3445],[74.253,20.34453],[74.25308,20.34458],[74.25313,20.34461],[74.2532,20.34466],[74.25326,20.34469],[74.25334,20.34472],[74.25344,20.34473],[74.25349,20.34471],[74.2535,20.34465],[74.25345,20.34454],[74.25332,20.34443],[74.25315,20.3442],[74.25295,20.34386],[74.25289,20.34373],[74.2529,20.34357],[74.25295,20.34355],[74.25304,20.34356],[74.25314,20.34368],[74.25328,20.34386],[74.25339,20.34405],[74.25351,20.34421],[74.25371,20.34431],[74.25391,20.34438],[74.2542,20.34441],[74.25437,20.34437],[74.25461,20.34425],[74.25499,20.34397],[74.25512,20.34387],[74.25538,20.34378],[74.25545,20.34375],[74.25554,20.34375],[74.25563,20.34375],[74.25575,20.34374],[74.25585,20.34374],[74.25594,20.34374],[74.25605,20.34373],[74.25612,20.34372],[74.25619,20.34368],[74.25622,20.34364],[74.25624,20.34356],[74.25624,20.3435],[74.25621,20.34345],[74.25616,20.34342],[74.25611,20.34345],[74.25604,20.3435],[74.25598,20.34354],[74.25587,20.34358],[74.2558,20.34359],[74.25572,20.34358],[74.25561,20.34356],[74.25556,20.34351],[74.25556,20.34346],[74.25563,20.34342],[74.25567,20.3434],[74.25576,20.34339],[74.25582,20.34338],[74.25589,20.34335],[74.25596,20.34333],[74.25606,20.34329],[74.25611,20.34326],[74.25617,20.34323],[74.2562,20.34318],[74.25621,20.34313],[74.25621,20.34311],[74.25615,20.34309],[74.25609,20.3431],[74.256,20.34312],[74.25595,20.34315],[74.25586,20.34317],[74.25579,20.34314],[74.25568,20.3431],[74.25557,20.34309],[74.25548,20.34307],[74.25541,20.34305],[74.25538,20.34303],[74.25537,20.34299],[74.25539,20.34294],[74.25551,20.34294],[74.25557,20.34293],[74.25567,20.34293],[74.25572,20.34293],[74.2558,20.34288],[74.25578,20.3428],[74.25575,20.34269],[74.25568,20.34251],[74.25563,20.34214],[74.25553,20.34152],[74.25546,20.3413],[74.25532,20.3411],[74.25512,20.34096],[74.25493,20.34092],[74.25466,20.341],[74.25451,20.34107],[74.25434,20.34112],[74.25415,20.34116],[74.25407,20.34117],[74.25385,20.34108],[74.2535,20.34091],[74.25315,20.34082],[74.25294,20.34076],[74.25285,20.3407],[74.25276,20.34052],[74.2527,20.34013]]]},"properties":{"id":"trail_r13710139","type":"trail","name":"Chandwad Fort","name_local":null,"category":"regional hiking route","source":"openstreetmap","source_id":"relation/13710139","updated_at":"2023-03-06T14:25:47Z","tags":{"network":"rwn"}}},{"type":"Feature","geometry":{"type":"MultiLineString","coordinates":[[[74.14466,20.37429],[74.14482,20.37428],[74.145,20.3743],[74.14518,20.37435],[74.14543,20.37436],[74.14561,20.37435],[74.14579,20.37427],[74.14592,20.37418],[74.14598,20.37406],[74.14618,20.374],[74.14638,20.37397],[74.14679,20.37391],[74.14725,20.37385],[74.14764,20.37382],[74.14791,20.37383],[74.14843,20.37392],[74.14884,20.37393],[74.14919,20.37399],[74.14968,20.37405],[74.15023,20.37417],[74.15047,20.37417],[74.15098,20.37423],[74.15155,20.3743],[74.15192,20.37434],[74.15245,20.37446],[74.15281,20.37451],[74.15343,20.37464],[74.15381,20.37471],[74.15425,20.37473],[74.15467,20.37471],[74.15491,20.37467],[74.15551,20.37452],[74.15653,20.37426],[74.15684,20.37415],[74.15728,20.37398],[74.15773,20.3738],[74.15814,20.3736],[74.15845,20.37349],[74.15886,20.37334],[74.15916,20.37327],[74.15948,20.37325],[74.15974,20.3732],[74.16002,20.37316],[74.16039,20.37316],[74.16077,20.37303],[74.16112,20.37293],[74.16135,20.37282],[74.16155,20.37279],[74.16186,20.37287],[74.16209,20.37291],[74.16238,20.37291],[74.16266,20.37291],[74.16307,20.37291],[74.16344,20.3729],[74.16385,20.37289],[74.16418,20.37289],[74.16449,20.37296],[74.16481,20.37308],[74.16513,20.37314],[74.16533,20.37314],[74.16567,20.37316],[74.16607,20.37329],[74.16638,20.37348],[74.16664,20.37354],[74.16704,20.37353],[74.16723,20.37347],[74.16756,20.37358],[74.16792,20.37371],[74.16824,20.3738],[74.16855,20.37392],[74.16883,20.37402],[74.16907,20.37403],[74.1694,20.37399],[74.16967,20.374],[74.17015,20.37399],[74.17039,20.374],[74.1708,20.37406],[74.17117,20.37413],[74.17143,20.3742],[74.17181,20.3743],[74.17199,20.37448],[74.17219,20.37474],[74.17241,20.3749],[74.17254,20.3751],[74.17259,20.37525],[74.17271,20.37534],[74.17323,20.37564],[74.17363,20.37588],[74.17403,20.37605],[74.17421,20.3762],[74.17433,20.3764],[74.17455,20.37663],[74.17501,20.37684],[74.17519,20.37693],[74.17542,20.37709],[74.17575,20.37732],[74.17607,20.37752],[74.17636,20.37769],[74.17664,20.37777],[74.17675,20.37778],[74.17691,20.37785],[74.17692,20.37803],[74.17689,20.37808],[74.17674,20.3781],[74.17657,20.37812],[74.17644,20.37813],[74.17633,20.37813],[74.17624,20.37813],[74.17611,20.37809],[74.176,20.37803],[74.17591,20.37799],[74.17581,20.37798],[74.17573,20.37803],[74.1757,20.37806],[74.17561,20.37805],[74.17555,20.37797],[74.17548,20.3779],[74.17534,20.37788],[74.17525,20.37789],[74.17519,20.37794],[74.17514,20.37807],[74.17505,20.37817],[74.1749,20.37829],[74.17472,20.37838],[74.1746,20.37847],[74.17455,20.37861],[74.17455,20.37879],[74.17464,20.37891],[74.1746,20.37905],[74.17452,20.37914],[74.17444,20.37925],[74.17443,20.37932],[74.17439,20.37946],[74.17434,20.37955],[74.17423,20.37968],[74.1741,20.37972],[74.17401,20.37972],[74.17388,20.37962],[74.17377,20.37949],[74.17369,20.37942],[74.17359,20.37937],[74.17347,20.37929],[74.17337,20.379],[74.17327,20.37879],[74.1732,20.37859],[74.17305,20.37832],[74.17289,20.37812],[74.17256,20.37784],[74.17235,20.37767],[74.17209,20.37728],[74.17193,20.37703],[74.17175,20.37692],[74.1714,20.37667],[74.17113,20.37647],[74.17077,20.37629],[74.17053,20.37609],[74.17012,20.3762],[74.16994,20.37618],[74.16968,20.37598],[74.16919,20.3758],[74.16881,20.3758],[74.16864,20.37587],[74.16847,20.37597],[74.16838,20.37619],[74.16844,20.37626],[74.16851,20.3761],[74.1686,20.37614],[74.16863,20.37629],[74.16875,20.37639],[74.16901,20.37643],[74.16926,20.37648],[74.16948,20.37654],[74.16975,20.3767],[74.17006,20.37703],[74.17018,20.37716],[74.17034,20.37721],[74.17048,20.37726],[74.17053,20.37737],[74.17051,20.37751],[74.17053,20.3776],[74.17043,20.37781],[74.17049,20.37795],[74.17054,20.37804],[74.17066,20.37822],[74.17076,20.37832],[74.17065,20.37835],[74.17053,20.37835],[74.17043,20.37834],[74.17035,20.37842],[74.17036,20.37854],[74.1704,20.37864],[74.17042,20.37877],[74.17038,20.37886],[74.17036,20.37894],[74.17034,20.37904],[74.17036,20.37912],[74.17034,20.37904],[74.17036,20.37894],[74.17038,20.37886],[74.17042,20.37877],[74.1704,20.37864],[74.17036,20.37854],[74.17035,20.37842],[74.17043,20.37834],[74.17053,20.37835],[74.17065,20.37835],[74.17076,20.37832],[74.17066,20.37822],[74.17054,20.37804],[74.17049,20.37795],[74.17043,20.37781],[74.17053,20.3776],[74.17051,20.37751],[74.17053,20.37737],[74.17048,20.37726],[74.17034,20.37721],[74.17018,20.37716],[74.17006,20.37703],[74.16975,20.3767],[74.16948,20.37654],[74.16926,20.37648],[74.16901,20.37643],[74.16875,20.37639],[74.16863,20.37629],[74.1686,20.37614],[74.16851,20.3761],[74.16844,20.37626],[74.16838,20.37619],[74.16847,20.37597],[74.16864,20.37587],[74.16881,20.3758],[74.16919,20.3758],[74.16968,20.37598],[74.16994,20.37618],[74.17012,20.3762],[74.17053,20.37609],[74.17077,20.37629],[74.17113,20.37647],[74.1714,20.37667],[74.17175,20.37692],[74.17193,20.37703],[74.17209,20.37728],[74.17235,20.37767],[74.17256,20.37784],[74.17289,20.37812],[74.17305,20.37832],[74.1732,20.37859],[74.17327,20.37879],[74.17337,20.379],[74.17347,20.37929],[74.17359,20.37937],[74.17369,20.37942],[74.17377,20.37949],[74.17388,20.37962],[74.17401,20.37972],[74.1741,20.37972],[74.17423,20.37968],[74.17434,20.37955],[74.17439,20.37946],[74.17443,20.37932],[74.17444,20.37925],[74.17452,20.37914],[74.1746,20.37905],[74.17464,20.37891],[74.17455,20.37879],[74.17455,20.37861],[74.1746,20.37847],[74.17472,20.37838],[74.1749,20.37829],[74.17505,20.37817],[74.17514,20.37807],[74.17519,20.37794],[74.17525,20.37789],[74.17534,20.37788],[74.17548,20.3779],[74.17555,20.37797],[74.17561,20.37805],[74.1757,20.37806],[74.17573,20.37803],[74.17581,20.37798],[74.17591,20.37799],[74.176,20.37803],[74.17611,20.37809],[74.17624,20.37813],[74.17633,20.37813],[74.17644,20.37813],[74.17657,20.37812],[74.17674,20.3781],[74.17689,20.37808],[74.17692,20.37803],[74.17706,20.37802],[74.17716,20.37797],[74.17718,20.37784],[74.17724,20.3776],[74.17729,20.37742],[74.17729,20.37714],[74.1773,20.37694],[74.17724,20.37673],[74.17722,20.37655],[74.17731,20.37631],[74.17738,20.37613],[74.17741,20.37591],[74.17753,20.37571],[74.17765,20.37541],[74.17764,20.37522],[74.17758,20.375],[74.17751,20.37476],[74.17754,20.37458],[74.17746,20.37438],[74.17747,20.37418],[74.17743,20.37395],[74.17746,20.37367],[74.17749,20.37338],[74.17754,20.37314],[74.17764,20.37285],[74.17775,20.37267],[74.17794,20.37262],[74.17811,20.37256],[74.17821,20.37261],[74.17841,20.37274],[74.17853,20.37296],[74.17854,20.37319],[74.17854,20.37348],[74.1786,20.37361],[74.17887,20.37372],[74.17907,20.3738],[74.17924,20.3738],[74.17944,20.37399],[74.17949,20.37408],[74.17973,20.37385],[74.17989,20.3737],[74.18003,20.37356],[74.18024,20.37339],[74.18043,20.3734],[74.1805,20.37348],[74.18078,20.37349],[74.18106,20.37348],[74.18124,20.37356],[74.18144,20.37364],[74.18171,20.37371],[74.18186,20.37378],[74.18184,20.37392],[74.18183,20.37399],[74.18175,20.37427],[74.18158,20.37457],[74.18152,20.37477],[74.18145,20.37495],[74.18127,20.37514],[74.1812,20.37529],[74.1812,20.37541],[74.18139,20.37545],[74.1816,20.37539],[74.1818,20.37525],[74.18194,20.37508],[74.18209,20.37489],[74.18222,20.37484],[74.1823,20.37497],[74.18226,20.37518],[74.18222,20.37535],[74.18212,20.37552],[74.18202,20.37568],[74.18199,20.37581],[74.18208,20.37589],[74.18222,20.37588],[74.18231,20.37595],[74.18225,20.37611],[74.18224,20.3762],[74.18233,20.37635],[74.1825,20.37649],[74.18277,20.37659],[74.1831,20.37668],[74.18341,20.37649],[74.18364,20.37635],[74.18376,20.37638],[74.18386,20.37654],[74.18393,20.37668],[74.18406,20.37684],[74.18423,20.37695],[74.18447,20.37707],[74.18466,20.37725],[74.18498,20.3773],[74.18516,20.37722],[74.18534,20.3772],[74.1857,20.37732],[74.18587,20.37739],[74.1861,20.37755],[74.18625,20.37777],[74.18628,20.37794],[74.18637,20.37813],[74.18643,20.37826],[74.18651,20.3784],[74.1867,20.3786],[74.187,20.37878],[74.1873,20.37877],[74.18752,20.37871],[74.18796,20.37875],[74.18825,20.3788],[74.1884,20.37887],[74.18855,20.37905],[74.18876,20.37925],[74.18889,20.37943],[74.18894,20.3795],[74.1889,20.37969],[74.18888,20.37976],[74.18894,20.37986],[74.18901,20.37996],[74.18903,20.38008],[74.18916,20.38021],[74.1893,20.38031],[74.18945,20.38038],[74.18959,20.38041],[74.18972,20.3804],[74.18987,20.38051],[74.18999,20.3807],[74.19011,20.38086],[74.19021,20.38094],[74.19028,20.38089],[74.19025,20.38074],[74.19029,20.38063],[74.19043,20.38062],[74.19061,20.3807],[74.19078,20.38083],[74.191,20.38096],[74.19117,20.38111],[74.19118,20.38129],[74.19135,20.38144],[74.19151,20.38158],[74.19174,20.38162],[74.19199,20.38166],[74.19222,20.38176],[74.19233,20.38183],[74.19245,20.3819],[74.19266,20.38198],[74.19294,20.38207],[74.19309,20.38204],[74.19332,20.38203],[74.19349,20.38199],[74.19379,20.38197],[74.19404,20.38196],[74.19435,20.38197],[74.19463,20.382],[74.19513,20.38205],[74.19545,20.38208],[74.19563,20.38209],[74.19581,20.38199],[74.1959,20.38195],[74.19612,20.38194],[74.19627,20.38209],[74.19633,20.38219],[74.19649,20.3823],[74.19671,20.38241],[74.19712,20.38251],[74.19751,20.38261],[74.19782,20.38272],[74.19805,20.38282],[74.19851,20.38295],[74.1987,20.38302],[74.19882,20.38312],[74.19886,20.38336],[74.19898,20.38367],[74.19903,20.38387],[74.19906,20.38408],[74.1991,20.38433],[74.19909,20.38451],[74.19909,20.38469],[74.1992,20.38486],[74.19935,20.38501],[74.19954,20.38514],[74.19979,20.38529],[74.19993,20.38547],[74.20012,20.38573],[74.20024,20.38593],[74.20044,20.38606],[74.2008,20.38626],[74.20104,20.38637],[74.20143,20.3864],[74.20182,20.38644],[74.20215,20.38654],[74.20253,20.38669],[74.20281,20.38678],[74.203,20.38679],[74.20343,20.38678],[74.20386,20.38665],[74.20442,20.38661],[74.2047,20.38658],[74.20484,20.38663],[74.20503,20.3867],[74.20523,20.38678],[74.20531,20.38698],[74.20535,20.38707],[74.20531,20.38719],[74.20511,20.3873],[74.20495,20.3873],[74.20473,20.38743],[74.20471,20.38759],[74.20456,20.38767],[74.20444,20.38772],[74.20443,20.38791],[74.20441,20.38807],[74.20435,20.38819],[74.2042,20.38826],[74.20393,20.38823],[74.20377,20.38825],[74.2036,20.38831],[74.20343,20.3884],[74.20328,20.38847],[74.20308,20.38846],[74.20283,20.38841],[74.20252,20.38836],[74.20219,20.3883],[74.20196,20.38824],[74.20177,20.38819],[74.2015,20.38812],[74.20137,20.38807],[74.20115,20.38798],[74.20074,20.38784],[74.20046,20.38779],[74.2002,20.38775],[74.20003,20.38774],[74.19977,20.38772],[74.19946,20.38767],[74.19927,20.38762],[74.199,20.38755],[74.19876,20.38749],[74.19868,20.38759],[74.19889,20.38772],[74.19908,20.38779],[74.19925,20.38794],[74.19922,20.38803],[74.19895,20.388],[74.19874,20.38792],[74.19824,20.38784],[74.19786,20.38777],[74.19757,20.38775],[74.19738,20.38771],[74.19713,20.38763],[74.19681,20.38755],[74.19653,20.38752],[74.19626,20.38746],[74.19582,20.38734],[74.19554,20.38728],[74.19517,20.38724],[74.19487,20.38716],[74.19457,20.38708],[74.19429,20.38701],[74.194,20.38692],[74.19374,20.38682],[74.19355,20.3867],[74.19337,20.38657],[74.19355,20.3867],[74.19374,20.38682],[74.194,20.38692],[74.19429,20.38701],[74.19457,20.38708],[74.19487,20.38716],[74.19517,20.38724],[74.19554,20.38728],[74.19582,20.38734],[74.19626,20.38746],[74.19653,20.38752],[74.19681,20.38755],[74.19713,20.38763],[74.19738,20.38771],[74.19757,20.38775],[74.19786,20.38777],[74.19824,20.38784],[74.19874,20.38792],[74.19895,20.388],[74.19922,20.38803],[74.19925,20.38794],[74.19908,20.38779],[74.19889,20.38772],[74.19868,20.38759],[74.19876,20.38749],[74.199,20.38755],[74.19927,20.38762],[74.19946,20.38767],[74.19977,20.38772],[74.20003,20.38774],[74.2002,20.38775],[74.20046,20.38779],[74.20074,20.38784],[74.20115,20.38798],[74.20137,20.38807],[74.2015,20.38812],[74.20177,20.38819],[74.20196,20.38824],[74.20219,20.3883],[74.20252,20.38836],[74.20283,20.38841],[74.20308,20.38846],[74.20328,20.38847],[74.20343,20.3884],[74.2036,20.38831],[74.20377,20.38825],[74.20393,20.38823],[74.2042,20.38826],[74.20435,20.38819],[74.20441,20.38807],[74.20443,20.38791],[74.20444,20.38772],[74.20456,20.38767],[74.20471,20.38759],[74.20473,20.38743],[74.20495,20.3873],[74.20511,20.3873],[74.20531,20.38719],[74.2055,20.38722],[74.20572,20.38717],[74.20593,20.38707],[74.20608,20.38692],[74.20618,20.38679],[74.20634,20.38657],[74.20643,20.38646],[74.20658,20.38632],[74.2067,20.3861],[74.20682,20.38595],[74.20694,20.38578],[74.20706,20.38568],[74.20715,20.38551],[74.2072,20.38535],[74.2072,20.38519],[74.20731,20.38509],[74.20753,20.38513],[74.2075,20.38494],[74.20735,20.38482],[74.20712,20.38478],[74.20692,20.38475],[74.20691,20.38469],[74.20717,20.38443],[74.20758,20.38435],[74.20767,20.38424],[74.2077,20.38407],[74.20758,20.38391],[74.20754,20.38375],[74.20734,20.38363],[74.20717,20.38357],[74.20693,20.38357],[74.20665,20.38364],[74.20637,20.38379],[74.2061,20.38394],[74.20586,20.38403],[74.20553,20.38408],[74.20532,20.38416],[74.20515,20.38427],[74.20495,20.38431],[74.20468,20.38418],[74.20441,20.38411],[74.20418,20.38397],[74.20403,20.38376],[74.20406,20.38354],[74.2042,20.38333],[74.20446,20.38338],[74.20477,20.3834],[74.20494,20.38334],[74.20523,20.38315],[74.20546,20.38295],[74.2056,20.38275],[74.20569,20.38261],[74.2058,20.3825],[74.20605,20.3824],[74.20613,20.3823],[74.20629,20.38215],[74.20636,20.38202],[74.20643,20.38183],[74.20646,20.38166],[74.2065,20.38156],[74.20663,20.38147],[74.20681,20.38145],[74.20698,20.38139],[74.20719,20.38131],[74.20753,20.38112],[74.20771,20.38102],[74.20802,20.38092],[74.20827,20.38092],[74.20873,20.38089],[74.20898,20.38092],[74.20925,20.381],[74.20969,20.38111],[74.2101,20.38122],[74.21069,20.38137],[74.21138,20.38154],[74.21192,20.38167],[74.21231,20.38175],[74.2128,20.38196],[74.21322,20.38217],[74.21362,20.3823],[74.21399,20.38241],[74.21413,20.38243],[74.21433,20.38243],[74.21461,20.38233],[74.21503,20.38215],[74.21546,20.38201],[74.21567,20.38189],[74.21581,20.38173],[74.21592,20.38146],[74.21592,20.38144],[74.21602,20.38115],[74.216,20.38098],[74.21584,20.38076],[74.21569,20.38048],[74.21561,20.38017],[74.21561,20.37986],[74.21559,20.37957],[74.21567,20.3792],[74.21567,20.37878],[74.21575,20.37837],[74.21575,20.37778],[74.2158,20.37733],[74.21585,20.37709],[74.21583,20.37684],[74.21578,20.37664],[74.21588,20.37646],[74.21604,20.37628],[74.21606,20.37613],[74.21599,20.37591],[74.216,20.37579],[74.21625,20.37581],[74.2164,20.37589],[74.21627,20.37563],[74.21609,20.37542],[74.2159,20.37519],[74.21567,20.37505],[74.21539,20.37501],[74.21504,20.37492],[74.21481,20.37489],[74.21459,20.37484],[74.21435,20.37473],[74.21431,20.37458],[74.2144,20.37445],[74.21435,20.37427],[74.21413,20.37419],[74.21389,20.37411],[74.21363,20.37401],[74.21331,20.37386],[74.21336,20.37373],[74.21367,20.3735],[74.21396,20.37341],[74.21412,20.37316],[74.21417,20.37294],[74.21424,20.37266],[74.21439,20.37246],[74.21462,20.3723],[74.21511,20.37232],[74.21539,20.3724],[74.21596,20.37242],[74.21645,20.37236],[74.21672,20.37221],[74.21693,20.37192],[74.21713,20.37178],[74.21739,20.37164],[74.21747,20.37132],[74.21749,20.37091],[74.21755,20.37053],[74.21753,20.37018],[74.21762,20.36983],[74.21757,20.36945],[74.21779,20.3691],[74.21786,20.36878],[74.21793,20.36853],[74.21798,20.36832],[74.21802,20.36807],[74.21804,20.368],[74.21783,20.36798],[74.21772,20.36808],[74.21745,20.36824],[74.21728,20.36846],[74.21715,20.36857],[74.21698,20.36861],[74.21672,20.36867],[74.21644,20.36867],[74.21606,20.36866],[74.2158,20.36859],[74.21546,20.36835],[74.21515,20.36804],[74.21516,20.36787],[74.21512,20.36771],[74.21495,20.36758],[74.21476,20.3673],[74.21468,20.36698],[74.21455,20.36676],[74.21429,20.36641],[74.21384,20.36615],[74.21353,20.36591],[74.21328,20.36571],[74.21293,20.36542],[74.21285,20.36535],[74.21258,20.36509],[74.2124,20.36477],[74.21206,20.36439],[74.21182,20.36413],[74.21146,20.36394],[74.2109,20.36358],[74.2106,20.3632],[74.21032,20.36284],[74.2099,20.36273],[74.21032,20.36284],[74.2106,20.3632],[74.2109,20.36358],[74.21146,20.36394],[74.21182,20.36413],[74.21206,20.36439],[74.2124,20.36477],[74.21258,20.36509],[74.21285,20.36535],[74.21293,20.36542],[74.21328,20.36571],[74.21353,20.36591],[74.21384,20.36615],[74.21429,20.36641],[74.21455,20.36676],[74.21468,20.36698],[74.21476,20.3673],[74.21495,20.36758],[74.21512,20.36771],[74.21516,20.36787],[74.21515,20.36804],[74.21546,20.36835],[74.2158,20.36859],[74.21606,20.36866],[74.21644,20.36867],[74.21672,20.36867],[74.21698,20.36861],[74.21715,20.36857],[74.21728,20.36846],[74.21745,20.36824],[74.21772,20.36808],[74.21783,20.36798],[74.21804,20.368],[74.21847,20.36787],[74.2188,20.36775],[74.21917,20.3678],[74.21947,20.36782],[74.21977,20.36789],[74.22,20.36794],[74.22024,20.36792],[74.22062,20.36776],[74.22088,20.36768],[74.2213,20.36772],[74.22181,20.36785],[74.22226,20.36799],[74.22268,20.368],[74.22312,20.36797],[74.22368,20.36797],[74.22414,20.36801],[74.22462,20.36808],[74.2251,20.36822],[74.22567,20.36835],[74.22624,20.36843],[74.22692,20.36866],[74.22714,20.36866],[74.22759,20.36872],[74.22814,20.36868],[74.22861,20.36874],[74.22884,20.36884],[74.22908,20.36902],[74.22918,20.36916],[74.22935,20.36927],[74.2295,20.36935],[74.22973,20.3693],[74.22988,20.36921],[74.23041,20.36919],[74.23083,20.36919],[74.23124,20.3692],[74.23162,20.36914],[74.23186,20.36901],[74.23236,20.3688],[74.23278,20.36859],[74.23355,20.36822],[74.23408,20.36805],[74.2346,20.3678],[74.23504,20.36757],[74.2358,20.36717],[74.23656,20.36684],[74.23719,20.36659],[74.23752,20.36652],[74.23781,20.36649],[74.23821,20.36645],[74.23882,20.3664],[74.23951,20.36629],[74.24007,20.36615],[74.24036,20.36592],[74.24065,20.36566],[74.24089,20.36542],[74.24121,20.36522],[74.24155,20.36489],[74.24181,20.36451],[74.24201,20.36414],[74.24219,20.36373],[74.24229,20.36363],[74.24259,20.36359],[74.24278,20.36347],[74.24298,20.36353],[74.24322,20.36358],[74.24365,20.36358],[74.24404,20.36351],[74.24419,20.3634],[74.24448,20.36331],[74.24472,20.36333],[74.24488,20.36321],[74.245,20.36291],[74.2451,20.36284],[74.24519,20.3629],[74.24562,20.3629],[74.24584,20.36289],[74.24602,20.36299],[74.24615,20.36308]]]},"properties":{"id":"trail_r15026953","type":"trail","name":"Indrai - Rajdher - Koldher","name_local":null,"category":"regional hiking route","source":"openstreetmap","source_id":"relation/15026953","updated_at":"2023-03-03T05:16:14Z","tags":{"network":"rwn"}}},{"type":"Feature","geometry":{"type":"MultiLineString","coordinates":[[[74.10298,20.37531],[74.10269,20.37529],[74.10235,20.37498],[74.10186,20.37509],[74.1016,20.37503],[74.10108,20.37525],[74.10082,20.37577],[74.10062,20.37595],[74.10015,20.3761],[74.10004,20.37593],[74.09986,20.37565],[74.09929,20.37544],[74.09886,20.37526],[74.09846,20.37498],[74.09774,20.37485],[74.09712,20.37459],[74.09645,20.37438],[74.09599,20.37419],[74.09516,20.37419],[74.09463,20.3742],[74.09422,20.37443],[74.09374,20.37465],[74.09341,20.37505],[74.09305,20.37545],[74.09291,20.3758],[74.09257,20.37585],[74.09228,20.37577],[74.09166,20.37556],[74.09139,20.3754],[74.09101,20.37527],[74.09051,20.37525],[74.08981,20.37531],[74.08943,20.37533],[74.0885,20.37562],[74.08769,20.37599],[74.08733,20.37632],[74.08698,20.37668],[74.08641,20.37708],[74.08595,20.37755],[74.08572,20.37794],[74.08541,20.3785],[74.08521,20.37917],[74.08526,20.37948],[74.08556,20.38004],[74.08548,20.3803],[74.08465,20.38032],[74.08413,20.38031],[74.08352,20.38053],[74.08296,20.3807],[74.08248,20.38101],[74.08213,20.38133],[74.0818,20.38175],[74.08085,20.38198],[74.08028,20.38205],[74.07963,20.38202],[74.07898,20.38186],[74.07844,20.38168],[74.078,20.38165],[74.07745,20.38159],[74.07653,20.38138],[74.07585,20.38133],[74.07491,20.38123],[74.07445,20.38097],[74.07408,20.38067],[74.0738,20.3803],[74.07314,20.38022],[74.07256,20.38026],[74.07216,20.38025],[74.07144,20.38006],[74.07051,20.37996],[74.06968,20.37977],[74.06917,20.37965],[74.06855,20.3794],[74.0681,20.37938],[74.06766,20.37954],[74.06736,20.3797],[74.0671,20.3799],[74.06672,20.38011],[74.06636,20.38028],[74.06622,20.38041],[74.066,20.38041],[74.06579,20.38048],[74.06552,20.38031],[74.06536,20.38047],[74.06506,20.38054],[74.06488,20.38044],[74.06456,20.38032],[74.0644,20.38035],[74.06392,20.38079],[74.06355,20.38093],[74.06283,20.38084],[74.06248,20.38071],[74.06222,20.38044],[74.06162,20.37999],[74.0612,20.37975],[74.06077,20.37952],[74.06033,20.3793],[74.0597,20.37926],[74.05922,20.37936],[74.05848,20.37958],[74.05768,20.37974],[74.05683,20.37994],[74.05647,20.3798],[74.05592,20.37986],[74.05551,20.38008],[74.05522,20.38039],[74.0549,20.38063],[74.05455,20.3808],[74.05413,20.38102],[74.05376,20.38114],[74.05334,20.38134],[74.05311,20.38162],[74.05265,20.38191],[74.05214,20.38204],[74.05186,20.38234],[74.05167,20.38249],[74.05127,20.38265],[74.05111,20.38296],[74.05077,20.38333],[74.05029,20.38346],[74.04976,20.38354],[74.04928,20.38338],[74.04895,20.38322],[74.04826,20.38331],[74.04799,20.38364],[74.04762,20.38394],[74.04689,20.38421],[74.04624,20.38441],[74.04558,20.38461],[74.04508,20.38467],[74.04478,20.38462],[74.04409,20.3846],[74.04338,20.38455],[74.0427,20.38433],[74.04233,20.38392],[74.04209,20.38345],[74.04194,20.38321],[74.04161,20.38322],[74.04112,20.38334],[74.04082,20.3833],[74.04055,20.38331],[74.04018,20.38347],[74.03996,20.38373],[74.03901,20.38383],[74.0384,20.38386],[74.03796,20.3839],[74.03748,20.3842],[74.03703,20.38434],[74.03682,20.38434],[74.03625,20.38428],[74.03595,20.38399],[74.03549,20.38351],[74.03499,20.38302],[74.03464,20.38263],[74.03416,20.38231],[74.03381,20.38232],[74.03353,20.3823],[74.03326,20.38252],[74.0332,20.38301],[74.03312,20.38329],[74.03304,20.38335],[74.03287,20.38338],[74.03272,20.38336],[74.03264,20.38365],[74.03268,20.38379],[74.03243,20.38382],[74.03222,20.38378],[74.03227,20.38412],[74.03261,20.38441],[74.03279,20.38454],[74.0329,20.3847],[74.03279,20.38495],[74.03257,20.38515],[74.03234,20.38525],[74.03216,20.38526],[74.03225,20.38494],[74.03227,20.38474],[74.03217,20.38449],[74.03188,20.38455],[74.0316,20.38447],[74.03135,20.38455],[74.03101,20.38461],[74.0307,20.38458],[74.03063,20.38454],[74.03032,20.38439],[74.02995,20.38419],[74.02954,20.38405],[74.02893,20.38384],[74.02846,20.38362],[74.02774,20.38324],[74.02717,20.38285],[74.02774,20.38324],[74.02846,20.38362],[74.02893,20.38384],[74.02954,20.38405],[74.02995,20.38419],[74.03032,20.38439],[74.03063,20.38454],[74.0307,20.38458],[74.03101,20.38461],[74.03135,20.38455],[74.0316,20.38447],[74.03188,20.38455],[74.03217,20.38449],[74.03227,20.38474],[74.03225,20.38494],[74.03216,20.38526],[74.03234,20.38525],[74.03257,20.38515],[74.03279,20.38495],[74.0329,20.3847],[74.03279,20.38454],[74.03261,20.38441],[74.03227,20.38412],[74.03222,20.38378],[74.03243,20.38382],[74.03268,20.38379],[74.03264,20.38365],[74.03272,20.38336],[74.03287,20.38338],[74.03304,20.38335],[74.03312,20.38329],[74.0332,20.38301],[74.03326,20.38252],[74.03353,20.3823],[74.03381,20.38232],[74.03416,20.38231],[74.03426,20.38206],[74.03414,20.38191],[74.034,20.38173],[74.03359,20.38143],[74.03282,20.38103],[74.03209,20.38082],[74.03134,20.38062],[74.0307,20.38043],[74.02989,20.38021],[74.02938,20.38],[74.02881,20.37976],[74.02837,20.37942],[74.02786,20.37895],[74.02753,20.37878],[74.02701,20.37862],[74.02613,20.37838],[74.02533,20.37816],[74.02447,20.37806],[74.02339,20.37794],[74.02255,20.3777],[74.02167,20.37762],[74.02066,20.3777],[74.01999,20.37802],[74.01958,20.3781],[74.01886,20.37837],[74.01853,20.37866],[74.01836,20.37836],[74.01806,20.37799],[74.0178,20.3777],[74.01776,20.37737],[74.01776,20.37732],[74.01752,20.3766],[74.01751,20.37579],[74.01766,20.37531],[74.01783,20.37476],[74.01793,20.37401],[74.01816,20.37342],[74.01847,20.3729],[74.01869,20.37234],[74.01872,20.37182],[74.01865,20.37109],[74.01833,20.37056],[74.01793,20.37006],[74.01721,20.36958],[74.01647,20.36917],[74.01547,20.36821],[74.0152,20.36791],[74.01468,20.36726],[74.01406,20.36694],[74.01294,20.36694],[74.0121,20.36688],[74.01121,20.36658],[74.01059,20.36636],[74.00981,20.3661],[74.00914,20.36595],[74.00857,20.36575],[74.00778,20.36557],[74.0072,20.36518],[74.00621,20.36506],[74.00497,20.36489],[74.00439,20.36487],[74.00285,20.36484],[74.00209,20.36483],[74.00122,20.36467],[74.00077,20.36474],[74.00005,20.36475],[73.9995,20.3645],[73.99908,20.36432],[73.99862,20.36445],[73.99801,20.36472],[73.99766,20.36498],[73.99689,20.36533],[73.99615,20.36546],[73.9958,20.36543],[73.99553,20.36511],[73.99534,20.36488],[73.99507,20.36465],[73.9948,20.36437],[73.99445,20.36413],[73.99404,20.36413],[73.99345,20.36397],[73.99326,20.36363],[73.99332,20.36333],[73.99338,20.36306],[73.99323,20.36272],[73.99305,20.36257],[73.99234,20.36232],[73.99191,20.36232],[73.99143,20.36234],[73.99094,20.36246],[73.99051,20.36252],[73.99013,20.36257],[73.98982,20.36267],[73.98936,20.36286],[73.98906,20.36297],[73.98878,20.36293],[73.98856,20.36283],[73.98823,20.36283],[73.98788,20.36277],[73.98755,20.36265],[73.98732,20.36251],[73.98687,20.3625],[73.98623,20.36235],[73.98587,20.36236],[73.9857,20.36255],[73.98546,20.36277],[73.98506,20.36293],[73.9847,20.36325],[73.98446,20.36356],[73.98407,20.36411],[73.98382,20.36423],[73.9834,20.36432],[73.98299,20.3644],[73.98282,20.36466],[73.98271,20.36502],[73.98239,20.36534],[73.98214,20.36545],[73.98155,20.36548],[73.98111,20.36553],[73.98059,20.36542],[73.98019,20.36542],[73.98001,20.36559],[73.97989,20.36576],[73.97952,20.36586],[73.97913,20.36597],[73.97904,20.36608],[73.97876,20.36626],[73.97834,20.36647],[73.97796,20.36657],[73.97759,20.36663],[73.97722,20.36669],[73.97697,20.36679],[73.97675,20.36693],[73.97659,20.36707],[73.97642,20.36723],[73.97623,20.3674],[73.9761,20.36759],[73.97606,20.36771],[73.97609,20.36792],[73.97606,20.36815],[73.97609,20.36864],[73.97619,20.36887],[73.9762,20.36913],[73.9762,20.36938],[73.97631,20.3696],[73.97626,20.36981],[73.9762,20.36998],[73.97607,20.37031],[73.97578,20.37043],[73.97543,20.37039],[73.97512,20.37023],[73.97474,20.36998],[73.97447,20.36942],[73.97425,20.36918],[73.9739,20.36916],[73.97355,20.36918],[73.97322,20.36908],[73.97296,20.36908],[73.97268,20.36901],[73.97234,20.36893],[73.9719,20.36893],[73.97133,20.36897],[73.971,20.36903],[73.97068,20.36903],[73.97034,20.36895],[73.96979,20.36893],[73.96935,20.369],[73.96901,20.36916],[73.96869,20.3694],[73.96823,20.36958],[73.96764,20.36979],[73.96724,20.36997],[73.96684,20.37016],[73.96635,20.37028],[73.96598,20.3703],[73.96545,20.37042],[73.96508,20.37059],[73.96465,20.37079],[73.96419,20.37105],[73.96385,20.37115],[73.96346,20.37122],[73.96339,20.37142],[73.96377,20.37158],[73.96427,20.37189],[73.96461,20.3721],[73.96537,20.3726],[73.96587,20.37292],[73.96657,20.37323],[73.96708,20.37367],[73.96751,20.37394],[73.96766,20.37413],[73.96807,20.37448],[73.96833,20.37472],[73.96864,20.37504],[73.96878,20.37524],[73.96905,20.37539],[73.96941,20.37548],[73.96971,20.37553],[73.9702,20.37564],[73.97042,20.37566],[73.97069,20.37557],[73.97078,20.37515],[73.97064,20.37504],[73.97049,20.37479],[73.97044,20.37452],[73.97061,20.37435],[73.97075,20.37422],[73.97066,20.37405],[73.97084,20.3738],[73.97095,20.37331],[73.97111,20.37276],[73.97118,20.37236],[73.97141,20.37236],[73.97118,20.37236],[73.97111,20.37276],[73.97095,20.37331],[73.97084,20.3738],[73.97066,20.37405],[73.97075,20.37422],[73.97061,20.37435],[73.97044,20.37452],[73.97049,20.37479],[73.97064,20.37504],[73.97078,20.37515],[73.97069,20.37557],[73.97042,20.37566],[73.9702,20.37564],[73.96971,20.37553],[73.96941,20.37548],[73.96905,20.37539],[73.96878,20.37524],[73.96864,20.37504],[73.96833,20.37472],[73.96807,20.37448],[73.96766,20.37413],[73.96751,20.37394],[73.96708,20.37367],[73.96657,20.37323],[73.96587,20.37292],[73.96537,20.3726],[73.96461,20.3721],[73.96427,20.37189],[73.96377,20.37158],[73.96339,20.37142],[73.96308,20.37136],[73.96262,20.37146],[73.96228,20.37158],[73.96186,20.37175],[73.96175,20.37205],[73.96161,20.37209],[73.9613,20.37208],[73.96107,20.37192],[73.96074,20.37181],[73.96058,20.37183],[73.9604,20.37206],[73.96029,20.3723],[73.96023,20.37254],[73.96,20.37275],[73.95969,20.37289],[73.95944,20.37297],[73.95928,20.37347],[73.95926,20.37381],[73.95942,20.37421],[73.95928,20.37438],[73.95892,20.37445],[73.95869,20.3745],[73.95858,20.37453],[73.95869,20.3745],[73.95892,20.37445],[73.95928,20.37438],[73.95942,20.37421],[73.95926,20.37381],[73.95928,20.37347],[73.95944,20.37297],[73.95969,20.37289],[73.96,20.37275],[73.96023,20.37254],[73.96029,20.3723],[73.9604,20.37206],[73.96058,20.37183],[73.96074,20.37181],[73.96107,20.37192],[73.9613,20.37208],[73.96161,20.37209],[73.96175,20.37205],[73.96186,20.37175],[73.9619,20.37145],[73.96152,20.37128],[73.96111,20.37113],[73.96084,20.37113],[73.95989,20.37134],[73.95953,20.37151],[73.9585,20.37202],[73.95782,20.37221],[73.95672,20.37241],[73.95613,20.37265],[73.95559,20.37285],[73.95481,20.37314],[73.95435,20.37318],[73.95383,20.37328],[73.95308,20.37341],[73.95262,20.37348],[73.95179,20.37354],[73.95111,20.37366],[73.95042,20.37386],[73.95014,20.37398],[73.94969,20.37429],[73.9493,20.37444],[73.94866,20.37447],[73.94812,20.37436],[73.9477,20.37432],[73.94712,20.37432],[73.94668,20.3745],[73.94605,20.37475],[73.94565,20.37492],[73.94519,20.37512],[73.9449,20.37529],[73.94476,20.37548],[73.94432,20.37583],[73.94392,20.3759],[73.94329,20.37599],[73.94298,20.37613],[73.94263,20.37647],[73.94237,20.37672],[73.94223,20.37709],[73.94201,20.37717],[73.94167,20.37712],[73.94146,20.37695],[73.94135,20.37661],[73.94124,20.37633],[73.94101,20.37613],[73.94084,20.37613],[73.94052,20.37615],[73.94033,20.37619],[73.93979,20.37636],[73.93963,20.37644],[73.93919,20.37662],[73.93872,20.37673],[73.9382,20.37687],[73.93777,20.377],[73.93732,20.37704],[73.93688,20.37709],[73.93644,20.37727],[73.93635,20.37748]],[[73.93619,20.37732],[73.93579,20.37749],[73.93564,20.37731],[73.93535,20.37713],[73.93496,20.37701],[73.93467,20.37694],[73.93436,20.37707],[73.93417,20.37715],[73.93348,20.37715],[73.93314,20.37712],[73.93281,20.37718],[73.93255,20.37732],[73.93223,20.37755],[73.93192,20.37791],[73.93168,20.37823],[73.93151,20.37867],[73.93116,20.37923],[73.93083,20.37953],[73.93068,20.38016],[73.93059,20.38062],[73.93042,20.38119],[73.93042,20.38161],[73.93005,20.38226],[73.92987,20.38284],[73.92983,20.38347],[73.92964,20.38399],[73.92958,20.38445],[73.92957,20.38482],[73.92937,20.38502],[73.92917,20.38503],[73.92878,20.38513],[73.92831,20.38524],[73.92816,20.38513],[73.92779,20.3854],[73.92771,20.38524],[73.9278,20.38506],[73.92795,20.38474],[73.92772,20.38492],[73.92758,20.38506],[73.92735,20.38505],[73.92715,20.38502],[73.92718,20.38489],[73.92726,20.38474],[73.92722,20.38454],[73.92712,20.38444],[73.92703,20.38438],[73.927,20.38422],[73.92694,20.38419],[73.92667,20.38432],[73.92657,20.38449],[73.92632,20.3847],[73.9261,20.38482],[73.92589,20.38497],[73.92573,20.38497],[73.92544,20.38491],[73.92518,20.38484],[73.92544,20.38491],[73.92573,20.38497],[73.92589,20.38497],[73.9261,20.38482],[73.92632,20.3847],[73.92657,20.38449],[73.92667,20.38432],[73.92694,20.38419],[73.927,20.38422],[73.92703,20.38438],[73.92712,20.38444],[73.92722,20.38454],[73.92726,20.38474],[73.92718,20.38489],[73.92715,20.38502],[73.92735,20.38505],[73.92758,20.38506],[73.92772,20.38492],[73.92795,20.38474],[73.9278,20.38506],[73.92771,20.38524],[73.92779,20.3854],[73.92816,20.38513],[73.92831,20.38524],[73.92878,20.38513],[73.92917,20.38503],[73.92937,20.38502],[73.92959,20.38528],[73.9298,20.38587],[73.92974,20.38619],[73.92948,20.3864],[73.92919,20.38678],[73.92882,20.38695],[73.9285,20.387],[73.92797,20.38694],[73.92737,20.38692],[73.92725,20.38695],[73.92672,20.38709],[73.92636,20.38712],[73.92627,20.38716],[73.92582,20.38735],[73.92547,20.38732],[73.92537,20.3871],[73.92524,20.38689],[73.92512,20.3869],[73.92485,20.38717],[73.92454,20.38741],[73.92412,20.38748],[73.92359,20.38748],[73.92323,20.38743],[73.92287,20.38718],[73.92242,20.38714],[73.92201,20.38706],[73.92161,20.38694],[73.92113,20.38687],[73.92073,20.38678],[73.92044,20.38666],[73.92033,20.38651],[73.92021,20.38638],[73.92004,20.38637],[73.91985,20.38636],[73.91973,20.38632],[73.91959,20.38631],[73.91946,20.38634],[73.91938,20.38647],[73.91929,20.38658],[73.91923,20.38658],[73.91906,20.38656],[73.91879,20.38658],[73.91872,20.38659],[73.91859,20.3866],[73.91855,20.38665],[73.91852,20.38672],[73.91848,20.38685],[73.91845,20.38692],[73.91834,20.38698],[73.91827,20.38696],[73.91819,20.38692],[73.91813,20.38688],[73.91807,20.38682],[73.91802,20.38678],[73.91786,20.38675],[73.91773,20.38675],[73.91754,20.38677],[73.91739,20.38679],[73.91725,20.38677],[73.91707,20.38677],[73.91671,20.38679],[73.91646,20.38676],[73.91619,20.38689],[73.91604,20.38689],[73.91585,20.38692],[73.91565,20.38693],[73.91544,20.38692],[73.9153,20.38692],[73.91513,20.38692],[73.91499,20.38691],[73.91483,20.38689],[73.91464,20.38684],[73.91447,20.38689],[73.91426,20.38693],[73.91399,20.38701],[73.91362,20.38696],[73.91343,20.38703],[73.91299,20.38729],[73.91252,20.38765],[73.9121,20.38778],[73.91178,20.38763],[73.91137,20.38735]]]},"properties":{"id":"trail_r15026991","type":"trail","name":"Dhodap Rawlya Jawlya Markandeya","name_local":null,"category":"regional hiking route","source":"openstreetmap","source_id":"relation/15026991","updated_at":"2023-03-06T14:32:38Z","tags":{"network":"rwn"}}},{"type":"Feature","geometry":{"type":"MultiLineString","coordinates":[[[73.97375,20.42418],[73.97379,20.42404],[73.97393,20.42387],[73.9741,20.42378],[73.97419,20.4236],[73.97413,20.42339],[73.9742,20.42324],[73.97411,20.4231],[73.9741,20.42287],[73.97395,20.42275],[73.97374,20.42268],[73.97354,20.4226],[73.97341,20.42253],[73.97328,20.42234],[73.97322,20.42215],[73.97326,20.42196],[73.9732,20.42179],[73.97326,20.42166],[73.97335,20.42157],[73.97342,20.42149],[73.97337,20.42142],[73.97325,20.42145],[73.97311,20.42142],[73.97298,20.42134],[73.97288,20.42132],[73.97286,20.4212],[73.9727,20.42116],[73.97244,20.42117],[73.97233,20.42114],[73.9724,20.42099],[73.97226,20.42101],[73.97223,20.42081],[73.97218,20.42073],[73.97206,20.42071],[73.97196,20.42079],[73.9718,20.4207],[73.9716,20.42069],[73.97146,20.42056],[73.97131,20.42058],[73.97113,20.42058],[73.97112,20.42047],[73.97107,20.42039],[73.97102,20.42028],[73.97097,20.42018],[73.97082,20.42011],[73.97074,20.41999],[73.97061,20.41994],[73.97044,20.41993],[73.9703,20.41978],[73.97018,20.41959],[73.97001,20.41939],[73.96984,20.41894],[73.96963,20.41872],[73.96949,20.41851],[73.96933,20.41822],[73.96942,20.41787],[73.96942,20.41743],[73.96938,20.41711],[73.96921,20.41669],[73.96902,20.41648],[73.96874,20.41625],[73.96839,20.41615],[73.968,20.41605],[73.96765,20.41612],[73.96734,20.41617],[73.96685,20.41615],[73.96633,20.41608],[73.96601,20.416],[73.96556,20.41596]]]},"properties":{"id":"trail_r15551576","type":"trail","name":"Kanhergad Fort","name_local":null,"category":"regional hiking route","source":"openstreetmap","source_id":"relation/15551576","updated_at":"2023-03-15T08:34:01Z","tags":{"network":"rwn"}}},{"type":"Feature","geometry":{"type":"MultiLineString","coordinates":[[[73.89361,20.36097],[73.89392,20.36149],[73.89412,20.36178],[73.8942,20.36217],[73.89464,20.36253],[73.89511,20.36296],[73.89541,20.36356],[73.89594,20.36441],[73.89652,20.36451],[73.89692,20.36456],[73.89738,20.36446],[73.89773,20.36463],[73.89813,20.36477],[73.89845,20.365],[73.89883,20.36579],[73.89914,20.36659],[73.89921,20.36715],[73.89928,20.36789],[73.89948,20.369],[73.89957,20.37008],[73.89948,20.37099],[73.89953,20.37162],[73.89953,20.37195],[73.89995,20.37235],[73.90024,20.37268],[73.90069,20.37347],[73.9009,20.3739],[73.90112,20.37427],[73.90138,20.37463],[73.90149,20.37489],[73.90172,20.3751],[73.90182,20.37531],[73.90184,20.37569],[73.90178,20.37656],[73.90178,20.37712],[73.90176,20.37758],[73.90176,20.37792],[73.90197,20.37833],[73.90207,20.37859],[73.90218,20.37889],[73.90225,20.37909],[73.9024,20.37931],[73.90256,20.37955],[73.9026,20.37975],[73.90273,20.37991],[73.90272,20.38006],[73.90277,20.38027],[73.90275,20.38039],[73.90278,20.38045],[73.90284,20.38041],[73.90287,20.38051],[73.90288,20.38069],[73.90289,20.38077],[73.90295,20.38085],[73.90302,20.38085],[73.90304,20.381],[73.903,20.38109],[73.90299,20.38122],[73.90335,20.38131],[73.90356,20.3813],[73.90379,20.38139],[73.90409,20.3814],[73.90428,20.38132],[73.90455,20.38127],[73.90469,20.38125],[73.90488,20.38129],[73.90498,20.38133],[73.9054,20.38144],[73.90578,20.3816],[73.90609,20.38171],[73.90635,20.38192],[73.90666,20.38216],[73.90689,20.38246],[73.90714,20.38275],[73.9074,20.383],[73.90758,20.38323],[73.90796,20.38335],[73.90832,20.38337],[73.90863,20.38344],[73.90893,20.38357],[73.90935,20.38377],[73.91015,20.38425],[73.9107,20.38456],[73.91143,20.38488],[73.91168,20.38519],[73.91189,20.38539],[73.91175,20.38562],[73.91169,20.38608],[73.91169,20.38646],[73.91166,20.38668],[73.9116,20.3869],[73.91137,20.38735],[73.91138,20.38761],[73.91162,20.3878],[73.9116,20.38816],[73.91146,20.38832],[73.91089,20.38833],[73.91017,20.38802]],[[73.91,20.38831],[73.90966,20.38836],[73.90951,20.38856],[73.90931,20.38882],[73.90918,20.38914],[73.90911,20.38944],[73.90894,20.38981],[73.90875,20.39006],[73.90883,20.39046],[73.90884,20.3905],[73.90887,20.39056],[73.90881,20.39111],[73.90877,20.39151],[73.90874,20.39172]],[[73.90874,20.39175],[73.90862,20.39173],[73.90855,20.39167],[73.90855,20.39159],[73.90851,20.39149],[73.90844,20.3914],[73.90837,20.39127],[73.90833,20.39112],[73.9083,20.39096],[73.90829,20.39077],[73.90823,20.39067],[73.90808,20.39072],[73.90793,20.39078],[73.90783,20.39076],[73.90771,20.39082],[73.90756,20.39079],[73.90751,20.39074],[73.90743,20.39068],[73.90725,20.39068],[73.90714,20.39067],[73.90708,20.39072],[73.90719,20.39073],[73.90711,20.39081],[73.90704,20.39087],[73.90698,20.39097],[73.90703,20.39104],[73.90698,20.39114],[73.90701,20.39119],[73.90696,20.3913],[73.90688,20.39137],[73.90681,20.39144],[73.90673,20.39152],[73.90679,20.39155],[73.90689,20.39153]],[[73.90688,20.39137],[73.9069,20.39131],[73.90686,20.39121],[73.90689,20.39119],[73.90692,20.39113],[73.90686,20.3911],[73.90675,20.39109],[73.90679,20.39102],[73.90679,20.39096],[73.90676,20.39094],[73.90677,20.39087],[73.90679,20.39083],[73.90686,20.39077],[73.90691,20.39068],[73.90694,20.39059],[73.90692,20.39051],[73.90688,20.39041],[73.90701,20.39043],[73.90708,20.39043],[73.90701,20.39037],[73.90709,20.39035],[73.90716,20.39038],[73.90722,20.39037],[73.90729,20.39042],[73.90733,20.39041],[73.90739,20.39036],[73.90745,20.39034],[73.90753,20.3903],[73.90759,20.39023],[73.90769,20.39025],[73.90778,20.39025],[73.90781,20.3903],[73.90787,20.39037],[73.90783,20.39045],[73.9078,20.39052],[73.90775,20.39057],[73.9077,20.39066],[73.90781,20.39067],[73.90783,20.39076]]]},"properties":{"id":"trail_r15551577","type":"trail","name":"Saptashurngi","name_local":null,"category":"regional hiking route","source":"openstreetmap","source_id":"relation/15551577","updated_at":"2023-03-06T14:32:38Z","tags":{"network":"rwn"}}},{"type":"Feature","geometry":{"type":"MultiLineString","coordinates":[[[74.03416,20.38231],[74.03381,20.38232],[74.03353,20.3823],[74.03326,20.38252],[74.0332,20.38301],[74.03312,20.38329],[74.03304,20.38335],[74.03287,20.38338],[74.03272,20.38336],[74.03264,20.38365],[74.03268,20.38379],[74.03243,20.38382],[74.03222,20.38378],[74.03227,20.38412],[74.03261,20.38441],[74.03279,20.38454],[74.0329,20.3847],[74.03279,20.38495],[74.03257,20.38515],[74.03234,20.38525],[74.03216,20.38526],[74.03225,20.38494],[74.03227,20.38474],[74.03217,20.38449],[74.03188,20.38455],[74.0316,20.38447],[74.03135,20.38455],[74.03101,20.38461],[74.0307,20.38458],[74.03063,20.38454],[74.03032,20.38439],[74.02995,20.38419],[74.02954,20.38405],[74.02893,20.38384],[74.02846,20.38362],[74.02774,20.38324],[74.02717,20.38285],[74.02774,20.38324],[74.02846,20.38362],[74.02893,20.38384],[74.02954,20.38405],[74.02995,20.38419],[74.03032,20.38439],[74.03063,20.38454],[74.0307,20.38458],[74.03101,20.38461],[74.03135,20.38455],[74.0316,20.38447],[74.03188,20.38455],[74.03217,20.38449],[74.03227,20.38474],[74.03225,20.38494],[74.03216,20.38526],[74.03234,20.38525],[74.03257,20.38515],[74.03279,20.38495],[74.0329,20.3847],[74.03279,20.38454],[74.03261,20.38441],[74.03227,20.38412],[74.03222,20.38378],[74.03243,20.38382],[74.03268,20.38379],[74.03264,20.38365],[74.03272,20.38336],[74.03287,20.38338],[74.03304,20.38335],[74.03312,20.38329],[74.0332,20.38301],[74.03326,20.38252],[74.03353,20.3823],[74.03381,20.38232],[74.03416,20.38231],[74.03426,20.38206],[74.03414,20.38191],[74.034,20.38173],[74.03359,20.38143],[74.03282,20.38103],[74.03209,20.38082],[74.03134,20.38062],[74.0307,20.38043],[74.02989,20.38021],[74.02938,20.38],[74.02881,20.37976],[74.02837,20.37942],[74.02786,20.37895],[74.02753,20.37878],[74.02701,20.37862],[74.02613,20.37838],[74.02533,20.37816],[74.02447,20.37806],[74.02339,20.37794],[74.02255,20.3777],[74.02167,20.37762],[74.02066,20.3777],[74.01999,20.37802],[74.01958,20.3781],[74.01886,20.37837],[74.01853,20.37866],[74.01836,20.37836],[74.01806,20.37799],[74.0178,20.3777],[74.01776,20.37737],[74.0179,20.37729],[74.01797,20.37722],[74.01798,20.37713],[74.01803,20.37704],[74.01811,20.37709],[74.01818,20.37718],[74.01821,20.37713],[74.01821,20.37708],[74.01814,20.377],[74.01821,20.37699],[74.0183,20.37701],[74.01837,20.37703],[74.0184,20.37696],[74.01842,20.37688],[74.01842,20.37684],[74.01839,20.37679],[74.01845,20.37675],[74.0185,20.37683],[74.01854,20.37687],[74.01867,20.3769],[74.01874,20.37692],[74.01884,20.37688],[74.01892,20.37685],[74.019,20.37678],[74.01911,20.37672],[74.01919,20.37665],[74.01927,20.37657],[74.01937,20.37656],[74.01936,20.37646],[74.01935,20.37642],[74.01929,20.37634],[74.01926,20.37626],[74.0193,20.37615],[74.01938,20.37606],[74.01942,20.376],[74.01946,20.37591],[74.01952,20.37583],[74.01961,20.37579],[74.01968,20.37573],[74.01972,20.37571],[74.01984,20.37573],[74.01989,20.37576],[74.01996,20.37573],[74.02005,20.37565],[74.02012,20.37565],[74.02016,20.37559],[74.02015,20.3755],[74.02017,20.37543],[74.02029,20.37536],[74.02034,20.37534],[74.02042,20.37526],[74.02052,20.37515],[74.02063,20.37504],[74.02067,20.37494],[74.02079,20.37489],[74.02095,20.37476],[74.02103,20.37467],[74.0212,20.37451],[74.02137,20.3744],[74.02142,20.37431],[74.02153,20.37424],[74.02162,20.37414],[74.02173,20.37403],[74.02186,20.37397],[74.02205,20.3738],[74.02218,20.37352],[74.02217,20.37338],[74.02226,20.37318],[74.02237,20.373],[74.02246,20.37278],[74.02258,20.37266],[74.02259,20.37245],[74.02281,20.37225],[74.02297,20.37207],[74.02298,20.37183],[74.02292,20.37166],[74.02295,20.37146],[74.02305,20.37126],[74.02309,20.37103],[74.02322,20.37087],[74.0233,20.37074],[74.02331,20.3704],[74.02327,20.37022],[74.02328,20.37006],[74.02313,20.3699],[74.02306,20.3696],[74.02308,20.36945],[74.02314,20.36914],[74.02329,20.36877],[74.02349,20.36853],[74.02372,20.36829],[74.02386,20.36809],[74.02404,20.36786],[74.02426,20.36766],[74.02444,20.36747],[74.02471,20.36731],[74.02496,20.36719],[74.02502,20.36705],[74.02509,20.36682],[74.02528,20.3667],[74.02548,20.3666],[74.02554,20.36653],[74.02556,20.36635],[74.02563,20.36625]],[[74.03574,20.36628],[74.03602,20.36667],[74.03619,20.36719],[74.03623,20.3676],[74.03664,20.36802],[74.03653,20.36841],[74.03674,20.36883],[74.03656,20.36933],[74.03648,20.3697],[74.0365,20.37005],[74.03652,20.37035],[74.03652,20.37086],[74.03656,20.371],[74.03654,20.37119],[74.03643,20.37138],[74.03631,20.3716],[74.03626,20.37176],[74.03612,20.37197],[74.03606,20.37216],[74.036,20.37226],[74.03601,20.37255],[74.03593,20.37272],[74.03584,20.37295],[74.03584,20.37323],[74.03585,20.37354],[74.03566,20.37376],[74.03595,20.37425],[74.03601,20.37478],[74.03591,20.37544],[74.03587,20.37608],[74.03567,20.37664],[74.03546,20.37709],[74.0354,20.3772],[74.03552,20.37763],[74.03552,20.37798],[74.03559,20.37821],[74.03549,20.37848],[74.03544,20.37871],[74.03518,20.37898],[74.03529,20.37926],[74.03541,20.37945],[74.03518,20.37983],[74.03532,20.37998],[74.03535,20.38043],[74.0351,20.38055],[74.03469,20.38065],[74.03449,20.38067],[74.03454,20.38077],[74.03457,20.38088],[74.03459,20.38094],[74.03449,20.38099],[74.03445,20.38105],[74.03452,20.38109],[74.03451,20.38113],[74.03436,20.38117],[74.03443,20.38126],[74.03443,20.3813],[74.03433,20.38132],[74.03436,20.38148],[74.03435,20.38152],[74.0343,20.38157],[74.03424,20.3817],[74.03424,20.38178],[74.03414,20.38191]]]},"properties":{"id":"trail_r15551578","type":"trail","name":"Dhodap Fort","name_local":null,"category":"regional hiking route","source":"openstreetmap","source_id":"relation/15551578","updated_at":"2023-03-03T04:54:57Z","tags":{"network":"rwn"}}},{"type":"Feature","geometry":{"type":"MultiLineString","coordinates":[[[73.96339,20.37142],[73.96308,20.37136],[73.96262,20.37146],[73.96228,20.37158],[73.96186,20.37175],[73.96175,20.37205],[73.96161,20.37209],[73.9613,20.37208],[73.96107,20.37192],[73.96074,20.37181],[73.96058,20.37183],[73.9604,20.37206],[73.96029,20.3723],[73.96023,20.37254],[73.96,20.37275],[73.95969,20.37289],[73.95944,20.37297],[73.95928,20.37347],[73.95926,20.37381],[73.95942,20.37421],[73.95928,20.37438],[73.95892,20.37445],[73.95869,20.3745],[73.95858,20.37453],[73.95869,20.3745],[73.95892,20.37445],[73.95928,20.37438],[73.95942,20.37421],[73.95926,20.37381],[73.95928,20.37347],[73.95944,20.37297],[73.95969,20.37289],[73.96,20.37275],[73.96023,20.37254],[73.96029,20.3723],[73.9604,20.37206],[73.96058,20.37183],[73.96074,20.37181],[73.96107,20.37192],[73.9613,20.37208],[73.96161,20.37209],[73.96175,20.37205],[73.96186,20.37175],[73.96228,20.37158],[73.96262,20.37146],[73.96308,20.37136],[73.96339,20.37142],[73.96377,20.37158],[73.96427,20.37189],[73.96461,20.3721],[73.96537,20.3726],[73.96587,20.37292],[73.96657,20.37323],[73.96708,20.37367],[73.96751,20.37394],[73.96766,20.37413],[73.96807,20.37448],[73.96833,20.37472],[73.96864,20.37504],[73.96878,20.37524],[73.96905,20.37539],[73.96941,20.37548],[73.96971,20.37553],[73.9702,20.37564],[73.97042,20.37566],[73.97069,20.37557],[73.97078,20.37515],[73.97064,20.37504],[73.97049,20.37479],[73.97044,20.37452],[73.97061,20.37435],[73.97075,20.37422],[73.97066,20.37405],[73.97084,20.3738],[73.97095,20.37331],[73.97111,20.37276],[73.97118,20.37236],[73.97141,20.37236],[73.97118,20.37236],[73.97111,20.37276],[73.97095,20.37331],[73.97084,20.3738],[73.97066,20.37405],[73.97075,20.37422],[73.97061,20.37435],[73.97044,20.37452],[73.97049,20.37479],[73.97064,20.37504],[73.97078,20.37515],[73.97069,20.37557],[73.97042,20.37566],[73.97079,20.37572],[73.97105,20.37595],[73.97132,20.37621],[73.97146,20.37653],[73.97158,20.37692],[73.97174,20.37732],[73.97183,20.37751],[73.97202,20.37773],[73.97236,20.37789],[73.97264,20.378],[73.97293,20.37811],[73.97334,20.37835],[73.97373,20.37853],[73.97409,20.37869],[73.97448,20.37885],[73.97496,20.37888],[73.97507,20.37875],[73.97527,20.37845],[73.97543,20.37831],[73.97582,20.37821],[73.97608,20.37826],[73.97628,20.37849],[73.97641,20.37864],[73.97677,20.37882],[73.97711,20.37897],[73.97733,20.37907],[73.97759,20.3792],[73.97846,20.37945],[73.97878,20.37945],[73.97926,20.37941],[73.97947,20.37938],[73.9798,20.37925],[73.98,20.37919],[73.98031,20.37924],[73.98054,20.37936],[73.98093,20.37943],[73.98117,20.37946],[73.98162,20.37952],[73.982,20.37956],[73.98226,20.37956],[73.98256,20.37962],[73.98279,20.37965],[73.98305,20.3798],[73.98349,20.37985],[73.98376,20.3799],[73.98408,20.38006],[73.9842,20.38021],[73.98445,20.38027],[73.9847,20.3802]],[[73.95755,20.3878],[73.95756,20.38767],[73.95751,20.38759],[73.95749,20.38745],[73.95754,20.38738],[73.95763,20.38726],[73.95773,20.38713],[73.95789,20.38703],[73.95815,20.38701],[73.95837,20.38706],[73.9585,20.38706],[73.95844,20.38698],[73.95846,20.38678],[73.95866,20.3867],[73.95886,20.38668],[73.95897,20.3865],[73.95894,20.38628],[73.95889,20.38609],[73.95885,20.3858],[73.95875,20.38565],[73.95866,20.38544],[73.95869,20.38518],[73.95882,20.38506],[73.95897,20.385],[73.95931,20.38489],[73.95976,20.38473],[73.96011,20.3846],[73.96032,20.38424],[73.96049,20.38415],[73.96091,20.38413],[73.96103,20.38378],[73.96102,20.38355],[73.96128,20.3833],[73.96138,20.38316],[73.96136,20.38286],[73.96116,20.38255],[73.96096,20.38235],[73.96087,20.38218],[73.96094,20.38201],[73.96108,20.38194],[73.96118,20.38188],[73.96122,20.38174],[73.96116,20.38158],[73.96095,20.38141],[73.96073,20.38123],[73.96045,20.38095],[73.96037,20.38072],[73.96035,20.38054],[73.96032,20.38041],[73.96025,20.38022],[73.96018,20.37995],[73.96016,20.37974],[73.96023,20.37956],[73.96033,20.37934],[73.96045,20.37917],[73.96064,20.37893],[73.96081,20.37861],[73.96091,20.37839],[73.96097,20.37829],[73.96115,20.37807],[73.96131,20.3779],[73.9614,20.37776],[73.96158,20.37748],[73.96172,20.37714],[73.96187,20.37691],[73.96197,20.37676],[73.96205,20.37661],[73.96215,20.37634],[73.96219,20.37603],[73.96227,20.37585],[73.96234,20.37566],[73.96234,20.37541],[73.96234,20.37528],[73.96249,20.37506],[73.96269,20.37497],[73.96278,20.37479],[73.96279,20.3744],[73.96272,20.37408],[73.96269,20.3738],[73.96271,20.3736],[73.96279,20.37321],[73.96283,20.37275],[73.9629,20.37243],[73.96294,20.37198],[73.96306,20.37165],[73.96315,20.37154],[73.96308,20.37136]]]},"properties":{"id":"trail_r15551579","type":"trail","name":"Jawlya - Rawlya Fort","name_local":null,"category":"regional hiking route","source":"openstreetmap","source_id":"relation/15551579","updated_at":"2023-03-03T05:16:14Z","tags":{"network":"rwn"}}},{"type":"Feature","geometry":{"type":"MultiLineString","coordinates":[[[73.75365,20.53969],[73.75387,20.53992],[73.75404,20.54016],[73.75431,20.54062],[73.75458,20.54115],[73.75485,20.54155],[73.75519,20.54215],[73.75553,20.5425],[73.7559,20.54277],[73.75649,20.54287],[73.75676,20.54282],[73.75717,20.5428],[73.75753,20.54277],[73.75796,20.54261],[73.75862,20.54236],[73.75914,20.54206],[73.75971,20.54174],[73.76003,20.54158],[73.76035,20.54138],[73.76067,20.54116],[73.76088,20.54102],[73.76097,20.54102],[73.76092,20.54113],[73.7608,20.54125],[73.76069,20.54134],[73.76054,20.54148],[73.76041,20.54159],[73.76027,20.54177],[73.76001,20.54197],[73.75971,20.54222],[73.75955,20.54238],[73.75936,20.54256],[73.75927,20.54267],[73.75914,20.54279],[73.75913,20.54292],[73.75918,20.54301],[73.75921,20.54303],[73.75938,20.54321],[73.75968,20.54305],[73.75991,20.54291],[73.7601,20.54272],[73.76024,20.54265],[73.76043,20.54273],[73.7608,20.54273],[73.7609,20.54269],[73.76099,20.54246],[73.76101,20.54245],[73.76112,20.54234],[73.76119,20.54207],[73.76122,20.54196],[73.7613,20.54175],[73.76145,20.54142],[73.76149,20.54134],[73.76165,20.54104],[73.76185,20.54072],[73.76203,20.54054],[73.76215,20.54037],[73.7622,20.54035],[73.76218,20.54031],[73.76209,20.54033],[73.76198,20.54039],[73.76194,20.54049],[73.7616,20.54101],[73.76138,20.54127],[73.76129,20.54135]]]},"properties":{"id":"trail_r15551580","type":"trail","name":"Hatgad Fort","name_local":null,"category":"regional hiking route","source":"openstreetmap","source_id":"relation/15551580","updated_at":"2023-09-04T16:16:56Z","tags":{"network":"rwn"}}},{"type":"Feature","geometry":{"type":"MultiLineString","coordinates":[[[74.10756,20.58623],[74.10752,20.58618],[74.10753,20.58615],[74.10753,20.5861],[74.10753,20.58606],[74.10752,20.58603],[74.10749,20.58602],[74.10746,20.58597],[74.10739,20.58595],[74.10735,20.58595],[74.10731,20.58595],[74.10724,20.58589],[74.10721,20.58584],[74.10718,20.5858],[74.10718,20.58577],[74.10714,20.58574],[74.10711,20.5857],[74.10705,20.58566],[74.10702,20.58563],[74.10699,20.58559],[74.10695,20.58556],[74.10687,20.58551],[74.1068,20.58546],[74.10676,20.58534],[74.10673,20.58523],[74.10674,20.58513],[74.10674,20.58505],[74.10673,20.585],[74.10672,20.5849],[74.10673,20.5848],[74.10674,20.58469],[74.10672,20.58459],[74.10669,20.58451],[74.10666,20.58437],[74.10666,20.5843],[74.10665,20.58418],[74.10664,20.58409],[74.10662,20.584],[74.10659,20.58386],[74.10651,20.58376],[74.10647,20.5837],[74.10637,20.58364],[74.10632,20.58357],[74.10621,20.5834],[74.10616,20.5833],[74.10611,20.58324],[74.10608,20.58313],[74.10607,20.583],[74.10609,20.58288],[74.10612,20.58275],[74.10615,20.58266],[74.10612,20.58255],[74.10612,20.58244],[74.10612,20.58228],[74.10612,20.58216],[74.10612,20.58201],[74.10614,20.58184],[74.10616,20.58171],[74.10618,20.58154],[74.10615,20.58146],[74.10611,20.58135],[74.10607,20.58114],[74.10603,20.58099],[74.10601,20.58088],[74.10596,20.58076],[74.10595,20.58063],[74.10592,20.58049],[74.10588,20.58032],[74.10584,20.58016],[74.10582,20.58008],[74.10577,20.57995],[74.1057,20.57982],[74.10565,20.57967],[74.10562,20.57954],[74.1056,20.57939],[74.10554,20.57924],[74.10545,20.57909],[74.10536,20.57899],[74.10527,20.57908],[74.10521,20.57903],[74.10517,20.57893],[74.10512,20.57881],[74.10507,20.57869],[74.105,20.57859],[74.1049,20.57853],[74.10485,20.57842],[74.10478,20.57833],[74.1046,20.57825],[74.10452,20.57823],[74.10443,20.57819],[74.10432,20.57817],[74.10422,20.57808],[74.10414,20.57798],[74.10405,20.57787],[74.10401,20.57779],[74.10397,20.5777],[74.10394,20.57759],[74.10392,20.57747],[74.10394,20.57735],[74.10394,20.57724],[74.10389,20.57714],[74.10375,20.57709],[74.10363,20.57707],[74.10347,20.57701],[74.10339,20.57696],[74.10343,20.57684],[74.10349,20.57675],[74.10337,20.57667],[74.10322,20.57669],[74.103,20.57664],[74.10283,20.57657],[74.10277,20.5765],[74.10276,20.57643],[74.10269,20.57638],[74.10248,20.57634],[74.10241,20.57631],[74.1023,20.57622],[74.10219,20.5761],[74.10214,20.57604],[74.10202,20.57607],[74.10185,20.57603],[74.10162,20.57604],[74.10138,20.57607],[74.10121,20.57608],[74.10107,20.57618],[74.10097,20.57616],[74.1009,20.57612],[74.10085,20.57605],[74.10082,20.57595],[74.10076,20.57588],[74.10072,20.5758],[74.10067,20.5757],[74.10059,20.57557],[74.10059,20.57551],[74.10056,20.57546],[74.10046,20.5753],[74.1002,20.57512],[74.10008,20.575],[74.09995,20.57487],[74.09979,20.57478],[74.09964,20.5747],[74.09937,20.57476],[74.0995,20.5748],[74.09951,20.5749],[74.09934,20.57505],[74.09918,20.57523],[74.09918,20.57542],[74.09908,20.57548],[74.09899,20.57561],[74.09893,20.57575],[74.09889,20.57586],[74.09885,20.576],[74.09884,20.57613],[74.09889,20.57619],[74.09896,20.57624],[74.09902,20.57625],[74.09911,20.57623],[74.09917,20.57621],[74.09911,20.57614],[74.09911,20.57607],[74.09914,20.57596],[74.09922,20.57578],[74.09929,20.57566],[74.09936,20.57552],[74.09946,20.5754],[74.09954,20.57532],[74.09962,20.57528],[74.09968,20.57525],[74.09978,20.57521]]]},"properties":{"id":"trail_r15551582","type":"trail","name":"Chaulher Fort","name_local":null,"category":"regional hiking route","source":"openstreetmap","source_id":"relation/15551582","updated_at":"2023-03-03T04:54:57Z","tags":{"network":"rwn"}}},{"type":"Feature","geometry":{"type":"MultiLineString","coordinates":[[[73.74743,19.9435],[73.74749,19.94338],[73.7476,19.94326],[73.74775,19.94308],[73.74787,19.94293],[73.74803,19.94286],[73.7483,19.94286],[73.74832,19.94276],[73.74833,19.94263],[73.74832,19.94253],[73.74834,19.94241],[73.74839,19.94234],[73.74848,19.94227],[73.74853,19.94221],[73.7486,19.94215],[73.74866,19.94206],[73.74873,19.94197],[73.7488,19.94197],[73.7489,19.942],[73.74893,19.94198],[73.74898,19.9419],[73.749,19.94186],[73.74922,19.94176],[73.74929,19.94174],[73.74926,19.94169],[73.74922,19.94168],[73.74913,19.94165],[73.74901,19.9416],[73.74903,19.94157],[73.74912,19.94154],[73.74915,19.94149],[73.74916,19.94144],[73.74915,19.9414],[73.74911,19.94136],[73.74905,19.94133],[73.749,19.94134],[73.74895,19.94134],[73.74884,19.94136],[73.74877,19.94139],[73.74862,19.9414],[73.7486,19.94139],[73.74862,19.94136],[73.74862,19.94132],[73.74864,19.94129],[73.74868,19.94126],[73.74872,19.94123],[73.74871,19.94122],[73.74871,19.9412]],[[73.74689,19.94158],[73.747,19.94165],[73.74709,19.9417],[73.74717,19.9417],[73.74723,19.9417],[73.74733,19.94166],[73.74742,19.94163],[73.74753,19.94159],[73.74764,19.94153],[73.74777,19.94147],[73.74792,19.94141],[73.74801,19.94136],[73.74808,19.94133],[73.74812,19.94133],[73.74817,19.94133],[73.74822,19.94134],[73.74832,19.94133],[73.7484,19.94132],[73.74845,19.94131],[73.74855,19.94127],[73.74864,19.94123],[73.74871,19.9412],[73.74884,19.94114],[73.74895,19.94109],[73.74897,19.94106],[73.74901,19.94102],[73.74913,19.94098],[73.74926,19.94092],[73.74936,19.94089],[73.74944,19.94087],[73.7495,19.94083],[73.74959,19.94077],[73.74977,19.94064],[73.74979,19.94059],[73.74981,19.94055],[73.74986,19.94051],[73.74992,19.94046],[73.74998,19.94041],[73.75007,19.94037],[73.75013,19.94032],[73.75017,19.9403],[73.75021,19.94026],[73.75023,19.94021],[73.75028,19.94017],[73.75034,19.94013],[73.7504,19.94009],[73.75044,19.94004],[73.75051,19.93999],[73.75052,19.93996],[73.7506,19.93993]]]},"properties":{"id":"trail_r15551601","type":"trail","name":"Pandav Leni","name_local":null,"category":"local hiking route","source":"openstreetmap","source_id":"relation/15551601","updated_at":"2026-02-13T08:16:13Z","tags":{"network":"lwn"}}},{"type":"Feature","geometry":{"type":"MultiLineString","coordinates":[[[73.76812,20.1057],[73.76838,20.10576],[73.76858,20.10575],[73.76876,20.10578],[73.76892,20.10591],[73.76912,20.10617],[73.76926,20.10628],[73.7695,20.10642],[73.76983,20.1065],[73.76999,20.10665],[73.77008,20.10676],[73.7702,20.10686],[73.7704,20.1069],[73.77067,20.10699],[73.77089,20.10701],[73.77109,20.10703],[73.77142,20.10718],[73.77173,20.10734],[73.77191,20.10756],[73.7721,20.10785],[73.77224,20.1081],[73.77229,20.10831],[73.77242,20.10853],[73.77237,20.10875],[73.77242,20.10923],[73.77245,20.10951],[73.7725,20.10978],[73.77249,20.11006],[73.7724,20.11035],[73.77217,20.11054],[73.77186,20.11077],[73.77165,20.1109],[73.77135,20.11099],[73.77107,20.1111],[73.7708,20.11128],[73.77042,20.11145],[73.76994,20.11161],[73.76966,20.11168],[73.76929,20.11167],[73.76903,20.1118],[73.76881,20.11192],[73.76864,20.11192],[73.76867,20.11174],[73.76868,20.11161],[73.76852,20.11165],[73.76823,20.11177],[73.76802,20.11194],[73.76781,20.11208],[73.7678,20.11221],[73.76794,20.11238],[73.7679,20.11251],[73.76778,20.11272],[73.76774,20.11295],[73.76769,20.11318],[73.76753,20.11337],[73.76738,20.1135],[73.76721,20.11364],[73.76694,20.11382],[73.76686,20.11393],[73.76674,20.1141],[73.76664,20.11415],[73.76657,20.11421],[73.76653,20.1143],[73.76656,20.11438],[73.76663,20.11436],[73.76677,20.11442],[73.76686,20.11442],[73.76704,20.11433],[73.76712,20.11429],[73.76733,20.11419],[73.76742,20.11421],[73.76758,20.11421],[73.76768,20.11409],[73.76776,20.11398],[73.76775,20.11386],[73.76778,20.11369],[73.76779,20.11359],[73.76786,20.11349],[73.76787,20.1134],[73.76788,20.11331],[73.76791,20.11319],[73.76792,20.11306],[73.76787,20.11289],[73.76784,20.1128],[73.76778,20.11272]],[[73.76781,20.11208],[73.76765,20.11211],[73.76755,20.11213],[73.76739,20.11222],[73.76724,20.11225],[73.7671,20.1123],[73.76695,20.11238],[73.76679,20.11251],[73.76668,20.11259],[73.7666,20.1127],[73.7665,20.1128],[73.76647,20.1129],[73.76646,20.11292]],[[73.76852,20.11165],[73.76859,20.11167],[73.76859,20.11175],[73.76859,20.11182],[73.76858,20.11188]]]},"properties":{"id":"trail_r15551602","type":"trail","name":"Rameshej Fort","name_local":null,"category":"regional hiking route","source":"openstreetmap","source_id":"relation/15551602","updated_at":"2026-04-05T05:00:01Z","tags":{"network":"rwn"}}},{"type":"Feature","geometry":{"type":"MultiLineString","coordinates":[[[74.45397,20.18668],[74.45412,20.18696],[74.45386,20.18711],[74.45374,20.18718],[74.45349,20.18727],[74.45367,20.18746],[74.45337,20.18756],[74.45283,20.18771],[74.4522,20.1878],[74.452,20.188],[74.45178,20.18814],[74.45168,20.1882],[74.45147,20.18821],[74.45127,20.18832],[74.45107,20.18842],[74.45099,20.18835],[74.45093,20.18835],[74.45086,20.18851],[74.45079,20.18855],[74.45062,20.1885],[74.45047,20.18825],[74.45036,20.18823],[74.4502,20.18811],[74.44996,20.18801],[74.44971,20.18793],[74.44944,20.18793],[74.44919,20.1877],[74.44895,20.18741],[74.44803,20.18762],[74.44745,20.18776],[74.44736,20.18783],[74.44723,20.18786],[74.44707,20.18784],[74.44686,20.18781],[74.4468,20.18781],[74.44674,20.1879],[74.44659,20.18791],[74.44647,20.1879],[74.44621,20.18779],[74.44599,20.18787],[74.44562,20.18796],[74.44534,20.18805],[74.4451,20.18807],[74.44475,20.18809],[74.4445,20.18816],[74.44428,20.18819],[74.44409,20.18827],[74.44393,20.18832],[74.44376,20.18827],[74.44362,20.18832],[74.44351,20.18825],[74.44334,20.18814],[74.44324,20.18815],[74.44334,20.18814],[74.44351,20.18825],[74.44362,20.18832],[74.44376,20.18827],[74.44393,20.18832],[74.44409,20.18827],[74.44428,20.18819],[74.4445,20.18816],[74.44475,20.18809],[74.4451,20.18807],[74.44534,20.18805],[74.44562,20.18796],[74.44599,20.18787],[74.44621,20.18779],[74.44647,20.1879],[74.44659,20.18791],[74.44674,20.1879],[74.4468,20.18781],[74.44686,20.18781],[74.44707,20.18784],[74.44723,20.18786],[74.44736,20.18783],[74.44745,20.18776],[74.44803,20.18762],[74.44895,20.18741],[74.44919,20.1877],[74.44944,20.18793],[74.44971,20.18793],[74.44996,20.18801],[74.4502,20.18811],[74.45036,20.18823],[74.45047,20.18825],[74.45062,20.1885],[74.45079,20.18855],[74.45086,20.18851],[74.45093,20.18835],[74.45099,20.18835],[74.4509,20.1884],[74.45097,20.18852],[74.45108,20.18872],[74.45133,20.18888],[74.45156,20.18917],[74.45176,20.18934],[74.45189,20.18948],[74.45191,20.18939],[74.4519,20.18932],[74.45202,20.1892],[74.45218,20.18921],[74.45246,20.18931],[74.45254,20.18938],[74.45259,20.18954],[74.4528,20.18974],[74.453,20.19005],[74.45335,20.19028],[74.45349,20.19065],[74.45355,20.19089],[74.45381,20.19114],[74.45449,20.1912],[74.45484,20.19136],[74.45449,20.19174],[74.45513,20.19203],[74.45546,20.19216],[74.45597,20.19247],[74.45629,20.19273],[74.45665,20.19281],[74.45708,20.19269],[74.45729,20.19274],[74.45708,20.19251],[74.45708,20.19227],[74.45689,20.19205],[74.45672,20.19177],[74.4566,20.19161],[74.45644,20.19143],[74.45642,20.19122],[74.45622,20.19101],[74.45594,20.19087],[74.45586,20.19064],[74.45575,20.19043],[74.45571,20.1902],[74.45554,20.18986],[74.45553,20.18953],[74.45546,20.18928],[74.45545,20.1891],[74.45487,20.18917],[74.45455,20.18929],[74.45422,20.18935],[74.4538,20.18934],[74.45339,20.18933],[74.45306,20.18927],[74.45281,20.18931],[74.45254,20.18938]]]},"properties":{"id":"trail_r15551603","type":"trail","name":"Ainkai Tankai Fort","name_local":null,"category":"regional hiking route","source":"openstreetmap","source_id":"relation/15551603","updated_at":"2023-03-03T05:16:14Z","tags":{"network":"rwn"}}},{"type":"Feature","geometry":{"type":"MultiLineString","coordinates":[[[74.03887,19.68069],[74.03823,19.68042],[74.03766,19.67994],[74.03766,19.67952],[74.03768,19.67914],[74.03809,19.67897],[74.03855,19.6788],[74.03887,19.67861],[74.03929,19.67831],[74.03953,19.6779],[74.03963,19.67748],[74.03991,19.67704],[74.04003,19.67662],[74.04067,19.67649],[74.04061,19.67599],[74.04061,19.67565],[74.04082,19.6752],[74.04131,19.67511],[74.04141,19.6749],[74.04141,19.67451],[74.04151,19.67416],[74.0417,19.67398],[74.0421,19.67408],[74.04276,19.6739],[74.04257,19.67362],[74.04227,19.67337],[74.04221,19.67293],[74.04221,19.67252],[74.042,19.67223],[74.04169,19.67204],[74.04137,19.6719],[74.04096,19.67204],[74.04066,19.67206]]]},"properties":{"id":"trail_r15551631","type":"trail","name":"Songad Fort","name_local":null,"category":"regional hiking route","source":"openstreetmap","source_id":"relation/15551631","updated_at":"2023-03-03T05:37:18Z","tags":{"network":"rwn"}}},{"type":"Feature","geometry":{"type":"MultiLineString","coordinates":[[[74.03887,19.68069],[74.03823,19.68042],[74.03766,19.67994],[74.03766,19.67952],[74.03768,19.67914],[74.03768,19.67902],[74.03775,19.67839],[74.03782,19.67799],[74.03766,19.67755],[74.03771,19.67714],[74.03763,19.67671],[74.03767,19.67639],[74.03753,19.67591],[74.03756,19.67563],[74.03766,19.67522],[74.03767,19.6748],[74.03754,19.67439],[74.03765,19.67401],[74.03749,19.67391],[74.03751,19.67346],[74.03734,19.67321],[74.03719,19.67296],[74.03724,19.67281],[74.03706,19.67273],[74.0369,19.67273],[74.03678,19.67272],[74.03655,19.6728],[74.03637,19.67291],[74.03623,19.67297],[74.03595,19.67292],[74.03582,19.67306],[74.03571,19.67328],[74.03565,19.67347],[74.03566,19.67366],[74.03571,19.6738],[74.03574,19.67405],[74.03564,19.67416],[74.03547,19.67404],[74.03529,19.67393],[74.03507,19.6738],[74.03486,19.67363],[74.03459,19.67344],[74.03449,19.67334],[74.03444,19.67312],[74.0343,19.67303],[74.03415,19.67296],[74.03396,19.67275],[74.03395,19.67254],[74.03416,19.67251],[74.03431,19.67253],[74.03445,19.67251],[74.03442,19.67239],[74.03454,19.6723],[74.03462,19.67218],[74.03444,19.67208],[74.03424,19.67204],[74.03408,19.67222],[74.03398,19.67217],[74.03379,19.67203]]]},"properties":{"id":"trail_r15551632","type":"trail","name":"Parvatgad Fort","name_local":null,"category":"regional hiking route","source":"openstreetmap","source_id":"relation/15551632","updated_at":"2023-03-03T05:37:18Z","tags":{"network":"rwn"}}},{"type":"Feature","geometry":{"type":"MultiLineString","coordinates":[[[73.97621,19.78705],[73.97613,19.78713],[73.97599,19.78718],[73.97591,19.78718],[73.97585,19.78716],[73.97578,19.78714],[73.97572,19.78711],[73.97566,19.78708],[73.9756,19.78706],[73.97554,19.78701],[73.97548,19.78696],[73.97543,19.78691],[73.97537,19.78686],[73.97532,19.78682],[73.97526,19.78676],[73.97522,19.78671],[73.97518,19.78665],[73.9751,19.78658],[73.97503,19.78654],[73.97496,19.78655],[73.9749,19.78658],[73.97484,19.78662],[73.97477,19.78666],[73.97472,19.78671],[73.97466,19.78677],[73.97461,19.7868],[73.97454,19.78685],[73.97449,19.78688],[73.97441,19.78692],[73.97434,19.78695],[73.97429,19.78699],[73.97423,19.78702],[73.97417,19.78705],[73.97409,19.78709],[73.97402,19.78714],[73.97395,19.78716],[73.97386,19.78719],[73.97379,19.78723],[73.97373,19.78727],[73.97366,19.78732],[73.97358,19.78736],[73.97351,19.7874],[73.97344,19.78744],[73.97338,19.78748],[73.97331,19.78751],[73.97324,19.78755],[73.97318,19.78757],[73.97311,19.7876],[73.97305,19.78762],[73.97297,19.78766],[73.97287,19.78769],[73.9728,19.78772],[73.97273,19.78776],[73.97267,19.78779],[73.97261,19.78782],[73.97255,19.78786],[73.97249,19.78789],[73.97241,19.78793],[73.97234,19.78796],[73.97226,19.78797],[73.97217,19.78798],[73.97209,19.78798],[73.97201,19.78798],[73.97194,19.78798],[73.97187,19.78798],[73.9718,19.78798],[73.97173,19.78798],[73.97165,19.78798],[73.97139,19.78799],[73.97107,19.78805],[73.971,19.78805],[73.97092,19.78805],[73.97085,19.78804],[73.97077,19.78805],[73.97068,19.78805],[73.97059,19.78805],[73.9705,19.78805],[73.97042,19.78807],[73.97034,19.78808],[73.97026,19.78809],[73.97019,19.78811],[73.97012,19.78812],[73.97005,19.78814],[73.96998,19.78815],[73.96991,19.78817],[73.96985,19.7882],[73.9698,19.78823],[73.96971,19.78827],[73.96966,19.7883],[73.96959,19.78833],[73.96952,19.78836],[73.96944,19.78838],[73.96935,19.78841],[73.96928,19.78845],[73.9692,19.78847],[73.96913,19.78849],[73.96906,19.78852],[73.96897,19.78855],[73.96891,19.78858],[73.96884,19.78862],[73.96878,19.78865],[73.96872,19.78869],[73.96865,19.78872],[73.96856,19.78875],[73.96849,19.78877],[73.96842,19.7888],[73.96835,19.78882],[73.96829,19.78884],[73.96822,19.78886],[73.96816,19.78889],[73.96808,19.78891],[73.968,19.78894],[73.96794,19.78896],[73.96788,19.78898],[73.96779,19.789],[73.96771,19.78904],[73.96753,19.78907],[73.96752,19.78911],[73.96753,19.78914],[73.96753,19.78918],[73.96752,19.78922],[73.9675,19.78924],[73.96748,19.78927],[73.96745,19.78929],[73.96741,19.78929],[73.96738,19.78929],[73.96733,19.78929],[73.9673,19.78929],[73.96727,19.78931],[73.96725,19.78934],[73.96719,19.78942],[73.96713,19.78947],[73.96711,19.7895],[73.96708,19.78952],[73.96705,19.78953],[73.96703,19.78955],[73.96699,19.78957],[73.96696,19.78959],[73.96693,19.78961],[73.9669,19.78963],[73.96687,19.78965],[73.96684,19.78967],[73.96681,19.78969],[73.96677,19.78971],[73.96674,19.78973],[73.96671,19.78975],[73.96667,19.78977],[73.96665,19.78979],[73.96662,19.78981],[73.96659,19.78984],[73.96656,19.78985],[73.96652,19.78987],[73.96649,19.78989],[73.96646,19.78991],[73.96643,19.78993],[73.96641,19.78995],[73.96638,19.78997],[73.96635,19.78999],[73.96632,19.79],[73.96628,19.78999],[73.96625,19.78998],[73.96621,19.78997],[73.96619,19.78999],[73.96619,19.79002],[73.9662,19.79006],[73.9662,19.79011],[73.96619,19.79013],[73.96616,19.79015],[73.96612,19.79016],[73.96609,19.79017],[73.96605,19.79018],[73.96602,19.79017],[73.96598,19.79019],[73.96595,19.79021],[73.96592,19.79022],[73.96589,19.79023],[73.96585,19.79023],[73.96582,19.79024],[73.9658,19.79027],[73.9658,19.79031],[73.96581,19.79034],[73.96584,19.79036],[73.96588,19.79036],[73.96591,19.79036],[73.96594,19.79038],[73.96593,19.79042],[73.96594,19.79045],[73.96595,19.79048],[73.96594,19.79051],[73.96593,19.79054],[73.96591,19.79056],[73.96589,19.79059],[73.96588,19.79062],[73.96588,19.79066],[73.96588,19.79069],[73.96587,19.79073],[73.96586,19.79077],[73.96583,19.79078],[73.96579,19.79079],[73.96577,19.79081],[73.96576,19.79084],[73.96575,19.79087],[73.96574,19.7909],[73.96573,19.79094],[73.96573,19.79097],[73.96573,19.791],[73.96572,19.79104],[73.96572,19.79107],[73.96575,19.79107],[73.96578,19.79103],[73.96582,19.79102],[73.96585,19.79102],[73.96589,19.79101],[73.96592,19.79101],[73.96596,19.79101],[73.96599,19.79101],[73.96603,19.791],[73.96606,19.79098],[73.96609,19.79096],[73.96613,19.79096],[73.96616,19.79095],[73.9662,19.79094],[73.96623,19.79094],[73.96627,19.79094],[73.96632,19.79094],[73.96635,19.79095],[73.96639,19.79095],[73.96643,19.79095],[73.96646,19.79095],[73.96652,19.7909],[73.96657,19.79088],[73.9666,19.79087],[73.96664,19.79086],[73.96668,19.79085],[73.96671,19.79085],[73.96675,19.79085],[73.96679,19.79085],[73.96683,19.79086],[73.96687,19.79086],[73.96691,19.79086],[73.96694,19.79087],[73.96698,19.79087],[73.96702,19.79088],[73.96705,19.7909],[73.96707,19.79092],[73.96709,19.79095],[73.96711,19.79098],[73.96714,19.791],[73.96719,19.791],[73.96722,19.791],[73.96726,19.791],[73.96729,19.791],[73.96732,19.79101],[73.96735,19.79102],[73.96738,19.79104],[73.96742,19.79106],[73.96745,19.79108],[73.96748,19.79108],[73.96754,19.79109],[73.96768,19.79113],[73.96771,19.79114],[73.96775,19.79115],[73.96778,19.79117],[73.96781,19.79118],[73.96785,19.79119],[73.96788,19.7912],[73.96791,19.79122],[73.96794,19.79123],[73.96798,19.79122],[73.96801,19.79121],[73.96804,19.79121],[73.96807,19.79122],[73.9681,19.79124],[73.96812,19.79127],[73.96815,19.79129],[73.96819,19.7913],[73.96822,19.79131],[73.96826,19.79132],[73.9683,19.79131],[73.96834,19.79131],[73.96837,19.7913],[73.96841,19.79129],[73.96845,19.79127],[73.96849,19.79127],[73.96852,19.79127],[73.96856,19.79127],[73.9686,19.79127],[73.96864,19.79126],[73.96866,19.79124],[73.96869,19.79123],[73.96873,19.79123],[73.96876,19.79122],[73.96879,19.79122],[73.96883,19.79122],[73.96888,19.79122],[73.96891,19.79122],[73.96895,19.79122],[73.96898,19.79124],[73.96898,19.79127],[73.96896,19.7913],[73.96895,19.79133],[73.96894,19.79136],[73.96892,19.79139],[73.96889,19.79141],[73.96883,19.79146]]]},"properties":{"id":"trail_r15551633","type":"trail","name":"Dubera Fort","name_local":null,"category":"regional hiking route","source":"openstreetmap","source_id":"relation/15551633","updated_at":"2023-03-03T05:37:18Z","tags":{"network":"rwn"}}},{"type":"Feature","geometry":{"type":"MultiLineString","coordinates":[[[73.90937,19.73602],[73.90946,19.73623],[73.90951,19.73645],[73.90945,19.73665],[73.90933,19.73685],[73.90956,19.73703],[73.90978,19.73715],[73.90997,19.73737],[73.91,19.73755],[73.90976,19.7376],[73.90964,19.73782],[73.90957,19.7382],[73.90978,19.73851],[73.90977,19.73876],[73.90978,19.73899],[73.90989,19.73923],[73.91008,19.73937],[73.91032,19.73938],[73.91035,19.73946],[73.91015,19.7395],[73.91013,19.73963],[73.91023,19.7399],[73.91031,19.74037],[73.91005,19.74076],[73.91019,19.74126],[73.9103,19.74161],[73.91042,19.74203],[73.9104,19.74242],[73.91057,19.74279],[73.91068,19.743],[73.91124,19.74308],[73.91138,19.74332],[73.91171,19.74347],[73.91201,19.74372],[73.91204,19.74345],[73.91209,19.74318],[73.91202,19.7427]],[[73.91201,19.74372],[73.91175,19.74383],[73.91152,19.74381],[73.91131,19.74378],[73.91113,19.74366],[73.91095,19.7437],[73.91077,19.74359],[73.91052,19.74362],[73.91038,19.74348],[73.91027,19.74334],[73.91015,19.74326],[73.90989,19.74333],[73.90977,19.74348],[73.90958,19.74361],[73.90939,19.74369],[73.9094,19.74352],[73.90933,19.74337],[73.90925,19.74328],[73.90906,19.74337],[73.90876,19.74359],[73.90854,19.74334],[73.90845,19.74306],[73.90829,19.74302],[73.90806,19.74307],[73.90792,19.74294],[73.90778,19.74278],[73.90758,19.7427],[73.90748,19.74251],[73.90736,19.74236],[73.90725,19.74213],[73.90723,19.74201],[73.9075,19.74202],[73.90773,19.74192],[73.90784,19.74179],[73.90808,19.74166],[73.90819,19.74162],[73.90831,19.74153],[73.90849,19.74139],[73.90866,19.7415],[73.9088,19.74149],[73.9089,19.74131],[73.90899,19.74109],[73.90908,19.74091],[73.90922,19.74073],[73.90931,19.74051],[73.90939,19.74043],[73.90952,19.74029],[73.90965,19.74031],[73.90983,19.74028],[73.90994,19.74025],[73.90999,19.74016],[73.91009,19.74008],[73.91013,19.74005],[73.91013,19.73994],[73.9102,19.73989]]]},"properties":{"id":"trail_r15551634","type":"trail","name":"Aad Fort","name_local":null,"category":"regional hiking route","source":"openstreetmap","source_id":"relation/15551634","updated_at":"2023-03-03T05:38:43Z","tags":{"network":"rwn"}}},{"type":"Feature","geometry":{"type":"MultiLineString","coordinates":[[[73.76257,19.42527],[73.76252,19.42518],[73.76234,19.42517],[73.7622,19.42507],[73.76209,19.42497],[73.76197,19.42485],[73.76178,19.42481],[73.76167,19.42482],[73.76157,19.42475],[73.76149,19.42471],[73.76144,19.42475],[73.76138,19.42476],[73.76135,19.42469],[73.76132,19.42464],[73.76126,19.42463],[73.76117,19.42462],[73.7611,19.42458],[73.76104,19.42454],[73.76101,19.42446],[73.76093,19.42444],[73.76091,19.42442],[73.76075,19.42435],[73.76066,19.42424],[73.7607,19.42412],[73.76073,19.42402],[73.76057,19.42407],[73.76054,19.42397],[73.76051,19.42389],[73.76046,19.42383],[73.76039,19.42377],[73.76034,19.42371],[73.76031,19.42363],[73.76027,19.42363],[73.76025,19.42356],[73.7602,19.4235],[73.76009,19.42359],[73.75995,19.4235],[73.75988,19.4235],[73.75979,19.42354],[73.75972,19.42346],[73.75961,19.42339],[73.75951,19.42336],[73.75939,19.42335],[73.75931,19.42326],[73.7593,19.42318],[73.75936,19.42308],[73.75937,19.42301],[73.75937,19.42282],[73.75937,19.42259],[73.75937,19.42242],[73.75931,19.42226],[73.75926,19.42201],[73.75931,19.42173],[73.75924,19.42156],[73.75911,19.4214],[73.75902,19.42113],[73.75891,19.42091],[73.75876,19.42064],[73.75868,19.42047],[73.7587,19.42037],[73.75857,19.42024],[73.75848,19.42008],[73.75844,19.41998],[73.75843,19.41981]]]},"properties":{"id":"trail_r15551802","type":"trail","name":"Kaladgad Fort","name_local":null,"category":"regional hiking route","source":"openstreetmap","source_id":"relation/15551802","updated_at":"2025-01-14T08:30:57Z","tags":{"network":"rwn"}}},{"type":"Feature","geometry":{"type":"MultiLineString","coordinates":[[[72.92129,19.54708],[72.92128,19.54711],[72.92144,19.5472],[72.92148,19.54744],[72.92171,19.54755],[72.9218,19.54774],[72.92183,19.54791],[72.92221,19.548],[72.92295,19.54817],[72.92316,19.54837],[72.92325,19.54838],[72.92351,19.5487],[72.92375,19.54874],[72.92412,19.54893],[72.92514,19.54917],[72.92547,19.54952],[72.92555,19.54954],[72.9262,19.54976],[72.92628,19.55012],[72.92637,19.55018],[72.9268,19.55021],[72.92718,19.55063],[72.92778,19.55094],[72.92838,19.55117],[72.92866,19.55109],[72.92891,19.55145],[72.92928,19.55178],[72.9294,19.5518],[72.92983,19.55165],[72.93029,19.55196],[72.93108,19.55239],[72.93133,19.55242],[72.93151,19.55261],[72.93167,19.55258],[72.93179,19.55266],[72.93211,19.55283],[72.93238,19.55304],[72.93276,19.55313],[72.93312,19.55324],[72.93337,19.55332],[72.93351,19.55329],[72.93364,19.55334],[72.93393,19.55311],[72.93421,19.553],[72.93444,19.55313],[72.93472,19.553],[72.93535,19.55279],[72.93581,19.55273],[72.93675,19.55257],[72.93713,19.55266],[72.93767,19.55267],[72.93801,19.55288],[72.93863,19.55269],[72.93883,19.55223],[72.93919,19.55261],[72.93968,19.55276],[72.94085,19.55251],[72.94143,19.55255],[72.94172,19.55248],[72.94223,19.55279],[72.94232,19.55361],[72.94225,19.55399],[72.94241,19.55445],[72.9422,19.55473],[72.94169,19.55643],[72.94172,19.55659],[72.94187,19.55664],[72.94226,19.55714],[72.94228,19.55753],[72.94238,19.55821],[72.9424,19.55847],[72.9422,19.55917],[72.94225,19.55947],[72.94219,19.55976],[72.94232,19.56002],[72.9425,19.56073],[72.94237,19.56122],[72.94265,19.56167],[72.9428,19.56201],[72.94313,19.56206],[72.9432,19.56246],[72.94314,19.56252],[72.94327,19.56258],[72.94338,19.56263],[72.94331,19.56284],[72.94336,19.56298],[72.94316,19.56337],[72.94316,19.56361],[72.94315,19.56369],[72.94327,19.56376],[72.94331,19.56384],[72.94355,19.56381],[72.9435,19.56405],[72.94338,19.56411],[72.94332,19.56428],[72.94331,19.56445],[72.94325,19.5646],[72.94332,19.56481],[72.94336,19.56508],[72.94339,19.56526],[72.94359,19.56535],[72.94365,19.56559],[72.94366,19.56572],[72.94373,19.56643]]]},"properties":{"id":"trail_r15570880","type":"trail","name":"Takmak Fort","name_local":null,"category":"regional hiking route","source":"openstreetmap","source_id":"relation/15570880","updated_at":"2023-03-06T08:18:50Z","tags":{"network":"rwn"}}},{"type":"Feature","geometry":{"type":"MultiLineString","coordinates":[[[73.01004,19.47251],[73.01017,19.47228],[73.0102,19.47225],[73.01024,19.47224],[73.0103,19.47224],[73.01055,19.47232],[73.0106,19.47233],[73.01065,19.47234],[73.01082,19.47234],[73.01088,19.47233],[73.01091,19.47231],[73.01092,19.47227],[73.01091,19.47222],[73.01058,19.47187],[73.01045,19.47171],[73.01007,19.47126],[73.00934,19.47038],[73.0083,19.46914],[73.00779,19.46849],[73.00777,19.46846],[73.00776,19.46842],[73.00777,19.46837],[73.00782,19.4679],[73.00783,19.46783],[73.00781,19.46777],[73.00778,19.46769],[73.00773,19.46761],[73.00755,19.46742],[73.00752,19.46739],[73.00752,19.46735],[73.00753,19.46732],[73.00756,19.4673],[73.00769,19.46719],[73.00773,19.46716],[73.00794,19.4669],[73.00798,19.46683],[73.00801,19.46673],[73.00805,19.46654],[73.00806,19.46646],[73.00806,19.4659],[73.00805,19.46585],[73.008,19.46567],[73.008,19.46562],[73.00802,19.46557],[73.00806,19.46554],[73.00827,19.46542],[73.00832,19.46538],[73.00834,19.46532],[73.00835,19.46516],[73.00837,19.46512],[73.0084,19.46508],[73.00847,19.46507],[73.00879,19.46505],[73.00884,19.46504],[73.00926,19.4649],[73.00937,19.46487],[73.00994,19.46483],[73.01002,19.46484],[73.01007,19.46485],[73.01024,19.46492],[73.01028,19.46496],[73.01029,19.465],[73.0105,19.46562],[73.01054,19.46568],[73.01059,19.46571],[73.01064,19.46571],[73.0109,19.46567],[73.011,19.46562],[73.01111,19.46555],[73.01116,19.46547],[73.01119,19.46538],[73.01121,19.4653],[73.01121,19.46521],[73.01111,19.46483],[73.0111,19.46477],[73.01098,19.46451],[73.01096,19.46444],[73.01097,19.46437],[73.011,19.46431],[73.01119,19.46401],[73.01123,19.46399],[73.01127,19.46399],[73.01131,19.46399],[73.01144,19.46407],[73.0115,19.46409],[73.01193,19.46414],[73.01202,19.46415],[73.01233,19.46415],[73.01238,19.46414],[73.01241,19.4641],[73.01244,19.46399],[73.01247,19.46397],[73.0125,19.46395],[73.01275,19.4639],[73.0128,19.46387],[73.01294,19.46375],[73.013,19.46372],[73.01307,19.46371],[73.01342,19.46369],[73.01348,19.46368],[73.01352,19.46366],[73.01363,19.46359],[73.01367,19.46358],[73.01372,19.46357],[73.01391,19.46355],[73.01395,19.46354],[73.01411,19.46345],[73.01416,19.46344],[73.01428,19.46341],[73.01433,19.46339],[73.01448,19.4633],[73.01451,19.46328],[73.01461,19.46316],[73.01463,19.46314],[73.01467,19.46313],[73.01483,19.4631],[73.01486,19.46309],[73.0149,19.46307],[73.01515,19.46279],[73.0152,19.46275],[73.01525,19.4627],[73.0155,19.46254],[73.01555,19.4625],[73.01564,19.46236],[73.01567,19.46232],[73.01571,19.46229],[73.01586,19.4622],[73.0159,19.46217],[73.01593,19.46212],[73.01603,19.46198],[73.01606,19.46194],[73.0161,19.4619],[73.01647,19.46166],[73.01652,19.46163],[73.01676,19.46152],[73.01682,19.46147],[73.01704,19.46128],[73.0171,19.46124],[73.01716,19.46123],[73.01747,19.46124],[73.0175,19.46123],[73.01752,19.46122],[73.01753,19.46119],[73.01752,19.46099],[73.01753,19.46096],[73.01756,19.46091],[73.0176,19.46089],[73.01796,19.46075],[73.01804,19.46072],[73.01828,19.46058],[73.01835,19.46055],[73.01857,19.46049],[73.01863,19.46047],[73.01875,19.4604],[73.01879,19.46038],[73.01885,19.46037],[73.01913,19.46035],[73.01919,19.46035],[73.01926,19.46037],[73.01931,19.46043],[73.01938,19.4605],[73.01943,19.46057],[73.01947,19.46061],[73.0196,19.46072],[73.01965,19.46076],[73.01983,19.461],[73.01987,19.46103],[73.02017,19.46123],[73.02022,19.46127],[73.02026,19.46133],[73.02048,19.46177],[73.02051,19.46184],[73.0206,19.46223],[73.0206,19.4623],[73.0206,19.46235],[73.02048,19.4627],[73.02046,19.46276],[73.02044,19.46294],[73.02044,19.46298],[73.02046,19.46302],[73.02055,19.46311],[73.02058,19.46313],[73.02069,19.46315],[73.02073,19.46314],[73.02092,19.46311],[73.02097,19.46311],[73.02102,19.46311],[73.02139,19.46318],[73.02142,19.46319],[73.02143,19.46321],[73.02145,19.46332],[73.02146,19.46335],[73.02149,19.46337],[73.02152,19.46339],[73.02177,19.46345],[73.02183,19.46346],[73.02192,19.46346],[73.02194,19.46348],[73.02195,19.4635],[73.02196,19.46353],[73.02195,19.46387],[73.02195,19.46393],[73.02196,19.46399],[73.02199,19.46405],[73.02223,19.46454],[73.02225,19.46458],[73.02226,19.46466],[73.02225,19.46469],[73.02224,19.46472],[73.02237,19.46477],[73.02259,19.46468],[73.02295,19.4647],[73.02325,19.4646],[73.02343,19.46443],[73.02372,19.4643],[73.02403,19.46434],[73.02423,19.46413],[73.02427,19.46371],[73.02432,19.46319],[73.02445,19.46298],[73.02444,19.46258],[73.02452,19.46221],[73.02485,19.46215],[73.0251,19.46229],[73.02532,19.46251],[73.02568,19.46256],[73.02575,19.46197],[73.02578,19.46166],[73.02601,19.4613],[73.02607,19.46088],[73.02604,19.46053],[73.0262,19.46008],[73.02632,19.45958],[73.02614,19.45917],[73.02631,19.45877],[73.02641,19.45827],[73.02631,19.4579],[73.02622,19.45739],[73.02624,19.45686],[73.0261,19.45655],[73.02597,19.4563],[73.02614,19.45612],[73.02618,19.45562],[73.02609,19.45535],[73.02593,19.45497],[73.02613,19.45475],[73.02627,19.45458],[73.02636,19.45435],[73.02636,19.45406],[73.02618,19.45384],[73.02615,19.45364],[73.02607,19.45347],[73.02613,19.45332],[73.02626,19.45324],[73.02627,19.45314],[73.02622,19.45308],[73.02612,19.4531],[73.02603,19.45298],[73.02601,19.45278],[73.02607,19.45261],[73.0262,19.45248],[73.02625,19.45229],[73.02635,19.45217],[73.02644,19.45206],[73.02645,19.45197],[73.02634,19.45195],[73.02631,19.45189],[73.02622,19.45183],[73.02618,19.45164],[73.02628,19.45158],[73.02634,19.45151],[73.02632,19.45146],[73.02627,19.45142],[73.02619,19.45134],[73.02611,19.45129],[73.02603,19.45126],[73.02597,19.45124],[73.02591,19.45117],[73.02581,19.45117],[73.02575,19.45109],[73.02571,19.451],[73.02561,19.45096],[73.02555,19.45088],[73.02551,19.45079],[73.02544,19.45071],[73.0254,19.45063],[73.02528,19.45055],[73.02514,19.45047],[73.02506,19.45042],[73.02501,19.4503],[73.025,19.45016],[73.02502,19.45007],[73.02509,19.44997],[73.025,19.44987],[73.02492,19.44975],[73.02485,19.4497],[73.02479,19.4496],[73.02479,19.44953],[73.02467,19.44943],[73.02467,19.44929],[73.02469,19.4491],[73.02482,19.4489],[73.02493,19.44881],[73.02508,19.44876],[73.02518,19.44883],[73.02531,19.44887],[73.02535,19.44875],[73.02538,19.44857],[73.0253,19.44841],[73.02526,19.4483],[73.0255,19.44819],[73.02569,19.44812],[73.02584,19.44815],[73.02606,19.44817],[73.02617,19.44819],[73.0262,19.44809],[73.02631,19.44811],[73.02642,19.44816],[73.0265,19.44813],[73.02662,19.4483],[73.02677,19.4483],[73.02682,19.44838],[73.0268,19.44845],[73.02699,19.44835],[73.02715,19.44834],[73.02736,19.44835],[73.0275,19.44849],[73.02757,19.44868],[73.02762,19.44887],[73.02766,19.449],[73.02767,19.44921],[73.02776,19.44936],[73.02791,19.44955],[73.02809,19.44954],[73.02819,19.44944],[73.0283,19.44952],[73.0284,19.44952],[73.02856,19.4496],[73.02867,19.44961],[73.02877,19.44956],[73.0289,19.4495],[73.029,19.44963],[73.02892,19.44981],[73.02889,19.45],[73.02874,19.45015],[73.02865,19.45043],[73.02862,19.45057],[73.0285,19.45082],[73.0285,19.45103],[73.02847,19.4512],[73.02849,19.45135],[73.0286,19.45151],[73.02863,19.45177],[73.02882,19.4519],[73.02893,19.45203],[73.0291,19.45215],[73.0292,19.45229],[73.02931,19.45244],[73.02933,19.45255],[73.02948,19.45269],[73.02956,19.45286],[73.02964,19.45307],[73.02981,19.45326],[73.02988,19.45339],[73.02985,19.45356],[73.02988,19.45366],[73.02981,19.45376],[73.02981,19.45383],[73.02999,19.45396],[73.03004,19.45406],[73.03019,19.4542],[73.03031,19.45431],[73.03034,19.45443],[73.03029,19.45451],[73.03033,19.45466],[73.03025,19.45496],[73.03025,19.45521],[73.03019,19.4554],[73.03029,19.45546],[73.03044,19.45542],[73.03044,19.45532],[73.03051,19.4552],[73.03055,19.4551],[73.03072,19.45497],[73.03077,19.45479],[73.03095,19.45455],[73.03095,19.45434],[73.03099,19.45411],[73.03103,19.4539],[73.03111,19.45383],[73.03118,19.45358],[73.03109,19.45339],[73.03104,19.45319],[73.0311,19.453],[73.03107,19.45289],[73.03111,19.45264],[73.03118,19.45239],[73.03113,19.45211],[73.03113,19.452],[73.03121,19.45192],[73.03117,19.45179],[73.03121,19.45156],[73.03129,19.45131],[73.03135,19.45115],[73.03144,19.45078],[73.03131,19.45018],[73.03138,19.44983],[73.03143,19.44942],[73.0314,19.44907],[73.03154,19.44881],[73.03163,19.44837],[73.03164,19.44794],[73.03143,19.44732],[73.03158,19.4471],[73.03174,19.44675],[73.03184,19.44622],[73.03202,19.44579],[73.03228,19.44563],[73.03243,19.44543],[73.03262,19.44531],[73.03268,19.44499],[73.03283,19.44483],[73.03283,19.44456],[73.03305,19.44428],[73.0334,19.4439],[73.03383,19.44331],[73.03408,19.44309],[73.03461,19.44279],[73.035,19.44238],[73.03524,19.44205],[73.03544,19.44159],[73.03635,19.44121],[73.03674,19.44092],[73.03728,19.44056],[73.0375,19.44021],[73.03768,19.43978],[73.03777,19.43944],[73.03767,19.43865],[73.03741,19.43844],[73.03727,19.43802],[73.03709,19.43765],[73.03703,19.43724],[73.03725,19.43695],[73.0373,19.43642],[73.03708,19.43585],[73.03713,19.43542],[73.03698,19.43518],[73.0368,19.43484],[73.03664,19.43464],[73.03661,19.43441],[73.03668,19.43418],[73.03684,19.43428],[73.03687,19.4344],[73.03696,19.43455],[73.03715,19.43452],[73.03707,19.43469],[73.03724,19.43471],[73.03732,19.43475],[73.03762,19.43472],[73.03778,19.43468],[73.03797,19.43468],[73.03798,19.43478],[73.03786,19.4349],[73.03781,19.43505],[73.03773,19.43527],[73.03796,19.43529],[73.03813,19.43543],[73.03838,19.43554],[73.03855,19.43548],[73.03875,19.43529],[73.03882,19.43512],[73.03887,19.43493],[73.03887,19.43482],[73.03895,19.43465],[73.03864,19.43458],[73.03845,19.43463],[73.03829,19.43454],[73.03824,19.43447],[73.03844,19.43445],[73.03847,19.43427],[73.03865,19.43412],[73.03876,19.43406],[73.03892,19.43393],[73.03912,19.43378],[73.03923,19.4337],[73.03934,19.43346],[73.03936,19.43316],[73.03935,19.43298],[73.03958,19.43278],[73.03958,19.43262],[73.03957,19.43243],[73.03981,19.43231],[73.03999,19.43215],[73.04003,19.43196],[73.0401,19.43183],[73.04007,19.43157],[73.04028,19.43138],[73.04038,19.43122],[73.04038,19.43108],[73.04025,19.43094],[73.0404,19.4308],[73.04055,19.43079],[73.04066,19.43068],[73.04071,19.43039],[73.04083,19.43006],[73.04093,19.42976],[73.04113,19.42948],[73.04128,19.42931],[73.04155,19.42909],[73.0417,19.42887],[73.04193,19.42853],[73.04217,19.42816],[73.04238,19.4279],[73.04248,19.42747],[73.04261,19.4271],[73.04255,19.42699],[73.04268,19.42675],[73.04296,19.42669],[73.04324,19.42684],[73.04346,19.42665],[73.04377,19.42679],[73.04418,19.42672],[73.04449,19.42691],[73.04486,19.42684],[73.04537,19.42687],[73.04557,19.42672],[73.04618,19.42655],[73.04656,19.42625],[73.04686,19.42604],[73.04747,19.42595],[73.048,19.42572],[73.04825,19.42564],[73.04878,19.4256],[73.04919,19.42546],[73.04951,19.42532],[73.04954,19.42529],[73.04986,19.42517],[73.04992,19.42515],[73.05039,19.42511],[73.05048,19.4251],[73.05073,19.42503],[73.05095,19.42495],[73.05112,19.42486],[73.05122,19.42477],[73.05158,19.4243],[73.05165,19.42427],[73.0518,19.42424],[73.05191,19.42423],[73.05195,19.42424],[73.05214,19.42435],[73.05221,19.42437],[73.05244,19.42438],[73.05265,19.42442],[73.05291,19.42452],[73.05326,19.42468],[73.05354,19.42484],[73.05366,19.42487],[73.05447,19.42501],[73.05495,19.42517],[73.05527,19.42532],[73.05536,19.42536],[73.05637,19.4256],[73.05653,19.42561],[73.05683,19.4256],[73.05699,19.42563],[73.05711,19.4257],[73.05713,19.42572],[73.05715,19.42574],[73.05718,19.42584],[73.05719,19.42587],[73.05722,19.4259],[73.05742,19.42609],[73.05757,19.42618],[73.05779,19.42629]]]},"properties":{"id":"trail_r15570881","type":"trail","name":"Gumtara Fort","name_local":null,"category":"regional hiking route","source":"openstreetmap","source_id":"relation/15570881","updated_at":"2023-03-06T08:18:50Z","tags":{"network":"rwn"}}},{"type":"Feature","geometry":{"type":"MultiLineString","coordinates":[[[73.28645,19.83353],[73.28667,19.83311],[73.28691,19.8329],[73.28696,19.8327],[73.28693,19.83221],[73.28688,19.83184],[73.28705,19.83112],[73.2872,19.83024],[73.28703,19.82958],[73.28699,19.82934],[73.28728,19.829],[73.28765,19.82883],[73.28809,19.82877],[73.28876,19.82869],[73.28924,19.8285],[73.28962,19.82826],[73.2901,19.82798],[73.29045,19.82762],[73.2908,19.82735],[73.29109,19.82707],[73.29126,19.82681],[73.29178,19.8266],[73.29224,19.82619],[73.29242,19.82586],[73.2927,19.82558],[73.29297,19.82515],[73.29307,19.82477],[73.29299,19.82445],[73.29306,19.82412],[73.29288,19.82383],[73.29287,19.82355],[73.29312,19.8232],[73.2934,19.82286],[73.2934,19.82236],[73.29344,19.82181],[73.29359,19.82136],[73.29381,19.8209],[73.29419,19.8206],[73.29439,19.82034],[73.29456,19.81993],[73.29461,19.81968],[73.29463,19.81942],[73.29452,19.81928],[73.29415,19.81917],[73.29389,19.8191],[73.29375,19.81876],[73.29371,19.81863],[73.29368,19.81845],[73.29359,19.81824],[73.29341,19.81801],[73.29315,19.81788],[73.29288,19.81773],[73.29279,19.81754],[73.29264,19.8173],[73.29251,19.81718],[73.29228,19.81671],[73.29271,19.81696],[73.29326,19.81709],[73.29354,19.81724],[73.29375,19.81743],[73.29394,19.81755]]]},"properties":{"id":"trail_r15571022","type":"trail","name":"Bhopatgarh","name_local":null,"category":"regional hiking route","source":"openstreetmap","source_id":"relation/15571022","updated_at":"2023-03-06T09:09:33Z","tags":{"network":"rwn"}}},{"type":"Feature","geometry":{"type":"MultiLineString","coordinates":[[[73.02753,20.05181],[73.02777,20.05186],[73.02805,20.05177],[73.02833,20.05163],[73.02858,20.05151],[73.02894,20.05165],[73.02932,20.05161],[73.02959,20.05149],[73.0299,20.05141],[73.03031,20.05105],[73.03067,20.05097],[73.03135,20.05104],[73.03168,20.05131],[73.03213,20.05132],[73.03237,20.05151],[73.03294,20.05178],[73.03332,20.05125],[73.0336,20.05112],[73.03407,20.05106],[73.03453,20.05127],[73.03506,20.05101],[73.0354,20.05076],[73.03575,20.05063],[73.03583,20.05095],[73.03566,20.05117],[73.03565,20.0515],[73.03556,20.05186],[73.03555,20.05222],[73.03554,20.05248],[73.03551,20.05273],[73.03575,20.05301],[73.03592,20.05308],[73.03627,20.05313],[73.0365,20.05334],[73.03701,20.05348],[73.03742,20.05354],[73.03776,20.05358],[73.038,20.05338],[73.03833,20.0533],[73.03872,20.05336],[73.03906,20.0534],[73.03957,20.05348],[73.03992,20.05345],[73.04009,20.05332],[73.0403,20.05327],[73.04053,20.05312],[73.0407,20.05308],[73.04099,20.05304],[73.04129,20.05305],[73.04144,20.05288],[73.04159,20.05277],[73.04199,20.05258],[73.04228,20.05234],[73.04287,20.05233],[73.04312,20.05215],[73.04376,20.05217],[73.04408,20.05225],[73.0446,20.05222],[73.04494,20.05223],[73.04528,20.05228],[73.04542,20.0525],[73.0456,20.05252],[73.04587,20.0525],[73.04611,20.05266],[73.04635,20.05276],[73.04645,20.05266],[73.0466,20.05287],[73.04678,20.05309],[73.04687,20.05333],[73.04704,20.05347],[73.04717,20.05371],[73.04753,20.05383],[73.04771,20.05379],[73.04797,20.05402],[73.04818,20.05401],[73.04849,20.05404],[73.04873,20.05396],[73.04902,20.05386],[73.0493,20.05378],[73.04953,20.05363],[73.04965,20.05347],[73.04969,20.05349],[73.04971,20.05348],[73.04971,20.05345],[73.04973,20.05345],[73.04974,20.05349],[73.04978,20.05348],[73.04979,20.05345],[73.04977,20.05343],[73.0498,20.0534],[73.04983,20.05338],[73.04987,20.05336],[73.0499,20.05334],[73.04996,20.05333],[73.05001,20.05328],[73.05,20.05325],[73.05005,20.05318],[73.05007,20.05318],[73.05004,20.05322],[73.05007,20.05325],[73.05008,20.05329],[73.05011,20.05332],[73.05016,20.05328],[73.05018,20.05329],[73.05017,20.05325],[73.05017,20.05321],[73.05019,20.05318],[73.05018,20.05313],[73.05017,20.05308],[73.05018,20.05304],[73.05021,20.05299],[73.05021,20.05293],[73.05024,20.05289],[73.05027,20.05286],[73.05027,20.05283],[73.05023,20.0528],[73.05025,20.05277],[73.05028,20.05275],[73.05032,20.05279],[73.05035,20.0528],[73.05036,20.05276],[73.05038,20.05271],[73.0504,20.05265],[73.05046,20.05265],[73.05047,20.05266],[73.0505,20.05264],[73.05054,20.05264],[73.05057,20.05257],[73.05059,20.05252],[73.05061,20.05251],[73.05066,20.05246],[73.05071,20.05243],[73.0508,20.05239],[73.05082,20.05237],[73.0508,20.05239],[73.05071,20.05243],[73.05066,20.05246],[73.05061,20.05251],[73.05059,20.05252],[73.05057,20.05257],[73.05054,20.05264],[73.0505,20.05264],[73.05047,20.05266],[73.05046,20.05265],[73.0504,20.05265],[73.05038,20.05271],[73.05036,20.05276],[73.05035,20.0528],[73.05032,20.05279],[73.05028,20.05275],[73.05025,20.05277],[73.05023,20.0528],[73.05027,20.05283],[73.05027,20.05286],[73.05024,20.05289],[73.05021,20.05293],[73.05021,20.05299],[73.05018,20.05304],[73.05017,20.05308],[73.05018,20.05313],[73.05019,20.05318],[73.05017,20.05321],[73.05017,20.05325],[73.05018,20.05329],[73.05016,20.05328],[73.05011,20.05332],[73.05008,20.05329],[73.05007,20.05325],[73.05004,20.05322],[73.05007,20.05318],[73.05005,20.05318],[73.05,20.05325],[73.05001,20.05328],[73.04996,20.05333],[73.0499,20.05334],[73.04987,20.05336],[73.04983,20.05338],[73.0498,20.0534],[73.04977,20.05343],[73.04979,20.05345],[73.04978,20.05348],[73.04974,20.05349],[73.04973,20.05345],[73.04971,20.05345],[73.04971,20.05348],[73.04969,20.05349],[73.04965,20.05347],[73.04963,20.05346],[73.04959,20.05342],[73.04953,20.05343],[73.0495,20.05343],[73.04954,20.05338],[73.0495,20.05336],[73.04943,20.05334],[73.04944,20.05329],[73.04949,20.05322],[73.04954,20.05314],[73.04955,20.05308],[73.04965,20.05301],[73.0497,20.05293],[73.04977,20.05289],[73.04978,20.05285],[73.04982,20.05278],[73.04986,20.05271],[73.04991,20.05259],[73.04995,20.0525],[73.05001,20.05243],[73.05007,20.05238],[73.05011,20.0523],[73.05017,20.05225],[73.05019,20.05217],[73.05022,20.05211],[73.05027,20.05205],[73.05032,20.05201],[73.05027,20.05198],[73.05023,20.05197],[73.05019,20.05192],[73.05015,20.05191],[73.05004,20.05186],[73.05003,20.05181],[73.04998,20.05174],[73.05002,20.05168],[73.04999,20.05166],[73.05,20.05164],[73.05,20.0516],[73.05,20.05152],[73.04996,20.0515],[73.04997,20.05142],[73.05,20.05142],[73.05002,20.05138],[73.05001,20.05133],[73.04998,20.05133],[73.04998,20.0513],[73.04996,20.05125],[73.04998,20.0512],[73.04999,20.05116],[73.04995,20.05114],[73.0499,20.05114],[73.04984,20.05119],[73.04978,20.05121],[73.04974,20.05126],[73.0497,20.05129],[73.04966,20.05129],[73.04965,20.05122],[73.04962,20.05122],[73.0496,20.0512],[73.04955,20.0512],[73.04953,20.0512],[73.04948,20.05117],[73.04938,20.05118],[73.04936,20.05117],[73.04939,20.05114],[73.04938,20.05113],[73.04934,20.0511],[73.0493,20.05105],[73.0493,20.05102],[73.04927,20.05099],[73.04924,20.05094],[73.04922,20.0509],[73.04918,20.05087],[73.04916,20.0508],[73.04913,20.05076],[73.0491,20.05068],[73.04911,20.05065],[73.04908,20.0506],[73.04903,20.05055],[73.04903,20.05047],[73.04899,20.05044],[73.04895,20.05041],[73.04893,20.05029],[73.04895,20.05024],[73.04894,20.05024],[73.04891,20.05024],[73.04887,20.05027],[73.04884,20.05027],[73.04882,20.05026],[73.04881,20.05022],[73.04879,20.05019],[73.04878,20.0502],[73.04876,20.05022],[73.04874,20.05025],[73.04874,20.05024],[73.0487,20.05024],[73.0487,20.05021],[73.0487,20.05019],[73.0487,20.05015],[73.04868,20.05012],[73.04868,20.0501],[73.04867,20.05006],[73.04865,20.05003],[73.04863,20.04999],[73.04862,20.04994],[73.04861,20.04992],[73.04861,20.0499],[73.04859,20.04989],[73.0486,20.04987],[73.04858,20.04986],[73.04854,20.04984],[73.04851,20.04981],[73.04848,20.04977],[73.04847,20.04973],[73.04847,20.04969],[73.04847,20.04965],[73.04848,20.04961],[73.04846,20.04959],[73.04846,20.04956],[73.04844,20.04955],[73.0484,20.04953],[73.04836,20.04949],[73.04834,20.04947],[73.04833,20.04944],[73.04834,20.04942],[73.04834,20.04939],[73.04832,20.04933],[73.04831,20.04929],[73.04832,20.04926],[73.04833,20.04921],[73.0483,20.04918],[73.04825,20.04916],[73.04826,20.04914],[73.04828,20.04912],[73.04829,20.04908],[73.04832,20.04903],[73.04835,20.04901],[73.04836,20.04897],[73.04838,20.04893],[73.0484,20.04889],[73.04839,20.04885],[73.04838,20.04882],[73.04838,20.04878],[73.0484,20.04877],[73.04843,20.04876],[73.04846,20.04874],[73.04848,20.04871],[73.0485,20.0487],[73.04852,20.04868],[73.04852,20.04867],[73.04852,20.04864],[73.04849,20.04864],[73.04847,20.04864],[73.04844,20.04865],[73.04841,20.04865],[73.04838,20.04863],[73.04838,20.04861],[73.04839,20.04859],[73.0484,20.04858],[73.04842,20.04857],[73.04845,20.04856],[73.04846,20.04852],[73.04849,20.0485],[73.04852,20.04846],[73.04854,20.04845],[73.04856,20.04844],[73.04855,20.04842],[73.04859,20.04839],[73.04862,20.04836],[73.04866,20.04833],[73.04865,20.0483],[73.04866,20.04826],[73.04865,20.04824],[73.04866,20.04823],[73.04867,20.04819],[73.04868,20.04816],[73.04871,20.04815],[73.04874,20.04812],[73.04871,20.04808],[73.04868,20.04803],[73.04871,20.04801],[73.0488,20.04801],[73.04886,20.04793],[73.0489,20.04783],[73.04897,20.04774],[73.04902,20.04769],[73.049,20.04762],[73.04908,20.04751],[73.04899,20.04751],[73.0489,20.04747],[73.04888,20.04743],[73.04882,20.04736],[73.04885,20.04728],[73.04882,20.04719],[73.04874,20.04712],[73.04869,20.04702],[73.0487,20.04695],[73.04865,20.04696],[73.0486,20.04694],[73.0485,20.04695],[73.04847,20.04691],[73.04841,20.04686],[73.04837,20.04681],[73.04829,20.04681],[73.0482,20.04676],[73.04822,20.04673],[73.04819,20.04669],[73.04814,20.04665],[73.04813,20.0466],[73.04813,20.04655],[73.04808,20.04654],[73.04801,20.04647],[73.04803,20.04642],[73.04795,20.04638],[73.04796,20.04631],[73.04789,20.04622],[73.0479,20.04611],[73.0479,20.04598],[73.04789,20.04587],[73.0479,20.04577],[73.04794,20.04568],[73.04792,20.04559],[73.04791,20.04547],[73.04791,20.04543],[73.04793,20.04528],[73.04791,20.04519],[73.04788,20.0451],[73.04793,20.04501],[73.04796,20.04491],[73.04799,20.0448],[73.04795,20.04474],[73.04795,20.04464],[73.04791,20.04457],[73.04792,20.04442],[73.04795,20.04426],[73.04797,20.04415],[73.04795,20.0441],[73.04793,20.04398],[73.04791,20.04391],[73.04792,20.04385],[73.04791,20.04371],[73.04787,20.04361],[73.0479,20.04354],[73.04787,20.04339],[73.04785,20.04331],[73.04785,20.04322],[73.04785,20.04317],[73.04782,20.04306],[73.0478,20.04296],[73.04779,20.04285],[73.04772,20.04284],[73.04766,20.0428],[73.0476,20.04273],[73.04754,20.04266],[73.04751,20.04267],[73.04743,20.04259],[73.04737,20.04251],[73.04734,20.04242],[73.04725,20.04239],[73.04724,20.04233],[73.04716,20.04226],[73.04717,20.0422],[73.04718,20.04206],[73.04714,20.04197],[73.04711,20.04184],[73.04706,20.04174],[73.04696,20.04169],[73.04678,20.04166],[73.04663,20.04168],[73.04648,20.04168],[73.04637,20.04163],[73.0462,20.04164],[73.04606,20.04163],[73.04597,20.04168],[73.04587,20.04164],[73.04577,20.04166],[73.04561,20.04156],[73.04545,20.04149],[73.04537,20.04132],[73.04535,20.04125],[73.04533,20.04117],[73.0453,20.04109],[73.0453,20.04104],[73.04525,20.04096],[73.04525,20.04092],[73.04524,20.04085],[73.04522,20.04079],[73.0452,20.04072],[73.04518,20.04064],[73.04516,20.04056],[73.04518,20.0405],[73.04514,20.04043],[73.04513,20.04036],[73.04511,20.04028],[73.04513,20.0402],[73.04517,20.04013],[73.04515,20.04007],[73.04511,20.03996],[73.04505,20.03992],[73.04495,20.03993],[73.04486,20.03994],[73.04483,20.03988],[73.04479,20.0398],[73.04475,20.03971],[73.04475,20.03966],[73.04482,20.03957],[73.04484,20.03951],[73.04487,20.03945],[73.04485,20.0394],[73.04487,20.03932],[73.04483,20.03926],[73.04483,20.03918],[73.04487,20.0391],[73.04491,20.03903],[73.04499,20.03894],[73.04503,20.03885]]]},"properties":{"id":"trail_r15571023","type":"trail","name":"Gambhirgad peak","name_local":null,"category":"regional hiking route","source":"openstreetmap","source_id":"relation/15571023","updated_at":"2023-03-06T09:09:33Z","tags":{"network":"rwn"}}},{"type":"Feature","geometry":{"type":"MultiLineString","coordinates":[[[72.93702,20.01286],[72.93727,20.01279],[72.93747,20.01271],[72.93764,20.01224],[72.93777,20.01209],[72.93792,20.01203],[72.93823,20.01198],[72.93848,20.01172],[72.93861,20.01154],[72.93876,20.01138],[72.93891,20.01117],[72.93909,20.01068],[72.93926,20.01058],[72.9395,20.01057],[72.9397,20.0104],[72.93993,20.01033],[72.9401,20.01016],[72.94031,20.01019],[72.9407,20.01025],[72.94111,20.00997],[72.94175,20.0099],[72.94216,20.00984],[72.94248,20.01],[72.94291,20.00996],[72.94297,20.00966],[72.94316,20.00919],[72.94325,20.00906],[72.94373,20.0088],[72.94408,20.00891],[72.944,20.0085],[72.94396,20.00797],[72.94392,20.00753],[72.94365,20.00725],[72.94347,20.00702],[72.94347,20.00664],[72.94354,20.00636],[72.94333,20.00618],[72.94329,20.00615],[72.94347,20.00587],[72.94371,20.00554],[72.94406,20.00535],[72.94419,20.00513],[72.94426,20.00474],[72.94455,20.00469],[72.94485,20.00507],[72.9451,20.00539],[72.94551,20.00557],[72.94609,20.00565],[72.94672,20.00563],[72.94716,20.00549],[72.94733,20.00549],[72.94749,20.00559],[72.94756,20.00559],[72.94786,20.00572],[72.94804,20.00545],[72.94823,20.00539]]]},"properties":{"id":"trail_r15571024","type":"trail","name":"Segvagad Fort","name_local":null,"category":"regional hiking route","source":"openstreetmap","source_id":"relation/15571024","updated_at":"2023-03-06T09:09:33Z","tags":{"network":"rwn"}}},{"type":"Feature","geometry":{"type":"MultiLineString","coordinates":[[[72.92188,19.80386],[72.92166,19.80404],[72.92151,19.80423],[72.92137,19.80453],[72.9213,19.80482],[72.92101,19.80498],[72.92066,19.80512],[72.92025,19.80528],[72.92,19.80539],[72.9196,19.80545],[72.91915,19.8055],[72.91887,19.80549],[72.91876,19.80561],[72.91868,19.80605],[72.91844,19.80624],[72.9183,19.80643],[72.91816,19.80681],[72.91806,19.80705],[72.91785,19.80718],[72.91762,19.80734],[72.91737,19.80755],[72.91743,19.80796],[72.91734,19.80824],[72.91722,19.80833],[72.91701,19.80837],[72.91673,19.8085],[72.91658,19.80859],[72.91643,19.80851],[72.91611,19.80853],[72.91569,19.80859],[72.91529,19.80889],[72.91496,19.80919],[72.9147,19.80968],[72.91443,19.81007],[72.91416,19.811],[72.91381,19.81211],[72.91321,19.81278],[72.91302,19.81355],[72.91302,19.81419],[72.91321,19.81476],[72.91317,19.81548],[72.913,19.81629],[72.91315,19.81712],[72.9136,19.81766],[72.91401,19.81815],[72.91474,19.81885],[72.9151,19.81956],[72.91574,19.82035],[72.91587,19.82126],[72.91592,19.8218],[72.9157,19.82223],[72.9159,19.82297],[72.91617,19.82334],[72.9169,19.82328],[72.91714,19.8231],[72.9175,19.82327],[72.9177,19.82317],[72.91799,19.82277],[72.91838,19.82259],[72.91883,19.8226],[72.91934,19.82263],[72.91983,19.82266],[72.92051,19.82218],[72.92086,19.82195],[72.9211,19.82171],[72.92136,19.82139],[72.92153,19.82098],[72.92155,19.82067],[72.9216,19.82047],[72.92189,19.82042],[72.92227,19.82052],[72.92261,19.82062],[72.92285,19.82047],[72.92321,19.82036],[72.92318,19.82072],[72.92308,19.82098],[72.92276,19.82109],[72.92251,19.82135],[72.92229,19.82148],[72.92198,19.82143],[72.92175,19.82138],[72.92159,19.82129],[72.92136,19.82139]]]},"properties":{"id":"trail_r15571025","type":"trail","name":"Asherigad Fort","name_local":null,"category":"regional hiking route","source":"openstreetmap","source_id":"relation/15571025","updated_at":"2023-03-06T09:09:33Z","tags":{"network":"rwn"}}},{"type":"Feature","geometry":{"type":"MultiLineString","coordinates":[[[72.92343,19.80492],[72.92354,19.80481],[72.9237,19.80472],[72.92395,19.80469],[72.92417,19.80469],[72.92431,19.80469],[72.92441,19.80473],[72.92453,19.80483],[72.92465,19.80484],[72.9247,19.80481],[72.9247,19.80471],[72.92464,19.80466],[72.92466,19.8046],[72.92459,19.8045],[72.92456,19.80441],[72.92466,19.80428],[72.92483,19.80426],[72.92488,19.80414],[72.92486,19.80401],[72.925,19.80389],[72.92507,19.8038],[72.92515,19.80373],[72.9252,19.80362],[72.92527,19.80359],[72.92533,19.80348],[72.92547,19.80335],[72.92549,19.80322],[72.9255,19.80315],[72.92553,19.80305],[72.92542,19.80295],[72.92551,19.80284],[72.92554,19.80261],[72.92559,19.80259],[72.92579,19.80271],[72.92584,19.80265],[72.92585,19.80247],[72.926,19.80238],[72.92605,19.80213],[72.92623,19.80201],[72.92633,19.80177],[72.92653,19.80164],[72.9266,19.80151],[72.92669,19.80138],[72.92676,19.80126],[72.92681,19.80119],[72.92687,19.80101],[72.92692,19.80093],[72.92697,19.80077],[72.92701,19.8006],[72.92702,19.80044],[72.92699,19.80039],[72.92699,19.80025],[72.92697,19.8002],[72.92699,19.80009],[72.92697,19.79996],[72.92699,19.79984],[72.92706,19.79974],[72.92717,19.79973],[72.92718,19.79967],[72.92729,19.79964],[72.92737,19.79961],[72.92744,19.79955],[72.92751,19.7995],[72.92758,19.79943],[72.92758,19.79939],[72.92771,19.79932],[72.92777,19.79933],[72.92785,19.79932],[72.9279,19.79918],[72.92794,19.79916],[72.92799,19.79917],[72.92803,19.79908],[72.92808,19.79901],[72.92816,19.79906],[72.9282,19.79908],[72.92821,19.79915],[72.92829,19.79916],[72.92834,19.79925],[72.92843,19.7993],[72.92853,19.79938],[72.92862,19.79945],[72.92874,19.79952],[72.92888,19.79961],[72.92895,19.79968],[72.92907,19.79969],[72.92924,19.79964],[72.92932,19.79967],[72.92938,19.79963],[72.92947,19.79962],[72.92949,19.79972],[72.92953,19.79976],[72.92961,19.79976],[72.92965,19.79982],[72.92972,19.79984],[72.9298,19.79992],[72.92987,19.79995],[72.92999,19.80005],[72.93,19.80012],[72.92997,19.80017],[72.93001,19.80023],[72.93005,19.8003],[72.93011,19.80035],[72.93019,19.80034],[72.93035,19.80034],[72.93047,19.80062],[72.93056,19.80093],[72.9307,19.80123],[72.93085,19.80144],[72.93104,19.80163],[72.93134,19.80178],[72.93173,19.80176],[72.93194,19.80165],[72.93218,19.80155],[72.93235,19.8015],[72.9325,19.80156],[72.93267,19.80154],[72.93281,19.80149],[72.93288,19.80141],[72.93293,19.80124],[72.93304,19.80101],[72.93313,19.80082],[72.93314,19.80073],[72.93315,19.80063],[72.93322,19.80059],[72.9332,19.80055],[72.93316,19.80048],[72.93308,19.8004],[72.93307,19.80034],[72.93311,19.80035],[72.93316,19.80032],[72.93311,19.80029],[72.93305,19.80023],[72.93297,19.80016],[72.93291,19.80005],[72.93286,19.79998],[72.93282,19.79996],[72.93275,19.79988],[72.93277,19.79981],[72.93266,19.79979],[72.93261,19.79967],[72.93258,19.79961],[72.93251,19.79955],[72.93251,19.79949],[72.93252,19.79943],[72.93241,19.79932],[72.93242,19.79918],[72.93234,19.79907],[72.93238,19.79897],[72.9323,19.79883],[72.9322,19.79866],[72.93218,19.79841],[72.9322,19.79866],[72.9323,19.79883],[72.93238,19.79897],[72.93234,19.79907],[72.93242,19.79918],[72.93241,19.79932],[72.93252,19.79943],[72.93251,19.79949],[72.93251,19.79955],[72.93258,19.79961],[72.93261,19.79967],[72.93266,19.79979],[72.93277,19.79981],[72.93275,19.79988],[72.93282,19.79996],[72.93286,19.79998],[72.93291,19.80005],[72.93297,19.80016],[72.93305,19.80023],[72.93311,19.80029],[72.93316,19.80032],[72.93311,19.80035],[72.93307,19.80034],[72.93308,19.8004],[72.93316,19.80048],[72.9332,19.80055],[72.93322,19.80059],[72.93315,19.80063],[72.93314,19.80073],[72.93313,19.80082],[72.93304,19.80101],[72.93293,19.80124],[72.93288,19.80141],[72.93281,19.80149],[72.93267,19.80154],[72.9325,19.80156],[72.93242,19.80173],[72.93234,19.80191],[72.93233,19.8022],[72.93231,19.80256],[72.93225,19.80292],[72.93224,19.80311],[72.93233,19.8033],[72.93241,19.80341],[72.93247,19.80354],[72.9323,19.80362],[72.9322,19.80376],[72.93212,19.80394],[72.93192,19.80404],[72.93176,19.80412],[72.93164,19.80427],[72.93154,19.80447],[72.93143,19.8047],[72.93109,19.80467],[72.93094,19.80465],[72.93077,19.80481],[72.93061,19.80483],[72.93035,19.80499],[72.9303,19.80512],[72.93011,19.80525],[72.92999,19.80539],[72.92972,19.80537],[72.92949,19.80526],[72.92934,19.80522],[72.92919,19.80515],[72.92911,19.80522],[72.92899,19.80519],[72.92886,19.80519],[72.92875,19.80513],[72.92866,19.80513],[72.92859,19.8052],[72.92846,19.80514],[72.92825,19.80535],[72.9282,19.80559],[72.92814,19.80578],[72.92805,19.80591],[72.92805,19.80612],[72.92794,19.80612],[72.92789,19.80634],[72.9278,19.80649],[72.92762,19.80642],[72.92748,19.80646],[72.92733,19.80642],[72.92715,19.80641],[72.92696,19.80633],[72.92677,19.80632],[72.92662,19.8063],[72.92652,19.80623],[72.92644,19.80609],[72.92621,19.80609],[72.92602,19.8062],[72.92589,19.80617],[72.92572,19.80617],[72.92563,19.80622],[72.92563,19.80628],[72.92553,19.80632],[72.92537,19.8064]]]},"properties":{"id":"trail_r15571026","type":"trail","name":"Adsule Pinnacle","name_local":null,"category":"regional hiking route","source":"openstreetmap","source_id":"relation/15571026","updated_at":"2023-03-06T09:09:33Z","tags":{"network":"rwn"}}},{"type":"Feature","geometry":{"type":"MultiLineString","coordinates":[[[73.00569,19.6729],[73.00547,19.67263],[73.00517,19.67245],[73.0048,19.67236],[73.00445,19.67242],[73.00417,19.67245],[73.00368,19.6726],[73.00364,19.67239],[73.00352,19.67222],[73.0035,19.67205],[73.00346,19.67182],[73.00337,19.67154],[73.00323,19.67138],[73.00323,19.6712],[73.00314,19.67104],[73.00298,19.67088],[73.00272,19.67056],[73.00245,19.6703],[73.00226,19.6701],[73.00203,19.66991],[73.0018,19.66967],[73.00152,19.66943],[73.00125,19.66924],[73.00129,19.66902],[73.00124,19.6689],[73.00124,19.66872],[73.00121,19.66853],[73.00095,19.66843],[73.00063,19.66818],[73.00025,19.66786],[72.99992,19.66758],[72.99967,19.66764],[72.99943,19.6675],[72.99919,19.66754],[72.99889,19.66745],[72.9985,19.66751],[72.99816,19.66747],[72.99788,19.66743],[72.99763,19.66737],[72.99741,19.66738],[72.99715,19.66754],[72.99702,19.6675],[72.99688,19.66736],[72.99671,19.66713],[72.99668,19.66688],[72.9966,19.66673],[72.99647,19.66659],[72.99645,19.6665],[72.99634,19.66618],[72.99619,19.66591],[72.99604,19.66571],[72.99587,19.6656],[72.99567,19.66539],[72.99564,19.66515],[72.99551,19.66501],[72.99532,19.66504],[72.99505,19.66496],[72.99498,19.6648],[72.99484,19.66468],[72.9947,19.66454],[72.99448,19.66444],[72.99433,19.66448],[72.99414,19.66458],[72.99397,19.6645],[72.99378,19.66455],[72.99356,19.66464],[72.99328,19.66476],[72.99294,19.66489],[72.99277,19.66501],[72.99245,19.66518],[72.99223,19.66526],[72.99207,19.66534],[72.9919,19.66545],[72.99181,19.66557],[72.99172,19.66575],[72.99166,19.66593],[72.99159,19.66623],[72.99147,19.66648],[72.99144,19.66664],[72.99131,19.66694],[72.99131,19.66718],[72.99125,19.66743],[72.9913,19.66756],[72.99117,19.66767],[72.99118,19.66778],[72.99119,19.66795],[72.99106,19.66818],[72.99102,19.66835],[72.99108,19.66859],[72.99102,19.66878],[72.99089,19.66899],[72.99058,19.66903],[72.99035,19.66905],[72.99025,19.66926],[72.99013,19.66946],[72.98988,19.66952],[72.98966,19.66946],[72.98946,19.66936],[72.98919,19.66937],[72.98895,19.6695],[72.98874,19.66962],[72.98874,19.66978],[72.98882,19.67003],[72.9889,19.6702],[72.98902,19.67036],[72.98916,19.67056],[72.98925,19.67076],[72.98926,19.67098],[72.98918,19.6712],[72.98912,19.67131],[72.98908,19.67143],[72.98903,19.67159],[72.98902,19.67179],[72.98882,19.67197],[72.98886,19.67209],[72.98903,19.67204],[72.98914,19.67194],[72.98923,19.67181],[72.98932,19.67163],[72.9895,19.67166]]]},"properties":{"id":"trail_r15571029","type":"trail","name":"Kohoj Fort","name_local":null,"category":"regional hiking route","source":"openstreetmap","source_id":"relation/15571029","updated_at":"2023-03-06T09:09:33Z","tags":{"network":"rwn"}}},{"type":"Feature","geometry":{"type":"MultiLineString","coordinates":[[[73.26833,19.47161],[73.26828,19.47164],[73.2683,19.47178],[73.26829,19.47191],[73.26834,19.47206],[73.26843,19.47208],[73.26848,19.47215],[73.26833,19.47236],[73.26817,19.4726],[73.268,19.47286],[73.26767,19.4732],[73.26747,19.47342],[73.26726,19.47368],[73.26697,19.47392],[73.26666,19.47417],[73.26627,19.47432],[73.26598,19.47443],[73.26579,19.47464],[73.26571,19.47497],[73.26586,19.47515],[73.26601,19.47533],[73.2662,19.47552],[73.26627,19.47581],[73.26632,19.4761],[73.26629,19.47635],[73.26622,19.4765],[73.26619,19.47672],[73.26626,19.4769],[73.2662,19.47711],[73.26603,19.47735],[73.26607,19.47773],[73.26615,19.47796],[73.26604,19.47805],[73.26581,19.47804],[73.26555,19.4782],[73.26536,19.47835],[73.26509,19.47846],[73.2648,19.47855],[73.26454,19.47877],[73.26449,19.47906],[73.26446,19.47928],[73.26434,19.47942],[73.26407,19.47964],[73.26383,19.47987],[73.26355,19.48005],[73.26323,19.48006],[73.26287,19.47995],[73.26244,19.48002],[73.26212,19.48012],[73.262,19.48026],[73.26186,19.48041],[73.26181,19.48058],[73.26173,19.48077],[73.26148,19.48102],[73.26133,19.48098],[73.26113,19.48118],[73.26094,19.48143],[73.26081,19.48162],[73.26063,19.48175],[73.26054,19.48177],[73.26051,19.48186],[73.2604,19.48174],[73.26032,19.48176],[73.26029,19.48188],[73.2602,19.48187],[73.26004,19.48185],[73.2598,19.48207],[73.2595,19.48229],[73.25935,19.48251],[73.25918,19.48272],[73.25916,19.48294],[73.25924,19.48322],[73.2594,19.48349],[73.2594,19.48365],[73.25928,19.48371],[73.25914,19.48387],[73.25906,19.48403],[73.25892,19.48414],[73.25872,19.48409],[73.25851,19.48414],[73.25836,19.48428],[73.25819,19.48441],[73.25802,19.48464],[73.25783,19.48491],[73.25766,19.48505],[73.25744,19.4852],[73.25717,19.48544],[73.25694,19.48569],[73.25677,19.4859],[73.25647,19.48603],[73.25623,19.48621],[73.256,19.4865],[73.25578,19.4867],[73.25562,19.4869],[73.25524,19.48709],[73.25505,19.48716],[73.25487,19.48725],[73.25474,19.48729],[73.25459,19.4873],[73.25451,19.48724],[73.25439,19.48715],[73.25424,19.4871],[73.25416,19.48717],[73.25401,19.4872],[73.25394,19.4871],[73.25386,19.48712],[73.25386,19.48722],[73.25391,19.48729],[73.25378,19.48731],[73.25364,19.48733],[73.2535,19.48733],[73.2534,19.48729],[73.25325,19.4872],[73.25316,19.48707],[73.25309,19.48697],[73.25302,19.4871],[73.25299,19.48721],[73.25296,19.48737],[73.25286,19.48749],[73.25268,19.48738],[73.25216,19.48748],[73.25195,19.48762],[73.25157,19.4876],[73.2512,19.48793],[73.25116,19.48833],[73.25094,19.48834],[73.25083,19.48809],[73.25075,19.4878],[73.2507,19.48739],[73.25061,19.48712],[73.25052,19.48681],[73.25052,19.48653],[73.2505,19.48625],[73.25053,19.48602],[73.25051,19.48591],[73.25038,19.48562],[73.25017,19.48543],[73.25015,19.48529],[73.25006,19.48489],[73.25011,19.48469],[73.25026,19.48454],[73.25033,19.48425],[73.25043,19.48407],[73.25031,19.48397],[73.25029,19.48386],[73.25016,19.48368],[73.25004,19.48337],[73.24983,19.48318],[73.24997,19.48301],[73.25001,19.48287],[73.24992,19.48254],[73.24972,19.48227],[73.24957,19.48203],[73.24936,19.48194],[73.24913,19.48176],[73.24888,19.48168],[73.24866,19.48152],[73.2486,19.4813],[73.24848,19.48112],[73.24832,19.48101],[73.24817,19.48072],[73.24808,19.48042],[73.24785,19.48031],[73.24761,19.4802],[73.2474,19.48013],[73.24708,19.48012],[73.24682,19.48004],[73.24666,19.47982],[73.24653,19.47973],[73.24628,19.47968],[73.24612,19.47955],[73.24603,19.47938],[73.24588,19.47937],[73.24596,19.47912],[73.24602,19.47898],[73.24592,19.47893],[73.24592,19.47869],[73.24567,19.47841],[73.24528,19.47812],[73.24511,19.47774],[73.24511,19.47744],[73.24522,19.47717],[73.24522,19.47686],[73.24537,19.47653],[73.24561,19.47614],[73.24595,19.47618],[73.2462,19.47598],[73.24649,19.47572],[73.24655,19.47533],[73.24669,19.47487],[73.24655,19.47533],[73.24649,19.47572],[73.2462,19.47598],[73.24595,19.47618],[73.24561,19.47614],[73.24537,19.47653],[73.24522,19.47686],[73.24522,19.47717],[73.24511,19.47744],[73.24511,19.47774],[73.24528,19.47812],[73.24567,19.47841],[73.24592,19.47869],[73.24592,19.47893],[73.24602,19.47898],[73.24596,19.47912],[73.24588,19.47937],[73.24603,19.47938],[73.24612,19.47955],[73.24628,19.47968],[73.24653,19.47973],[73.24666,19.47982],[73.24682,19.48004],[73.24708,19.48012],[73.2474,19.48013],[73.24761,19.4802],[73.24785,19.48031],[73.24808,19.48042],[73.24817,19.48072],[73.24832,19.48101],[73.24848,19.48112],[73.2486,19.4813],[73.24866,19.48152],[73.24888,19.48168],[73.24913,19.48176],[73.24936,19.48194],[73.24957,19.48203],[73.24972,19.48227],[73.24992,19.48254],[73.25001,19.48287],[73.24997,19.48301],[73.24983,19.48318],[73.25004,19.48337],[73.25016,19.48368],[73.25029,19.48386],[73.25031,19.48397],[73.25043,19.48407],[73.25033,19.48425],[73.25026,19.48454],[73.25011,19.48469],[73.25006,19.48489],[73.25015,19.48529],[73.25017,19.48543],[73.25038,19.48562],[73.25051,19.48591],[73.25053,19.48602],[73.2505,19.48625],[73.25052,19.48653],[73.25052,19.48681],[73.25061,19.48712],[73.2507,19.48739],[73.25075,19.4878],[73.25083,19.48809],[73.25094,19.48834]],[[73.25086,19.48843],[73.25058,19.48871],[73.25044,19.48902],[73.25045,19.48935],[73.25073,19.48955],[73.25098,19.48963],[73.25092,19.48988],[73.25116,19.49015],[73.25122,19.49035],[73.25116,19.49066],[73.25104,19.49108],[73.25099,19.49134],[73.25098,19.49175],[73.25115,19.49224],[73.25135,19.49265],[73.2514,19.49314],[73.25154,19.49341],[73.25174,19.49359],[73.25173,19.49397],[73.25191,19.49417],[73.25178,19.49443],[73.25202,19.49473],[73.25262,19.49472],[73.25295,19.49464],[73.25347,19.49463],[73.25383,19.49445],[73.25441,19.49433],[73.25503,19.49447],[73.25545,19.49435],[73.2557,19.49425],[73.25617,19.49442],[73.25651,19.49449],[73.25701,19.49455],[73.25744,19.49451],[73.25793,19.49446],[73.25825,19.49469]]]},"properties":{"id":"trail_r15571032","type":"trail","name":"Mahuli Fort","name_local":null,"category":"regional hiking route","source":"openstreetmap","source_id":"relation/15571032","updated_at":"2023-03-06T09:10:35Z","tags":{"network":"rwn"}}},{"type":"Feature","geometry":{"type":"MultiLineString","coordinates":[[[73.91,20.38831],[73.90966,20.38836],[73.90951,20.38856],[73.90931,20.38882],[73.90918,20.38914],[73.90911,20.38944],[73.90894,20.38981],[73.90875,20.39006],[73.90883,20.39046],[73.90884,20.3905],[73.90887,20.39056],[73.90881,20.39111],[73.90877,20.39151],[73.90874,20.39172],[73.90874,20.39175],[73.90866,20.39258],[73.90857,20.39417],[73.90825,20.395],[73.90819,20.39526],[73.90811,20.39564],[73.90821,20.39612],[73.90845,20.39709],[73.90848,20.39739],[73.90856,20.39779],[73.90813,20.39847],[73.90709,20.39932],[73.90667,20.3996],[73.90557,20.39982],[73.90504,20.40012],[73.90485,20.4002],[73.9047,20.40021],[73.90456,20.40017],[73.90446,20.40008],[73.90426,20.40002],[73.90415,20.40007],[73.9039,20.40014],[73.90376,20.40018],[73.90348,20.4002],[73.90314,20.40012],[73.90287,20.40005],[73.90241,20.40004],[73.90215,20.40004],[73.90147,20.40013],[73.90039,20.40034],[73.89954,20.4004],[73.89916,20.40049],[73.89885,20.40054],[73.89854,20.40063],[73.89839,20.40076],[73.89822,20.40103],[73.89817,20.40141],[73.89808,20.40215],[73.89806,20.40404],[73.89806,20.405],[73.89797,20.40636],[73.89805,20.40657],[73.89829,20.40712],[73.89859,20.40771],[73.89889,20.40799],[73.89914,20.40813],[73.89934,20.40811],[73.89948,20.408],[73.89949,20.40784],[73.89955,20.4074],[73.89982,20.40721],[73.8999,20.40713],[73.9001,20.40709],[73.90019,20.40704],[73.90033,20.40695],[73.90043,20.40684],[73.90061,20.40675],[73.90075,20.40665],[73.90093,20.40647],[73.90094,20.40633],[73.90093,20.40606],[73.90092,20.40582],[73.90095,20.40563],[73.90102,20.40548],[73.90119,20.40543],[73.9015,20.40536],[73.90176,20.40536],[73.90198,20.40529],[73.90232,20.40513],[73.9026,20.40499],[73.90273,20.40487],[73.90282,20.40457],[73.90279,20.4044],[73.90273,20.40421],[73.90265,20.40409],[73.90256,20.40396],[73.90253,20.4038],[73.9026,20.40365],[73.9027,20.40348],[73.90287,20.40336],[73.90302,20.40332],[73.90316,20.40329],[73.90344,20.40331],[73.90362,20.40338],[73.90383,20.40338],[73.90398,20.40332],[73.90414,20.40323],[73.90443,20.4032],[73.90462,20.40324],[73.90484,20.40331],[73.905,20.40342],[73.90515,20.40352],[73.90529,20.4036],[73.9055,20.40358],[73.9058,20.40349],[73.90591,20.4035],[73.90602,20.40355],[73.90603,20.40371],[73.90603,20.40388],[73.90591,20.40436],[73.90595,20.40464],[73.90602,20.40485],[73.90615,20.40509],[73.90649,20.40528],[73.90706,20.40591],[73.90729,20.40615],[73.90751,20.40631],[73.90798,20.40648],[73.90818,20.40663],[73.90849,20.40682],[73.90881,20.40692],[73.90902,20.40691],[73.90917,20.40684],[73.90937,20.40673],[73.90963,20.40681],[73.90989,20.40666],[73.91004,20.40653],[73.91023,20.40655],[73.91058,20.40664],[73.91114,20.40677],[73.91163,20.40693],[73.91188,20.40715],[73.91194,20.40728],[73.91198,20.40751],[73.91202,20.40777],[73.912,20.40815],[73.91217,20.40864],[73.91218,20.4089],[73.91218,20.40914],[73.91211,20.40929],[73.91199,20.40953],[73.91198,20.40969],[73.91207,20.40996],[73.91216,20.41017],[73.91237,20.41055],[73.9131,20.41189],[73.91348,20.41244],[73.91394,20.41321],[73.91427,20.4141],[73.91525,20.41664],[73.91537,20.417],[73.91549,20.41712],[73.91567,20.41702],[73.91593,20.41692],[73.91614,20.41678],[73.91638,20.41656],[73.91669,20.4163],[73.91692,20.41612],[73.91715,20.4161],[73.91741,20.41639],[73.91768,20.41681],[73.9181,20.41737],[73.91876,20.41809],[73.9189,20.41813],[73.91914,20.41818],[73.91931,20.41828],[73.91945,20.41843],[73.9197,20.41863],[73.9198,20.41864],[73.92003,20.41865],[73.92018,20.41875],[73.92053,20.41919],[73.92124,20.42025],[73.92142,20.42058],[73.92165,20.42075],[73.92185,20.42089],[73.92207,20.42131],[73.92221,20.42211],[73.92244,20.42301],[73.92267,20.42351],[73.9228,20.42411],[73.92284,20.42446],[73.92286,20.4248],[73.92292,20.42506],[73.923,20.42524],[73.92307,20.42542],[73.92315,20.42565],[73.92319,20.42589],[73.92326,20.42609],[73.92321,20.42618],[73.92309,20.42614],[73.92302,20.42603],[73.92299,20.42584],[73.92295,20.42564],[73.92279,20.42535],[73.92269,20.42512],[73.92261,20.42485],[73.92253,20.42458],[73.92247,20.4243],[73.92237,20.42404],[73.92216,20.42374],[73.9218,20.42325],[73.92171,20.42312],[73.92155,20.42287],[73.92146,20.42265],[73.92133,20.42242],[73.92124,20.42224],[73.92104,20.42198],[73.92084,20.42168],[73.9207,20.42133],[73.92061,20.4212],[73.92039,20.42106],[73.92012,20.42095],[73.91994,20.42085],[73.91979,20.42074],[73.91966,20.42064],[73.91957,20.42047],[73.91938,20.42033],[73.91924,20.42026],[73.91912,20.4202],[73.91877,20.42],[73.91855,20.41991],[73.91832,20.41996],[73.91808,20.41996],[73.91798,20.41991],[73.91793,20.41984],[73.91783,20.41955],[73.91766,20.41938],[73.91738,20.4193],[73.91717,20.41915],[73.91701,20.41906],[73.9168,20.41905],[73.91638,20.41924],[73.91549,20.41956],[73.91509,20.41968],[73.91488,20.41967],[73.91448,20.41949],[73.91403,20.41929],[73.91352,20.41913],[73.91282,20.41906],[73.91259,20.41901],[73.91243,20.41893],[73.91225,20.41879],[73.91201,20.41864],[73.91169,20.41847],[73.91147,20.41836],[73.91133,20.41832],[73.91123,20.41833],[73.91111,20.41847],[73.91102,20.41861],[73.91079,20.41889],[73.91049,20.41929],[73.91014,20.41973],[73.9097,20.42016],[73.90919,20.4205],[73.90905,20.42067],[73.90885,20.42092],[73.90862,20.42074],[73.90851,20.42069],[73.90809,20.42062],[73.90773,20.42059],[73.90681,20.42056],[73.90619,20.42056],[73.90573,20.42055],[73.90571,20.42071],[73.90556,20.42133],[73.90552,20.42145],[73.90548,20.42159],[73.90548,20.4217],[73.90555,20.42191],[73.90572,20.42277],[73.90583,20.42372],[73.90592,20.42511],[73.90619,20.4263],[73.90632,20.42682],[73.90632,20.42721],[73.90622,20.42809],[73.9062,20.42834],[73.9062,20.42928],[73.90617,20.43104],[73.90613,20.43196],[73.9062,20.43284],[73.90618,20.43361],[73.90617,20.43439],[73.90611,20.43516],[73.90611,20.43523],[73.90619,20.43606],[73.90618,20.43671],[73.90627,20.43722],[73.90649,20.4382],[73.9067,20.4386],[73.90707,20.43924],[73.90744,20.43986],[73.90788,20.44047],[73.90803,20.44069],[73.90812,20.44087],[73.90813,20.44099],[73.90814,20.4411],[73.90807,20.44126],[73.90802,20.44135],[73.90784,20.44161],[73.9078,20.44209],[73.90778,20.44235],[73.90774,20.44254],[73.90767,20.44271],[73.90764,20.44295],[73.90762,20.44322],[73.90767,20.44343],[73.90757,20.44344],[73.90752,20.44339],[73.90745,20.44328],[73.90736,20.44318],[73.90723,20.44311],[73.90708,20.44301],[73.90696,20.44281],[73.9067,20.44242],[73.9064,20.44205],[73.90592,20.44169],[73.90556,20.4414],[73.90515,20.44102],[73.90474,20.44066],[73.90423,20.44021],[73.90373,20.43983],[73.90343,20.43954],[73.90306,20.43915],[73.90268,20.43868],[73.90228,20.4383],[73.90182,20.43794],[73.90131,20.43765],[73.90071,20.43723],[73.90024,20.43693],[73.8997,20.43657],[73.89947,20.43639]],[[74.14471,20.37416],[74.14467,20.37392],[74.1448,20.37342],[74.14488,20.373],[74.14485,20.37263],[74.1452,20.37256],[74.14529,20.37195],[74.14526,20.37164],[74.14493,20.37132],[74.14448,20.37097],[74.14444,20.37055],[74.14451,20.36958],[74.14442,20.36859],[74.14398,20.36868],[74.14333,20.36856],[74.14246,20.36838],[74.14242,20.36802],[74.14203,20.36786],[74.14154,20.36774],[74.14086,20.36771],[74.14055,20.36764],[74.13992,20.36756],[74.13942,20.36733],[74.13898,20.3673],[74.13859,20.3672],[74.13774,20.36738],[74.13754,20.36728],[74.13746,20.3673],[74.13706,20.36746],[74.13697,20.36724],[74.13697,20.36685],[74.13708,20.36661],[74.13682,20.36651],[74.13658,20.36648],[74.13633,20.36651],[74.13605,20.36645],[74.13569,20.36645],[74.13556,20.36649],[74.1355,20.36644],[74.13525,20.36588],[74.13486,20.36558],[74.13466,20.36486],[74.13503,20.36489],[74.13504,20.3643],[74.13436,20.36426],[74.13368,20.36423],[74.13349,20.36357],[74.13327,20.36285],[74.13304,20.36211],[74.13216,20.36189],[74.13195,20.36162],[74.1316,20.36145]],[[74.25184,20.34611],[74.25209,20.34621],[74.25216,20.34627],[74.25192,20.34699],[74.25191,20.34702],[74.25189,20.34707],[74.25174,20.34754],[74.25149,20.34827],[74.2513,20.34857],[74.25093,20.34922],[74.25049,20.34993],[74.25029,20.35016],[74.24998,20.35052],[74.24935,20.3517],[74.24908,20.35212],[74.24878,20.35239],[74.24865,20.35253],[74.24859,20.3527],[74.24846,20.35365],[74.24821,20.35421],[74.24817,20.35439],[74.24788,20.35565],[74.24783,20.3558],[74.24764,20.35629],[74.24763,20.35654],[74.2477,20.3569],[74.24785,20.35737],[74.24784,20.35835],[74.24791,20.35883],[74.24793,20.35904],[74.24784,20.35953],[74.24757,20.36032],[74.24748,20.36053],[74.24747,20.36092],[74.24742,20.36118],[74.24731,20.36138],[74.24703,20.36161],[74.24683,20.36179],[74.24666,20.36211],[74.24631,20.36259],[74.24615,20.36308]],[[74.10799,20.37927],[74.10765,20.37908],[74.10748,20.37899],[74.10739,20.37893],[74.10702,20.37885],[74.10651,20.37856],[74.10603,20.37812],[74.1057,20.37759],[74.10523,20.37717],[74.1052,20.37712],[74.10493,20.37669],[74.10478,20.3765],[74.10455,20.37633],[74.10422,20.37614],[74.10413,20.37599],[74.10394,20.37588],[74.10369,20.3758],[74.10313,20.37547],[74.10298,20.37531]],[[73.91137,20.38735],[73.91138,20.38761],[73.91162,20.3878],[73.9116,20.38816],[73.91146,20.38832],[73.91089,20.38833],[73.91017,20.38802]]]},"properties":{"id":"trail_r15571617","type":"trail","name":"Chandwad to Saptashrungi","name_local":null,"category":"regional hiking route","source":"openstreetmap","source_id":"relation/15571617","updated_at":"2026-07-14T21:57:29Z","tags":{"network":"rwn"}}},{"type":"Feature","geometry":{"type":"MultiLineString","coordinates":[[[73.61688,19.77931],[73.61705,19.77927],[73.61723,19.77924],[73.61751,19.77926],[73.61782,19.77915],[73.61792,19.77905],[73.61798,19.7789],[73.61809,19.77867],[73.61802,19.77846],[73.61802,19.77818],[73.618,19.77784],[73.61796,19.7776],[73.61794,19.77739],[73.61793,19.77717],[73.6179,19.77685],[73.61796,19.77657],[73.61808,19.77659],[73.61817,19.77678],[73.61827,19.77704],[73.61833,19.77726],[73.61837,19.7773],[73.61848,19.77702],[73.61856,19.77673],[73.61859,19.77656],[73.61861,19.77643],[73.61872,19.77617],[73.61879,19.77584],[73.61881,19.77555],[73.6189,19.77525],[73.61896,19.77504],[73.61911,19.77485],[73.61928,19.77462],[73.61933,19.77444],[73.61931,19.77416],[73.61959,19.77381],[73.61981,19.77372],[73.61983,19.77353],[73.61986,19.77341],[73.61992,19.77321],[73.61979,19.77308],[73.61969,19.77301],[73.61955,19.77293],[73.61938,19.77291],[73.61918,19.77298],[73.619,19.77279],[73.6189,19.77266],[73.61876,19.77261],[73.61861,19.77244],[73.61851,19.77242],[73.61841,19.77238],[73.61833,19.77232],[73.61828,19.77225],[73.6182,19.77219],[73.61814,19.77215],[73.61811,19.7722],[73.61807,19.77213],[73.61799,19.77212],[73.61795,19.77216],[73.61787,19.77218],[73.61784,19.77215],[73.61784,19.77213],[73.6178,19.7721],[73.61775,19.77211],[73.61772,19.77212],[73.61766,19.7721],[73.61764,19.77208],[73.61758,19.7721],[73.61754,19.7721],[73.61753,19.77208],[73.61748,19.77207],[73.61745,19.77205],[73.6174,19.77203],[73.61739,19.772],[73.61737,19.77198],[73.61733,19.77198],[73.61732,19.77195],[73.61729,19.77192],[73.61728,19.77188],[73.61726,19.77187],[73.61725,19.77183],[73.61721,19.77181],[73.61716,19.77182],[73.61712,19.77182],[73.6171,19.77181],[73.61709,19.77177],[73.61705,19.77175],[73.61702,19.77174],[73.61698,19.77173],[73.61695,19.77169],[73.61689,19.77166],[73.61686,19.77163],[73.61684,19.7716],[73.61681,19.77158],[73.61679,19.77153],[73.61677,19.77149],[73.61676,19.77147],[73.61674,19.77146],[73.61673,19.77143],[73.61669,19.7714],[73.6167,19.77136],[73.61668,19.77134],[73.61665,19.77131],[73.61662,19.77126],[73.61659,19.77125],[73.61655,19.77125],[73.6165,19.77128],[73.61649,19.77131],[73.61646,19.77134],[73.61645,19.77131],[73.61644,19.77128],[73.61639,19.77124],[73.61638,19.7712],[73.61638,19.77117],[73.61637,19.77113],[73.61635,19.7711],[73.6163,19.77105],[73.61627,19.77101],[73.61629,19.77097],[73.61628,19.77093],[73.61628,19.7709],[73.61626,19.77085],[73.61625,19.77083],[73.61623,19.7708],[73.6162,19.77076],[73.61617,19.77075],[73.61616,19.77073],[73.61612,19.77071],[73.61609,19.7707],[73.61603,19.77069],[73.61599,19.77067],[73.61597,19.77064],[73.61591,19.7706],[73.61589,19.77058],[73.61585,19.77056],[73.61581,19.77054],[73.61574,19.77051],[73.6157,19.77048],[73.61566,19.77045],[73.61563,19.77044],[73.6156,19.77041],[73.61556,19.77039],[73.61557,19.77032],[73.61553,19.77028],[73.61551,19.77025],[73.6155,19.77021],[73.61547,19.77018],[73.61541,19.77009],[73.61535,19.77007],[73.61529,19.77004],[73.61528,19.77],[73.61527,19.76999],[73.61527,19.76996],[73.61523,19.76991],[73.61523,19.76989],[73.61526,19.76983],[73.61523,19.7698],[73.61518,19.76975],[73.61516,19.76974],[73.61513,19.7697],[73.61509,19.76965],[73.61506,19.7696],[73.61501,19.76955],[73.61497,19.7695],[73.61495,19.76949],[73.61494,19.76947],[73.61487,19.76946],[73.61484,19.76942],[73.61482,19.76937],[73.61482,19.76936],[73.61479,19.7693],[73.61478,19.76925],[73.61479,19.76922],[73.61478,19.76918],[73.61477,19.76913],[73.61475,19.76906],[73.61471,19.76898],[73.61471,19.76896],[73.6147,19.76881],[73.61471,19.76869],[73.61467,19.7686],[73.61467,19.76851],[73.61466,19.76844],[73.61465,19.76837],[73.61467,19.76833],[73.61462,19.76831],[73.61464,19.76824],[73.61461,19.76823],[73.61455,19.7682],[73.61454,19.76816],[73.61448,19.76814],[73.61441,19.76815],[73.6144,19.76808],[73.61434,19.76797],[73.6143,19.76793],[73.61421,19.76792],[73.61417,19.76787],[73.61407,19.76787],[73.61399,19.76793],[73.61395,19.76802],[73.61392,19.76813],[73.61388,19.76818],[73.61387,19.76823],[73.61386,19.76827],[73.61385,19.76832],[73.61383,19.76836],[73.61383,19.7684],[73.61381,19.76842],[73.61379,19.76839]]]},"properties":{"id":"trail_r18536936","type":"trail","name":"Kavnai Fort (Rock climbing route)","name_local":null,"category":"regional hiking route","source":"openstreetmap","source_id":"relation/18536936","updated_at":"2025-01-11T17:14:16Z","tags":{"network":"rwn"}}},{"type":"Feature","geometry":{"type":"MultiLineString","coordinates":[[[73.62666,19.55208],[73.62667,19.55221],[73.6266,19.55242],[73.62653,19.55261],[73.6265,19.55257],[73.62647,19.55257],[73.62642,19.55258],[73.62635,19.55257],[73.62634,19.55261],[73.62629,19.55263],[73.62627,19.55267],[73.62628,19.55269],[73.62627,19.55271],[73.62631,19.55272],[73.62631,19.55277],[73.62633,19.55278],[73.62633,19.55281],[73.62633,19.55285],[73.62634,19.55291],[73.62634,19.55294],[73.62631,19.55294],[73.62631,19.55298],[73.6263,19.55305],[73.62627,19.55308],[73.62626,19.55311],[73.62629,19.55314],[73.6263,19.55319],[73.62632,19.55323],[73.62636,19.55327],[73.62636,19.55331],[73.62638,19.55334],[73.62637,19.55336],[73.62638,19.55338],[73.62637,19.55341],[73.62641,19.55341],[73.62644,19.55345],[73.62645,19.55351],[73.62644,19.55354],[73.62641,19.55359],[73.62638,19.55361],[73.62639,19.55363],[73.62637,19.55367],[73.62641,19.55369],[73.62643,19.55373],[73.62647,19.55375],[73.62645,19.55377],[73.62645,19.55379],[73.62643,19.5538],[73.62643,19.55382],[73.62645,19.55386],[73.62643,19.55389],[73.62641,19.5539],[73.62637,19.5539],[73.62637,19.55393],[73.62636,19.55395],[73.62638,19.55398],[73.6264,19.554],[73.62643,19.55402],[73.62643,19.55405],[73.62649,19.55408],[73.62649,19.55411],[73.6265,19.55414],[73.62648,19.55421],[73.62643,19.55425],[73.62646,19.55427],[73.62644,19.55431],[73.62643,19.55437],[73.62642,19.55441],[73.62643,19.55445],[73.62642,19.5545],[73.62642,19.55455],[73.62641,19.55459],[73.62638,19.55463],[73.6264,19.55466],[73.62641,19.55468],[73.62642,19.55472],[73.62645,19.55474],[73.62644,19.55476],[73.62642,19.55479],[73.62643,19.55482],[73.62646,19.55486],[73.6265,19.55488],[73.6265,19.55492],[73.62651,19.55496],[73.62654,19.55499],[73.62656,19.55503],[73.62657,19.55503],[73.62657,19.55507],[73.62656,19.55512],[73.62655,19.55516],[73.62655,19.55519],[73.62658,19.55522],[73.62658,19.55525],[73.62656,19.55529],[73.62654,19.55534],[73.62655,19.55537],[73.6266,19.55541],[73.62653,19.55545],[73.62651,19.55549],[73.6265,19.55552],[73.6265,19.55559],[73.62646,19.55562],[73.62647,19.55565],[73.62645,19.55568],[73.62645,19.55573],[73.62639,19.55577],[73.62639,19.55582],[73.62639,19.55587],[73.62635,19.55588],[73.62633,19.5559],[73.62627,19.55588],[73.62625,19.55585],[73.62625,19.55583],[73.62623,19.55579],[73.62625,19.55575],[73.62624,19.5557],[73.62626,19.55568],[73.62627,19.55564],[73.62625,19.5556],[73.62621,19.5556],[73.62621,19.55554],[73.62617,19.55553],[73.62615,19.55554],[73.62614,19.55558],[73.62611,19.5556],[73.62611,19.55565],[73.62608,19.55565],[73.62603,19.55561],[73.62601,19.55556],[73.62595,19.55554],[73.62593,19.55551],[73.62594,19.55547],[73.62592,19.55547],[73.62588,19.55544],[73.62584,19.5554],[73.6258,19.55538],[73.62579,19.55533],[73.62576,19.55529],[73.62582,19.55525],[73.62585,19.55521],[73.62581,19.55517],[73.62579,19.55516],[73.62576,19.55515],[73.62575,19.55512],[73.62571,19.55511],[73.62566,19.55506],[73.62559,19.55505],[73.62552,19.55499],[73.62547,19.55498],[73.62539,19.55492],[73.62536,19.55491],[73.62532,19.55488],[73.62531,19.55481],[73.62531,19.55476],[73.6253,19.55473],[73.62523,19.55472],[73.62521,19.5547],[73.62516,19.55469],[73.62511,19.55466],[73.62507,19.55465],[73.62505,19.55463],[73.62502,19.5546],[73.62499,19.5546],[73.62494,19.55457],[73.62493,19.55453],[73.62488,19.55449],[73.62484,19.55447],[73.62481,19.55444],[73.62477,19.55443],[73.6247,19.55443],[73.62466,19.5544],[73.62464,19.55436],[73.62464,19.55431],[73.62462,19.55428],[73.6246,19.55423],[73.62459,19.55419],[73.62458,19.55416],[73.62455,19.55412],[73.62454,19.55407],[73.62451,19.55403],[73.62451,19.55402],[73.62449,19.55399],[73.62445,19.55393],[73.62443,19.55389],[73.62441,19.55382],[73.62441,19.55375],[73.62438,19.55366],[73.62438,19.5536],[73.62433,19.55357],[73.62431,19.55354],[73.62431,19.5535],[73.62429,19.55347],[73.62428,19.55344],[73.6243,19.55343],[73.62428,19.55339],[73.6243,19.55334],[73.62427,19.55332],[73.62426,19.55329],[73.62422,19.55325],[73.62418,19.55321],[73.62412,19.55317],[73.62407,19.55313],[73.62404,19.55314],[73.624,19.55313],[73.62397,19.55309],[73.62395,19.55306],[73.6239,19.55304],[73.62387,19.55301],[73.62381,19.55297],[73.62377,19.55292],[73.62374,19.55291],[73.62371,19.55286],[73.62371,19.5528],[73.62371,19.55274],[73.62371,19.5527],[73.62365,19.55267],[73.62365,19.55262],[73.62366,19.55258],[73.62363,19.55254],[73.62363,19.55252],[73.62365,19.5525],[73.62365,19.55245],[73.62363,19.55238],[73.62356,19.55232],[73.62355,19.55228],[73.62353,19.55227],[73.62353,19.55223],[73.62349,19.55221],[73.62349,19.55218],[73.62352,19.55215],[73.62349,19.55206],[73.62349,19.552],[73.62348,19.55197],[73.62349,19.55195],[73.62347,19.55192],[73.62346,19.55189],[73.62346,19.55188],[73.62344,19.55186],[73.62344,19.55183],[73.62349,19.55179],[73.62347,19.55174],[73.62347,19.55171],[73.62345,19.55167],[73.62345,19.55164],[73.62347,19.55162],[73.62348,19.55157],[73.62345,19.55154],[73.62345,19.55152],[73.62339,19.55148],[73.62335,19.55148],[73.62331,19.55146],[73.62331,19.55144],[73.62324,19.55142],[73.62324,19.55138],[73.62321,19.55134],[73.62319,19.55129],[73.62316,19.55126],[73.62315,19.55121],[73.62312,19.55119],[73.62307,19.55114],[73.62304,19.55112],[73.62301,19.55112],[73.62298,19.55109],[73.62293,19.55103],[73.62289,19.55103],[73.62288,19.551],[73.62288,19.55094],[73.62286,19.55091],[73.62284,19.55087],[73.6228,19.55085],[73.62277,19.55084],[73.62272,19.55083],[73.62269,19.55084],[73.62266,19.55083],[73.62261,19.55083],[73.62258,19.5508],[73.62256,19.55079],[73.62252,19.55079],[73.62248,19.55077],[73.62241,19.55076],[73.62236,19.55077],[73.62234,19.55075],[73.6223,19.55075],[73.62228,19.55073],[73.62226,19.5507],[73.62224,19.55067],[73.62221,19.55066],[73.62219,19.55063],[73.62216,19.55062],[73.62212,19.55062],[73.62207,19.55059],[73.62203,19.55055],[73.622,19.55052],[73.62199,19.55047],[73.62195,19.55047],[73.6219,19.55049],[73.62188,19.55046],[73.62185,19.55046],[73.62184,19.55042],[73.62181,19.55039],[73.62182,19.55037],[73.62181,19.55033],[73.62179,19.55027],[73.62176,19.55022],[73.62178,19.55018],[73.62176,19.55014],[73.62172,19.55011],[73.62169,19.55007],[73.62164,19.55002],[73.62159,19.55001],[73.62155,19.55001],[73.62149,19.55001],[73.62144,19.55002],[73.62141,19.55],[73.62138,19.55],[73.62135,19.54997],[73.62132,19.54995],[73.62129,19.54995],[73.62126,19.54993],[73.62123,19.54993],[73.62119,19.54991],[73.62117,19.54989],[73.62113,19.54988],[73.6211,19.54988],[73.62107,19.54988],[73.62103,19.54986],[73.621,19.54985],[73.62095,19.54983],[73.62094,19.54978],[73.62089,19.54973],[73.62084,19.54977],[73.62081,19.54975],[73.62079,19.54977],[73.62076,19.54977],[73.62072,19.54973],[73.62069,19.54975],[73.62065,19.54973],[73.6206,19.5497],[73.62057,19.54967],[73.62053,19.54967],[73.62053,19.5497],[73.62055,19.54974],[73.62053,19.54976],[73.62046,19.54974],[73.62043,19.54971],[73.62039,19.54969],[73.62034,19.54968],[73.62031,19.54965],[73.62026,19.54964],[73.62024,19.54962],[73.62021,19.5496],[73.62017,19.54961],[73.62011,19.54961],[73.62004,19.54959],[73.62001,19.54962],[73.61996,19.5496],[73.61991,19.54959],[73.61988,19.54957],[73.61986,19.54958],[73.6198,19.54959],[73.61973,19.54959],[73.61969,19.54957],[73.61962,19.54961],[73.61956,19.54963],[73.61951,19.54964],[73.61949,19.54966],[73.61943,19.54966],[73.61941,19.54968],[73.61938,19.5497],[73.61936,19.54971],[73.61935,19.54975],[73.61929,19.54978],[73.61927,19.54978],[73.61923,19.54977],[73.61922,19.54979],[73.61917,19.54978],[73.61914,19.5498],[73.6191,19.54985],[73.61902,19.54987],[73.61898,19.54985],[73.6189,19.54983],[73.61888,19.54979],[73.61883,19.54979],[73.61877,19.5498],[73.61871,19.5498],[73.61862,19.54975],[73.61858,19.54975],[73.61855,19.54971],[73.61849,19.54968],[73.61844,19.54965],[73.61841,19.54963],[73.61838,19.54958],[73.61832,19.54957],[73.6183,19.54959],[73.61824,19.54956],[73.6182,19.54954],[73.61819,19.5495],[73.61814,19.54949],[73.61808,19.54949],[73.61802,19.54947],[73.618,19.54944],[73.61798,19.5494],[73.61796,19.54937],[73.61795,19.54933],[73.6179,19.54933],[73.61787,19.54933],[73.61782,19.54932],[73.61778,19.54933],[73.61772,19.54935],[73.6177,19.54937],[73.61764,19.5494],[73.61758,19.54943],[73.61753,19.54946],[73.61749,19.54948],[73.61745,19.54949],[73.61742,19.54953],[73.61737,19.54953],[73.61731,19.54954],[73.61725,19.54954],[73.61718,19.54952],[73.61714,19.5495],[73.61713,19.54948],[73.61708,19.54949],[73.61705,19.54945],[73.61705,19.54942],[73.61706,19.5494],[73.61705,19.54938],[73.61702,19.5494],[73.61698,19.54939],[73.61694,19.54937],[73.6169,19.54936],[73.61686,19.54934],[73.61682,19.54933],[73.61676,19.54932],[73.61675,19.54938],[73.61674,19.54938],[73.61672,19.54942],[73.61664,19.54942],[73.6166,19.54946],[73.61656,19.54949],[73.6165,19.54949],[73.61647,19.54951],[73.61643,19.54952],[73.61641,19.54954],[73.61636,19.54955],[73.61629,19.54961],[73.61625,19.54965],[73.61618,19.54968],[73.61613,19.54966],[73.61609,19.54963],[73.61607,19.54961],[73.61605,19.5496],[73.61602,19.54958],[73.616,19.54956],[73.61597,19.54955],[73.61591,19.54949],[73.61588,19.54946],[73.61581,19.54942],[73.61574,19.54943],[73.61569,19.54943],[73.61563,19.54942],[73.61556,19.54944],[73.6155,19.54946],[73.61543,19.54946],[73.61536,19.54947],[73.61528,19.54947],[73.61522,19.54943],[73.61515,19.54942],[73.6151,19.54942],[73.61505,19.5494],[73.61497,19.54941],[73.61491,19.54941],[73.61487,19.54942],[73.61473,19.54942],[73.61462,19.54938],[73.61453,19.54937],[73.61444,19.54937],[73.61434,19.54937],[73.61425,19.54943],[73.61415,19.54947],[73.61404,19.54952],[73.61393,19.54958],[73.61374,19.54951],[73.61365,19.54953],[73.61358,19.5496],[73.61353,19.54968],[73.61341,19.54967],[73.61336,19.54968],[73.61323,19.54964],[73.61312,19.5496],[73.61303,19.54963],[73.61296,19.54973],[73.61291,19.54981],[73.61284,19.54991],[73.61279,19.54999],[73.61278,19.55011],[73.61277,19.55022],[73.61269,19.55027],[73.61254,19.55029],[73.61245,19.55026],[73.61238,19.55024],[73.6123,19.55023],[73.61222,19.55024],[73.61216,19.5502],[73.61205,19.55019],[73.61204,19.55012],[73.61198,19.55012],[73.61193,19.55007],[73.61187,19.5501],[73.6118,19.5502],[73.61181,19.55031],[73.6118,19.55037],[73.61175,19.55036],[73.61172,19.55037],[73.6117,19.55034],[73.61167,19.55032],[73.61162,19.55029],[73.61157,19.55029],[73.61153,19.55026],[73.61148,19.55025],[73.61142,19.55022],[73.61137,19.55018],[73.61132,19.55016],[73.61129,19.55014],[73.61127,19.55011],[73.61125,19.55008],[73.61126,19.55005],[73.61125,19.55001],[73.61122,19.54998],[73.61119,19.5499],[73.61113,19.54985],[73.61117,19.54979],[73.61113,19.54975],[73.61116,19.54968],[73.61122,19.54964],[73.6113,19.54966],[73.61142,19.54965],[73.61139,19.54961],[73.6114,19.54953],[73.61138,19.54947],[73.61137,19.54934],[73.6114,19.54929],[73.61141,19.54923],[73.61142,19.54911],[73.61144,19.54908],[73.61147,19.54904],[73.61148,19.54899],[73.61145,19.54891],[73.61144,19.54885],[73.61145,19.5488],[73.61144,19.5487],[73.61141,19.54869],[73.61138,19.54859],[73.61139,19.54854],[73.61136,19.54849],[73.61131,19.54845],[73.61125,19.54838],[73.61119,19.54824],[73.61111,19.54817],[73.61107,19.54806],[73.61104,19.54796],[73.61104,19.54787],[73.611,19.54776],[73.61096,19.54757],[73.61089,19.54748],[73.61083,19.54737],[73.61076,19.54729],[73.61072,19.54721],[73.61066,19.54712],[73.61063,19.54706],[73.61056,19.547],[73.61045,19.54696],[73.61037,19.54689],[73.61037,19.5468],[73.61037,19.54671],[73.6103,19.54666],[73.61029,19.54654],[73.61019,19.54654],[73.61015,19.54645],[73.61012,19.54639],[73.61004,19.54639],[73.60999,19.54628],[73.60991,19.54626],[73.60989,19.54616],[73.60987,19.54611],[73.60991,19.54601],[73.60987,19.54594],[73.60987,19.54587],[73.60975,19.54587],[73.60965,19.54588],[73.60953,19.54592],[73.60946,19.54596],[73.60936,19.54599],[73.60922,19.54604],[73.60913,19.54606],[73.60908,19.5461],[73.60901,19.54614],[73.60892,19.54613],[73.60883,19.54611],[73.60872,19.54605],[73.60863,19.54599],[73.60853,19.54594],[73.6084,19.54589],[73.6083,19.54585],[73.6082,19.54577],[73.60811,19.54572],[73.60799,19.54572],[73.60788,19.54563],[73.60786,19.54556],[73.60776,19.54549],[73.60757,19.54544],[73.6075,19.54539],[73.60747,19.54535],[73.60744,19.54529],[73.60744,19.54521],[73.60741,19.5452],[73.60736,19.54521],[73.60729,19.54518],[73.60719,19.54514],[73.60719,19.54508],[73.60713,19.54506],[73.60708,19.54508],[73.60702,19.54508],[73.60698,19.54503],[73.60694,19.545],[73.60689,19.54497],[73.60684,19.54493],[73.60679,19.54488],[73.6067,19.54483],[73.60661,19.54479],[73.60648,19.54474],[73.60641,19.54471],[73.60634,19.54468],[73.60623,19.54462],[73.60616,19.54461],[73.6061,19.54459],[73.60607,19.54457],[73.606,19.54455],[73.60592,19.54452],[73.60587,19.54449],[73.6058,19.54447],[73.60571,19.54444],[73.60565,19.54439],[73.60557,19.5444],[73.60551,19.54438],[73.60544,19.54437],[73.60535,19.54436],[73.6053,19.54432],[73.60526,19.54427],[73.60523,19.54421],[73.60519,19.54414],[73.60517,19.54408],[73.60513,19.54404],[73.60509,19.544],[73.60502,19.54394],[73.605,19.54387],[73.60498,19.54382],[73.60492,19.5438],[73.60488,19.54376],[73.60484,19.54374],[73.60476,19.54369],[73.60472,19.54368],[73.60465,19.54364],[73.60458,19.54358],[73.60451,19.54353],[73.60447,19.54349],[73.60444,19.54345],[73.60439,19.54342],[73.60434,19.54339],[73.60427,19.54337],[73.6042,19.54336],[73.60415,19.54334],[73.60408,19.54331],[73.60405,19.54325],[73.60399,19.54321],[73.60394,19.54319],[73.60389,19.54318],[73.60385,19.54314],[73.60379,19.54311],[73.60371,19.54304],[73.60369,19.54302],[73.60365,19.543],[73.6036,19.54298],[73.60357,19.54293],[73.60354,19.54288],[73.60354,19.54282],[73.60352,19.5428],[73.60348,19.54275],[73.60342,19.54273],[73.60336,19.54272],[73.60331,19.54269],[73.60328,19.54268],[73.60322,19.54264],[73.60316,19.5426],[73.6031,19.54256],[73.60309,19.5425],[73.60307,19.54244],[73.60305,19.54239],[73.60302,19.54235],[73.60299,19.54234],[73.60294,19.54229],[73.60293,19.54223],[73.60289,19.54218],[73.60286,19.54214],[73.60281,19.5421],[73.60275,19.54206],[73.60267,19.54202],[73.60261,19.54201],[73.60255,19.54201],[73.60247,19.54201],[73.6024,19.54199],[73.60231,19.54197],[73.60224,19.54196],[73.60215,19.54197],[73.60209,19.54194],[73.60202,19.54194],[73.60194,19.54196],[73.60189,19.54195],[73.60185,19.542],[73.60178,19.54198],[73.60173,19.542],[73.6017,19.54197],[73.60162,19.54198],[73.6016,19.54196],[73.60154,19.54195],[73.60147,19.54196],[73.60143,19.54193],[73.6014,19.54193],[73.60136,19.54194],[73.60132,19.54194],[73.60119,19.54196],[73.601,19.54193],[73.60084,19.54187],[73.60075,19.54187],[73.60057,19.54185],[73.60041,19.54178],[73.6003,19.54182],[73.60011,19.54176],[73.5999,19.54163],[73.59975,19.54153],[73.59956,19.54143],[73.59936,19.54133],[73.59916,19.54122],[73.59901,19.54126],[73.59879,19.54127],[73.59859,19.54131]]]},"properties":{"id":"trail_r18541836","type":"trail","name":"Chinde Khurd to Ghattan Devi Mandir","name_local":null,"category":"regional hiking route","source":"openstreetmap","source_id":"relation/18541836","updated_at":"2025-01-13T05:30:53Z","tags":{"network":"rwn"}}},{"type":"Feature","geometry":{"type":"MultiLineString","coordinates":[[[73.59301,19.61934],[73.59283,19.61931],[73.59264,19.61931],[73.59248,19.61928],[73.59228,19.6193],[73.5921,19.61929],[73.59195,19.61934],[73.5918,19.61934],[73.59166,19.61945],[73.59152,19.61949],[73.59146,19.61939],[73.59138,19.61926],[73.59136,19.61917],[73.59135,19.61909],[73.59127,19.61892],[73.59122,19.61873],[73.59119,19.61866],[73.59112,19.61862],[73.59112,19.61855],[73.59121,19.61854],[73.59113,19.61824],[73.59135,19.61666],[73.59125,19.61658],[73.59115,19.61642],[73.59104,19.61637],[73.59091,19.61621],[73.59086,19.6161],[73.59077,19.61605],[73.59077,19.61596],[73.59069,19.61586],[73.59063,19.61573],[73.59061,19.61563],[73.59064,19.6155],[73.5906,19.61533],[73.59059,19.61516],[73.59058,19.61507],[73.59069,19.61495],[73.59074,19.61484],[73.59071,19.6148],[73.59066,19.61478],[73.59064,19.61476],[73.59062,19.61471],[73.5906,19.61469],[73.5906,19.61466],[73.59056,19.61463],[73.59058,19.61459],[73.59055,19.61455],[73.59055,19.61449],[73.59051,19.61442],[73.59047,19.61438],[73.59043,19.61432],[73.59038,19.61429],[73.59032,19.61425],[73.59029,19.61422],[73.59025,19.61418],[73.59023,19.61414],[73.59021,19.61413],[73.59017,19.61404],[73.59017,19.614],[73.59014,19.61398],[73.59012,19.61393],[73.59007,19.61388],[73.59003,19.61383],[73.58999,19.61377],[73.58994,19.61371],[73.58987,19.61365],[73.58981,19.6136],[73.58974,19.61354],[73.58963,19.61347],[73.58956,19.61345],[73.58951,19.61341],[73.58946,19.61335],[73.58941,19.61327],[73.58936,19.61319],[73.58931,19.61313],[73.58925,19.61307],[73.58921,19.61303],[73.58912,19.61298],[73.58914,19.61296],[73.58917,19.61296],[73.58919,19.61293],[73.58922,19.61287],[73.58922,19.61281],[73.58919,19.61276],[73.58915,19.61268],[73.5891,19.61266],[73.58905,19.61265],[73.58902,19.61263],[73.58895,19.61261],[73.58891,19.61256],[73.58889,19.61254],[73.58888,19.6125],[73.58885,19.61247],[73.58881,19.61239],[73.58879,19.61233],[73.58876,19.61229],[73.58876,19.61224],[73.58876,19.61216],[73.58875,19.61214],[73.58876,19.61212],[73.58874,19.61207],[73.58874,19.61203],[73.58876,19.612],[73.58874,19.61196],[73.58873,19.61186],[73.58873,19.61178],[73.58874,19.61167],[73.58877,19.61163],[73.58876,19.61157],[73.58878,19.61151],[73.5888,19.61144],[73.5888,19.6114],[73.58877,19.61136],[73.58876,19.61131],[73.58876,19.61125],[73.58874,19.61122],[73.58875,19.61116],[73.58873,19.61111],[73.58874,19.61104],[73.58874,19.61097],[73.58872,19.61091],[73.58873,19.61084],[73.58874,19.61077],[73.58877,19.61072],[73.58874,19.6107],[73.58874,19.61063],[73.58874,19.61053],[73.58874,19.61048],[73.58873,19.61042],[73.58874,19.61033],[73.58874,19.61027],[73.58876,19.61024],[73.58876,19.61021],[73.58874,19.61018],[73.58873,19.61013],[73.58872,19.61008],[73.5887,19.61005],[73.5887,19.61],[73.58869,19.60992],[73.58869,19.60986],[73.5887,19.60975],[73.58872,19.60971],[73.5887,19.60967],[73.5887,19.60958],[73.58874,19.60952],[73.58874,19.60946],[73.58877,19.60943],[73.5888,19.6094],[73.58881,19.60931],[73.5888,19.60923],[73.5888,19.60914],[73.58879,19.60906],[73.58881,19.60893],[73.58884,19.60892],[73.58884,19.60888],[73.58886,19.60884],[73.58889,19.60882],[73.5889,19.60878],[73.58889,19.60873],[73.58885,19.60867],[73.58881,19.60862],[73.58878,19.60859],[73.58877,19.60852],[73.58874,19.6085],[73.58873,19.60844],[73.58871,19.60838],[73.58869,19.60833],[73.58868,19.60828],[73.58866,19.60825],[73.58865,19.60822],[73.58864,19.60817],[73.58861,19.60818],[73.58858,19.60814],[73.58854,19.6081],[73.58852,19.60805],[73.5885,19.60804],[73.58848,19.60798],[73.58844,19.60792],[73.5884,19.60789],[73.58836,19.60786],[73.5883,19.60785],[73.58823,19.60781],[73.58816,19.60779],[73.58812,19.60775],[73.58806,19.60771],[73.58801,19.60763],[73.58798,19.60759],[73.58791,19.60753],[73.58783,19.60749],[73.58779,19.60748],[73.58776,19.60744],[73.58773,19.60742],[73.58773,19.60738],[73.58769,19.60729],[73.58765,19.60725],[73.58765,19.60717],[73.58765,19.60707],[73.58763,19.60702],[73.58764,19.60697],[73.58759,19.60694],[73.58754,19.60693],[73.58747,19.6069],[73.58746,19.60688],[73.58742,19.60683],[73.58741,19.60678],[73.58738,19.6067],[73.58737,19.60665],[73.58737,19.60659],[73.58735,19.60654],[73.58732,19.60648],[73.58727,19.60649],[73.58721,19.60655],[73.58714,19.60656],[73.58707,19.60657],[73.58704,19.60657],[73.58698,19.60656],[73.58695,19.60655],[73.58691,19.60654],[73.5869,19.60653],[73.5869,19.60651],[73.58696,19.60653],[73.587,19.60648],[73.58697,19.60642],[73.58696,19.60635],[73.58696,19.60629],[73.58698,19.60624],[73.58698,19.60617],[73.58698,19.60606],[73.58698,19.60599],[73.58695,19.60597],[73.58694,19.6059],[73.58696,19.60589],[73.58698,19.60585],[73.58695,19.60583],[73.587,19.60581],[73.58698,19.60579],[73.587,19.60578],[73.58698,19.60575],[73.58694,19.60575],[73.58694,19.60573],[73.5869,19.60572],[73.58692,19.60566],[73.5869,19.60559],[73.5869,19.60555],[73.58693,19.60544],[73.58694,19.60539],[73.58693,19.60534],[73.58689,19.60532],[73.58691,19.60528],[73.58694,19.60523],[73.58699,19.60518],[73.58702,19.60518],[73.58705,19.60516],[73.58705,19.60512],[73.58708,19.60509],[73.5871,19.60505],[73.5871,19.60499],[73.58712,19.60494],[73.58717,19.6049],[73.58718,19.60486],[73.58721,19.60484],[73.58727,19.60485],[73.58727,19.60482],[73.58739,19.60476],[73.58741,19.60476],[73.58742,19.60472],[73.58745,19.60471],[73.58746,19.60466],[73.58749,19.60467],[73.5875,19.60461],[73.58753,19.60459],[73.58753,19.60456],[73.58757,19.60455],[73.58758,19.60449],[73.58761,19.60446],[73.58763,19.60441],[73.58765,19.60437],[73.58766,19.60427],[73.58771,19.60421],[73.5877,19.60414],[73.58775,19.60411],[73.58778,19.60411],[73.58782,19.60409],[73.58784,19.60404],[73.58787,19.604],[73.58791,19.60398],[73.58791,19.60395],[73.58793,19.60393],[73.58791,19.60388],[73.58791,19.60382],[73.5879,19.60379],[73.58791,19.60376],[73.5879,19.6037],[73.5879,19.60367],[73.5879,19.60362],[73.58793,19.60358],[73.58796,19.60358],[73.58798,19.60353],[73.58802,19.60352],[73.58802,19.60349],[73.58805,19.60349],[73.58805,19.60345],[73.58804,19.60344],[73.58804,19.60342],[73.58806,19.60342],[73.58808,19.60339],[73.58808,19.60334],[73.5881,19.60329],[73.58811,19.60324],[73.58814,19.60321],[73.58818,19.60318],[73.58822,19.60317],[73.58828,19.60317],[73.58834,19.60314],[73.58836,19.60307],[73.5884,19.60306],[73.58841,19.60302],[73.58847,19.60298],[73.58849,19.60294],[73.58854,19.60293],[73.58854,19.60288],[73.58852,19.60283],[73.58848,19.60276],[73.58848,19.6027],[73.58851,19.60265],[73.58849,19.60261],[73.58846,19.60261],[73.58846,19.60256],[73.58846,19.60252],[73.58844,19.6025],[73.58844,19.60245],[73.58847,19.60244],[73.58848,19.60241],[73.58851,19.6024],[73.58853,19.60236],[73.58855,19.60232],[73.58853,19.60228],[73.58853,19.60224],[73.58852,19.60215],[73.58849,19.60209],[73.58848,19.60204],[73.58846,19.602],[73.58848,19.60199],[73.58853,19.60186],[73.58858,19.6018],[73.58868,19.60178],[73.58873,19.60171],[73.58877,19.60174],[73.5888,19.60171],[73.58879,19.60164],[73.58875,19.60158],[73.58871,19.60157],[73.58863,19.60151],[73.58859,19.60147],[73.58859,19.60142],[73.5886,19.60137],[73.5886,19.60135],[73.58861,19.60133],[73.58857,19.60128],[73.58857,19.60123],[73.58857,19.60114],[73.58857,19.60109],[73.58859,19.60104],[73.58863,19.60099],[73.58866,19.60095],[73.5887,19.6009],[73.58876,19.60085],[73.58877,19.60082],[73.58884,19.60078],[73.58894,19.60076],[73.58899,19.60074],[73.589,19.60063],[73.58898,19.6006],[73.58901,19.60057],[73.58899,19.60053],[73.589,19.60048],[73.58902,19.60042],[73.589,19.60037],[73.58901,19.60028],[73.58903,19.60023],[73.58906,19.60017],[73.58908,19.60013],[73.58914,19.60009],[73.58916,19.60006],[73.5892,19.60004],[73.58921,19.6],[73.58924,19.59997],[73.58925,19.59994],[73.58925,19.59988],[73.58921,19.59984],[73.58918,19.5998],[73.58916,19.59976],[73.58912,19.59974],[73.58909,19.59972],[73.58908,19.59967],[73.58904,19.59964],[73.58907,19.59959],[73.58908,19.59954],[73.58909,19.59948],[73.58915,19.59945],[73.58916,19.59941],[73.5892,19.59938],[73.58925,19.59932],[73.58927,19.59926],[73.58929,19.59922],[73.58931,19.59918],[73.58936,19.59916],[73.58941,19.59913],[73.58947,19.59912],[73.58949,19.5991],[73.58952,19.59906],[73.58957,19.59904],[73.58963,19.59903],[73.58968,19.59899],[73.58971,19.59894],[73.58975,19.59888],[73.58978,19.59883],[73.58981,19.59877],[73.58985,19.59872],[73.5899,19.59866],[73.58995,19.5986],[73.58998,19.59856],[73.59002,19.59854],[73.59006,19.59849],[73.59004,19.59841],[73.59002,19.59833],[73.59002,19.59828],[73.59002,19.59822],[73.59003,19.59816],[73.59005,19.59812],[73.59009,19.59809],[73.59011,19.59801],[73.59011,19.59794],[73.59014,19.59786],[73.59017,19.59783],[73.59023,19.59778],[73.59028,19.59772],[73.59028,19.59765],[73.59029,19.59755],[73.59032,19.59748],[73.59034,19.59742],[73.59034,19.59737],[73.59035,19.59731],[73.59036,19.59725],[73.59038,19.59723],[73.59038,19.59716],[73.59037,19.59712],[73.59039,19.59709],[73.59042,19.59701],[73.59043,19.59693],[73.59044,19.59688],[73.59045,19.59678],[73.59045,19.5967],[73.59043,19.59668],[73.59039,19.59661],[73.5904,19.59657],[73.59039,19.59653],[73.59038,19.59646],[73.59036,19.5964],[73.59032,19.59638],[73.59028,19.59634],[73.59024,19.59629],[73.59022,19.59625],[73.59023,19.59622],[73.5902,19.59618],[73.59022,19.59614],[73.59022,19.59611],[73.59021,19.59606],[73.5902,19.59602],[73.59023,19.59598],[73.59026,19.59593],[73.59026,19.59589],[73.59025,19.59583],[73.59024,19.59576],[73.59024,19.59573],[73.59021,19.59567],[73.59023,19.59563],[73.59023,19.59556],[73.59021,19.59552],[73.59021,19.59547],[73.59018,19.59542],[73.5902,19.59538],[73.59019,19.59535],[73.59018,19.59532],[73.59014,19.59529],[73.59011,19.59525],[73.59006,19.59522],[73.59001,19.59517],[73.58998,19.59512],[73.58996,19.59507],[73.58996,19.59501],[73.58996,19.59496],[73.58993,19.59491],[73.58989,19.59487],[73.58984,19.59484],[73.58983,19.5948],[73.58984,19.59475],[73.58983,19.59472],[73.5898,19.5947],[73.5898,19.59466],[73.58978,19.59461],[73.58974,19.59458],[73.5897,19.59453],[73.58966,19.59448],[73.58965,19.59442],[73.58964,19.59437],[73.58961,19.59432],[73.58959,19.59424],[73.58959,19.59417],[73.5896,19.59409],[73.58962,19.59405],[73.58961,19.594],[73.58959,19.59395],[73.58958,19.59388],[73.58953,19.59377],[73.58949,19.59367],[73.58947,19.59359],[73.58946,19.59353],[73.58942,19.59343],[73.58939,19.59336],[73.58933,19.59327],[73.58929,19.5932],[73.58925,19.59311],[73.58924,19.59305],[73.58922,19.59299],[73.5892,19.59293],[73.5892,19.59287],[73.5892,19.59281],[73.5892,19.59276],[73.58923,19.59273],[73.58924,19.59269],[73.58925,19.59264],[73.58928,19.59258],[73.58929,19.59252],[73.58929,19.59246],[73.58929,19.5924],[73.58929,19.59236],[73.58931,19.59233],[73.58928,19.59229],[73.5893,19.59224],[73.5893,19.5922],[73.5893,19.59213],[73.58929,19.59208],[73.58929,19.59202],[73.58928,19.59199],[73.58925,19.59195],[73.58929,19.59189],[73.58931,19.59184],[73.58932,19.59177],[73.58932,19.59171],[73.58932,19.59162],[73.5893,19.59158],[73.58928,19.59152],[73.58928,19.59146],[73.58925,19.59142],[73.58926,19.59136],[73.58926,19.59131],[73.58925,19.59128],[73.58925,19.59121],[73.58928,19.59119],[73.5893,19.59112],[73.58929,19.59106],[73.58925,19.59101],[73.5892,19.59096],[73.58925,19.59091],[73.58923,19.59085],[73.58918,19.59081],[73.58916,19.59077],[73.58914,19.59074],[73.58913,19.59067],[73.58914,19.59061],[73.58916,19.59058],[73.58916,19.59054],[73.5892,19.59053],[73.58924,19.59054],[73.58928,19.59051],[73.58932,19.59047],[73.58936,19.59041],[73.58938,19.59036],[73.58939,19.5903],[73.5894,19.59025],[73.58941,19.59019],[73.58941,19.59015],[73.58942,19.59009],[73.58946,19.59005],[73.5895,19.59001],[73.58954,19.58994],[73.58959,19.58993],[73.58965,19.58989],[73.58969,19.58982],[73.58972,19.58979],[73.58973,19.58975],[73.58975,19.58972],[73.58979,19.58967],[73.58984,19.58962],[73.58987,19.58954],[73.58991,19.58952],[73.58995,19.58947],[73.58996,19.58936],[73.59,19.58933],[73.59005,19.58927],[73.5901,19.58925],[73.59014,19.58925],[73.59016,19.58922],[73.59015,19.58916],[73.59018,19.58913],[73.5902,19.58906],[73.59025,19.58901],[73.59026,19.58896],[73.59027,19.5889],[73.59027,19.58883],[73.59029,19.58878],[73.59029,19.58872],[73.59027,19.58867],[73.59027,19.58865],[73.59025,19.58861],[73.59025,19.58858],[73.59023,19.58856],[73.59023,19.58853],[73.5902,19.58848],[73.5902,19.58843],[73.59019,19.58838],[73.5902,19.5883],[73.59017,19.58825],[73.59017,19.58818],[73.59017,19.58812],[73.5902,19.58804],[73.59019,19.58799],[73.59022,19.58797],[73.59026,19.58791],[73.59025,19.58784],[73.59025,19.58779],[73.59027,19.58776],[73.59025,19.58773],[73.59026,19.58771],[73.59024,19.58766],[73.5902,19.58762],[73.59019,19.58756],[73.59018,19.58751],[73.59016,19.58747],[73.59016,19.58742],[73.59015,19.58738],[73.59014,19.58733],[73.59012,19.5873],[73.59011,19.58724],[73.59007,19.58721],[73.59001,19.58715],[73.59,19.58707],[73.58998,19.58703],[73.58994,19.58699],[73.58994,19.58694],[73.58993,19.58687],[73.58988,19.58681],[73.58991,19.58677],[73.58989,19.58673],[73.58991,19.5867],[73.58989,19.58666],[73.58989,19.58661],[73.58989,19.58656],[73.58991,19.58652],[73.58991,19.58643],[73.58991,19.58637],[73.5899,19.58623],[73.58988,19.58613],[73.58985,19.58606],[73.58982,19.58602],[73.58978,19.58597],[73.58975,19.58589],[73.58972,19.58583],[73.58971,19.58576],[73.58971,19.58566],[73.5897,19.5856],[73.5897,19.58551],[73.58968,19.58542],[73.58971,19.58536],[73.58971,19.5853],[73.58973,19.58523],[73.58976,19.5852],[73.58976,19.58512],[73.58976,19.58504],[73.5898,19.585],[73.5898,19.58492],[73.58984,19.58485],[73.58985,19.58479],[73.58986,19.58472],[73.5899,19.58464],[73.58993,19.58459],[73.58992,19.5845],[73.58995,19.58442],[73.58995,19.58434],[73.58995,19.58428],[73.58996,19.58423],[73.58995,19.58415],[73.58995,19.58411],[73.58992,19.58406],[73.58992,19.58401],[73.58989,19.58396],[73.5899,19.58387],[73.58988,19.58382],[73.58991,19.58378],[73.58992,19.58372],[73.58993,19.58366],[73.58989,19.5836],[73.5899,19.58357],[73.58991,19.58353],[73.58992,19.58349],[73.58992,19.58344],[73.58993,19.58337],[73.59,19.58334],[73.59001,19.5833],[73.59005,19.58324],[73.59011,19.58318],[73.59008,19.58313],[73.59008,19.58303],[73.59008,19.58293],[73.5901,19.58291],[73.59012,19.58289],[73.59013,19.58284],[73.59013,19.58281],[73.59016,19.58276],[73.5902,19.58271],[73.59023,19.58265],[73.59023,19.58261],[73.5902,19.58254],[73.59018,19.58248],[73.59017,19.58243],[73.59013,19.58236],[73.59017,19.58234],[73.59021,19.58232],[73.59021,19.58229],[73.5902,19.58224],[73.59023,19.5822],[73.59027,19.58212],[73.59029,19.58208],[73.59031,19.58207],[73.59031,19.58205],[73.59036,19.582],[73.59037,19.58194],[73.59038,19.58189],[73.59039,19.58182],[73.59039,19.58179],[73.59037,19.58175],[73.59038,19.5817],[73.59038,19.58164],[73.59034,19.58162],[73.59031,19.58158],[73.59027,19.58156],[73.59023,19.58156],[73.59021,19.58154],[73.59017,19.58153],[73.59014,19.5815],[73.59006,19.5815],[73.59,19.58144],[73.58999,19.58139],[73.58995,19.58134],[73.58993,19.58131],[73.58994,19.58127],[73.58994,19.58122],[73.58995,19.58118],[73.58993,19.58116],[73.58996,19.58113],[73.58998,19.58108],[73.59,19.581],[73.59001,19.58094],[73.59002,19.5808],[73.59003,19.58076],[73.59002,19.58071],[73.59003,19.58064],[73.59003,19.58059],[73.59003,19.58054],[73.59007,19.58045],[73.59007,19.58038],[73.59008,19.58031],[73.59008,19.58023],[73.59007,19.58014],[73.5901,19.58007],[73.59014,19.58],[73.59018,19.57995],[73.59018,19.57991],[73.59023,19.57988],[73.59025,19.57982],[73.5903,19.57976],[73.59034,19.57971],[73.59039,19.57968],[73.59048,19.57964],[73.59051,19.57958],[73.59057,19.57953],[73.59064,19.57948],[73.59073,19.57944],[73.59078,19.57941],[73.59083,19.57941],[73.59089,19.57941],[73.59094,19.5794],[73.59099,19.57938],[73.59104,19.57938],[73.5911,19.57939],[73.59116,19.57943],[73.59122,19.5794],[73.59127,19.57936],[73.59133,19.57933],[73.59139,19.57926],[73.59139,19.5792],[73.59137,19.57911],[73.59135,19.57905],[73.59134,19.57898],[73.59134,19.57893],[73.59134,19.57885],[73.59134,19.57877],[73.59134,19.57871],[73.59131,19.57865],[73.59134,19.57858],[73.59134,19.57853],[73.59137,19.57846],[73.59135,19.5784],[73.59136,19.57832],[73.59139,19.57824],[73.5914,19.57815],[73.59142,19.57809],[73.59143,19.57798],[73.59143,19.57793],[73.59148,19.57787],[73.5915,19.5778],[73.59154,19.57777],[73.59162,19.5777],[73.59167,19.57764],[73.59175,19.5776],[73.59182,19.57755],[73.59191,19.57752],[73.59197,19.57746],[73.59208,19.57736],[73.59221,19.5773],[73.59234,19.57722],[73.59232,19.57714],[73.59219,19.57707],[73.59207,19.57702],[73.59195,19.57694],[73.59207,19.57685],[73.59214,19.57677],[73.59214,19.57662],[73.59217,19.57655],[73.59224,19.57644],[73.59226,19.57633],[73.59236,19.57626],[73.59245,19.57615],[73.59245,19.576],[73.59241,19.57599],[73.59236,19.57582],[73.59237,19.57572],[73.5924,19.57562],[73.59243,19.57548],[73.59251,19.57537],[73.5925,19.57526],[73.59249,19.57516],[73.59256,19.57503],[73.5926,19.57491],[73.5926,19.57477],[73.59266,19.57465],[73.59267,19.57456],[73.59272,19.57452],[73.59273,19.57441]]]},"properties":{"id":"trail_r18544856","type":"trail","name":"Hirdyachi Dhar","name_local":null,"category":"regional hiking route","source":"openstreetmap","source_id":"relation/18544856","updated_at":"2025-01-13T05:04:54Z","tags":{"website":"www.manav.in/","network":"rwn"}}},{"type":"Feature","geometry":{"type":"MultiLineString","coordinates":[[[73.63719,19.54497],[73.63726,19.54512],[73.63729,19.54528],[73.63734,19.54557],[73.63736,19.5458],[73.63753,19.54609],[73.63766,19.54621],[73.63787,19.54647],[73.63817,19.54667],[73.63841,19.54671],[73.63846,19.54688],[73.63862,19.54701],[73.63889,19.5472],[73.63938,19.54719],[73.63937,19.54752],[73.63957,19.54762],[73.6398,19.54767],[73.63992,19.54792],[73.63989,19.54805],[73.63977,19.54838],[73.6397,19.54855],[73.63977,19.54902],[73.64006,19.54934],[73.63991,19.5497],[73.63979,19.54993],[73.6398,19.55003],[73.63976,19.55007],[73.63975,19.55017],[73.63969,19.55021],[73.63969,19.5503],[73.63966,19.55035],[73.63965,19.55039],[73.63963,19.55044],[73.63963,19.55053],[73.63959,19.55059],[73.63953,19.55068],[73.6395,19.55073],[73.63949,19.55078],[73.63943,19.55086],[73.63943,19.5509],[73.63938,19.55096],[73.63941,19.55102],[73.63939,19.55112],[73.63939,19.55119],[73.63935,19.55124],[73.63933,19.55132],[73.63932,19.5514],[73.63933,19.5515],[73.63935,19.55159],[73.63935,19.55165],[73.63936,19.5517],[73.63938,19.55178],[73.63935,19.55183],[73.63935,19.5519],[73.63938,19.55194],[73.63938,19.55198],[73.6394,19.55203],[73.63939,19.5521],[73.63939,19.55218],[73.63939,19.55224],[73.63942,19.5523],[73.63944,19.55237],[73.63945,19.55244],[73.63945,19.55253],[73.63946,19.5526],[73.63946,19.55265],[73.63947,19.55269],[73.63947,19.55275],[73.63948,19.55275],[73.63949,19.55279],[73.6395,19.5528],[73.63951,19.55284],[73.63951,19.55286],[73.63952,19.55288],[73.63954,19.55289],[73.63954,19.55291],[73.63955,19.55293],[73.63956,19.55296],[73.63957,19.55299],[73.63959,19.55302],[73.6396,19.55305],[73.6396,19.55308],[73.63959,19.55312],[73.6396,19.55314],[73.63962,19.55315],[73.63963,19.55318],[73.63965,19.5532],[73.63966,19.55322],[73.63966,19.55324],[73.63968,19.55324],[73.6397,19.55327],[73.63971,19.55328],[73.63972,19.5533],[73.63974,19.55332],[73.63976,19.55332],[73.63978,19.55332],[73.63981,19.55332],[73.63983,19.55333],[73.63985,19.55333],[73.63987,19.55335],[73.63988,19.55336],[73.63987,19.5534],[73.63988,19.55342],[73.63989,19.55344],[73.6399,19.55346],[73.63992,19.5535],[73.63992,19.55351],[73.63994,19.55355],[73.63996,19.55358],[73.63997,19.55361],[73.63999,19.55362],[73.64,19.55365],[73.64003,19.55367],[73.64007,19.55369],[73.64007,19.55371],[73.64009,19.55373],[73.64009,19.55374],[73.6401,19.55375],[73.64011,19.55377],[73.64012,19.55377],[73.64015,19.55383],[73.64015,19.55385],[73.64017,19.55386],[73.6402,19.5539],[73.64022,19.55393],[73.64024,19.55394],[73.64025,19.55394],[73.64028,19.55396],[73.64029,19.55397],[73.6403,19.55397],[73.64032,19.55398],[73.64036,19.554],[73.64039,19.55402],[73.6404,19.55404],[73.64042,19.55407],[73.64043,19.55408],[73.64046,19.5541],[73.64047,19.55412],[73.64049,19.55412],[73.6405,19.55414],[73.64052,19.55416],[73.64053,19.55417],[73.64056,19.5542],[73.64057,19.55422],[73.64057,19.55424],[73.64058,19.55429],[73.64059,19.55429],[73.6406,19.55433],[73.64061,19.55436],[73.64061,19.5544],[73.64061,19.55442],[73.64061,19.55445],[73.64059,19.55446],[73.6406,19.55448],[73.64059,19.5545],[73.64057,19.55453],[73.64058,19.55458],[73.64057,19.55462],[73.64057,19.55466],[73.64057,19.55471],[73.64055,19.55474],[73.64057,19.5548],[73.64055,19.55482],[73.64055,19.55486],[73.64055,19.55489],[73.64055,19.55492],[73.64056,19.55497],[73.64055,19.55498],[73.64055,19.55501],[73.64056,19.55506],[73.64054,19.55508],[73.64053,19.5551],[73.64054,19.55513],[73.64057,19.55514],[73.6406,19.55516],[73.64061,19.55518],[73.64064,19.5552],[73.64066,19.55521],[73.64068,19.55522],[73.64068,19.55524],[73.64067,19.55527],[73.64071,19.55531],[73.64074,19.55531],[73.6408,19.55533],[73.64083,19.55533],[73.64086,19.55536],[73.64091,19.55539],[73.64091,19.55542],[73.64093,19.55544],[73.64094,19.55547],[73.64098,19.55549],[73.64098,19.55551],[73.64101,19.55552],[73.64102,19.55554],[73.64104,19.55555],[73.64105,19.55558],[73.64106,19.55561],[73.64108,19.55563],[73.64113,19.55567],[73.64116,19.55568],[73.64118,19.55572],[73.6412,19.55572],[73.6412,19.55575],[73.64121,19.55579],[73.64122,19.55583],[73.64123,19.55582],[73.64125,19.55583],[73.64127,19.55587],[73.6413,19.55588],[73.64134,19.55593],[73.64134,19.55595],[73.64139,19.55599],[73.64143,19.55601],[73.64145,19.55604],[73.64146,19.55607],[73.6415,19.55608],[73.64154,19.55612],[73.64159,19.55615],[73.64163,19.55615],[73.64166,19.55618],[73.64169,19.55618],[73.64172,19.55622],[73.64176,19.55624],[73.64178,19.55627],[73.6418,19.5563],[73.64182,19.55632],[73.64184,19.55635],[73.64185,19.55639],[73.64187,19.55641],[73.64191,19.55644],[73.64192,19.55647],[73.64194,19.55652],[73.64193,19.55654],[73.64194,19.55659],[73.64195,19.55667],[73.64194,19.55672],[73.64196,19.55675],[73.64198,19.55676],[73.64201,19.55681],[73.64198,19.55689],[73.64201,19.55694],[73.642,19.557],[73.64199,19.55707],[73.64197,19.55713],[73.64198,19.55717],[73.64202,19.55721],[73.64205,19.55726],[73.64207,19.55733],[73.64206,19.55743],[73.64211,19.55749],[73.64216,19.55754],[73.64218,19.55766],[73.64213,19.55775],[73.64204,19.5579],[73.64197,19.55795],[73.64191,19.55801],[73.64184,19.55807],[73.64183,19.55816],[73.64175,19.55819],[73.64167,19.55823],[73.64155,19.55831],[73.64149,19.55833],[73.64141,19.55838],[73.64134,19.55845],[73.64132,19.55845],[73.64132,19.55846],[73.6413,19.55846],[73.64127,19.55848],[73.64126,19.5585],[73.64123,19.55851],[73.64119,19.55853],[73.64117,19.55856],[73.64116,19.55857],[73.64115,19.55862],[73.64112,19.55866],[73.64112,19.55868],[73.64106,19.5587],[73.64105,19.55876],[73.64106,19.55876],[73.64107,19.55877],[73.64109,19.55876],[73.64109,19.55877],[73.6411,19.55877],[73.64111,19.55876],[73.64111,19.55877],[73.64112,19.55877],[73.64112,19.55878],[73.64113,19.55878],[73.64114,19.55878],[73.64116,19.55877],[73.64117,19.55878],[73.64119,19.55877],[73.64119,19.55876],[73.6412,19.55876],[73.64121,19.55877],[73.64121,19.55876],[73.64122,19.55877],[73.64121,19.55878],[73.6412,19.55879],[73.64122,19.5588],[73.64124,19.55882],[73.64127,19.55879],[73.64129,19.55879],[73.64129,19.55881],[73.64127,19.55884],[73.64126,19.55889],[73.64124,19.55895],[73.64123,19.55895],[73.64123,19.55896],[73.64122,19.55896],[73.64121,19.55897],[73.64121,19.55897],[73.64119,19.55896],[73.64119,19.55897],[73.64119,19.55897],[73.64119,19.55897],[73.64119,19.55898],[73.64118,19.55898],[73.64118,19.559],[73.64119,19.55899],[73.64119,19.55901],[73.64118,19.55902],[73.64119,19.55903],[73.64118,19.55905],[73.64118,19.55905],[73.64117,19.55906],[73.64117,19.55907],[73.64118,19.55907],[73.64116,19.55908],[73.64116,19.5591],[73.64116,19.55911],[73.64115,19.55912],[73.64115,19.55914],[73.64112,19.55914],[73.64112,19.55916],[73.64111,19.55919],[73.64109,19.5592],[73.64106,19.55921],[73.64104,19.55924],[73.64103,19.55926],[73.64103,19.55929],[73.64104,19.55931],[73.64102,19.55933],[73.64101,19.55936],[73.64101,19.55937],[73.641,19.55938],[73.641,19.55939],[73.641,19.55939],[73.641,19.5594],[73.64099,19.55941],[73.64099,19.55942],[73.64098,19.55942],[73.64098,19.55943],[73.64097,19.55944],[73.64097,19.55945],[73.64097,19.55946],[73.64095,19.55947],[73.64096,19.55948],[73.64093,19.5595],[73.64093,19.55951],[73.64092,19.55953],[73.64092,19.55954],[73.64092,19.55956],[73.64092,19.55959],[73.64092,19.55964],[73.6409,19.55965],[73.6409,19.55967],[73.6409,19.55968],[73.6409,19.55969],[73.64089,19.55971],[73.64089,19.55972],[73.64088,19.55973],[73.64087,19.55972],[73.64087,19.55973],[73.64087,19.55974],[73.64086,19.55974],[73.64086,19.55975],[73.64087,19.55976],[73.64086,19.55978],[73.64087,19.5598],[73.64086,19.55981],[73.64085,19.55983],[73.64084,19.55985],[73.64083,19.55987],[73.64083,19.55988],[73.64083,19.55989],[73.64083,19.55989],[73.64083,19.5599],[73.64082,19.55991],[73.64082,19.55991],[73.64081,19.55992],[73.64081,19.55993],[73.64081,19.55993],[73.64081,19.55994],[73.64079,19.55995],[73.64079,19.55995],[73.64078,19.55996],[73.64077,19.55997],[73.64075,19.55997],[73.64074,19.55998],[73.64072,19.55998],[73.64072,19.56],[73.64071,19.56001],[73.6407,19.56002],[73.64069,19.56003],[73.64069,19.56004],[73.64069,19.56005],[73.64069,19.56006],[73.64068,19.56006],[73.64067,19.56007],[73.64067,19.56008],[73.64066,19.5601],[73.64065,19.56012],[73.64063,19.56013],[73.64063,19.56015],[73.6406,19.56018],[73.64057,19.56019],[73.64056,19.56022],[73.64055,19.56025],[73.64054,19.56027],[73.64053,19.56029],[73.64052,19.56031],[73.6405,19.56033],[73.64049,19.56034],[73.64047,19.56037],[73.64046,19.56038],[73.64045,19.56038],[73.64044,19.56037],[73.64041,19.56038],[73.64041,19.56042],[73.64038,19.56044],[73.64035,19.56048],[73.64033,19.56053],[73.64029,19.56057],[73.64028,19.56061],[73.64026,19.56065],[73.64024,19.56069],[73.64021,19.56072],[73.64018,19.56076],[73.64016,19.5608],[73.64012,19.56086],[73.64012,19.5609],[73.6401,19.56094],[73.64004,19.56106],[73.63999,19.56109],[73.63999,19.56118],[73.64,19.5613],[73.64,19.5614],[73.63999,19.56152],[73.63995,19.56161],[73.63992,19.56171],[73.63989,19.56181],[73.63987,19.5619],[73.63983,19.56201],[73.6398,19.56209],[73.63974,19.5622],[73.63968,19.5622],[73.6397,19.56222],[73.63969,19.56224],[73.63968,19.56226],[73.63966,19.56227],[73.63966,19.56228],[73.63965,19.56229],[73.63964,19.5623],[73.63964,19.56233],[73.63962,19.56238],[73.63959,19.56242],[73.63954,19.56249],[73.63955,19.56254],[73.63952,19.56256],[73.63949,19.56261],[73.63947,19.56263],[73.63945,19.56268],[73.63943,19.56274],[73.63938,19.56279],[73.63938,19.56286],[73.63938,19.56291],[73.63934,19.56297],[73.63931,19.563],[73.63929,19.56304],[73.63924,19.56309],[73.63916,19.56313],[73.63914,19.56318],[73.63911,19.56324],[73.63908,19.56327],[73.63904,19.56333],[73.639,19.56335],[73.63894,19.56342],[73.6389,19.56346],[73.6389,19.56347],[73.63889,19.56348],[73.63888,19.56348],[73.63888,19.56349],[73.63887,19.5635],[73.63886,19.5635],[73.63883,19.56353],[73.63882,19.56357],[73.63877,19.56358],[73.63874,19.56361],[73.63869,19.56365],[73.63866,19.56366],[73.63862,19.56368],[73.63857,19.56367],[73.63855,19.5637],[73.6385,19.56372],[73.63848,19.56378],[73.63849,19.56379],[73.63847,19.56381],[73.63843,19.56382],[73.63839,19.56384],[73.63837,19.56387],[73.63833,19.56389],[73.63829,19.56392],[73.63827,19.56396],[73.63825,19.56398],[73.6382,19.56402],[73.63815,19.56403],[73.63812,19.56405],[73.63809,19.56409],[73.63808,19.56414],[73.63806,19.56417],[73.63804,19.56419],[73.63803,19.56425],[73.63802,19.56428],[73.63802,19.56431],[73.638,19.56434],[73.63796,19.56437],[73.63793,19.56439],[73.63792,19.56441],[73.63787,19.56443],[73.63785,19.56445],[73.63781,19.56449],[73.63778,19.56451],[73.63772,19.56454],[73.63767,19.56456],[73.63765,19.56458],[73.6376,19.56461],[73.63755,19.56461],[73.6375,19.56463],[73.63746,19.56465],[73.63742,19.56468],[73.63737,19.56471],[73.63736,19.56473],[73.63734,19.56473],[73.6373,19.56475],[73.63727,19.56477],[73.63725,19.56478],[73.63722,19.5648],[73.63719,19.56482],[73.63715,19.56483],[73.63714,19.56485],[73.63715,19.56487],[73.63712,19.5649],[73.63709,19.56491],[73.63706,19.56492],[73.63703,19.56494],[73.63701,19.56496],[73.63697,19.56499],[73.63695,19.56503],[73.63693,19.5651],[73.6369,19.56509],[73.6369,19.56512],[73.63686,19.56514],[73.63686,19.56515],[73.63684,19.56516],[73.63684,19.56518],[73.63682,19.56518],[73.6368,19.56518],[73.63679,19.56518],[73.63677,19.56518],[73.63677,19.56517],[73.63675,19.56516],[73.63673,19.56516],[73.63671,19.56516],[73.63667,19.56516],[73.63666,19.56518],[73.63663,19.56521],[73.63662,19.56524],[73.6366,19.56523],[73.63659,19.56525],[73.63656,19.56527],[73.63656,19.56529],[73.63658,19.56532],[73.63658,19.56533],[73.63656,19.56534],[73.63654,19.56532],[73.63652,19.56534],[73.63654,19.56536],[73.63654,19.56537],[73.63652,19.56537],[73.63649,19.56538],[73.63646,19.56537],[73.63641,19.56541],[73.63639,19.56541],[73.63638,19.56543],[73.63635,19.56544],[73.63633,19.56545],[73.63631,19.56545],[73.63629,19.56548],[73.63629,19.5655],[73.63628,19.5655],[73.63628,19.5655],[73.63627,19.56549],[73.63627,19.56549],[73.63627,19.56549],[73.63627,19.5655],[73.63627,19.56551],[73.63627,19.56551],[73.63626,19.56552],[73.63626,19.56553],[73.63624,19.56552],[73.63625,19.56553],[73.63625,19.56554],[73.63624,19.56555],[73.63623,19.56555],[73.63622,19.56556],[73.63623,19.56558],[73.63621,19.5656],[73.63623,19.5656],[73.63623,19.5656],[73.63624,19.56561],[73.63625,19.56561],[73.63626,19.56562],[73.63626,19.56563],[73.63626,19.56564],[73.63625,19.56564],[73.63624,19.56564],[73.63623,19.56566],[73.63622,19.56567],[73.63623,19.56569],[73.63621,19.5657],[73.6362,19.56569],[73.63618,19.56567],[73.63616,19.56567],[73.63612,19.56566],[73.6361,19.56567],[73.63609,19.56567],[73.63606,19.56566],[73.63606,19.56568],[73.63604,19.56566],[73.63602,19.56568],[73.63601,19.5657],[73.63599,19.56571],[73.63601,19.56573],[73.63601,19.56574],[73.63601,19.56576],[73.636,19.5658],[73.63601,19.56584],[73.63601,19.56588],[73.63601,19.56594],[73.63601,19.56602],[73.63598,19.56608],[73.63594,19.56612],[73.63593,19.56618],[73.63593,19.56625],[73.63591,19.56631],[73.63587,19.56638],[73.63582,19.56642],[73.6358,19.56647],[73.63578,19.56655],[73.63575,19.56664],[73.63573,19.56671],[73.63568,19.56677],[73.63567,19.56685],[73.63556,19.5669],[73.63555,19.567],[73.63556,19.56712],[73.6356,19.56723],[73.63563,19.56739],[73.63555,19.56742],[73.63565,19.56755],[73.63562,19.56765],[73.63568,19.56783],[73.63567,19.56796],[73.63566,19.56815],[73.63573,19.56833],[73.63578,19.56855],[73.63585,19.56877],[73.63594,19.56896],[73.63596,19.56914],[73.63591,19.56933],[73.63591,19.56957],[73.63586,19.56986],[73.6359,19.56998],[73.63586,19.57019],[73.63592,19.57047],[73.636,19.5706],[73.63607,19.57112],[73.6362,19.5717],[73.63625,19.57212],[73.63635,19.5726],[73.63645,19.5729],[73.63662,19.57319],[73.63692,19.57361],[73.63692,19.57389],[73.63714,19.57418],[73.63731,19.57475],[73.63748,19.57494],[73.63715,19.57546],[73.63706,19.57619],[73.63701,19.57674],[73.63734,19.57752],[73.63763,19.57791],[73.63807,19.5783],[73.63846,19.57885],[73.63865,19.57914],[73.6386,19.57955],[73.63812,19.57976],[73.63748,19.58005],[73.63695,19.58042],[73.63662,19.58073],[73.63618,19.58116],[73.63585,19.58165],[73.63553,19.5821],[73.63538,19.58293],[73.63533,19.58383],[73.63541,19.58469],[73.63545,19.58552],[73.63571,19.58634],[73.63561,19.58691],[73.63593,19.58771],[73.63568,19.58819],[73.63537,19.58867],[73.63505,19.58916],[73.63457,19.58964],[73.63404,19.58996],[73.63329,19.59051],[73.6326,19.59],[73.63196,19.59],[73.63161,19.59],[73.63107,19.58993],[73.6303,19.58952],[73.62962,19.58917],[73.62913,19.58891],[73.62805,19.58903],[73.62773,19.5884],[73.62697,19.58771],[73.62638,19.58801],[73.62567,19.58867],[73.6254,19.58914],[73.62516,19.58931],[73.62494,19.58925],[73.62488,19.58915],[73.62476,19.589],[73.62461,19.58876],[73.62434,19.58857],[73.62413,19.58839],[73.62387,19.5882],[73.6236,19.5881],[73.62335,19.58816],[73.62302,19.58814],[73.62249,19.58817],[73.62185,19.58825],[73.62159,19.58834],[73.62134,19.58846],[73.62117,19.58845],[73.62079,19.58846],[73.62058,19.58858],[73.62039,19.58868],[73.62023,19.58869],[73.62012,19.5888],[73.61996,19.58885],[73.62001,19.58862],[73.62009,19.58839],[73.62021,19.58823],[73.62039,19.58817],[73.62048,19.58803],[73.62056,19.58788],[73.62061,19.58772],[73.62071,19.58752],[73.62077,19.58725],[73.6208,19.58692],[73.62088,19.58684],[73.62104,19.58682],[73.62121,19.58684],[73.62131,19.58655],[73.62138,19.58632],[73.62147,19.58606],[73.62154,19.58576],[73.62165,19.58558],[73.62179,19.58535],[73.62188,19.58503],[73.62195,19.58467],[73.62199,19.58424],[73.62205,19.58401],[73.6222,19.58356],[73.62231,19.58318],[73.62245,19.58283],[73.62244,19.58261],[73.62235,19.58247],[73.62234,19.5822],[73.62242,19.58209],[73.62246,19.58196],[73.62257,19.58185],[73.62264,19.58164],[73.62259,19.58141],[73.62254,19.58118],[73.62245,19.58104],[73.62234,19.58086],[73.62223,19.58074],[73.62215,19.58062],[73.62222,19.58052],[73.62221,19.58043],[73.62222,19.58026],[73.62217,19.58024],[73.62223,19.58005],[73.62234,19.5798],[73.62242,19.57945],[73.62244,19.57911],[73.62249,19.579],[73.62253,19.57883],[73.62265,19.57849],[73.62281,19.57828],[73.62303,19.57801],[73.62317,19.57787],[73.6234,19.57757],[73.62354,19.57727],[73.62383,19.57705],[73.6241,19.57678],[73.62435,19.57656],[73.62449,19.57642],[73.62467,19.57616],[73.62486,19.57588],[73.6251,19.57569],[73.62532,19.57559],[73.62556,19.57539],[73.62578,19.57516],[73.62589,19.57493],[73.62605,19.57469],[73.62622,19.57442],[73.62641,19.57408],[73.6265,19.57384],[73.62658,19.57347],[73.62692,19.57319],[73.62703,19.57302],[73.62723,19.5727],[73.62742,19.57255],[73.62747,19.5724],[73.62756,19.57214],[73.62764,19.57183],[73.62774,19.57156],[73.62784,19.57131],[73.62806,19.57104],[73.62808,19.57075],[73.62811,19.57041],[73.62825,19.57012],[73.62827,19.56986],[73.62827,19.56952],[73.62828,19.56925],[73.62834,19.56913],[73.62839,19.56887],[73.62836,19.56856],[73.62827,19.56829],[73.6281,19.56804],[73.62799,19.56773],[73.62798,19.56738],[73.6276,19.56688],[73.62729,19.56652],[73.62701,19.56642],[73.62688,19.56622],[73.62681,19.56593],[73.62662,19.56559],[73.62657,19.56535],[73.62646,19.56479],[73.62636,19.56446],[73.62631,19.5642],[73.62632,19.5639],[73.62646,19.56364],[73.62651,19.56347],[73.62666,19.56325],[73.62666,19.56313],[73.62676,19.56285],[73.62693,19.56245],[73.627,19.56212],[73.62712,19.56184],[73.62728,19.56163],[73.62737,19.56133],[73.62765,19.56122],[73.62773,19.56109],[73.62771,19.56078],[73.62773,19.5605],[73.62783,19.56019],[73.62796,19.55993],[73.62806,19.5596],[73.62811,19.5594],[73.62841,19.55913],[73.62853,19.55892],[73.62871,19.55873],[73.62907,19.55849],[73.62935,19.55824],[73.62972,19.55795],[73.6298,19.55763],[73.62973,19.55742],[73.6298,19.55707],[73.62997,19.55668],[73.63028,19.55652],[73.63028,19.55629],[73.63026,19.55603],[73.63028,19.55579],[73.63037,19.55566],[73.6306,19.5555],[73.63081,19.55522],[73.63094,19.55474],[73.63113,19.55411],[73.63111,19.55356],[73.63105,19.55278],[73.63094,19.55194],[73.63085,19.55126],[73.63092,19.55074],[73.63103,19.55033],[73.63111,19.54993],[73.63114,19.54967],[73.63099,19.54936],[73.63087,19.5491]]]},"properties":{"id":"trail_r18544898","type":"trail","name":"Parvyachi Dhar Hivalyachi Dhar","name_local":null,"category":"regional hiking route","source":"openstreetmap","source_id":"relation/18544898","updated_at":"2026-06-12T17:03:02Z","tags":{"network":"rwn"}}},{"type":"Feature","geometry":{"type":"MultiLineString","coordinates":[[[73.50553,20.0579],[73.50516,20.05719],[73.50443,20.05655],[73.50432,20.0563],[73.50421,20.05621],[73.50402,20.05555],[73.50347,20.05398],[73.50153,20.05206],[73.50106,20.05069],[73.50069,20.05028],[73.49964,20.04949],[73.49897,20.0487],[73.49863,20.04845],[73.49782,20.04806],[73.4976,20.04677],[73.49781,20.04657],[73.49779,20.04601],[73.49781,20.04551],[73.49796,20.04513],[73.49789,20.0444],[73.49776,20.04399],[73.49796,20.04354],[73.49762,20.04318],[73.49702,20.04311],[73.49684,20.04316],[73.49587,20.043],[73.49522,20.04243],[73.49487,20.04253],[73.4944,20.04232],[73.49368,20.0422],[73.49298,20.04173],[73.49229,20.04138],[73.49143,20.04108],[73.49024,20.04078],[73.48959,20.04036],[73.4878,20.03989],[73.48733,20.03997],[73.48649,20.04001],[73.48557,20.03973],[73.48518,20.03906],[73.48492,20.03856],[73.48466,20.03782],[73.48454,20.03729],[73.48374,20.03585],[73.48341,20.03551],[73.48326,20.03507],[73.48276,20.03439],[73.48219,20.03398],[73.48173,20.03324],[73.48096,20.03233],[73.48059,20.0324],[73.48059,20.03229],[73.48026,20.03235],[73.48002,20.03222],[73.47995,20.03241],[73.47979,20.03239],[73.47979,20.03252],[73.47952,20.03251],[73.47939,20.03276],[73.47912,20.03271],[73.47884,20.03255],[73.47884,20.03229],[73.47847,20.03227],[73.47842,20.03208],[73.47815,20.03195],[73.47767,20.03196],[73.47721,20.03188],[73.47699,20.03174],[73.47671,20.03178],[73.47654,20.03161],[73.4761,20.03161],[73.4759,20.0315],[73.47515,20.03188],[73.47507,20.03175],[73.47497,20.03153],[73.47437,20.03155],[73.47389,20.0317],[73.4736,20.0317],[73.47324,20.03179],[73.47295,20.03178],[73.47269,20.03193],[73.47189,20.03162],[73.47142,20.03082],[73.47142,20.03038],[73.47127,20.03026],[73.47108,20.0302],[73.47071,20.02997],[73.46994,20.0299],[73.46878,20.02922],[73.46846,20.02877],[73.46846,20.02804],[73.46831,20.02777],[73.46805,20.02752],[73.46814,20.02714],[73.46772,20.02703],[73.46721,20.02659],[73.46672,20.02599],[73.46807,20.02634],[73.46868,20.02605],[73.4692,20.02613],[73.46983,20.02568],[73.47005,20.02538],[73.47044,20.02538],[73.47055,20.02529],[73.4716,20.0258],[73.47217,20.02591],[73.47234,20.02584],[73.47256,20.02593],[73.47316,20.02594],[73.47349,20.0256],[73.47352,20.02525],[73.47378,20.02515],[73.47418,20.02514],[73.47454,20.02493],[73.47486,20.02444],[73.47627,20.02392],[73.47716,20.02259],[73.47771,20.02234],[73.47819,20.02157],[73.4788,20.02101],[73.47981,20.02035],[73.48069,20.02041],[73.48223,20.01983],[73.48272,20.0203],[73.48296,20.02003],[73.4833,20.01903],[73.48383,20.01901],[73.48412,20.01885],[73.48492,20.01925],[73.48595,20.01955],[73.48694,20.02007],[73.4872,20.02015],[73.48734,20.02016],[73.48768,20.02013]]]},"properties":{"id":"trail_r19876421","type":"trail","name":"Vaghera Fort","name_local":null,"category":"regional hiking route","source":"openstreetmap","source_id":"relation/19876421","updated_at":"2025-11-24T07:07:46Z","tags":{"website":"manav.in","network":"rwn"}}},{"type":"Feature","geometry":{"type":"MultiLineString","coordinates":[[[73.24972,19.48227],[73.25012,19.48199],[73.25032,19.48191],[73.25042,19.48159],[73.25074,19.48126],[73.25096,19.48128],[73.25126,19.48158],[73.25152,19.48134],[73.25158,19.48069],[73.25249,19.48018],[73.25264,19.47963],[73.2531,19.47927],[73.25326,19.47897],[73.25352,19.47897],[73.25376,19.47865],[73.25427,19.47843],[73.25478,19.47803],[73.2559,19.47738],[73.25628,19.47702],[73.25681,19.47676],[73.25726,19.47637],[73.25854,19.47637],[73.25863,19.47599],[73.25968,19.47556],[73.26032,19.47556],[73.26062,19.47518],[73.26076,19.47486],[73.26127,19.4745],[73.26178,19.47416],[73.26313,19.47381],[73.26335,19.4733],[73.26408,19.47221],[73.26428,19.47165],[73.26448,19.47092],[73.26496,19.47038],[73.2655,19.47014],[73.2665,19.47031],[73.26762,19.47126],[73.26812,19.47138],[73.26833,19.47161]]]},"properties":{"id":"trail_r19876423","type":"trail","name":"Hanuman Darwaza","name_local":null,"category":"regional hiking route","source":"openstreetmap","source_id":"relation/19876423","updated_at":"2025-11-27T09:22:34Z","tags":{"website":"manav.in","network":"rwn"}}},{"type":"Feature","geometry":{"type":"MultiLineString","coordinates":[[[73.70606,19.59799],[73.70599,19.59806],[73.70597,19.59815],[73.70581,19.59817],[73.70582,19.59828],[73.70575,19.59825],[73.70571,19.59812],[73.70558,19.59811],[73.70541,19.59794],[73.70542,19.59807],[73.70535,19.59806],[73.70534,19.59811],[73.70525,19.59809],[73.70513,19.59808],[73.70511,19.59817],[73.70505,19.59815],[73.70507,19.5982],[73.70502,19.5982],[73.70502,19.59824],[73.70494,19.59827],[73.70496,19.59832],[73.70485,19.59832],[73.70477,19.59838],[73.70475,19.59846],[73.70462,19.59849],[73.7046,19.59856],[73.70448,19.59856],[73.70438,19.59855],[73.70433,19.59862],[73.7042,19.59857],[73.7042,19.59864],[73.70412,19.59873],[73.70404,19.59869],[73.70404,19.59876],[73.70396,19.59877],[73.7039,19.59885],[73.70384,19.59884],[73.70379,19.59889],[73.70368,19.5989],[73.7037,19.59895],[73.70361,19.59893],[73.70356,19.59901],[73.70349,19.59904],[73.70339,19.59901],[73.70332,19.59911],[73.70328,19.59906],[73.7032,19.59915],[73.7031,19.59907],[73.70298,19.5991],[73.70308,19.59921],[73.70291,19.5994],[73.70289,19.59929],[73.7028,19.59937],[73.70269,19.59932],[73.70266,19.59938],[73.70254,19.59942],[73.7025,19.59948],[73.70237,19.59943],[73.70225,19.59938],[73.70224,19.59947],[73.70213,19.59957],[73.70212,19.59968],[73.70191,19.59965],[73.7019,19.5997],[73.70178,19.59976],[73.70174,19.59987],[73.7016,19.59987],[73.70147,19.59986],[73.70129,19.59999],[73.70112,19.6],[73.70103,19.60009],[73.70094,19.6001],[73.7009,19.60017],[73.70081,19.60021],[73.70072,19.60024],[73.70064,19.60031],[73.70053,19.60035],[73.70057,19.60054],[73.70038,19.60052],[73.70036,19.60042],[73.70025,19.60049],[73.70017,19.60057],[73.70009,19.60061],[73.70004,19.60068],[73.69987,19.60065],[73.69973,19.6007],[73.69972,19.60089],[73.69953,19.6009],[73.69943,19.60098],[73.69924,19.60088],[73.69911,19.60088],[73.69889,19.60094],[73.69865,19.60104],[73.69836,19.60121],[73.6982,19.6012],[73.69807,19.60128],[73.69782,19.60141],[73.69789,19.60146],[73.69778,19.60159],[73.69758,19.6016],[73.69739,19.60171],[73.69721,19.60176],[73.69708,19.6018],[73.69692,19.60183],[73.69683,19.60177],[73.69672,19.60181],[73.69674,19.60195],[73.6966,19.60208],[73.69652,19.60208],[73.69639,19.60217],[73.69633,19.60226],[73.69622,19.60229],[73.6961,19.60225],[73.69588,19.60221],[73.69576,19.60228],[73.69563,19.60222],[73.69556,19.60237],[73.69545,19.60233],[73.69535,19.60238],[73.69522,19.60246],[73.6952,19.60236],[73.6952,19.60209],[73.69522,19.60193],[73.69511,19.60165],[73.69489,19.60162],[73.69467,19.60163],[73.69455,19.60153],[73.69447,19.60148],[73.69442,19.60135],[73.69434,19.60121],[73.69427,19.60115],[73.69428,19.60101],[73.69426,19.60087],[73.69416,19.60083],[73.69407,19.60081],[73.69407,19.60068],[73.69399,19.60058],[73.69387,19.60054],[73.69378,19.60045],[73.69367,19.6004],[73.69362,19.60033],[73.69352,19.60025],[73.69345,19.60015],[73.69337,19.60007],[73.69325,19.60004],[73.69315,19.59995],[73.69312,19.59987],[73.69304,19.59978],[73.693,19.59964],[73.69292,19.59955],[73.69279,19.59939],[73.69271,19.59931],[73.6925,19.59927],[73.69218,19.5994],[73.69209,19.59939],[73.69198,19.59936],[73.69189,19.5994],[73.69186,19.59922],[73.69185,19.59911],[73.69178,19.59897],[73.69157,19.5988],[73.69158,19.59868],[73.69144,19.59864],[73.69136,19.59844],[73.69126,19.59826],[73.69116,19.59814],[73.69104,19.59799],[73.69091,19.59808],[73.69084,19.59818],[73.69076,19.59838],[73.69063,19.59843],[73.69053,19.59856],[73.69053,19.59874],[73.69047,19.59884],[73.69036,19.59891],[73.69036,19.59907],[73.69026,19.59908],[73.69009,19.59911],[73.69002,19.5992],[73.68997,19.59933],[73.68987,19.59947],[73.68987,19.59954],[73.6897,19.59975],[73.68937,19.59994],[73.68929,19.60015],[73.68917,19.60036],[73.6891,19.60044],[73.68898,19.60061],[73.68894,19.6008],[73.68882,19.60096],[73.68872,19.60115],[73.68867,19.60135],[73.68872,19.60155],[73.6887,19.60172],[73.68861,19.60188],[73.68863,19.60208],[73.68855,19.60225],[73.68856,19.60236],[73.68849,19.60251],[73.68853,19.60259],[73.68845,19.60273],[73.68842,19.60305],[73.68835,19.60319],[73.68829,19.60324],[73.68831,19.60341],[73.68815,19.60355],[73.68807,19.60373],[73.68805,19.60387],[73.68789,19.60401],[73.68777,19.60424],[73.68771,19.60431],[73.68767,19.60453],[73.68761,19.6046],[73.68748,19.60466],[73.68731,19.60492],[73.6873,19.60513],[73.68731,19.60528],[73.68722,19.6053],[73.68728,19.60548],[73.68716,19.60567],[73.68709,19.60577],[73.68702,19.60585],[73.68693,19.60594],[73.68678,19.6062],[73.68675,19.60632],[73.68665,19.60641],[73.6866,19.60657],[73.68648,19.60666],[73.68644,19.60675],[73.68642,19.60685],[73.68635,19.60694],[73.6863,19.60707],[73.68631,19.6072],[73.68632,19.6074],[73.68624,19.60758],[73.68617,19.60772],[73.68608,19.60785],[73.68598,19.60811],[73.6859,19.60833],[73.68582,19.6086],[73.6858,19.60888],[73.68569,19.60915],[73.6856,19.60934],[73.68546,19.6095],[73.68524,19.60969],[73.685,19.60993],[73.68488,19.61002],[73.68472,19.6101],[73.68445,19.61026],[73.68453,19.61052],[73.68451,19.61067],[73.68451,19.61102],[73.68441,19.6113],[73.68438,19.61156],[73.68412,19.61177],[73.6841,19.61195],[73.68405,19.61212],[73.68413,19.61234],[73.68409,19.61242],[73.68392,19.61246],[73.68393,19.61265],[73.68403,19.61267],[73.68419,19.6127],[73.68407,19.61286],[73.68396,19.61307],[73.6838,19.61306],[73.68368,19.61312],[73.68348,19.61308],[73.68334,19.61309],[73.68316,19.61312],[73.68299,19.61305],[73.68285,19.61294],[73.68266,19.61287],[73.68257,19.61294],[73.68235,19.61292],[73.68208,19.61279],[73.68186,19.61274],[73.68174,19.61263],[73.6817,19.61241],[73.68156,19.61229],[73.68145,19.61215],[73.68133,19.61201],[73.68123,19.61202],[73.68114,19.61192],[73.68091,19.61182],[73.68068,19.61173],[73.68046,19.6117],[73.68024,19.61163],[73.68006,19.61174],[73.67996,19.61191],[73.67981,19.6121],[73.67953,19.61217],[73.67937,19.61245],[73.67917,19.61261],[73.67896,19.61275],[73.6787,19.61287],[73.67858,19.61299],[73.67858,19.61321],[73.67838,19.61333],[73.67825,19.61354],[73.67773,19.61391],[73.67691,19.61437],[73.67616,19.61457],[73.67571,19.61481],[73.67588,19.61525],[73.67572,19.61579],[73.67544,19.61634],[73.67553,19.61677],[73.67532,19.61744],[73.67519,19.61799],[73.67484,19.61838]]]},"properties":{"id":"trail_r19944299","type":"trail","name":"Nalichi Waat","name_local":null,"category":"regional hiking route","source":"openstreetmap","source_id":"relation/19944299","updated_at":"2026-06-09T19:02:30Z","tags":{"network":"rwn"}}},{"type":"Feature","geometry":{"type":"MultiLineString","coordinates":[[[73.60862,19.5756],[73.60855,19.5755],[73.6084,19.57546],[73.6084,19.57538],[73.60846,19.57535],[73.6085,19.57529],[73.60849,19.57525],[73.60852,19.5752],[73.60853,19.57511],[73.60854,19.57504],[73.60857,19.57498],[73.60864,19.5749],[73.60871,19.57485],[73.60874,19.57482],[73.60875,19.57475],[73.60878,19.57466],[73.60882,19.57457],[73.60889,19.57452],[73.60901,19.57448],[73.60903,19.57439],[73.60907,19.57435],[73.60903,19.57429],[73.60903,19.5742],[73.60901,19.57409],[73.60897,19.57396],[73.60892,19.57392],[73.6089,19.57382],[73.6089,19.57373],[73.6089,19.57366],[73.60889,19.57355],[73.60896,19.57349],[73.609,19.57347],[73.609,19.57339],[73.609,19.5733],[73.6091,19.57322],[73.60909,19.57314],[73.60913,19.57306],[73.60912,19.5729],[73.60916,19.57282],[73.60924,19.57275],[73.60932,19.57271],[73.60952,19.57268],[73.60957,19.5726],[73.6097,19.57253],[73.60982,19.57253],[73.60988,19.57247],[73.60981,19.57244],[73.60976,19.57234],[73.60966,19.57219],[73.60952,19.57209],[73.6094,19.572],[73.60933,19.57192],[73.60924,19.57188],[73.6092,19.57175],[73.60923,19.57165],[73.60919,19.57154],[73.60919,19.57145],[73.60909,19.57132],[73.60912,19.57124],[73.60912,19.57112],[73.6091,19.57102],[73.60912,19.57098],[73.60909,19.57089],[73.60905,19.57078],[73.60905,19.57066],[73.60906,19.57056],[73.60906,19.57048],[73.60906,19.57037],[73.609,19.57025],[73.60899,19.57017],[73.60895,19.57008],[73.60891,19.56992],[73.60893,19.56977],[73.60888,19.5697],[73.60888,19.5696],[73.60887,19.5695],[73.6089,19.56941],[73.60881,19.56929],[73.60874,19.5692],[73.60873,19.56914],[73.60862,19.56909],[73.60854,19.56901],[73.6085,19.5689],[73.60846,19.56878],[73.60837,19.56875],[73.60836,19.56868],[73.60834,19.56863],[73.60829,19.56852],[73.60819,19.56845],[73.60807,19.56843],[73.60801,19.56837],[73.60794,19.56829],[73.6079,19.56819],[73.60788,19.56812],[73.6078,19.56803],[73.60774,19.56795],[73.60766,19.56789],[73.60759,19.56785],[73.60749,19.56772],[73.60742,19.56758],[73.60735,19.56745],[73.60729,19.5674],[73.60722,19.56733],[73.60718,19.5673],[73.60708,19.56728],[73.60705,19.56721],[73.60699,19.56714],[73.6071,19.56716],[73.60716,19.56714],[73.6073,19.56718],[73.60738,19.56711],[73.60754,19.56714],[73.60763,19.56715],[73.60777,19.56715],[73.60794,19.56717],[73.608,19.56719],[73.60807,19.56715],[73.60821,19.56718],[73.60834,19.56729],[73.60846,19.56702],[73.60847,19.56692],[73.60857,19.56687],[73.60857,19.56678],[73.60867,19.56678],[73.60884,19.56678],[73.60893,19.56682],[73.60903,19.56687],[73.6091,19.56677],[73.60921,19.56675],[73.60931,19.56688],[73.60938,19.5668],[73.60949,19.56675],[73.60957,19.56666],[73.6096,19.56658],[73.60964,19.5665],[73.60975,19.56648],[73.60978,19.5664],[73.60987,19.56638],[73.60987,19.56627],[73.60992,19.56613],[73.61006,19.56604],[73.61012,19.56596],[73.6101,19.56584],[73.60996,19.56579],[73.6098,19.56578],[73.60977,19.56575],[73.60969,19.56565],[73.60972,19.56558],[73.60988,19.56555],[73.61,19.56551],[73.6101,19.56543],[73.6101,19.56531],[73.61026,19.56523],[73.61035,19.56516],[73.61054,19.56499],[73.61062,19.56493],[73.61071,19.56486],[73.6108,19.5647],[73.61092,19.56473],[73.61108,19.56468],[73.61115,19.56459],[73.61125,19.56458],[73.61137,19.56447],[73.61149,19.56444],[73.61164,19.56449],[73.61181,19.56456],[73.61203,19.56454],[73.6121,19.5645],[73.61221,19.56453],[73.61229,19.56454],[73.61241,19.56457],[73.61261,19.56453],[73.6127,19.5646],[73.61278,19.56458],[73.61285,19.56449],[73.61311,19.56447],[73.61332,19.56462],[73.61337,19.56465],[73.61349,19.56462],[73.61356,19.56468],[73.61364,19.56468],[73.61378,19.56483],[73.61388,19.5648],[73.61399,19.56495],[73.61416,19.56501],[73.61429,19.56506],[73.61444,19.5652],[73.61453,19.56518],[73.61461,19.56525],[73.61475,19.56528],[73.61492,19.56531],[73.61501,19.56536],[73.61517,19.56538],[73.61531,19.56542],[73.61541,19.56549],[73.61552,19.5655],[73.61578,19.56557],[73.6159,19.56554],[73.61608,19.56562],[73.61621,19.56571],[73.61638,19.56574],[73.61649,19.56571],[73.6166,19.56571],[73.61673,19.56568],[73.61683,19.56582],[73.61693,19.56572],[73.61707,19.56571],[73.61715,19.56578],[73.61725,19.56572],[73.61737,19.56587],[73.61748,19.56571],[73.61761,19.56578],[73.61772,19.56574],[73.6178,19.56568],[73.61794,19.56555],[73.61809,19.5656],[73.61831,19.56565],[73.61847,19.56571],[73.61858,19.5657],[73.61875,19.56565],[73.61882,19.56561],[73.61897,19.56565],[73.61904,19.56574],[73.61917,19.56578],[73.61928,19.56589],[73.6194,19.56585],[73.61953,19.56584],[73.61961,19.56579],[73.61968,19.5659],[73.61974,19.56584],[73.61982,19.56572],[73.61992,19.56565],[73.62,19.56562],[73.62011,19.56563],[73.62031,19.56554],[73.62041,19.5655],[73.62054,19.56545],[73.62069,19.56535],[73.62074,19.56528],[73.62091,19.56525],[73.62096,19.56516],[73.62103,19.56508],[73.62116,19.56502],[73.62139,19.56498],[73.62164,19.56494],[73.62177,19.56494],[73.62186,19.56487],[73.62202,19.56483],[73.62212,19.56485],[73.62229,19.56482],[73.62238,19.56482],[73.62247,19.56478],[73.62254,19.56478],[73.62258,19.5647],[73.62271,19.56465],[73.62289,19.56464],[73.623,19.56458],[73.62306,19.5645],[73.62317,19.56445],[73.62326,19.56438],[73.62336,19.56415],[73.62338,19.5641],[73.62351,19.56401],[73.62365,19.56401],[73.62368,19.56394],[73.62375,19.56387],[73.62375,19.56381],[73.62392,19.56378],[73.62392,19.5637],[73.624,19.56365],[73.62418,19.56352],[73.62429,19.56335],[73.62423,19.56311],[73.62427,19.56296],[73.62425,19.56282],[73.62431,19.56267],[73.62438,19.56241],[73.6244,19.56229],[73.62429,19.56211],[73.62438,19.56197],[73.62437,19.5618],[73.62433,19.56168],[73.62432,19.56144],[73.62431,19.56112],[73.62436,19.56102],[73.62427,19.56087],[73.62425,19.56066],[73.62426,19.56053],[73.6242,19.56036],[73.62421,19.56017],[73.62415,19.55999],[73.624,19.55986],[73.62395,19.55972],[73.62395,19.55951],[73.62396,19.55934],[73.624,19.55919],[73.62404,19.55911],[73.62401,19.55895],[73.62383,19.55871],[73.62399,19.55862],[73.62413,19.5586],[73.62418,19.5585],[73.62417,19.5584],[73.62426,19.55817],[73.62425,19.55808],[73.62437,19.55787],[73.62443,19.55762],[73.62465,19.55758],[73.62474,19.55744],[73.62474,19.55726],[73.62482,19.55712],[73.62481,19.55705],[73.62488,19.55682],[73.62481,19.55666],[73.62481,19.55642],[73.62484,19.55622],[73.62492,19.55614],[73.6251,19.55613],[73.62516,19.55595],[73.62528,19.55582],[73.62537,19.55569],[73.62547,19.5555],[73.62568,19.55547],[73.62586,19.55552],[73.62592,19.55547]]]},"properties":{"id":"trail_r19960883","type":"trail","name":"Gaadhav Ghat","name_local":null,"category":"regional hiking route","source":"openstreetmap","source_id":"relation/19960883","updated_at":"2025-12-14T17:08:14Z","tags":{"website":"manav.in","network":"rwn"}}},{"type":"Feature","geometry":{"type":"MultiLineString","coordinates":[[[73.64105,19.88197],[73.64122,19.88217],[73.64131,19.88222],[73.64155,19.88223],[73.64163,19.88226],[73.64158,19.88235],[73.64149,19.88243],[73.64145,19.88256],[73.64146,19.88274],[73.64145,19.88293],[73.64158,19.88305],[73.64179,19.8832],[73.642,19.88335],[73.64213,19.88351],[73.64227,19.88358],[73.64236,19.88375],[73.64251,19.88388],[73.64243,19.884],[73.64247,19.88413],[73.64232,19.8843],[73.64233,19.88444],[73.64229,19.88461],[73.64239,19.88471],[73.6424,19.88482],[73.64226,19.88479],[73.64213,19.88478],[73.64199,19.88475],[73.64189,19.88481],[73.64184,19.88491],[73.64177,19.8847],[73.64184,19.88491],[73.64189,19.88481],[73.64199,19.88475],[73.64213,19.88478],[73.64226,19.88479],[73.6424,19.88482],[73.64239,19.88471],[73.64229,19.88461],[73.64233,19.88444],[73.64214,19.88435],[73.64193,19.8843],[73.64174,19.8842],[73.64154,19.88401],[73.64128,19.88395],[73.64107,19.88389],[73.64083,19.88381],[73.6406,19.88375],[73.64043,19.88354],[73.64033,19.88332],[73.64017,19.88309],[73.64007,19.88296],[73.63993,19.88283],[73.63981,19.88269],[73.63962,19.88261],[73.63958,19.88246],[73.63946,19.88235],[73.63936,19.88223],[73.63931,19.88212],[73.63919,19.88197],[73.63917,19.88189],[73.63916,19.88181],[73.63912,19.88177],[73.63904,19.88172],[73.63891,19.88182],[73.63886,19.88192],[73.63883,19.88199],[73.63867,19.88198],[73.63862,19.88195],[73.63855,19.88194],[73.63847,19.88201],[73.63834,19.88203],[73.63829,19.88213],[73.63823,19.88219],[73.63817,19.88216],[73.63815,19.88221],[73.63815,19.88229],[73.63819,19.88236],[73.63814,19.88243],[73.63811,19.88247],[73.63814,19.88254],[73.63808,19.88254],[73.63802,19.88261],[73.638,19.88268],[73.63796,19.88276],[73.63789,19.88285],[73.63783,19.88285],[73.63782,19.88278],[73.63769,19.88271],[73.63762,19.88271],[73.63759,19.88268],[73.63747,19.88267],[73.63737,19.88261],[73.63731,19.88264],[73.63714,19.88258],[73.63712,19.88247],[73.63706,19.88233],[73.63698,19.88219],[73.6369,19.8821],[73.6369,19.882],[73.6369,19.88187],[73.63679,19.88179],[73.63667,19.88178],[73.63662,19.88184],[73.63651,19.88187],[73.63637,19.88178],[73.63622,19.88178],[73.63613,19.88165],[73.636,19.88157],[73.63586,19.8814],[73.63578,19.88144],[73.6356,19.8814],[73.63551,19.88141],[73.63532,19.88131],[73.63522,19.88134],[73.6351,19.88139],[73.63488,19.88145],[73.63473,19.88142],[73.63463,19.88148],[73.6345,19.8815],[73.63445,19.88159],[73.63427,19.88161],[73.63413,19.88161],[73.63401,19.88165],[73.6339,19.88177],[73.6338,19.88189],[73.63364,19.88191],[73.63362,19.88197],[73.63352,19.88204],[73.63345,19.8822],[73.63345,19.88227],[73.63336,19.88236],[73.63313,19.88236],[73.63298,19.88237],[73.63293,19.88232],[73.63275,19.88228],[73.63263,19.88229],[73.63245,19.88224],[73.6323,19.88219],[73.63225,19.88211],[73.63215,19.88212],[73.63205,19.8822],[73.63188,19.88237],[73.63172,19.88241],[73.63162,19.8824],[73.63157,19.88232],[73.63148,19.8824],[73.63125,19.88237],[73.63111,19.88232],[73.63098,19.88225],[73.63086,19.88215],[73.63074,19.88201],[73.6307,19.88186],[73.63064,19.88173],[73.63043,19.88182],[73.6303,19.88179],[73.63011,19.88166],[73.62998,19.88176],[73.62982,19.88186],[73.62969,19.88197],[73.62947,19.882],[73.62928,19.8821],[73.62907,19.88231],[73.62889,19.8824],[73.62888,19.88249],[73.62877,19.88256],[73.62868,19.88266],[73.62857,19.88277],[73.62835,19.88288],[73.62817,19.88293],[73.62799,19.88298],[73.62783,19.88306],[73.6277,19.88307],[73.62763,19.88313],[73.62749,19.88317],[73.62738,19.88315],[73.62716,19.88323],[73.62694,19.88324],[73.62664,19.88324],[73.62632,19.88312],[73.62613,19.88305],[73.62584,19.88297],[73.62556,19.88292],[73.62527,19.88295],[73.62515,19.88296],[73.62478,19.88294],[73.62456,19.88292],[73.62435,19.88291],[73.62412,19.88294],[73.62393,19.88295],[73.62374,19.88298],[73.62356,19.88301],[73.62336,19.88303],[73.6232,19.88306],[73.62313,19.88313],[73.62294,19.88313],[73.62283,19.88317],[73.62257,19.88317],[73.62235,19.8832],[73.62219,19.88325],[73.62198,19.88331],[73.62161,19.88316],[73.62151,19.88318],[73.62132,19.88312],[73.62119,19.88305],[73.62103,19.88305],[73.62088,19.88302],[73.62068,19.8829],[73.62045,19.88279],[73.62032,19.88277],[73.62016,19.88275],[73.61998,19.88282],[73.61986,19.88271],[73.61972,19.88254],[73.61972,19.88231],[73.61973,19.88217],[73.61969,19.88207],[73.61963,19.88196],[73.61954,19.88178],[73.61936,19.88165],[73.61933,19.88146],[73.61926,19.88132],[73.61918,19.88122],[73.61912,19.88115],[73.61895,19.88101],[73.61882,19.88091],[73.61868,19.88088],[73.61854,19.8809],[73.61836,19.88094],[73.61826,19.88087],[73.61812,19.88084],[73.61805,19.88067],[73.61798,19.88055],[73.61792,19.88047],[73.61783,19.88037],[73.61771,19.88028],[73.61764,19.88025],[73.61761,19.88041],[73.6176,19.88051],[73.6176,19.88065],[73.61746,19.88069],[73.61734,19.88065],[73.61723,19.88065],[73.61712,19.88065],[73.61701,19.88068],[73.61699,19.88076],[73.61705,19.88079],[73.61711,19.88085],[73.61719,19.88092],[73.61726,19.88102],[73.61733,19.88103],[73.61734,19.88115],[73.61739,19.8813],[73.61751,19.88143],[73.61748,19.88165],[73.61745,19.8817],[73.61747,19.88179],[73.61749,19.88188],[73.61749,19.88196],[73.6175,19.88203],[73.61752,19.88207],[73.61754,19.88217],[73.61757,19.88224],[73.6176,19.88233],[73.61761,19.8824],[73.61761,19.8825],[73.61762,19.88255],[73.61765,19.88258],[73.61766,19.88263],[73.61774,19.88266],[73.61772,19.88278],[73.61772,19.88286],[73.61773,19.88295],[73.61777,19.88303],[73.61782,19.88295],[73.61785,19.88301],[73.61778,19.88308],[73.61774,19.88314],[73.61771,19.88319],[73.61767,19.88322],[73.61766,19.88328],[73.61764,19.8833],[73.61762,19.88337],[73.61763,19.88339],[73.6176,19.88347],[73.61758,19.88349],[73.61758,19.88351],[73.61756,19.88353],[73.61756,19.88356],[73.61753,19.88358],[73.61752,19.88365],[73.61752,19.8837],[73.61748,19.88374],[73.61751,19.88377],[73.61752,19.88382],[73.61746,19.88384],[73.61745,19.88387],[73.61748,19.88392],[73.61745,19.88396],[73.61743,19.88404],[73.6174,19.8841],[73.61738,19.88413],[73.61738,19.88415],[73.61734,19.88418],[73.61732,19.88423],[73.61722,19.88422],[73.61708,19.88431],[73.61695,19.88446],[73.61685,19.88456],[73.6167,19.88464],[73.61668,19.88476],[73.61652,19.88492],[73.61649,19.88487],[73.61635,19.88492],[73.61631,19.88501],[73.61628,19.88517],[73.61612,19.88533],[73.616,19.88546],[73.61587,19.8856],[73.61578,19.88573],[73.6157,19.88586],[73.61561,19.88599],[73.61551,19.88612],[73.61542,19.88624],[73.61534,19.88635],[73.61526,19.88646],[73.61519,19.88656],[73.61509,19.88664],[73.61503,19.88672],[73.61496,19.88683],[73.61487,19.88695],[73.61482,19.88702],[73.61472,19.88713],[73.61461,19.88729],[73.61452,19.88743],[73.61439,19.88754],[73.61428,19.88769],[73.61421,19.88781],[73.61413,19.88794],[73.61404,19.88808],[73.61399,19.8882],[73.61388,19.88833],[73.61379,19.88842],[73.6137,19.88859],[73.61364,19.88869],[73.61364,19.88875],[73.61358,19.8888],[73.61352,19.88887],[73.61345,19.88901],[73.61337,19.8892],[73.61323,19.8894],[73.61311,19.88948],[73.61299,19.88956],[73.61287,19.88964],[73.61274,19.8897],[73.61267,19.88977],[73.61256,19.88988],[73.61247,19.88997],[73.61237,19.89006],[73.61227,19.89015],[73.6122,19.89026],[73.61214,19.89031],[73.6121,19.89034],[73.61208,19.8904],[73.61203,19.89047],[73.61198,19.89057],[73.61193,19.89062],[73.61191,19.89069],[73.61185,19.89079],[73.61181,19.89088],[73.61176,19.89099],[73.61155,19.89103],[73.61099,19.8912],[73.61039,19.89135],[73.60994,19.89146],[73.60939,19.89172],[73.60849,19.89184],[73.60798,19.89223],[73.60725,19.8923],[73.60684,19.8925],[73.60613,19.89235],[73.60551,19.89254],[73.60492,19.89255],[73.60441,19.8922],[73.60385,19.89193],[73.60375,19.89145],[73.60352,19.89091],[73.60351,19.89029],[73.6032,19.89015],[73.60305,19.88978],[73.60259,19.88946],[73.6021,19.88944],[73.60173,19.88938],[73.6011,19.88932],[73.60072,19.88938],[73.59985,19.88918],[73.59895,19.88921],[73.59826,19.88929],[73.59757,19.88952],[73.59676,19.88943],[73.59613,19.88917],[73.5956,19.88888],[73.59441,19.88898],[73.59337,19.88826],[73.59302,19.88793],[73.59279,19.88765],[73.59214,19.8872],[73.59146,19.88631],[73.5911,19.88601],[73.59076,19.886],[73.59038,19.88582],[73.58974,19.88561],[73.58876,19.88593],[73.58825,19.88635],[73.58817,19.88709],[73.58812,19.88772],[73.58857,19.88834],[73.58901,19.88901],[73.58928,19.88945],[73.58939,19.88982],[73.58912,19.89018],[73.58884,19.89101],[73.58847,19.89176],[73.58883,19.89231],[73.58897,19.89271],[73.58803,19.89228],[73.58725,19.89213],[73.58655,19.89204],[73.58592,19.89204],[73.5851,19.89202],[73.58485,19.89271],[73.5848,19.89339],[73.58492,19.89391],[73.58488,19.89423],[73.58482,19.89424],[73.58479,19.89423],[73.58473,19.89423],[73.58469,19.89421],[73.58468,19.89417],[73.58467,19.89413],[73.58464,19.89411],[73.58463,19.89409],[73.5846,19.89408],[73.58455,19.89406],[73.58453,19.89405],[73.58453,19.89404],[73.58451,19.89403],[73.58451,19.894],[73.58447,19.89396],[73.58445,19.89395],[73.58445,19.89393],[73.58447,19.8939],[73.58445,19.89388],[73.58445,19.89385],[73.58444,19.89382],[73.5844,19.89381],[73.58439,19.89382],[73.58435,19.89381],[73.58433,19.89381],[73.58431,19.89381],[73.58429,19.89381],[73.58428,19.89379],[73.58428,19.89377],[73.58428,19.89373],[73.58428,19.89372],[73.58425,19.89371],[73.58424,19.8937],[73.58424,19.89366],[73.58419,19.89362],[73.58419,19.89359],[73.58416,19.89356],[73.58416,19.89353],[73.58413,19.89353],[73.58413,19.8935],[73.58415,19.8935],[73.58412,19.89348],[73.58412,19.89345],[73.58409,19.89341],[73.58407,19.89332],[73.58404,19.89334],[73.58403,19.89342],[73.58398,19.8935],[73.58391,19.89351],[73.58393,19.8936],[73.58385,19.89369],[73.58377,19.89372],[73.58377,19.89365],[73.58374,19.89362],[73.58377,19.89357],[73.58377,19.89354],[73.58373,19.89357],[73.58371,19.89351],[73.58373,19.8934],[73.58376,19.89334],[73.58376,19.89323],[73.58376,19.89315],[73.58376,19.89302],[73.58377,19.89293],[73.58372,19.89288],[73.58376,19.89277],[73.58372,19.89265],[73.58376,19.89259],[73.58379,19.89251],[73.58387,19.89244],[73.58389,19.89235],[73.58395,19.8923],[73.58397,19.89217],[73.584,19.89206],[73.58398,19.89199],[73.58388,19.8919],[73.5838,19.89187],[73.58371,19.89181],[73.58368,19.89168],[73.58368,19.89159],[73.58369,19.89149],[73.58378,19.89146],[73.58385,19.89142],[73.58381,19.89132],[73.58383,19.89128],[73.58386,19.89122],[73.58389,19.89117],[73.58396,19.89108],[73.58402,19.89099],[73.58411,19.89095],[73.58408,19.89101],[73.58417,19.89104],[73.58427,19.89101],[73.58439,19.891],[73.5844,19.89091],[73.58447,19.89086],[73.58459,19.89082],[73.58468,19.89077],[73.58481,19.89074],[73.58488,19.89064],[73.58477,19.89059],[73.58473,19.89053],[73.58481,19.89045],[73.58487,19.89033],[73.58494,19.89029],[73.58504,19.89024],[73.58509,19.89018],[73.58511,19.89011],[73.58515,19.89009],[73.58519,19.89003],[73.58523,19.88998],[73.5853,19.88989],[73.58537,19.88979],[73.58539,19.88973],[73.58545,19.88966],[73.58551,19.88961],[73.58554,19.88951],[73.58555,19.88939],[73.58559,19.88928],[73.58566,19.88919],[73.58571,19.88911],[73.58576,19.88904],[73.58579,19.88895],[73.58582,19.88888],[73.58584,19.8888],[73.58585,19.88873],[73.58579,19.88875],[73.58572,19.88882],[73.5857,19.88887],[73.58566,19.88896],[73.58561,19.88901],[73.58556,19.88909],[73.58546,19.88912],[73.58539,19.88912],[73.58531,19.88914],[73.58522,19.88913],[73.58515,19.88917],[73.58508,19.8891],[73.58504,19.889],[73.58494,19.88899],[73.58483,19.88893],[73.58465,19.88893],[73.58464,19.88891],[73.5846,19.88891],[73.58454,19.88898],[73.58441,19.88899],[73.58434,19.88904],[73.58428,19.88905],[73.58423,19.88908],[73.58415,19.88915],[73.58404,19.88918],[73.58386,19.88918],[73.58376,19.88918],[73.58366,19.88916],[73.58354,19.8891],[73.58344,19.88912],[73.58335,19.88907],[73.58328,19.88907],[73.58321,19.88904],[73.58312,19.88903],[73.58302,19.88905],[73.58295,19.88904],[73.58286,19.88904],[73.58282,19.88906],[73.58276,19.88911],[73.58269,19.88915],[73.58264,19.88916],[73.58257,19.88919],[73.58252,19.88922],[73.58248,19.88926],[73.58243,19.8893],[73.58241,19.88934],[73.58233,19.88939],[73.58229,19.88943],[73.58225,19.88942],[73.58218,19.88944],[73.58213,19.88945],[73.58208,19.88944],[73.582,19.88947],[73.58195,19.88946],[73.58189,19.88949],[73.58186,19.88949],[73.58182,19.8895],[73.58176,19.88952],[73.58172,19.88954],[73.58166,19.88958],[73.58163,19.88959],[73.58155,19.88962],[73.58149,19.88963],[73.58143,19.88963],[73.58136,19.88965],[73.5813,19.88967],[73.58123,19.8897],[73.58114,19.88968],[73.58107,19.88965],[73.581,19.88963],[73.58092,19.88962],[73.58089,19.8896],[73.58087,19.8896],[73.58083,19.88959],[73.58077,19.88956],[73.58069,19.88956],[73.58061,19.88956],[73.58054,19.88962],[73.58051,19.88963],[73.58047,19.88969],[73.58043,19.88971],[73.58038,19.88973],[73.58036,19.88976],[73.58033,19.88979],[73.58027,19.88984],[73.58024,19.88986],[73.5802,19.88993],[73.58018,19.88998],[73.58015,19.89001],[73.58013,19.89006],[73.58011,19.89008],[73.58009,19.89014],[73.58007,19.8902],[73.58006,19.89026],[73.58002,19.89035],[73.57998,19.89043],[73.57993,19.89049],[73.57989,19.89054],[73.57987,19.89058],[73.57984,19.89062],[73.57981,19.89065],[73.57976,19.89071],[73.57972,19.89073],[73.57969,19.89077],[73.57964,19.89081],[73.57963,19.89085],[73.57958,19.89086],[73.57957,19.89088],[73.57952,19.89088],[73.57945,19.89084],[73.5794,19.89082],[73.57931,19.89083],[73.57924,19.89085],[73.57921,19.89089],[73.57919,19.89098],[73.57918,19.89103],[73.57914,19.89108],[73.57911,19.89112],[73.57906,19.89118],[73.57901,19.89124],[73.579,19.89127],[73.57896,19.89132],[73.57895,19.89136],[73.57893,19.89139],[73.57889,19.89146],[73.57888,19.8915],[73.57887,19.89156],[73.57884,19.8916],[73.5788,19.89164],[73.57878,19.89168],[73.57877,19.89172],[73.57873,19.89176],[73.57869,19.89182],[73.57865,19.8919],[73.57863,19.89193],[73.57857,19.89197],[73.57854,19.89201],[73.5785,19.89205],[73.57845,19.89207],[73.57841,19.89209],[73.57836,19.89213],[73.57825,19.89216],[73.57818,19.89225],[73.57813,19.8923],[73.57806,19.89237],[73.57801,19.89243],[73.57794,19.89247],[73.57791,19.89252],[73.57787,19.89258],[73.57784,19.89263],[73.57782,19.89268],[73.5778,19.89274],[73.57778,19.89275],[73.57775,19.89283],[73.57772,19.8929],[73.57768,19.89295],[73.57765,19.89296],[73.57762,19.89298],[73.57758,19.89309],[73.57756,19.89316],[73.57753,19.89321],[73.57751,19.89327],[73.57749,19.89333],[73.57747,19.89342],[73.57747,19.89349],[73.57745,19.89351],[73.57746,19.89356],[73.57742,19.89363],[73.57744,19.8937],[73.57745,19.89376],[73.57744,19.8938],[73.57742,19.89383],[73.5774,19.89391],[73.57741,19.894],[73.57741,19.89405],[73.57741,19.89411],[73.5774,19.89418],[73.57739,19.89424],[73.57739,19.89429],[73.57739,19.89438],[73.57742,19.89446],[73.57742,19.89452],[73.57743,19.89454],[73.57745,19.8946],[73.57745,19.89462],[73.57748,19.89465],[73.57748,19.89468],[73.5775,19.89474],[73.57752,19.89476],[73.57752,19.89479],[73.57753,19.8948],[73.57754,19.89485],[73.57754,19.89489],[73.57756,19.89493],[73.57756,19.89502],[73.57757,19.89506],[73.57759,19.89512],[73.5776,19.89516],[73.57761,19.89523],[73.57761,19.89531],[73.5776,19.8954],[73.5776,19.89546],[73.57758,19.89549],[73.57758,19.89558],[73.5776,19.89561],[73.5776,19.89566],[73.5776,19.89572],[73.5776,19.89578],[73.57758,19.89582],[73.5776,19.89585],[73.57762,19.89592],[73.57765,19.89596],[73.57769,19.896],[73.5777,19.89604],[73.57773,19.89608],[73.57773,19.89614],[73.57772,19.89619],[73.57772,19.89624],[73.57772,19.89629],[73.57773,19.89635],[73.57773,19.89641],[73.57776,19.89645],[73.57776,19.8965],[73.5778,19.89654],[73.57783,19.89659],[73.57788,19.89666],[73.57792,19.89671],[73.57794,19.89678],[73.57797,19.89682],[73.57799,19.89686],[73.57801,19.89694],[73.57804,19.89697],[73.57805,19.897],[73.57806,19.89705],[73.57806,19.89711],[73.57807,19.89713],[73.57808,19.89722],[73.57808,19.89727],[73.57806,19.89733],[73.57808,19.89738],[73.57806,19.89744],[73.57802,19.8975],[73.57804,19.89753],[73.57805,19.89757],[73.57805,19.89762],[73.57806,19.89768],[73.57805,19.89775],[73.57804,19.89784],[73.57809,19.89788],[73.57811,19.89792],[73.57812,19.89796],[73.5781,19.89803],[73.57809,19.89808],[73.57808,19.89814],[73.57806,19.89818],[73.57805,19.89823],[73.57802,19.89827],[73.578,19.89833],[73.57799,19.89837],[73.57796,19.89844],[73.57796,19.89851],[73.57796,19.89855],[73.57797,19.89863],[73.57796,19.89865],[73.57796,19.89873],[73.57796,19.89878],[73.57795,19.89883],[73.57796,19.89887],[73.57798,19.89894],[73.57799,19.89899],[73.57798,19.89903],[73.578,19.89905],[73.57798,19.89911],[73.57799,19.89914],[73.57799,19.89916],[73.57797,19.89918],[73.57797,19.89926],[73.57799,19.8993],[73.57799,19.89934],[73.57799,19.89939],[73.57799,19.89943],[73.57799,19.89949],[73.578,19.89954],[73.578,19.8996],[73.57799,19.89964],[73.578,19.89967],[73.578,19.89976],[73.57803,19.89981],[73.57805,19.89986],[73.57805,19.89991],[73.57806,19.89997],[73.57805,19.90004],[73.57805,19.90011],[73.57805,19.90018],[73.57803,19.90021],[73.57803,19.9003],[73.57804,19.90037],[73.57804,19.90043],[73.57805,19.90047],[73.57807,19.90054],[73.57806,19.90057],[73.57806,19.9006],[73.57804,19.90064],[73.57803,19.90068],[73.57803,19.90073],[73.57801,19.90076],[73.57801,19.90083],[73.578,19.90088],[73.57801,19.90093],[73.578,19.90097],[73.57801,19.90101],[73.578,19.90103],[73.57801,19.90106],[73.57802,19.90112],[73.57801,19.90117],[73.57801,19.90121],[73.578,19.90128],[73.578,19.90135],[73.57799,19.90139],[73.57796,19.90145],[73.57796,19.90148],[73.57794,19.90151],[73.57794,19.90154],[73.57793,19.90158],[73.57789,19.90161],[73.57787,19.90168],[73.57787,19.90173],[73.57784,19.90177],[73.57783,19.9018],[73.57781,19.90183],[73.57779,19.90186],[73.57777,19.90189],[73.57774,19.9019],[73.57772,19.90193],[73.57772,19.90197],[73.5777,19.90198],[73.57769,19.902],[73.57766,19.90203],[73.57764,19.90206],[73.57762,19.90209],[73.57762,19.90213],[73.57763,19.90215],[73.57761,19.90217],[73.5776,19.90223],[73.57759,19.90227],[73.57756,19.90231],[73.57756,19.90235],[73.57756,19.9024],[73.57755,19.90244],[73.57753,19.9025],[73.5775,19.90255],[73.5775,19.90257],[73.57749,19.9026],[73.57749,19.90262],[73.57748,19.90265],[73.57748,19.90269],[73.57748,19.90271],[73.57745,19.90271],[73.57742,19.90271],[73.57739,19.9027],[73.57737,19.90271],[73.57734,19.90274],[73.57732,19.90277],[73.57729,19.90279],[73.57727,19.90285],[73.57725,19.90289],[73.57725,19.90293],[73.57727,19.90294],[73.57728,19.90296],[73.57728,19.90298],[73.57726,19.90299],[73.57724,19.90298],[73.57722,19.90296],[73.57718,19.90295],[73.57714,19.90293],[73.57712,19.90291],[73.57706,19.90288],[73.57698,19.90286],[73.5769,19.90293],[73.5768,19.90292],[73.57677,19.90299],[73.57677,19.90304],[73.57674,19.90309],[73.57675,19.90313],[73.57669,19.90314],[73.57669,19.90319],[73.57661,19.90322],[73.5765,19.90328],[73.57638,19.90331],[73.57627,19.90333],[73.57615,19.9033],[73.57608,19.90327],[73.57598,19.90326],[73.57589,19.90324],[73.57576,19.90321],[73.57568,19.9032],[73.57562,19.9032],[73.57555,19.90321],[73.57542,19.90326],[73.57533,19.90328],[73.57526,19.9033],[73.5752,19.90328],[73.57514,19.90331],[73.57508,19.90326],[73.57502,19.9033],[73.57501,19.90339],[73.575,19.90348],[73.575,19.90357],[73.57504,19.90366],[73.57506,19.90376],[73.57502,19.90385],[73.57512,19.90394],[73.57508,19.90406],[73.57508,19.90417],[73.57506,19.90421],[73.57505,19.90427],[73.57502,19.90434],[73.57502,19.90443],[73.57501,19.90454],[73.57494,19.90464],[73.57492,19.90476],[73.57488,19.90481],[73.57484,19.9049],[73.57478,19.905],[73.57474,19.90509],[73.57471,19.90516],[73.57463,19.90523],[73.5746,19.9053],[73.57457,19.90546],[73.57446,19.90554],[73.57446,19.90562],[73.57442,19.90569],[73.57433,19.90578],[73.57424,19.90584],[73.57418,19.90591],[73.57412,19.90599],[73.57405,19.90599],[73.57402,19.90609],[73.5739,19.90617],[73.57386,19.90624],[73.57372,19.90627],[73.57355,19.90638],[73.57332,19.90641],[73.57328,19.90657],[73.57317,19.90658],[73.57297,19.90683],[73.5729,19.90706],[73.57274,19.90738],[73.57265,19.90758],[73.57255,19.90793],[73.57247,19.90811],[73.5724,19.90831],[73.57233,19.90851],[73.57236,19.9087],[73.57229,19.9089],[73.57214,19.90903],[73.57213,19.90939],[73.57211,19.90968],[73.57199,19.90991],[73.57187,19.91008],[73.5718,19.91028],[73.57171,19.91046],[73.5717,19.91076],[73.57158,19.91219],[73.57166,19.91405],[73.57141,19.91588],[73.57138,19.91667],[73.57134,19.91719],[73.57128,19.91754],[73.57113,19.91861],[73.57117,19.91941],[73.57128,19.92036],[73.57136,19.92107],[73.57162,19.92175],[73.57136,19.92107],[73.57128,19.92036],[73.57117,19.91941],[73.57113,19.91861],[73.57128,19.91754],[73.57134,19.91719],[73.57138,19.91667],[73.57141,19.91588],[73.57166,19.91405],[73.57158,19.91219],[73.5717,19.91076],[73.57171,19.91046],[73.5718,19.91028],[73.57187,19.91008],[73.57199,19.90991],[73.57211,19.90968],[73.57213,19.90939],[73.57214,19.90903],[73.57229,19.9089],[73.57236,19.9087],[73.57233,19.90851],[73.5724,19.90831],[73.57247,19.90811],[73.57255,19.90793],[73.57265,19.90758],[73.57274,19.90738],[73.5729,19.90706],[73.57297,19.90683],[73.57317,19.90658],[73.57328,19.90657],[73.57332,19.90641],[73.57355,19.90638],[73.57372,19.90627],[73.57386,19.90624],[73.5739,19.90617],[73.57402,19.90609],[73.57405,19.90599],[73.57412,19.90599],[73.57418,19.90591],[73.57424,19.90584],[73.57433,19.90578],[73.57442,19.90569],[73.57446,19.90562],[73.57446,19.90554],[73.57457,19.90546],[73.5746,19.9053],[73.57463,19.90523],[73.57471,19.90516],[73.57474,19.90509],[73.57478,19.905],[73.57484,19.9049],[73.57488,19.90481],[73.57492,19.90476],[73.57494,19.90464],[73.57501,19.90454],[73.57502,19.90443],[73.57502,19.90434],[73.57505,19.90427],[73.57506,19.90421],[73.57508,19.90417],[73.57508,19.90406],[73.57512,19.90394],[73.57502,19.90385],[73.57506,19.90376],[73.57504,19.90366],[73.575,19.90357],[73.575,19.90348],[73.57501,19.90339],[73.57502,19.9033],[73.57508,19.90326],[73.57514,19.90331],[73.5752,19.90328],[73.57526,19.9033],[73.57533,19.90328],[73.57542,19.90326],[73.57555,19.90321],[73.57562,19.9032],[73.57568,19.9032],[73.57576,19.90321],[73.57589,19.90324],[73.57598,19.90326],[73.57608,19.90327],[73.57615,19.9033],[73.57627,19.90333],[73.57638,19.90331],[73.5765,19.90328],[73.57661,19.90322],[73.57669,19.90319],[73.57669,19.90314],[73.57675,19.90313],[73.57674,19.90309],[73.57677,19.90304],[73.57677,19.90299],[73.5768,19.90292],[73.5769,19.90293],[73.57698,19.90286],[73.57689,19.90231],[73.57662,19.90163],[73.57656,19.90108],[73.57625,19.90054],[73.57608,19.89996],[73.57559,19.89994],[73.57532,19.89982],[73.5751,19.89963],[73.57474,19.89961],[73.57426,19.89931],[73.57347,19.89894],[73.57306,19.89874],[73.57241,19.89873],[73.57218,19.89904],[73.57173,19.89916],[73.5712,19.89878],[73.57078,19.8985],[73.57049,19.89807],[73.57005,19.89799],[73.56901,19.89741],[73.56846,19.8974],[73.56793,19.89726],[73.56757,19.89719],[73.5669,19.8971],[73.56631,19.89735],[73.56578,19.89704],[73.56551,19.89689],[73.56483,19.89684],[73.56398,19.89669],[73.56383,19.89675],[73.56329,19.89698],[73.56322,19.89699],[73.5631,19.89699],[73.56285,19.89698],[73.56273,19.89698],[73.56263,19.89694],[73.56257,19.8969],[73.56251,19.89687],[73.56243,19.89684],[73.56235,19.89681],[73.56223,19.89681],[73.56211,19.89681],[73.56199,19.89684],[73.56189,19.89687],[73.56133,19.89711],[73.56092,19.89731],[73.56048,19.89752],[73.5603,19.89761],[73.56015,19.89762],[73.56004,19.89765],[73.55988,19.89769],[73.55973,19.89773],[73.55953,19.89782],[73.55939,19.89792],[73.55928,19.89801],[73.55926,19.89805],[73.55923,19.89804],[73.55911,19.89806],[73.55902,19.89809],[73.55891,19.89811],[73.55882,19.89811],[73.55874,19.89808],[73.55856,19.89807],[73.55851,19.89809],[73.55844,19.89813],[73.55839,19.89819],[73.55834,19.89832],[73.55833,19.89841],[73.55832,19.89855],[73.55834,19.89874],[73.55834,19.89893],[73.5583,19.89904],[73.55825,19.89908],[73.55815,19.89906],[73.55805,19.89905],[73.55789,19.89913],[73.55769,19.89923],[73.55755,19.89932],[73.55741,19.89943],[73.55731,19.89954],[73.55726,19.89963],[73.55721,19.89976],[73.55719,19.89983],[73.55709,19.89995],[73.55701,19.9],[73.55648,19.90023],[73.55632,19.90029],[73.5562,19.90032],[73.55611,19.90034],[73.55597,19.90036],[73.55584,19.90039],[73.55565,19.90045],[73.55545,19.90051],[73.55538,19.90053],[73.5553,19.90057],[73.55517,19.9006],[73.55507,19.90059],[73.55493,19.90049],[73.55475,19.90039],[73.55459,19.90037],[73.55449,19.90037],[73.55435,19.90039],[73.55426,19.9004],[73.55411,19.90041],[73.55399,19.90035],[73.55391,19.90034],[73.55382,19.90034],[73.5537,19.90035],[73.55357,19.90036],[73.55347,19.90034],[73.55339,19.9003],[73.5533,19.90027],[73.55321,19.90022],[73.55315,19.90019],[73.55304,19.90017],[73.55291,19.90014],[73.55274,19.90009],[73.5526,19.90004],[73.55248,19.90002],[73.55237,19.90002],[73.55225,19.90003],[73.55211,19.90008],[73.55197,19.90018],[73.55193,19.90022],[73.55182,19.90034],[73.55168,19.90048],[73.5516,19.90053],[73.55151,19.90055],[73.5514,19.90055],[73.5513,19.90053],[73.55121,19.90049],[73.55111,19.90048],[73.55103,19.90051],[73.55098,19.90056],[73.55095,19.90062],[73.55093,19.90068],[73.55093,19.90074],[73.55095,19.90083],[73.55094,19.90098],[73.55086,19.90122],[73.55075,19.90162],[73.55073,19.90182],[73.55072,19.90203],[73.55075,19.90231],[73.55079,19.90254],[73.55079,19.90273],[73.55074,19.90295],[73.55066,19.90319],[73.55063,19.90341],[73.5506,19.90357],[73.55058,19.90368],[73.55011,19.90218],[73.54981,19.90163],[73.54961,19.90098],[73.54907,19.9003],[73.54859,19.89965],[73.54837,19.89933],[73.5483,19.89932],[73.54813,19.89937],[73.54769,19.89966],[73.5474,19.89982],[73.54666,19.90026],[73.54618,19.90067],[73.54584,19.90143],[73.54567,19.90152],[73.54541,19.90151],[73.54505,19.9014],[73.54465,19.90118],[73.54408,19.90079],[73.54386,19.90057],[73.5437,19.90018],[73.54318,19.89909],[73.54271,19.89836],[73.54215,19.89776],[73.54201,19.89759],[73.54189,19.89751],[73.54166,19.89742],[73.54095,19.89736],[73.54026,19.89715],[73.5388,19.89643],[73.53787,19.89614],[73.53704,19.8959],[73.53682,19.89583],[73.53567,19.89554],[73.53465,19.89567],[73.53432,19.89571],[73.53268,19.89613],[73.53155,19.89655]]]},"properties":{"id":"trail_r20950777","type":"trail","name":"EST 01","name_local":null,"category":"regional hiking route","source":"openstreetmap","source_id":"relation/20950777","updated_at":"2026-06-08T17:15:14Z","tags":{"operator":"HikeX","website":"https://hikex.in/","from":"Gadgad Sanghvi","to":"Kajali","network":"rwn"}}},{"type":"Feature","geometry":{"type":"MultiLineString","coordinates":[[[73.53155,19.89655],[73.53155,19.89674],[73.53168,19.89689],[73.53185,19.89694],[73.532,19.8971],[73.53216,19.89732],[73.5322,19.89755],[73.53221,19.89776],[73.53217,19.898],[73.53212,19.89823],[73.53203,19.89845],[73.53187,19.89863],[73.53162,19.89882],[73.53148,19.89891],[73.53129,19.89896],[73.53112,19.89914],[73.53095,19.89937],[73.53082,19.89963],[73.53056,19.89967],[73.53037,19.89984],[73.53035,19.90001],[73.53022,19.90013],[73.53018,19.90025],[73.53014,19.90045],[73.53008,19.90053],[73.52997,19.90076],[73.52993,19.90088],[73.52989,19.90098],[73.52982,19.90101],[73.52969,19.90116],[73.52962,19.9013],[73.52961,19.9014],[73.5295,19.90132],[73.52927,19.90138],[73.5293,19.90148],[73.52917,19.90155],[73.52907,19.90168],[73.52896,19.90166],[73.52883,19.90175],[73.52879,19.90167],[73.5286,19.90167],[73.52844,19.9017],[73.52833,19.90181],[73.52823,19.90187],[73.52809,19.90175],[73.52795,19.90181],[73.52785,19.90188],[73.52779,19.90194],[73.52764,19.90195],[73.52748,19.90205],[73.52732,19.90212],[73.5273,19.90227],[73.52694,19.90219],[73.52684,19.90296],[73.5265,19.90393],[73.52619,19.90421],[73.52637,19.90463],[73.52633,19.905],[73.52623,19.9055],[73.52618,19.90576],[73.52616,19.90599],[73.52617,19.90629],[73.52615,19.90656],[73.52612,19.90685],[73.52595,19.90706],[73.52588,19.9072],[73.52581,19.90746],[73.52576,19.90771],[73.52576,19.90798],[73.52575,19.90807],[73.52575,19.90815],[73.52571,19.90824],[73.52567,19.90832],[73.52567,19.90838],[73.52566,19.90843],[73.52564,19.90852],[73.52563,19.90859],[73.52559,19.90865],[73.52559,19.90871],[73.52555,19.90877],[73.52553,19.90891],[73.5255,19.90902],[73.5255,19.90912],[73.52547,19.9092],[73.5254,19.90934],[73.52536,19.90939],[73.52531,19.90943],[73.52527,19.90948],[73.52524,19.90954],[73.52524,19.90963],[73.52523,19.9097],[73.52519,19.90976],[73.52517,19.90979],[73.52518,19.90985],[73.5252,19.90991],[73.52521,19.91],[73.52527,19.91003],[73.52537,19.9101],[73.52541,19.91019],[73.52536,19.91026],[73.52531,19.91035],[73.52548,19.91039],[73.52563,19.91043],[73.52566,19.91051],[73.52564,19.91064],[73.52566,19.9108],[73.5256,19.91095],[73.52567,19.91106],[73.52568,19.91116],[73.52579,19.91126],[73.52582,19.91131],[73.52587,19.91141],[73.52597,19.91153],[73.52602,19.91162],[73.52601,19.91172],[73.5259,19.91176],[73.52581,19.91174],[73.52568,19.91169],[73.52558,19.91166],[73.52537,19.9116],[73.52528,19.91161],[73.52513,19.91165],[73.52505,19.91174],[73.52493,19.91184],[73.52477,19.91189],[73.52448,19.91193],[73.5243,19.91184],[73.52406,19.91177],[73.52384,19.91175],[73.52363,19.91177],[73.52343,19.91181],[73.52316,19.91187],[73.52291,19.91187],[73.52269,19.91191],[73.52253,19.91198],[73.5224,19.912],[73.52218,19.91191],[73.522,19.91189],[73.5218,19.9119],[73.5216,19.91191],[73.52128,19.91193],[73.52104,19.91194],[73.52079,19.91191],[73.52057,19.91175],[73.52033,19.91156],[73.5201,19.91142],[73.51992,19.91131],[73.51954,19.91117],[73.51935,19.91109],[73.51908,19.91103],[73.51897,19.91107],[73.51891,19.91129],[73.51886,19.91146],[73.51881,19.91178],[73.51871,19.91198],[73.51863,19.9122],[73.51858,19.91236],[73.51844,19.91254],[73.51823,19.91267],[73.51809,19.91283],[73.51806,19.91305],[73.51806,19.91326],[73.51803,19.91345],[73.518,19.91365],[73.51791,19.91392],[73.51787,19.91412],[73.51791,19.91425],[73.51791,19.91451],[73.51794,19.91467],[73.518,19.91488],[73.51803,19.91508],[73.51803,19.91527],[73.51803,19.91547],[73.51803,19.91554],[73.51803,19.9157],[73.51809,19.91601],[73.51809,19.91641],[73.51813,19.91666],[73.51824,19.91693],[73.51824,19.91738],[73.51824,19.91766],[73.51823,19.9179],[73.5182,19.9181],[73.51815,19.91842],[73.51805,19.91886],[73.51795,19.91928],[73.51788,19.91957],[73.51786,19.9199],[73.51775,19.91992],[73.51765,19.91995],[73.51755,19.92001],[73.51746,19.92013],[73.5174,19.92025],[73.51735,19.92031],[73.51725,19.9204],[73.51712,19.92047],[73.51697,19.92051],[73.51689,19.92045],[73.51672,19.9205],[73.51662,19.92055],[73.51657,19.92065],[73.51652,19.92076],[73.51651,19.92087],[73.51655,19.92098],[73.5166,19.9211],[73.51662,19.9212],[73.51661,19.92134],[73.51665,19.92151],[73.51664,19.92158],[73.51667,19.92171],[73.51674,19.9218],[73.51678,19.92192],[73.51677,19.92204],[73.51677,19.9223],[73.51683,19.92237],[73.51684,19.92245],[73.51684,19.92263],[73.51688,19.9228],[73.51694,19.92296],[73.51695,19.92306],[73.51695,19.92324],[73.51691,19.92337],[73.51692,19.92353],[73.51689,19.92369],[73.51689,19.92388],[73.51688,19.92409],[73.51687,19.92421],[73.51686,19.92433],[73.51687,19.92446],[73.51686,19.9246],[73.51688,19.92472],[73.51691,19.92488],[73.51688,19.925],[73.51688,19.92516],[73.51689,19.92533],[73.5169,19.92545],[73.51689,19.92558],[73.51692,19.92568],[73.51695,19.92579],[73.51688,19.92591],[73.51688,19.926],[73.5169,19.9261],[73.51691,19.92621],[73.5169,19.92632],[73.5169,19.92644],[73.51694,19.92652],[73.51691,19.92661],[73.5169,19.92671],[73.51694,19.92682],[73.51691,19.92688],[73.51685,19.92704],[73.51679,19.92722],[73.51677,19.92734],[73.51675,19.92743],[73.51671,19.92753],[73.51664,19.92766],[73.51657,19.92774],[73.51651,19.92791],[73.51641,19.92808],[73.51636,19.92823],[73.5163,19.92836],[73.51624,19.92848],[73.51619,19.92858],[73.51609,19.92869],[73.51604,19.92876],[73.51599,19.92882],[73.51595,19.92893],[73.51592,19.92904],[73.51589,19.92914],[73.51586,19.92929],[73.51581,19.92945],[73.51578,19.92956],[73.51573,19.92972],[73.51564,19.93006],[73.51558,19.93035],[73.51553,19.93066],[73.51553,19.93097],[73.51558,19.93113],[73.51564,19.93133],[73.51572,19.93151],[73.51589,19.93179],[73.51572,19.93151],[73.51564,19.93133],[73.51558,19.93113],[73.51553,19.93097],[73.51553,19.93066],[73.51558,19.93035],[73.51564,19.93006],[73.51573,19.92972],[73.51578,19.92956],[73.51581,19.92945],[73.51586,19.92929],[73.51589,19.92914],[73.51592,19.92904],[73.51595,19.92893],[73.51599,19.92882],[73.51604,19.92876],[73.51609,19.92869],[73.51619,19.92858],[73.51624,19.92848],[73.5163,19.92836],[73.51636,19.92823],[73.51641,19.92808],[73.51651,19.92791],[73.51657,19.92774],[73.51664,19.92766],[73.51671,19.92753],[73.51675,19.92743],[73.51677,19.92734],[73.51679,19.92722],[73.51685,19.92704],[73.51691,19.92688],[73.51694,19.92682],[73.5169,19.92671],[73.51691,19.92661],[73.51694,19.92652],[73.5169,19.92644],[73.5169,19.92632],[73.51691,19.92621],[73.5169,19.9261],[73.51688,19.926],[73.51688,19.92591],[73.51695,19.92579],[73.51692,19.92568],[73.51689,19.92558],[73.5169,19.92545],[73.51689,19.92533],[73.51688,19.92516],[73.51688,19.925],[73.51691,19.92488],[73.51688,19.92472],[73.51686,19.9246],[73.51687,19.92446],[73.51686,19.92433],[73.51687,19.92421],[73.51688,19.92409],[73.51689,19.92388],[73.51689,19.92369],[73.51692,19.92353],[73.51691,19.92337],[73.51695,19.92324],[73.51695,19.92306],[73.51694,19.92296],[73.51688,19.9228],[73.51684,19.92263],[73.51684,19.92245],[73.51683,19.92237],[73.51677,19.9223],[73.51677,19.92204],[73.51678,19.92192],[73.51674,19.9218],[73.51667,19.92171],[73.51664,19.92158],[73.51665,19.92151],[73.51661,19.92134],[73.51662,19.9212],[73.5166,19.9211],[73.51655,19.92098],[73.51651,19.92087],[73.51652,19.92076],[73.51657,19.92065],[73.51662,19.92055],[73.51672,19.9205],[73.51689,19.92045],[73.51697,19.92051],[73.51712,19.92047],[73.51725,19.9204],[73.51735,19.92031],[73.5174,19.92025],[73.51746,19.92013],[73.51755,19.92001],[73.51765,19.91995],[73.51775,19.91992],[73.51786,19.9199],[73.51787,19.92018],[73.51796,19.92045],[73.51798,19.92047],[73.51822,19.92061],[73.51857,19.92067],[73.51882,19.92051],[73.51909,19.92022],[73.51932,19.91992],[73.51956,19.91956],[73.51983,19.91917],[73.52003,19.919],[73.52029,19.91885],[73.52058,19.91872],[73.5208,19.91866],[73.52103,19.91865],[73.52141,19.91862],[73.52156,19.91861],[73.5217,19.91872],[73.52173,19.91908],[73.52167,19.91929],[73.52155,19.91947],[73.52155,19.91948],[73.52138,19.91968],[73.52129,19.9198],[73.52123,19.91993],[73.5211,19.92008],[73.52103,19.92021],[73.52099,19.92033],[73.52092,19.92049],[73.52087,19.92062],[73.52081,19.92074],[73.52081,19.92085],[73.52082,19.92095],[73.52054,19.92149],[73.52029,19.92189],[73.52007,19.92238],[73.51991,19.92276],[73.51957,19.92316],[73.5194,19.92358],[73.51945,19.92418],[73.51956,19.92462],[73.5196,19.92498],[73.51975,19.9254],[73.52013,19.92563],[73.52044,19.92572],[73.52064,19.92601],[73.52074,19.92629],[73.52096,19.92638],[73.52106,19.92666],[73.52095,19.92698],[73.5211,19.92736],[73.52124,19.92758],[73.52138,19.92798],[73.52171,19.92833],[73.52188,19.9289],[73.52197,19.92916],[73.52226,19.92933],[73.52242,19.92955],[73.52277,19.92969],[73.52318,19.93003],[73.52309,19.93012],[73.52307,19.9302],[73.52304,19.9303],[73.52307,19.93043],[73.52307,19.93056],[73.52321,19.93065],[73.5234,19.93076],[73.5235,19.93076],[73.52359,19.93082],[73.52369,19.93104],[73.52372,19.9315],[73.52372,19.93158],[73.5237,19.93173],[73.52361,19.93229],[73.52364,19.93262],[73.52381,19.93317],[73.52369,19.93319],[73.52339,19.93319],[73.52313,19.93321],[73.523,19.93307],[73.52288,19.93292],[73.52275,19.93284],[73.52271,19.93273],[73.52267,19.93264],[73.52261,19.93257],[73.52256,19.93248],[73.5225,19.93239],[73.5224,19.93233],[73.52234,19.93223],[73.5223,19.93217],[73.52223,19.93222],[73.52225,19.93236],[73.52226,19.93248],[73.5222,19.93257],[73.5222,19.93263],[73.52215,19.93268],[73.52204,19.93269],[73.52194,19.93266],[73.52186,19.93273],[73.52178,19.93277],[73.52171,19.93289],[73.52163,19.93288],[73.52151,19.93278],[73.52142,19.93277],[73.52139,19.93274],[73.52124,19.93277],[73.52115,19.93272],[73.52103,19.93266],[73.52095,19.93261],[73.52089,19.93261],[73.52082,19.93258],[73.52077,19.93253],[73.52071,19.93247],[73.52066,19.93249],[73.52061,19.93246],[73.52056,19.93245],[73.52052,19.93249],[73.52048,19.93247],[73.52043,19.93251],[73.52039,19.93251],[73.52036,19.93245],[73.52033,19.93247],[73.52028,19.93239],[73.52024,19.93241],[73.52024,19.93247],[73.5202,19.93249],[73.52018,19.93254],[73.52013,19.93261],[73.52008,19.9326],[73.52006,19.93255],[73.52001,19.93256],[73.52,19.93249],[73.51995,19.93256],[73.51989,19.93262],[73.51983,19.93255],[73.51986,19.93248],[73.51977,19.93238],[73.51972,19.93241],[73.51974,19.93251],[73.51967,19.93261],[73.51963,19.93252],[73.51957,19.93243],[73.51951,19.93243],[73.51944,19.9325],[73.51943,19.93246],[73.51938,19.93246],[73.51934,19.93246],[73.51933,19.93237],[73.51923,19.93234],[73.5192,19.93244],[73.51914,19.93248],[73.5191,19.93243],[73.51904,19.93246],[73.51903,19.93239],[73.51894,19.93235],[73.51896,19.93242],[73.51891,19.93246],[73.51886,19.93245],[73.51881,19.93251],[73.51876,19.93258],[73.51875,19.93261],[73.51875,19.93271],[73.51872,19.93277],[73.51867,19.93286],[73.51849,19.93278],[73.51843,19.9328],[73.51841,19.93293],[73.51837,19.93292],[73.5183,19.933],[73.51827,19.93308],[73.51818,19.93314],[73.5181,19.93314],[73.51799,19.93329],[73.51795,19.93336],[73.51789,19.93345],[73.51787,19.93355],[73.51782,19.93357],[73.51778,19.93373],[73.51775,19.93384],[73.51765,19.93394],[73.51763,19.93404],[73.51766,19.93415],[73.51762,19.93427],[73.51757,19.93426],[73.51759,19.93434],[73.51759,19.93447],[73.51756,19.93448],[73.51742,19.93452],[73.51729,19.93455],[73.51716,19.93454],[73.51704,19.93451],[73.51699,19.93444],[73.51688,19.93439],[73.51681,19.93437],[73.51664,19.93412],[73.51649,19.93394],[73.51641,19.93386],[73.51629,19.93372],[73.51614,19.93359],[73.51598,19.93347],[73.51587,19.93342],[73.51575,19.93337],[73.5156,19.93332],[73.51536,19.93318],[73.51527,19.93314],[73.51512,19.93316],[73.51507,19.9332],[73.51494,19.93317],[73.5148,19.93322],[73.5147,19.9332],[73.51459,19.93319],[73.51444,19.93316],[73.5144,19.93312],[73.51427,19.93309],[73.51418,19.93306],[73.51411,19.933],[73.514,19.93294],[73.51386,19.93286],[73.51386,19.93277],[73.51383,19.9327],[73.51382,19.93262],[73.51382,19.93251],[73.51378,19.93243],[73.51361,19.93243],[73.51342,19.93205],[73.51337,19.93181],[73.51333,19.93147],[73.5134,19.93121],[73.51341,19.93086],[73.51353,19.93064],[73.51357,19.93042],[73.51365,19.93022],[73.51369,19.93004],[73.51386,19.9299],[73.51396,19.92967],[73.51394,19.92933],[73.51394,19.92906],[73.51414,19.92889],[73.51416,19.92867],[73.51433,19.92855],[73.51458,19.92822],[73.51479,19.92782],[73.51489,19.92751],[73.51492,19.92716],[73.51482,19.92701],[73.51504,19.92659],[73.51503,19.92639],[73.51511,19.92611],[73.51514,19.92588],[73.51525,19.92563],[73.5153,19.92534],[73.51529,19.92512],[73.51529,19.925],[73.51529,19.92492],[73.5153,19.92481],[73.51532,19.92471],[73.51529,19.92461],[73.51531,19.92451],[73.51527,19.92438],[73.51529,19.92423],[73.51528,19.92411],[73.5153,19.92404],[73.51532,19.92401],[73.5153,19.92396],[73.5153,19.92384],[73.5153,19.92376],[73.51535,19.92369],[73.51538,19.9236],[73.51538,19.92353],[73.51538,19.92346],[73.51533,19.92338],[73.51538,19.92332],[73.51539,19.92325],[73.51541,19.92319],[73.51539,19.92313],[73.51536,19.92306],[73.51534,19.92301],[73.51533,19.92295],[73.51529,19.92293],[73.51529,19.92288],[73.51522,19.92282],[73.51522,19.92272],[73.51523,19.92266],[73.51531,19.9226],[73.51533,19.92248],[73.51541,19.92242],[73.51548,19.92236],[73.51554,19.92231],[73.51556,19.92221],[73.51555,19.92218],[73.51557,19.92215],[73.51553,19.92209],[73.51557,19.92203],[73.51557,19.92196],[73.51558,19.92193],[73.51562,19.92184],[73.5156,19.92177],[73.51553,19.9217],[73.51546,19.92165],[73.51543,19.92156],[73.51542,19.9215],[73.51536,19.92141],[73.51529,19.92134],[73.51524,19.9213],[73.51518,19.92124],[73.51518,19.92115],[73.5152,19.9211],[73.5152,19.921],[73.51517,19.92095],[73.51515,19.92089],[73.51512,19.92085],[73.51513,19.92081],[73.51509,19.92076],[73.51509,19.92068],[73.51511,19.92061],[73.51516,19.92056],[73.51517,19.92049],[73.51515,19.92043],[73.51519,19.92034],[73.51523,19.92032],[73.51522,19.92027],[73.51527,19.92022],[73.51533,19.92015],[73.51525,19.91999],[73.51518,19.92],[73.51513,19.91995],[73.51519,19.91994],[73.51522,19.91987],[73.51522,19.91982],[73.51523,19.91974],[73.51527,19.91969],[73.51531,19.9196],[73.51536,19.91952],[73.51535,19.91945],[73.51542,19.91937],[73.51542,19.91932],[73.51549,19.91925],[73.51546,19.91921],[73.51547,19.91908],[73.51541,19.91903],[73.51541,19.91897],[73.51537,19.91884],[73.51537,19.91875],[73.51535,19.91868],[73.51542,19.9186],[73.51548,19.91848],[73.51551,19.91836],[73.51549,19.91829],[73.51551,19.91822],[73.51558,19.91814],[73.51565,19.91804],[73.51563,19.91793],[73.51567,19.91783],[73.51576,19.91775],[73.51576,19.91766],[73.51583,19.91756],[73.51587,19.91749],[73.51589,19.91742],[73.51592,19.91738],[73.51594,19.9173],[73.51599,19.91725],[73.51602,19.91714],[73.51597,19.91706],[73.51597,19.917],[73.51604,19.9169],[73.51603,19.9168],[73.51604,19.91672],[73.51609,19.91665],[73.51612,19.91652],[73.51611,19.9164],[73.51613,19.91633],[73.51608,19.91624],[73.51601,19.91624],[73.51597,19.9161],[73.51595,19.91603],[73.51599,19.91596],[73.51592,19.91583],[73.51593,19.91572],[73.51589,19.91565],[73.51589,19.9156],[73.51585,19.91558],[73.51584,19.91547],[73.51582,19.91535],[73.51577,19.91524],[73.51582,19.91517],[73.51575,19.91508],[73.51568,19.91499],[73.51561,19.91495],[73.5156,19.91486],[73.51559,19.91479],[73.51544,19.91472],[73.5154,19.91469],[73.5154,19.91464],[73.51533,19.9146],[73.51534,19.91453],[73.51533,19.91446],[73.51529,19.91437],[73.51523,19.91433],[73.51519,19.91428],[73.51511,19.91419],[73.51507,19.91417],[73.51503,19.91413],[73.51503,19.91406],[73.51496,19.91401],[73.51495,19.91392],[73.51492,19.91382],[73.5149,19.91369],[73.51485,19.91363],[73.51488,19.91348],[73.51482,19.9134],[73.5148,19.91327],[73.51478,19.91318],[73.51478,19.91311],[73.51476,19.91297],[73.51469,19.91288],[73.51464,19.9128],[73.51467,19.91262],[73.51462,19.91256],[73.51463,19.91247],[73.5146,19.91236],[73.51458,19.91226],[73.51457,19.9121],[73.51445,19.91194],[73.5144,19.91185],[73.51439,19.91173],[73.51434,19.91166],[73.51416,19.91168],[73.51402,19.91154],[73.5139,19.91144],[73.5139,19.9113],[73.51377,19.91123],[73.51353,19.91109],[73.5134,19.91085],[73.51329,19.91083],[73.51322,19.91076],[73.51304,19.91071],[73.51292,19.91065],[73.51283,19.91056],[73.51252,19.91042],[73.51231,19.91028],[73.51223,19.91016],[73.51215,19.91006],[73.5121,19.90993],[73.51206,19.90978],[73.51194,19.90969],[73.51193,19.9096],[73.51191,19.90944],[73.51186,19.90941],[73.51179,19.90933],[73.51185,19.9092],[73.51179,19.909],[73.51177,19.90889],[73.51175,19.90875],[73.51175,19.90857],[73.51164,19.9085],[73.51148,19.90858],[73.51146,19.90848],[73.51149,19.90838],[73.51152,19.90826],[73.51152,19.90812],[73.51156,19.90806],[73.51148,19.90792],[73.51148,19.90778],[73.51155,19.90767],[73.51153,19.90757],[73.51165,19.90746],[73.51147,19.90744],[73.51139,19.90746],[73.51128,19.90742],[73.51114,19.90738],[73.51098,19.90738],[73.51079,19.90734],[73.51061,19.9073],[73.51043,19.90728],[73.51036,19.90716],[73.51021,19.90717],[73.51016,19.90723],[73.51014,19.90715],[73.51005,19.90715],[73.50986,19.90721],[73.50981,19.90711],[73.50973,19.90713],[73.50971,19.90708],[73.50966,19.90696],[73.50966,19.90685],[73.50964,19.90676],[73.50962,19.90667],[73.50954,19.9065],[73.50943,19.90654],[73.50931,19.90649],[73.5092,19.9065],[73.50911,19.90644],[73.50898,19.90648],[73.50887,19.90646],[73.50877,19.90645],[73.50863,19.9065],[73.50853,19.90649],[73.50839,19.90654],[73.5082,19.90658],[73.50809,19.90657],[73.50793,19.90654],[73.50784,19.90654],[73.50759,19.90652],[73.50728,19.90665],[73.50711,19.90654],[73.50687,19.90654],[73.50671,19.90646],[73.50651,19.90635],[73.50633,19.90634],[73.5062,19.9063],[73.50591,19.9063],[73.50579,19.90631],[73.5057,19.90634],[73.50555,19.90638],[73.50541,19.90644],[73.5053,19.90644],[73.5052,19.90653],[73.50509,19.9066],[73.50504,19.9067],[73.50491,19.90674],[73.50488,19.90685],[73.50483,19.90696],[73.5046,19.90686],[73.50427,19.90679],[73.50413,19.90664],[73.50387,19.90662],[73.50355,19.90644],[73.50346,19.9062],[73.50326,19.90604],[73.50309,19.90566],[73.50299,19.90542],[73.50277,19.90519],[73.50268,19.90495],[73.50252,19.90468],[73.50231,19.90465],[73.50212,19.90458],[73.50185,19.90449],[73.50159,19.90453],[73.50133,19.90436],[73.50115,19.90438],[73.50095,19.90406],[73.50068,19.90425],[73.50053,19.90424],[73.50046,19.904],[73.50044,19.90372],[73.50039,19.90349],[73.50014,19.9033],[73.49983,19.90331],[73.49956,19.90348],[73.49932,19.9036],[73.49916,19.90369],[73.49895,19.90384],[73.49882,19.90404],[73.49859,19.9042],[73.4984,19.90432],[73.49819,19.90445],[73.49797,19.90445],[73.49783,19.90461],[73.49761,19.9048],[73.49734,19.90503],[73.497,19.90534],[73.49686,19.90546],[73.4966,19.90582],[73.4962,19.90598],[73.49611,19.90615],[73.49592,19.90625],[73.49586,19.90637],[73.49562,19.90644],[73.49554,19.90672],[73.49527,19.90694],[73.49527,19.90714],[73.49499,19.9072],[73.49493,19.90754],[73.49479,19.90772],[73.49474,19.90795],[73.49465,19.90814],[73.49447,19.90821],[73.49444,19.90846],[73.49424,19.90867],[73.49404,19.9088],[73.49392,19.90909],[73.49373,19.9092],[73.49349,19.90925],[73.49335,19.90951],[73.49304,19.90964],[73.49277,19.90995],[73.49262,19.91015],[73.49258,19.91035],[73.49252,19.91035],[73.49244,19.91037],[73.49234,19.91037],[73.49224,19.91037],[73.49214,19.91037],[73.49209,19.91039],[73.49203,19.91038],[73.49195,19.91037],[73.4919,19.91035],[73.49189,19.91032],[73.49184,19.9103],[73.49179,19.91029],[73.49175,19.91031],[73.49167,19.9103],[73.49162,19.9103],[73.49156,19.9103],[73.4915,19.91032],[73.49146,19.91034],[73.49141,19.91037],[73.49137,19.9104],[73.4913,19.91042],[73.49126,19.91047],[73.49123,19.91048],[73.49117,19.91051],[73.49113,19.91055],[73.49107,19.91057],[73.49103,19.91056],[73.49097,19.91055],[73.4909,19.91056],[73.49084,19.9106],[73.4908,19.91067],[73.49076,19.91069],[73.49072,19.91072],[73.49067,19.91074],[73.49059,19.91072],[73.49055,19.9107],[73.49052,19.91065],[73.49049,19.91062],[73.49044,19.91059],[73.4904,19.91056],[73.49036,19.91054],[73.49032,19.91057],[73.49027,19.91057],[73.49019,19.91056],[73.49014,19.91053],[73.49008,19.91049],[73.49005,19.91044],[73.48999,19.91038],[73.48993,19.91033],[73.48983,19.9103],[73.48978,19.91028],[73.48971,19.91026],[73.48967,19.91026],[73.48964,19.91022],[73.4896,19.91022],[73.48955,19.91021],[73.4895,19.91019],[73.48949,19.91016],[73.4895,19.91013],[73.4895,19.91011],[73.48954,19.91005],[73.48954,19.90998],[73.48952,19.90996],[73.48953,19.90993],[73.48951,19.90988],[73.48951,19.90983],[73.48948,19.90977],[73.48944,19.90973],[73.48941,19.90967],[73.48939,19.90965],[73.48939,19.90962],[73.48936,19.9096],[73.48936,19.90956],[73.4893,19.90949],[73.48925,19.90944],[73.4892,19.90938],[73.48914,19.90935],[73.48909,19.9093],[73.48904,19.90929],[73.489,19.90927],[73.48895,19.90928],[73.48892,19.9093],[73.48889,19.90933],[73.48886,19.90934],[73.4888,19.90934],[73.48875,19.90932],[73.48869,19.90929],[73.48865,19.90926],[73.48859,19.90923],[73.48859,19.90919],[73.48854,19.90916],[73.48849,19.90911],[73.48844,19.90908],[73.48841,19.90904],[73.48835,19.90899],[73.48827,19.90893],[73.4882,19.90892],[73.48813,19.90889],[73.48808,19.90885],[73.48801,19.90883],[73.48794,19.90879],[73.48786,19.90877],[73.48782,19.90879],[73.48776,19.9088],[73.4877,19.9088],[73.48762,19.90875],[73.48757,19.90873],[73.4875,19.90872],[73.48747,19.9087],[73.48742,19.90867],[73.48739,19.90867],[73.48733,19.90862],[73.4873,19.9086],[73.48729,19.90856],[73.48726,19.90855],[73.4872,19.9085],[73.48714,19.90844],[73.48709,19.90838],[73.48701,19.90834],[73.48693,19.90831],[73.48685,19.90832],[73.48678,19.90826],[73.48673,19.90825],[73.48669,19.90826],[73.48663,19.90826],[73.48652,19.90826],[73.48647,19.90822],[73.4864,19.90818],[73.48631,19.90819],[73.48625,19.90815],[73.48616,19.90813],[73.48613,19.90813],[73.48606,19.90814],[73.486,19.90814],[73.48595,19.90814],[73.48587,19.90815],[73.48583,19.90816],[73.48575,19.90815],[73.48568,19.90814],[73.4856,19.90815],[73.48554,19.90815],[73.48549,19.90816],[73.48543,19.90819],[73.48538,19.90817],[73.48534,19.9082],[73.48531,19.90821],[73.48526,19.9082],[73.48521,19.90821],[73.48517,19.90823],[73.48514,19.90823],[73.48509,19.90825],[73.48504,19.90826],[73.48499,19.90828],[73.48495,19.90831],[73.48492,19.90832],[73.48488,19.90835],[73.48484,19.90836],[73.48479,19.90835],[73.48474,19.90842],[73.4847,19.90842],[73.48471,19.90845],[73.48466,19.90848],[73.48463,19.90848],[73.48459,19.90846],[73.48454,19.90844],[73.48447,19.90844],[73.48442,19.90845],[73.48438,19.90846],[73.48436,19.90846],[73.48434,19.90848],[73.48432,19.90848],[73.4843,19.9085],[73.48426,19.90851],[73.48421,19.90853],[73.48417,19.90854],[73.48415,19.90849],[73.48414,19.90846],[73.48414,19.90841],[73.48409,19.90836],[73.48399,19.90835],[73.48392,19.90832],[73.48384,19.90831],[73.48381,19.90833],[73.48376,19.90831],[73.48363,19.90833],[73.48354,19.90835],[73.48348,19.90836],[73.48342,19.9084],[73.48338,19.90841],[73.48334,19.90842],[73.48331,19.90846],[73.48327,19.90847],[73.48323,19.90849],[73.48315,19.9085],[73.48309,19.90851],[73.48305,19.90853],[73.48301,19.90857],[73.48295,19.90863],[73.48286,19.9086],[73.48283,19.90852],[73.48283,19.90847],[73.48282,19.90844],[73.4828,19.9084],[73.48277,19.90835],[73.48275,19.90832],[73.48272,19.90827],[73.48268,19.90824],[73.48268,19.90821],[73.48265,19.9082],[73.48261,19.90815],[73.48257,19.90812],[73.48254,19.90807],[73.4825,19.908],[73.4824,19.90787],[73.48238,19.90786],[73.48235,19.90783],[73.48229,19.9078],[73.48225,19.90777],[73.48222,19.90774],[73.48219,19.90773],[73.48214,19.90771],[73.4821,19.90769],[73.48206,19.90769],[73.48199,19.90763],[73.48191,19.90762],[73.48186,19.90761],[73.48181,19.90759],[73.48177,19.90756],[73.48173,19.90753],[73.48166,19.90752],[73.48159,19.9075],[73.48153,19.90749],[73.48145,19.90748],[73.48141,19.90749],[73.48134,19.90749],[73.48127,19.90751],[73.4812,19.90752],[73.48113,19.90754],[73.48107,19.90756],[73.481,19.90758],[73.48097,19.90758],[73.48092,19.9076],[73.48085,19.90763],[73.48079,19.90763],[73.48072,19.90767],[73.48069,19.9077],[73.48065,19.9077],[73.4806,19.90767],[73.48057,19.90764],[73.48051,19.90762],[73.48049,19.90759],[73.48042,19.90758],[73.48041,19.90754],[73.48037,19.90753],[73.48038,19.90746],[73.48038,19.9074],[73.48036,19.90735],[73.48033,19.9073],[73.48031,19.90727],[73.48028,19.90722],[73.48025,19.90716],[73.48021,19.90713],[73.48015,19.90709],[73.48011,19.90705],[73.48003,19.90699],[73.47997,19.90696],[73.47994,19.90693],[73.47991,19.90692],[73.47988,19.9069],[73.47985,19.90688],[73.47976,19.90682],[73.4797,19.90677],[73.47966,19.90676],[73.47959,19.9067],[73.47954,19.90666],[73.47949,19.90663],[73.47944,19.9066],[73.47939,19.90658],[73.47933,19.90654],[73.4793,19.90653],[73.47924,19.90652],[73.47922,19.9065],[73.47918,19.9065],[73.47914,19.9065],[73.4791,19.90647],[73.47901,19.90646],[73.47896,19.90647],[73.47894,19.90646],[73.4789,19.90645],[73.47885,19.90645],[73.47879,19.90646],[73.47874,19.90647],[73.4787,19.90647],[73.47861,19.90648],[73.47856,19.90647],[73.47856,19.90649],[73.47854,19.9065],[73.47845,19.90651],[73.47839,19.90655],[73.47831,19.90651],[73.47826,19.90653],[73.4782,19.90651],[73.47811,19.90655],[73.47802,19.90657],[73.47793,19.9066],[73.47784,19.9066],[73.47772,19.9066],[73.47767,19.9067],[73.47763,19.90671],[73.47762,19.90675],[73.47757,19.90678],[73.47753,19.90681],[73.47751,19.90688],[73.47747,19.90693],[73.47744,19.90691],[73.47745,19.90685],[73.47744,19.90682],[73.47738,19.90677],[73.47732,19.90673],[73.47728,19.90676],[73.47728,19.90679],[73.47727,19.90681],[73.47724,19.90681],[73.47722,19.90686],[73.47721,19.90689],[73.47719,19.90692],[73.47717,19.90692],[73.47718,19.90696],[73.47716,19.907],[73.47719,19.90704],[73.4772,19.9071],[73.47724,19.90711],[73.47725,19.90717],[73.47724,19.90719],[73.47727,19.90724],[73.47731,19.90725],[73.47733,19.90729],[73.47733,19.90731],[73.47726,19.90729],[73.47721,19.90729],[73.47717,19.90727],[73.4771,19.90728],[73.47702,19.90722],[73.47699,19.90723],[73.47694,19.90722],[73.47693,19.90725],[73.47681,19.90718],[73.47677,19.90712],[73.47673,19.90708],[73.47668,19.90704],[73.47664,19.90702],[73.47656,19.90698],[73.47647,19.90697],[73.47644,19.90695],[73.47637,19.90694],[73.47632,19.90694],[73.47625,19.90694],[73.47616,19.90695],[73.47681,19.90757],[73.47729,19.90832],[73.47756,19.90889],[73.47783,19.90939],[73.47783,19.90971],[73.47819,19.90966],[73.47829,19.90944],[73.47824,19.90925],[73.47844,19.90936],[73.47867,19.90994],[73.47918,19.91029],[73.47931,19.91045],[73.47924,19.91136],[73.47947,19.9122],[73.47938,19.91293],[73.47952,19.91311],[73.47931,19.91432],[73.47906,19.91526],[73.47866,19.91612],[73.47829,19.91674],[73.47819,19.91733],[73.47822,19.9175],[73.4781,19.91786],[73.47799,19.91805],[73.47787,19.91845],[73.47778,19.91877],[73.47765,19.9189],[73.4775,19.91918],[73.4772,19.91961],[73.47724,19.91992],[73.4776,19.91986],[73.47735,19.92045],[73.47726,19.92082],[73.47703,19.92105],[73.47744,19.92141],[73.47769,19.92177],[73.4781,19.922],[73.47836,19.92249],[73.4784,19.92291],[73.47837,19.9231],[73.47846,19.92324],[73.47852,19.92348],[73.47853,19.92378],[73.47843,19.92408],[73.47835,19.92432],[73.47812,19.92492],[73.47795,19.92585],[73.47773,19.92657],[73.47772,19.92697],[73.47748,19.92744],[73.47742,19.92777],[73.47742,19.92801],[73.4774,19.92838],[73.47752,19.92885],[73.4775,19.92939],[73.47789,19.93044],[73.4783,19.93126],[73.47891,19.93209],[73.47891,19.93244],[73.47864,19.93208],[73.47842,19.93176],[73.47814,19.93137],[73.47789,19.93098],[73.47765,19.93074],[73.47735,19.93021],[73.4771,19.93003],[73.47675,19.92981],[73.47637,19.92959],[73.47615,19.92925],[73.47579,19.92906],[73.47562,19.92863],[73.47527,19.92838],[73.47515,19.92785],[73.47513,19.92749],[73.47508,19.92709],[73.4752,19.92673],[73.47538,19.92648],[73.47556,19.92643],[73.4756,19.92612],[73.47581,19.92579],[73.47602,19.92548],[73.47596,19.92502],[73.47622,19.92466],[73.47626,19.92445],[73.47654,19.92389],[73.47633,19.92355],[73.47634,19.92323],[73.47643,19.92299],[73.47635,19.92284],[73.476,19.92305],[73.47578,19.9229],[73.47546,19.92297],[73.47505,19.92297],[73.47481,19.92301],[73.47437,19.92289],[73.47417,19.92259],[73.47383,19.92255],[73.47354,19.92228],[73.47349,19.92193],[73.47346,19.92153],[73.47332,19.92121],[73.47309,19.92097],[73.47301,19.92056],[73.47265,19.92059],[73.47219,19.92093],[73.47177,19.92088],[73.47137,19.92067],[73.47091,19.92067],[73.47077,19.92036],[73.4707,19.91998],[73.47048,19.91973],[73.47028,19.91957],[73.47019,19.9193],[73.46984,19.91935],[73.46949,19.91935],[73.46908,19.91943],[73.46882,19.91923],[73.46856,19.91923],[73.46856,19.91909],[73.46829,19.91912],[73.46819,19.91897],[73.46798,19.91922],[73.46778,19.91929],[73.46747,19.91928],[73.46741,19.91947],[73.46702,19.9194],[73.46721,19.91924],[73.46739,19.91895],[73.46746,19.91872],[73.46745,19.91859],[73.46732,19.91874],[73.467,19.9186],[73.46712,19.91846],[73.46722,19.91812],[73.46728,19.91784],[73.46729,19.91739],[73.46731,19.91694],[73.46712,19.91661],[73.4671,19.91624],[73.4669,19.91619],[73.4669,19.9159],[73.46674,19.91567],[73.46723,19.91523],[73.46737,19.91508],[73.46729,19.915],[73.4672,19.91494],[73.46715,19.91493],[73.46697,19.91491],[73.46674,19.91491],[73.46669,19.91489],[73.4666,19.91483],[73.46652,19.91468],[73.46647,19.91457],[73.46641,19.91449],[73.46637,19.91439],[73.4664,19.91435],[73.46648,19.91429],[73.46654,19.91421],[73.46662,19.91415],[73.46664,19.91411],[73.46668,19.914],[73.4669,19.91397],[73.46705,19.91393],[73.46718,19.91378],[73.46722,19.91375],[73.46739,19.91355],[73.4675,19.91338],[73.46754,19.9133],[73.46759,19.91315],[73.46764,19.91307],[73.4677,19.913],[73.46779,19.91294],[73.46792,19.91288],[73.46807,19.91284],[73.46822,19.9128],[73.46831,19.91276],[73.46851,19.9127],[73.4686,19.91266],[73.46873,19.9126],[73.46886,19.91249],[73.46893,19.91205],[73.46908,19.91176],[73.46913,19.91144],[73.46909,19.9113],[73.46909,19.91125],[73.46911,19.9112],[73.46911,19.9111],[73.46908,19.91101],[73.46904,19.91092],[73.46904,19.91077],[73.46906,19.91062],[73.46906,19.91042],[73.46908,19.91033],[73.46917,19.91027],[73.46919,19.91022],[73.46919,19.91017],[73.46919,19.90996],[73.46919,19.90991],[73.46922,19.90981],[73.46927,19.90972],[73.46928,19.90967],[73.46928,19.90962],[73.4693,19.90957],[73.46936,19.90949],[73.46941,19.90946],[73.46951,19.90934],[73.4696,19.90922],[73.46964,19.90913],[73.46966,19.90903],[73.46967,19.90893],[73.46964,19.90889],[73.4696,19.90886],[73.46955,19.90884],[73.46949,19.90885],[73.46941,19.90889],[73.4693,19.90889],[73.46925,19.90888],[73.46904,19.90888],[73.46899,19.90891],[73.46895,19.90894],[73.46885,19.90895],[73.4688,19.90894],[73.46872,19.90889],[73.46862,19.90887],[73.46856,19.90887],[73.46852,19.90886],[73.46832,19.90877],[73.46827,19.90874],[73.46824,19.90871],[73.46812,19.90854],[73.46803,19.90837],[73.46801,19.90832],[73.46793,19.9082],[73.46782,19.90808],[73.46774,19.90795],[73.46773,19.9079],[73.46771,19.90786],[73.46763,19.90778],[73.4676,19.90774],[73.46755,19.90772],[73.46739,19.90767],[73.4673,19.90767],[73.46709,19.90762],[73.46705,19.90761],[73.46684,19.90761],[73.46664,19.90759],[73.46658,19.90758],[73.46643,19.90757],[73.46638,19.90756],[73.46633,19.90753],[73.46628,19.90744],[73.46635,19.9074],[73.46648,19.90738],[73.46668,19.90729],[73.46691,19.90716],[73.467,19.90711],[73.46711,19.90707],[73.46714,19.90702],[73.46723,19.90705],[73.46719,19.907],[73.46728,19.90704],[73.46724,19.90698],[73.46734,19.90701],[73.46732,19.90697],[73.46741,19.90698],[73.46736,19.90695],[73.46745,19.90695],[73.46748,19.90689],[73.46755,19.90691],[73.46762,19.9069],[73.46764,19.90681],[73.46767,19.90684],[73.46782,19.90678],[73.46787,19.90677],[73.46791,19.90681],[73.46799,19.90675],[73.46801,19.9068],[73.46812,19.90674],[73.46815,19.90678],[73.46838,19.90675],[73.46852,19.90674],[73.4687,19.90671],[73.46881,19.9067],[73.46898,19.9067],[73.46909,19.90667],[73.46918,19.90663],[73.46926,19.90663],[73.46938,19.90664],[73.46945,19.90664],[73.46952,19.90667],[73.46961,19.90671],[73.46967,19.90672],[73.46969,19.90662],[73.46973,19.90657],[73.46976,19.90653],[73.46975,19.90641],[73.46978,19.90619],[73.46991,19.906],[73.47007,19.90587],[73.47032,19.90574],[73.47059,19.90567],[73.47083,19.90558],[73.47101,19.90546],[73.47124,19.90546],[73.4715,19.90545],[73.47166,19.90536],[73.47162,19.90513],[73.47167,19.90484],[73.47177,19.90468],[73.47201,19.90457],[73.47177,19.90468],[73.47167,19.90484],[73.47162,19.90513],[73.47166,19.90536],[73.4715,19.90545],[73.47124,19.90546],[73.47101,19.90546],[73.47083,19.90558],[73.47059,19.90567],[73.47032,19.90574],[73.47007,19.90587],[73.46991,19.906],[73.46978,19.90619],[73.46975,19.90641],[73.46976,19.90653],[73.46973,19.90657],[73.46969,19.90662],[73.46967,19.90672],[73.46961,19.90671],[73.46952,19.90667],[73.46945,19.90664],[73.46938,19.90664],[73.46926,19.90663],[73.46918,19.90663],[73.46909,19.90667],[73.46898,19.9067],[73.46881,19.9067],[73.4687,19.90671],[73.46852,19.90674],[73.46838,19.90675],[73.46815,19.90678],[73.46812,19.90674],[73.46801,19.9068],[73.46799,19.90675],[73.46791,19.90681],[73.46787,19.90677],[73.46782,19.90678],[73.46767,19.90684],[73.46764,19.90681],[73.46762,19.9069],[73.46755,19.90691],[73.46748,19.90689],[73.46745,19.90695],[73.46736,19.90695],[73.46741,19.90698],[73.46732,19.90697],[73.46734,19.90701],[73.46724,19.90698],[73.46728,19.90704],[73.46719,19.907],[73.46723,19.90705],[73.46714,19.90702],[73.46711,19.90707],[73.467,19.90711],[73.46691,19.90716],[73.46668,19.90729],[73.46648,19.90738],[73.46635,19.9074],[73.46628,19.90744],[73.46618,19.90746],[73.46604,19.90751],[73.46594,19.90757],[73.46582,19.90765],[73.46564,19.9077],[73.46548,19.90781],[73.46535,19.90795],[73.46528,19.908],[73.46513,19.90801],[73.46505,19.90813],[73.46501,19.90827],[73.46498,19.90833],[73.46492,19.90845],[73.46483,19.90855],[73.46469,19.90864],[73.46412,19.90892],[73.46396,19.90897],[73.4639,19.90896],[73.46375,19.9089],[73.46369,19.90889],[73.46365,19.90887],[73.46352,19.90886],[73.4634,19.90888],[73.46334,19.90889],[73.46316,19.90889],[73.46305,19.90885],[73.46298,19.90881],[73.46295,19.90879],[73.46282,19.90869],[73.46276,19.90861],[73.46274,19.90856],[73.46274,19.9084],[73.46272,19.90835],[73.46271,19.90815],[73.46277,19.90801],[73.4628,19.90797],[73.46289,19.90796],[73.463,19.90796],[73.46304,19.90794],[73.46306,19.9078],[73.46309,19.90776],[73.46321,19.90766],[73.46324,19.90762],[73.46325,19.90753],[73.46324,19.90747],[73.46316,19.90729],[73.46314,19.90724],[73.46311,19.9072],[73.46305,19.90707],[73.46304,19.90702],[73.46304,19.90676],[73.46304,19.90671],[73.46302,19.90667],[73.46303,19.90657],[73.46308,19.90648],[73.46317,19.90636],[73.46319,19.90631],[73.4632,19.90626],[73.46319,19.90621],[73.4631,19.90602],[73.46308,19.90592],[73.46307,19.90572],[73.46307,19.90551],[73.463,19.9054],[73.463,19.90535],[73.46299,19.90529],[73.46295,19.9052],[73.46295,19.90515],[73.46297,19.9051],[73.46306,19.90499],[73.46302,19.90495],[73.46291,19.90494],[73.46286,19.90492],[73.46284,19.90488],[73.46286,19.90483],[73.46293,19.90476],[73.46302,19.90463],[73.46304,19.90453],[73.46304,19.90443],[73.463,19.90434],[73.46294,19.90426],[73.46286,19.9041],[73.46288,19.90408],[73.46288,19.90397],[73.46289,19.90387],[73.46296,19.90369],[73.46297,19.90364],[73.46302,19.90354],[73.46305,19.9034],[73.46311,19.90331],[73.46313,19.90327],[73.46316,19.90322],[73.46329,19.90308],[73.46333,19.90294],[73.46335,19.90279],[73.46335,19.90234],[73.46332,19.90219],[73.46325,19.90205],[73.46316,19.90193],[73.46312,19.90184],[73.46309,19.90169],[73.46304,19.90154],[73.46302,19.9015],[73.46292,19.90147],[73.46286,19.90145],[73.46282,19.90142],[73.46279,19.90137],[73.46278,19.90133],[73.46264,19.90113],[73.46263,19.90108],[73.46262,19.90103],[73.46259,19.90093],[73.46253,19.90084],[73.46252,19.90079],[73.46245,19.90054],[73.46245,19.90049],[73.46244,19.90044],[73.46244,19.9003],[73.46242,19.90014],[73.4624,19.90009],[73.4624,19.89998],[73.46236,19.89978],[73.46234,19.89969],[73.46232,19.89964],[73.46226,19.89956],[73.46215,19.89952],[73.46189,19.89944],[73.46177,19.89942],[73.46155,19.89936],[73.46146,19.8993],[73.46135,19.89917],[73.46128,19.89904],[73.46117,19.89892],[73.46101,19.89879],[73.46088,19.89871],[73.46072,19.89866],[73.46058,19.8986],[73.46045,19.89849],[73.4604,19.89847],[73.46037,19.89842],[73.46029,19.89828],[73.46025,19.89824],[73.46019,19.89813],[73.46013,19.89805],[73.46004,19.89791],[73.45994,19.89777],[73.45986,19.8977],[73.45981,19.89768],[73.45966,19.89764],[73.45946,19.89762],[73.45925,19.8976],[73.45888,19.89735],[73.45884,19.89733],[73.45884,19.89729],[73.4588,19.89726],[73.45872,19.89712],[73.4587,19.89708],[73.45857,19.89685],[73.45854,19.89681],[73.45849,19.89676],[73.45847,19.89672],[73.45845,19.89668],[73.45841,19.89664],[73.45838,19.8966],[73.45828,19.89648],[73.45811,19.89633],[73.45802,19.89628],[73.45794,19.89621],[73.45789,19.89612],[73.45773,19.89587],[73.4577,19.89583],[73.4576,19.89577],[73.45751,19.89565],[73.45749,19.89561],[73.45748,19.89556],[73.45751,19.8953],[73.45755,19.8951],[73.45755,19.89495],[73.45778,19.89493],[73.45827,19.89477],[73.45857,19.89455],[73.45879,19.89413],[73.45866,19.89316],[73.45838,19.89201],[73.4583,19.89108],[73.45827,19.89054],[73.45832,19.89023],[73.45847,19.88957],[73.45866,19.88874],[73.45867,19.88861],[73.45868,19.88828],[73.45868,19.88723],[73.45868,19.88666],[73.45877,19.8863],[73.45887,19.88609],[73.45902,19.88587],[73.45917,19.88566],[73.45935,19.88541],[73.45945,19.88534],[73.45955,19.88532],[73.45964,19.88533],[73.45982,19.88541],[73.4599,19.88545],[73.45998,19.88547],[73.46006,19.88547],[73.46042,19.88537],[73.46098,19.88517],[73.46151,19.88495],[73.46183,19.88472],[73.462,19.8844],[73.46218,19.88393],[73.4623,19.88364]]]},"properties":{"id":"trail_r20950857","type":"trail","name":"EST 02","name_local":null,"category":"regional hiking route","source":"openstreetmap","source_id":"relation/20950857","updated_at":"2026-06-12T08:42:13Z","tags":{"operator":"HikeX","website":"https://hikex.in/","from":"Kajali","to":"Taake Harsh","network":"rwn"}}},{"type":"Feature","geometry":{"type":"MultiLineString","coordinates":[[[73.4623,19.88364],[73.4626,19.88375],[73.4629,19.88383],[73.4631,19.88393],[73.46322,19.88401],[73.46334,19.88412],[73.46345,19.88423],[73.46349,19.88425],[73.46356,19.88426],[73.46361,19.88427],[73.46365,19.8843],[73.46367,19.88433],[73.46371,19.88445],[73.46373,19.88447],[73.46378,19.8845],[73.46392,19.88456],[73.46395,19.88455],[73.46398,19.88452],[73.46401,19.8845],[73.46405,19.88451],[73.4641,19.88457],[73.46416,19.88465],[73.46421,19.8847],[73.46422,19.88473],[73.46421,19.88477],[73.46419,19.88479],[73.46417,19.88481],[73.46417,19.88488],[73.46421,19.88501],[73.46425,19.88517],[73.4643,19.88541],[73.46435,19.88552],[73.46442,19.8856],[73.4645,19.88566],[73.46454,19.88572],[73.46459,19.88585],[73.46466,19.88593],[73.46472,19.88599],[73.46474,19.88604],[73.46475,19.88612],[73.46481,19.88623],[73.46491,19.88652],[73.46499,19.88683],[73.4651,19.88693],[73.46521,19.88706],[73.46543,19.88719],[73.46561,19.88737],[73.46573,19.88756],[73.46583,19.88766],[73.466,19.88799],[73.46622,19.88836],[73.4663,19.88844],[73.46646,19.88844],[73.46658,19.88853],[73.4666,19.88876],[73.46655,19.88895],[73.46659,19.88922],[73.46669,19.88934],[73.46681,19.88937],[73.46686,19.88947],[73.46684,19.88965],[73.46685,19.88981],[73.46694,19.8899],[73.46706,19.88994],[73.46718,19.8901],[73.46736,19.89037],[73.46746,19.8905],[73.46756,19.89052],[73.46767,19.89059],[73.46779,19.89062],[73.46786,19.89069],[73.46793,19.89072],[73.46805,19.89087],[73.46808,19.89101],[73.46812,19.89107],[73.46814,19.8912],[73.4683,19.89151],[73.46841,19.89162],[73.4684,19.89184],[73.46845,19.89205],[73.4686,19.89225],[73.4687,19.89231],[73.46879,19.89231],[73.46881,19.89216],[73.46885,19.89213],[73.46892,19.89216],[73.46903,19.89209],[73.46911,19.89211],[73.46924,19.89223],[73.46934,19.89239],[73.4694,19.89244],[73.46942,19.89252],[73.46956,19.89263],[73.4697,19.89267],[73.46982,19.89273],[73.4699,19.89286],[73.46999,19.89315],[73.46999,19.89326],[73.47009,19.89348],[73.47015,19.89378],[73.47022,19.89391],[73.47018,19.89406],[73.47023,19.89423],[73.47025,19.89437],[73.47033,19.89457],[73.47023,19.89475],[73.47021,19.89503],[73.47023,19.89525],[73.47016,19.89537],[73.47003,19.89557],[73.46996,19.89567],[73.47003,19.89576],[73.46999,19.89586],[73.47007,19.89594],[73.47003,19.89608],[73.47002,19.8962],[73.46998,19.89655],[73.46985,19.8968],[73.46984,19.897],[73.46986,19.8974],[73.46993,19.89764],[73.47012,19.89791],[73.47021,19.89802],[73.47033,19.89805],[73.47088,19.89809],[73.47107,19.89824],[73.4711,19.89844],[73.4711,19.89868],[73.4712,19.89895],[73.47113,19.89904],[73.47108,19.89931],[73.47122,19.89941],[73.47137,19.89945],[73.47166,19.89986],[73.47133,19.90044],[73.47116,19.90057],[73.47089,19.90075],[73.47056,19.90125],[73.47038,19.90145],[73.47009,19.90172],[73.47006,19.90193],[73.47003,19.90214],[73.46993,19.90232],[73.46988,19.90247],[73.46973,19.90257],[73.46962,19.90273],[73.46941,19.90283],[73.4693,19.90297],[73.46928,19.90315],[73.46928,19.90345],[73.46934,19.9035],[73.46924,19.90369],[73.46929,19.90381],[73.4692,19.90395],[73.4692,19.90414],[73.46909,19.90435],[73.46905,19.90452],[73.46905,19.90465],[73.46894,19.90484],[73.46874,19.90501],[73.46862,19.9052],[73.46837,19.90536],[73.46831,19.9055],[73.46811,19.90571],[73.46787,19.90589],[73.46769,19.90604],[73.4675,19.90618],[73.46733,19.90633],[73.4672,19.90649],[73.46705,19.90669],[73.46704,19.90686],[73.46693,19.907],[73.46691,19.90716],[73.46668,19.90729],[73.46648,19.90738],[73.46635,19.9074],[73.46628,19.90744],[73.46618,19.90746],[73.46604,19.90751],[73.46594,19.90757],[73.46582,19.90765],[73.46564,19.9077],[73.46548,19.90781],[73.46535,19.90795],[73.46528,19.908],[73.46513,19.90801],[73.46505,19.90813],[73.46501,19.90827],[73.46498,19.90833],[73.46492,19.90845],[73.46483,19.90855],[73.46469,19.90864],[73.46412,19.90892],[73.46396,19.90897],[73.4639,19.90896],[73.46375,19.9089],[73.46369,19.90889],[73.46365,19.90887],[73.46352,19.90886],[73.4634,19.90888],[73.46334,19.90889],[73.46316,19.90889],[73.46305,19.90885],[73.46298,19.90881],[73.46295,19.90885],[73.46289,19.90891],[73.46285,19.90893],[73.4628,19.9089],[73.46271,19.90884],[73.46265,19.9088],[73.46256,19.90872],[73.46248,19.90867],[73.46241,19.90861],[73.46227,19.90856],[73.46217,19.90858],[73.46204,19.90863],[73.46192,19.90867],[73.46183,19.90867],[73.46172,19.90866],[73.46161,19.90866],[73.4615,19.90864],[73.46138,19.90867],[73.46129,19.9087],[73.4612,19.90868],[73.4611,19.90871],[73.46099,19.90876],[73.46091,19.90878],[73.46085,19.90884],[73.4608,19.90886],[73.46073,19.90883],[73.46067,19.90885],[73.4606,19.90876],[73.46056,19.90871],[73.46051,19.90861],[73.46043,19.90857],[73.4604,19.90852],[73.46037,19.90847],[73.46032,19.90842],[73.46024,19.90835],[73.46016,19.9083],[73.46006,19.90824],[73.45994,19.90817],[73.45981,19.90812],[73.4597,19.90814],[73.45956,19.90808],[73.45946,19.90807],[73.45937,19.90809],[73.45928,19.90813],[73.45922,19.9081],[73.45914,19.90811],[73.45912,19.90808],[73.45898,19.90806],[73.45889,19.90809],[73.4588,19.90807],[73.45864,19.90807],[73.45853,19.90807],[73.4584,19.90811],[73.45834,19.90816],[73.45831,19.9082],[73.45826,19.90822],[73.4581,19.90829],[73.45806,19.90833],[73.45797,19.90835],[73.45788,19.90838],[73.45777,19.90831],[73.45769,19.90838],[73.45762,19.90841],[73.45752,19.90842],[73.4575,19.90846],[73.45745,19.90848],[73.4574,19.90853],[73.4573,19.90858],[73.4572,19.90861],[73.45709,19.90864],[73.45704,19.9087],[73.45697,19.90877],[73.45686,19.90875],[73.45681,19.90878],[73.45673,19.90878],[73.45672,19.90881],[73.45657,19.90889],[73.45649,19.90889],[73.45637,19.90892],[73.45625,19.90886],[73.45615,19.90888],[73.45612,19.90883],[73.45611,19.90879],[73.45606,19.90874],[73.45603,19.90869],[73.45599,19.90868],[73.45597,19.90861],[73.45593,19.9086],[73.45587,19.90862],[73.45582,19.90858],[73.45579,19.90852],[73.45578,19.90845],[73.45573,19.90844],[73.45568,19.90837],[73.45561,19.90831],[73.4556,19.90826],[73.45565,19.90819],[73.45561,19.90814],[73.45552,19.90813],[73.45545,19.90812],[73.45537,19.9082],[73.45529,19.90819],[73.45525,19.90825],[73.45521,19.90826],[73.45514,19.9083],[73.45507,19.90827],[73.45505,19.90823],[73.45507,19.9082],[73.45503,19.90819],[73.45503,19.90814],[73.45499,19.90814],[73.45491,19.90807],[73.45486,19.90809],[73.45479,19.90804],[73.45467,19.90804],[73.45457,19.90802],[73.4545,19.90804],[73.45448,19.90801],[73.45447,19.90805],[73.45443,19.90804],[73.4544,19.90801],[73.45437,19.90804],[73.45434,19.90804],[73.45429,19.90805],[73.45427,19.90801],[73.45422,19.90798],[73.45418,19.90801],[73.45416,19.90799],[73.4541,19.90802],[73.45405,19.90801],[73.45401,19.90798],[73.45396,19.90798],[73.45389,19.90795],[73.45383,19.90795],[73.45379,19.90791],[73.45374,19.90794],[73.45368,19.9079],[73.45359,19.90788],[73.4535,19.90791],[73.45341,19.90791],[73.45332,19.90792],[73.4532,19.908],[73.45319,19.90805],[73.45316,19.90811],[73.45312,19.90816],[73.45311,19.90821],[73.45305,19.90831],[73.45295,19.90838],[73.45291,19.90842],[73.45278,19.90844],[73.45266,19.90846],[73.45254,19.90848],[73.45237,19.90854],[73.45235,19.90858],[73.45231,19.90858],[73.4523,19.90861],[73.4522,19.90865],[73.45215,19.90868],[73.45212,19.90867],[73.45211,19.9086],[73.45201,19.90868],[73.45195,19.9087],[73.45198,19.90874],[73.45196,19.90876],[73.45188,19.90868],[73.45184,19.90863],[73.45178,19.90869],[73.45173,19.90883],[73.45173,19.90886],[73.4517,19.90886],[73.45168,19.90883],[73.45165,19.90881],[73.45163,19.90883],[73.45163,19.90885],[73.45162,19.90888],[73.4516,19.90889],[73.4516,19.90891],[73.45159,19.90893],[73.45158,19.90894],[73.45155,19.90895],[73.45154,19.90894],[73.45152,19.90894],[73.4515,19.90893],[73.45149,19.90892],[73.45147,19.90892],[73.45145,19.90891],[73.45145,19.90896],[73.45147,19.90898],[73.4515,19.90899],[73.45152,19.90901],[73.45155,19.90902],[73.45157,19.90902],[73.45161,19.90905],[73.45161,19.9091],[73.45163,19.90912],[73.45164,19.90914],[73.45164,19.90917],[73.45166,19.90917],[73.45167,19.90919],[73.45168,19.90921],[73.45174,19.90924],[73.45176,19.90928],[73.45178,19.90929],[73.45179,19.9093],[73.45184,19.90932],[73.45185,19.90934],[73.4519,19.90935],[73.45192,19.90938],[73.45194,19.90938],[73.45197,19.9094],[73.45202,19.90944],[73.45206,19.90944],[73.4521,19.90946],[73.45211,19.90948],[73.45214,19.90948],[73.45216,19.9095],[73.45218,19.90949],[73.4522,19.90951],[73.45223,19.90952],[73.45228,19.90959],[73.45237,19.90961],[73.45241,19.90966],[73.45248,19.9097],[73.45253,19.90972],[73.45254,19.90978],[73.45259,19.90984],[73.45265,19.90986],[73.4527,19.90985],[73.45276,19.90987],[73.45284,19.90992],[73.4529,19.90996],[73.45297,19.90995],[73.45303,19.90994],[73.45307,19.90999],[73.45312,19.90999],[73.45316,19.91003],[73.45316,19.91009],[73.45313,19.91014],[73.45313,19.91021],[73.45308,19.91021],[73.45303,19.91025],[73.45301,19.91032],[73.45291,19.91032],[73.45285,19.91035],[73.45274,19.91037],[73.45265,19.91036],[73.45255,19.91033],[73.45247,19.91032],[73.45239,19.91036],[73.45229,19.91035],[73.45219,19.91037],[73.45209,19.91038],[73.45202,19.91038],[73.45196,19.91037],[73.45189,19.91038],[73.45181,19.9104],[73.45173,19.91038],[73.45165,19.91036],[73.45157,19.91032],[73.4515,19.91025],[73.45145,19.9102],[73.45141,19.91025],[73.45136,19.91024],[73.45131,19.91026],[73.45121,19.91029],[73.45112,19.91029],[73.45103,19.91027],[73.45096,19.91025],[73.4509,19.91024],[73.45083,19.91024],[73.45076,19.91026],[73.45073,19.91031],[73.45061,19.91031],[73.45053,19.91035],[73.45048,19.91031],[73.45041,19.91025],[73.45041,19.9102],[73.45037,19.91017],[73.45036,19.91012],[73.45022,19.9101],[73.45011,19.91014],[73.45005,19.91014],[73.44998,19.91015],[73.4499,19.91019],[73.44981,19.91014],[73.44971,19.91016],[73.44962,19.91018],[73.44961,19.91024],[73.44961,19.91031],[73.44963,19.91034],[73.44963,19.9104],[73.44957,19.91046],[73.44952,19.91048],[73.44947,19.91048],[73.44946,19.91053],[73.44936,19.91058],[73.44928,19.91057],[73.44919,19.91059],[73.44912,19.91059],[73.44907,19.91057],[73.44905,19.91052],[73.44899,19.91054],[73.44891,19.91052],[73.44886,19.91055],[73.44883,19.91058],[73.44875,19.91057],[73.44867,19.9106],[73.44867,19.91064],[73.44865,19.91063],[73.44863,19.91067],[73.44861,19.91066],[73.44853,19.91068],[73.44848,19.91063],[73.44843,19.91064],[73.44841,19.91067],[73.44839,19.91071],[73.44831,19.91072],[73.44828,19.91068],[73.44828,19.91062],[73.44826,19.91058],[73.44821,19.91057],[73.44817,19.91055],[73.44812,19.91055],[73.44805,19.91051],[73.448,19.91047],[73.44797,19.91045],[73.44794,19.91039],[73.44789,19.91039],[73.44785,19.91036],[73.44783,19.91041],[73.44779,19.91046],[73.44779,19.91051],[73.44781,19.91056],[73.44779,19.91057],[73.44776,19.91056],[73.44773,19.91056],[73.44769,19.91059],[73.44772,19.91066],[73.4477,19.91068],[73.44773,19.91072],[73.44772,19.91075],[73.44769,19.91075],[73.44767,19.91078],[73.44768,19.91081],[73.44764,19.91083],[73.4476,19.91083],[73.44756,19.91081],[73.44753,19.91082],[73.44752,19.91084],[73.44756,19.91086],[73.44756,19.91089],[73.44753,19.91089],[73.44756,19.91092],[73.44754,19.91094],[73.44757,19.91099],[73.4476,19.91103],[73.44762,19.91105],[73.44766,19.91109],[73.4477,19.91112],[73.44779,19.91111],[73.44782,19.91118],[73.44784,19.91126],[73.44784,19.91134],[73.4478,19.91138],[73.44778,19.91142],[73.44776,19.91147],[73.44773,19.91151],[73.44772,19.91159],[73.44771,19.91164],[73.44769,19.9117],[73.44773,19.91171],[73.44774,19.91175],[73.44774,19.91183],[73.44774,19.91193],[73.44777,19.91196],[73.44777,19.91199],[73.44774,19.91202],[73.44772,19.91204],[73.44769,19.91207],[73.44766,19.9121],[73.44764,19.91217],[73.44766,19.91221],[73.44768,19.91223],[73.44767,19.91225],[73.44766,19.91229],[73.44763,19.91232],[73.44761,19.91236],[73.44758,19.91239],[73.44753,19.91235],[73.44749,19.91237],[73.44748,19.91238],[73.44747,19.91239],[73.44747,19.91244],[73.44749,19.91248],[73.4475,19.91251],[73.44747,19.91254],[73.44741,19.91252],[73.44739,19.91249],[73.44735,19.91245],[73.44734,19.91241],[73.44732,19.91243],[73.44729,19.91236],[73.44725,19.9123],[73.4472,19.91228],[73.4472,19.91225],[73.44717,19.91224],[73.44716,19.91219],[73.44711,19.91216],[73.44709,19.91208],[73.44703,19.91206],[73.447,19.912],[73.44696,19.91197],[73.44693,19.91195],[73.44692,19.91193],[73.44688,19.9119],[73.44685,19.91188],[73.44682,19.91188],[73.4468,19.91187],[73.44678,19.91187],[73.44675,19.91186],[73.44673,19.91186],[73.44669,19.91184],[73.44666,19.91185],[73.4466,19.91181],[73.44634,19.91183],[73.44625,19.91196],[73.44613,19.91211],[73.44602,19.91231],[73.44601,19.91248],[73.44592,19.91274],[73.4458,19.91285],[73.44554,19.91292],[73.44535,19.91285],[73.44514,19.91274],[73.44494,19.91284],[73.44479,19.91292],[73.44467,19.91296],[73.44453,19.91283],[73.44452,19.91265],[73.44433,19.91256],[73.4441,19.91254],[73.44393,19.91242],[73.44387,19.91223],[73.4438,19.91213],[73.44363,19.91204],[73.44344,19.912],[73.44323,19.912],[73.44303,19.91204],[73.44286,19.912],[73.44271,19.912],[73.44256,19.91204],[73.44242,19.91202],[73.44218,19.91207],[73.44196,19.9122],[73.44185,19.91233],[73.44169,19.91239],[73.44151,19.91228],[73.44133,19.91223],[73.44114,19.91226],[73.44088,19.91238],[73.44075,19.91247],[73.44049,19.91247],[73.4404,19.9122],[73.44034,19.91198],[73.44021,19.91176],[73.4401,19.91158],[73.43994,19.91148],[73.43978,19.91141],[73.43975,19.91133],[73.43974,19.91115],[73.43964,19.91102],[73.43949,19.9109],[73.43949,19.91075],[73.43948,19.91053],[73.43939,19.91035],[73.43933,19.91014],[73.43935,19.91003],[73.43919,19.90981],[73.43908,19.90963],[73.43898,19.90937],[73.4388,19.90922],[73.43867,19.90904],[73.43858,19.90889],[73.43835,19.90874],[73.43811,19.9086],[73.43787,19.90848],[73.43765,19.90837],[73.43742,19.90817],[73.43716,19.90789],[73.43699,19.90769],[73.43684,19.90745],[73.4367,19.90731],[73.43651,19.90717],[73.43628,19.90701],[73.43612,19.90684],[73.43595,19.90669],[73.43574,19.90659],[73.43551,19.90652],[73.43532,19.90642],[73.43504,19.9063],[73.43471,19.90619],[73.43446,19.90609],[73.43411,19.90596],[73.43405,19.90593],[73.43381,19.90584],[73.43354,19.9057],[73.4331,19.9056],[73.43266,19.90535],[73.4323,19.90515],[73.43203,19.90515],[73.4317,19.90517],[73.43164,19.90514],[73.43159,19.90499],[73.43167,19.90488],[73.432,19.90483],[73.43215,19.90464],[73.4321,19.90442],[73.43191,19.90424],[73.43202,19.90414],[73.43241,19.90406],[73.43277,19.9041],[73.43305,19.90396],[73.43277,19.9041],[73.43241,19.90406],[73.43202,19.90414],[73.43191,19.90424],[73.4321,19.90442],[73.43215,19.90464],[73.432,19.90483],[73.43167,19.90488],[73.43159,19.90499],[73.43164,19.90514],[73.43132,19.90502],[73.43093,19.90496],[73.43058,19.90489],[73.43028,19.90485],[73.43001,19.90479],[73.4297,19.90467],[73.42941,19.90457],[73.42915,19.90449],[73.42887,19.90454],[73.42869,19.90458],[73.4284,19.90455],[73.42812,19.90447],[73.42784,19.90451],[73.42757,19.90447],[73.4273,19.90438],[73.4273,19.90412],[73.42728,19.90373],[73.42737,19.90338],[73.42746,19.90314],[73.42734,19.90284],[73.4272,19.9024],[73.42704,19.90194],[73.42677,19.9016],[73.42661,19.90128],[73.42649,19.90109],[73.42632,19.90089],[73.42631,19.90074],[73.42638,19.90052],[73.42635,19.90033],[73.42627,19.90011],[73.42616,19.8999],[73.42612,19.89962],[73.42616,19.89926],[73.42622,19.89908],[73.42638,19.89882],[73.42653,19.89857],[73.42676,19.89812],[73.4265,19.89831],[73.42633,19.89841],[73.42609,19.8984],[73.42583,19.89851],[73.42568,19.89852],[73.42543,19.89852],[73.42528,19.89859],[73.4252,19.89851],[73.4251,19.89845],[73.42499,19.89836],[73.42485,19.89827],[73.42474,19.89819],[73.42462,19.89812],[73.42455,19.89802],[73.42451,19.8979],[73.4244,19.89781],[73.42439,19.89764],[73.42429,19.89737],[73.42434,19.89729],[73.42449,19.89718],[73.42452,19.89712],[73.42443,19.89703],[73.42423,19.89696],[73.42408,19.89686],[73.42386,19.89673],[73.4238,19.8966],[73.4237,19.89649],[73.42363,19.89631],[73.42356,19.89612],[73.4234,19.89604],[73.42345,19.89598],[73.42336,19.89586],[73.42332,19.89576],[73.42328,19.89566],[73.42323,19.89556],[73.42315,19.89544],[73.42311,19.89531],[73.42304,19.89513],[73.42301,19.89498],[73.42289,19.89488],[73.42276,19.89474],[73.42264,19.89457],[73.42247,19.89434],[73.42247,19.8942],[73.42235,19.89405],[73.42217,19.89396],[73.42212,19.89386],[73.42212,19.89371],[73.422,19.89376],[73.42189,19.89361],[73.42181,19.89348],[73.42171,19.89334],[73.4216,19.89326],[73.42149,19.89319],[73.42145,19.89307],[73.42127,19.893],[73.42124,19.89286],[73.42108,19.89275],[73.42096,19.89259],[73.42092,19.89249],[73.4207,19.89248],[73.42067,19.89227],[73.42065,19.89213],[73.42053,19.89199],[73.42043,19.89183],[73.42032,19.89168],[73.42037,19.89152],[73.42036,19.89132],[73.42017,19.89126],[73.42005,19.89114],[73.41991,19.8912],[73.4197,19.89127],[73.41963,19.89141],[73.41963,19.89149],[73.41956,19.89169],[73.41946,19.89182],[73.41938,19.89201],[73.41935,19.89216],[73.41933,19.89231],[73.41927,19.89242],[73.41919,19.89256],[73.41922,19.89278],[73.41912,19.89291],[73.41906,19.89294],[73.41897,19.89299],[73.41888,19.89287],[73.41881,19.89274],[73.41875,19.8926],[73.41862,19.89246],[73.41853,19.89235],[73.41849,19.89226],[73.41837,19.89207],[73.41826,19.89202],[73.41816,19.89184],[73.41808,19.89169],[73.41797,19.8914],[73.41776,19.89122],[73.41755,19.89104],[73.41741,19.89095],[73.4173,19.89087],[73.41709,19.89066],[73.41695,19.8905],[73.41685,19.89031],[73.41673,19.8901],[73.41655,19.88988],[73.41643,19.88971],[73.4162,19.88947],[73.41597,19.88931],[73.41583,19.88912],[73.4157,19.88891],[73.41554,19.88864],[73.41536,19.88834],[73.41513,19.88804],[73.41491,19.88779],[73.41471,19.8876],[73.41455,19.88735],[73.41434,19.8873],[73.41424,19.88739],[73.4141,19.88734],[73.41382,19.8872],[73.41368,19.8872],[73.41348,19.88722],[73.41328,19.88724],[73.41302,19.8872],[73.4129,19.88734],[73.41273,19.88727],[73.4126,19.88725],[73.41244,19.88722],[73.4123,19.88719],[73.41209,19.88717],[73.41204,19.88701],[73.41197,19.88681],[73.4118,19.88683],[73.41157,19.88677],[73.41126,19.88665],[73.41105,19.88659],[73.41083,19.88666],[73.4106,19.88669],[73.41032,19.88681],[73.41009,19.88693],[73.40991,19.88697],[73.40964,19.88699],[73.40945,19.88685],[73.40929,19.88685],[73.40917,19.88698],[73.40878,19.88723],[73.40853,19.88731],[73.40834,19.88738],[73.40811,19.88746],[73.40791,19.88754],[73.40776,19.88768],[73.40759,19.88785],[73.40742,19.88803],[73.40719,19.88825],[73.40704,19.88843],[73.40692,19.8887],[73.40688,19.88913],[73.40668,19.8893],[73.40651,19.8893],[73.40626,19.88926],[73.40603,19.88929],[73.40569,19.8892],[73.40541,19.88909],[73.40519,19.88907],[73.40502,19.88914],[73.40493,19.88918],[73.40494,19.8895],[73.40495,19.88959],[73.40488,19.88983],[73.40488,19.89004],[73.40471,19.89028],[73.40452,19.89041],[73.4043,19.8905],[73.40411,19.89068],[73.40381,19.89096],[73.40366,19.89096],[73.40357,19.89109],[73.40335,19.89125],[73.40343,19.8914],[73.40367,19.89153],[73.40374,19.89158],[73.40366,19.89176],[73.40352,19.89214],[73.4035,19.89242],[73.40358,19.89259],[73.40347,19.89282],[73.40347,19.89315],[73.40364,19.89327],[73.40373,19.89345],[73.40379,19.89371],[73.40376,19.89387],[73.40365,19.89409],[73.40341,19.89401],[73.40324,19.89423],[73.40323,19.89444],[73.40301,19.89454],[73.40272,19.89464],[73.40255,19.89472],[73.40233,19.89488],[73.40208,19.89506],[73.402,19.89531],[73.40199,19.89562],[73.40204,19.89573],[73.40228,19.89592],[73.40246,19.89612],[73.40275,19.89612],[73.40306,19.89626],[73.4035,19.8964],[73.40362,19.89676],[73.40371,19.89716],[73.40372,19.89743],[73.40377,19.8977],[73.4039,19.89789],[73.40414,19.89797],[73.40428,19.89814],[73.40451,19.89825],[73.40463,19.89835],[73.40506,19.89872],[73.40537,19.89873],[73.40562,19.89873],[73.40603,19.89872],[73.40628,19.89888],[73.40646,19.89897],[73.40673,19.89917],[73.40696,19.8993],[73.4072,19.89938],[73.40766,19.89965],[73.40782,19.89995],[73.40792,19.90018],[73.40806,19.90059],[73.40835,19.90074],[73.40839,19.90076],[73.40858,19.90115],[73.40883,19.90142],[73.40895,19.9017],[73.40905,19.90204],[73.40899,19.90228],[73.40911,19.90258],[73.4092,19.90301],[73.40937,19.90352],[73.40952,19.90397],[73.40958,19.90423],[73.40975,19.90477],[73.41005,19.90496],[73.41018,19.90531],[73.41029,19.90571],[73.41027,19.90592],[73.41043,19.90611],[73.41052,19.90622],[73.41052,19.90638],[73.41074,19.90642],[73.4109,19.90653],[73.41115,19.90655],[73.41117,19.90677],[73.41124,19.90702],[73.41154,19.90707],[73.41165,19.90719],[73.41171,19.90736],[73.41198,19.90743],[73.41208,19.90755],[73.41208,19.90773],[73.41222,19.90781],[73.41235,19.90796],[73.41246,19.90813],[73.41252,19.90827],[73.4127,19.90835],[73.4128,19.9085],[73.41289,19.90868],[73.41307,19.90876],[73.41313,19.9089],[73.41313,19.90925],[73.41319,19.90937],[73.41324,19.90956],[73.41324,19.90969],[73.41329,19.90983],[73.41319,19.90994],[73.41315,19.91008],[73.4131,19.91021],[73.41285,19.91004],[73.41258,19.91005],[73.41243,19.91017],[73.41222,19.91004],[73.4121,19.91016],[73.41193,19.91018],[73.41173,19.91018],[73.41144,19.90992],[73.41118,19.91005],[73.411,19.91009],[73.41074,19.91014],[73.41051,19.9102],[73.41052,19.91033],[73.41078,19.91031],[73.41082,19.91035],[73.41116,19.91035],[73.41124,19.9104],[73.41137,19.91034],[73.4115,19.91039],[73.41153,19.91059],[73.4116,19.9107],[73.41184,19.91061],[73.41216,19.91069],[73.41239,19.91077],[73.4125,19.91077],[73.41288,19.91089],[73.41305,19.91086],[73.41336,19.91091],[73.41341,19.91091],[73.41355,19.91099],[73.41366,19.91091],[73.41379,19.91091],[73.41386,19.91099],[73.41398,19.91099],[73.41415,19.91113],[73.41425,19.91111],[73.41434,19.91121],[73.41445,19.91135],[73.41468,19.91129],[73.41466,19.91115],[73.41483,19.91113],[73.41497,19.91125],[73.41512,19.91131],[73.41529,19.91137],[73.41542,19.91136],[73.41562,19.91138],[73.41582,19.91138],[73.416,19.91146],[73.41611,19.91147],[73.41629,19.91152],[73.41646,19.91152],[73.41667,19.91161],[73.41681,19.91167],[73.41694,19.91164],[73.41714,19.91166],[73.41739,19.91159],[73.4176,19.91151],[73.41783,19.91147],[73.41803,19.91139],[73.41824,19.91142],[73.41843,19.91126],[73.41861,19.91128],[73.41875,19.91117],[73.41888,19.91111],[73.41897,19.91093],[73.41913,19.91093],[73.41917,19.91076],[73.41915,19.91055],[73.41916,19.91046],[73.41929,19.91036],[73.41926,19.9103],[73.41944,19.91018],[73.41933,19.91002],[73.41938,19.90985],[73.41951,19.90962],[73.41953,19.90944],[73.41953,19.9093],[73.41964,19.9091],[73.41969,19.90896],[73.41981,19.90883],[73.41995,19.90882],[73.42012,19.90882],[73.42033,19.90875],[73.42041,19.90866],[73.42054,19.90866],[73.42072,19.90853],[73.42075,19.90837],[73.42087,19.9082],[73.42095,19.90803],[73.42098,19.90792],[73.42115,19.90771],[73.4213,19.90764],[73.42134,19.90754],[73.42154,19.90742],[73.42179,19.90739],[73.42189,19.90731],[73.42201,19.90737],[73.42207,19.90719],[73.42226,19.90717],[73.42253,19.90715],[73.42273,19.90706],[73.42286,19.90704],[73.42298,19.90706],[73.42307,19.90696],[73.4232,19.90697],[73.42338,19.90696],[73.42365,19.90698],[73.42387,19.90691],[73.42404,19.90685],[73.42416,19.9067],[73.42432,19.90654],[73.42452,19.90649],[73.42463,19.90638],[73.42483,19.90635],[73.42499,19.90624],[73.42508,19.90616],[73.42536,19.90611],[73.42547,19.906],[73.42576,19.90593],[73.42586,19.90585],[73.42594,19.90585],[73.42607,19.90575],[73.42616,19.90572],[73.42616,19.90582],[73.42615,19.90596],[73.42608,19.90614],[73.42598,19.9063],[73.42588,19.90644],[73.42575,19.90654],[73.42574,19.9066],[73.42561,19.9067],[73.42552,19.9068],[73.42546,19.90691],[73.42541,19.90702],[73.42545,19.90716],[73.42546,19.90735],[73.42537,19.9075],[73.42524,19.90771],[73.42499,19.90782],[73.42484,19.90786],[73.42469,19.90797],[73.42458,19.90808],[73.42443,19.90823],[73.4243,19.90833],[73.42394,19.90866],[73.42369,19.90876],[73.42362,19.90884],[73.42353,19.90903],[73.42343,19.90917],[73.42333,19.9093],[73.42319,19.90941],[73.4231,19.90947],[73.42305,19.90961],[73.42307,19.90988],[73.42307,19.91004],[73.42304,19.91026],[73.42301,19.91043],[73.42297,19.9107],[73.42293,19.91088],[73.42291,19.91109],[73.4229,19.91121],[73.42289,19.91132],[73.42287,19.91145],[73.42285,19.91153],[73.42279,19.91162],[73.42263,19.91167],[73.42253,19.91182],[73.42243,19.91197],[73.42231,19.91211],[73.42228,19.91225],[73.42219,19.91237],[73.42201,19.91252],[73.42219,19.91237],[73.42228,19.91225],[73.42231,19.91211],[73.42243,19.91197],[73.42253,19.91182],[73.42263,19.91167],[73.42279,19.91162],[73.42285,19.91153],[73.42287,19.91145],[73.42289,19.91132],[73.4229,19.91121],[73.42291,19.91109],[73.42293,19.91088],[73.42297,19.9107],[73.42301,19.91043],[73.42304,19.91026],[73.42307,19.91004],[73.42307,19.90988],[73.42305,19.90961],[73.4231,19.90947],[73.42319,19.90941],[73.42333,19.9093],[73.42343,19.90917],[73.42353,19.90903],[73.42362,19.90884],[73.42369,19.90876],[73.42394,19.90866],[73.4243,19.90833],[73.42443,19.90823],[73.42458,19.90808],[73.42469,19.90797],[73.42484,19.90786],[73.42499,19.90782],[73.42524,19.90771],[73.42537,19.9075],[73.42546,19.90735],[73.42545,19.90716],[73.42541,19.90702],[73.42546,19.90691],[73.42552,19.9068],[73.42561,19.9067],[73.42574,19.9066],[73.42575,19.90654],[73.42588,19.90644],[73.42598,19.9063],[73.42608,19.90614],[73.42615,19.90596],[73.42616,19.90582],[73.42616,19.90572],[73.42621,19.90566],[73.42641,19.90564],[73.42673,19.90566],[73.42679,19.90569],[73.42686,19.90557],[73.4269,19.90546],[73.42694,19.90536],[73.42701,19.90528],[73.42709,19.90514],[73.42713,19.90497],[73.42719,19.90483],[73.42719,19.90465],[73.42729,19.90453],[73.4273,19.90438],[73.4273,19.90412],[73.42728,19.90373],[73.42737,19.90338],[73.42746,19.90314],[73.42734,19.90284],[73.4272,19.9024],[73.42704,19.90194],[73.42677,19.9016],[73.42661,19.90128],[73.42649,19.90109],[73.42632,19.90089],[73.42631,19.90074],[73.42638,19.90052],[73.42635,19.90033],[73.42627,19.90011],[73.42616,19.8999],[73.42612,19.89962],[73.42616,19.89926],[73.42622,19.89908],[73.42638,19.89882],[73.42653,19.89857],[73.42676,19.89812],[73.42691,19.89793],[73.42703,19.8977],[73.42712,19.89744],[73.42721,19.89718],[73.42738,19.89689],[73.42746,19.89673],[73.42764,19.89647],[73.42771,19.89625],[73.42778,19.89599],[73.42791,19.89573],[73.42805,19.89543],[73.4282,19.89513],[73.42837,19.89488],[73.42869,19.89469],[73.42889,19.89443],[73.42913,19.89413],[73.42936,19.89382],[73.42954,19.89362],[73.42988,19.89343],[73.43017,19.89319],[73.43038,19.89287],[73.43067,19.89265],[73.4308,19.89249],[73.4309,19.89229],[73.43112,19.89218],[73.43123,19.8919],[73.43137,19.89171],[73.43147,19.89161],[73.43151,19.89156],[73.43188,19.89154],[73.43222,19.89154],[73.43253,19.89151],[73.43274,19.89163],[73.43297,19.89181],[73.43333,19.89192],[73.43374,19.89192],[73.43421,19.89199],[73.43461,19.89212],[73.43537,19.89225],[73.43608,19.8923],[73.43651,19.89238],[73.43684,19.89244],[73.43707,19.89257],[73.43745,19.89247],[73.43775,19.89246],[73.43799,19.89246],[73.43834,19.89232],[73.43852,19.89232],[73.43878,19.89237],[73.43902,19.89234],[73.43925,19.89228],[73.43956,19.89224],[73.43981,19.89212],[73.44005,19.89203],[73.44038,19.89182],[73.4406,19.89163],[73.44077,19.8915],[73.44094,19.89137],[73.44116,19.89118],[73.44132,19.89113]]]},"properties":{"id":"trail_r20955315","type":"trail","name":"EST 03","name_local":null,"category":"regional hiking route","source":"openstreetmap","source_id":"relation/20955315","updated_at":"2026-06-09T12:29:44Z","tags":{"operator":"HikeX","from":"Taake Harsh","to":"Daheliwali","network":"rwn"}}},{"type":"Feature","geometry":{"type":"MultiLineString","coordinates":[[[73.64772,19.72145],[73.64752,19.7214],[73.64736,19.72136],[73.64697,19.72128],[73.64677,19.72129],[73.64664,19.7213],[73.64644,19.72133],[73.6463,19.72136],[73.64594,19.72136],[73.6456,19.72126],[73.64498,19.72103],[73.64423,19.72076],[73.64412,19.72072],[73.64302,19.72034],[73.64149,19.71976],[73.6413,19.7197],[73.64024,19.71926],[73.6402,19.71913],[73.64015,19.71899],[73.64009,19.7188],[73.64001,19.71863],[73.63984,19.71846],[73.63966,19.71833],[73.63934,19.71809],[73.63899,19.71783],[73.63857,19.71758],[73.63846,19.7175],[73.63828,19.71746],[73.6377,19.71743],[73.63753,19.71742],[73.63733,19.71741],[73.63706,19.71741],[73.63679,19.71737],[73.63656,19.71726],[73.63635,19.71718],[73.63629,19.71715],[73.63603,19.71704],[73.63555,19.71683],[73.63537,19.71675],[73.63517,19.71667],[73.63504,19.71661],[73.6348,19.71649],[73.63452,19.71638],[73.6341,19.71612],[73.63394,19.71592],[73.63371,19.71557],[73.63365,19.71559],[73.63358,19.71562],[73.63357,19.71562],[73.63352,19.71564],[73.63337,19.71572],[73.63333,19.71573],[73.63296,19.71593],[73.63274,19.71605],[73.63263,19.71611],[73.63236,19.71627],[73.63207,19.71641],[73.63167,19.71654],[73.63143,19.71655],[73.63136,19.71656],[73.63102,19.71656],[73.63065,19.71653],[73.63017,19.71651],[73.63,19.7165],[73.62992,19.71651],[73.62953,19.71647],[73.62899,19.71646],[73.62858,19.71646],[73.62844,19.71646],[73.62823,19.71645],[73.62787,19.7164],[73.62767,19.71634],[73.62756,19.71631],[73.62743,19.71627],[73.6272,19.71614],[73.62687,19.71602],[73.62622,19.71578],[73.6259,19.71567],[73.62545,19.71552],[73.62505,19.71539],[73.62488,19.71533],[73.62467,19.71527],[73.62432,19.71516],[73.62405,19.71505],[73.62375,19.71484],[73.62373,19.71483],[73.62351,19.71461],[73.62319,19.71431],[73.62303,19.71414],[73.62291,19.714],[73.62289,19.71399],[73.62254,19.71369],[73.6225,19.71364],[73.62223,19.7134],[73.62218,19.71334],[73.62211,19.71326],[73.62206,19.71319],[73.62182,19.71301],[73.62157,19.71286],[73.62149,19.71282],[73.62133,19.71273],[73.62097,19.71257],[73.62069,19.71241],[73.62053,19.7123],[73.62046,19.71227],[73.61959,19.7119],[73.61937,19.71178],[73.61912,19.71171],[73.6188,19.71172],[73.61867,19.71175],[73.61853,19.71183],[73.61846,19.71188],[73.61835,19.71194],[73.61799,19.71158],[73.61733,19.71094],[73.61689,19.71055],[73.61655,19.7103],[73.61648,19.71025],[73.61578,19.70975],[73.61454,19.70886],[73.61369,19.7081],[73.61312,19.70765],[73.61267,19.70732],[73.61196,19.70693],[73.61139,19.70666],[73.61057,19.7062],[73.61028,19.70602],[73.61004,19.70584],[73.60977,19.70561],[73.60951,19.70533],[73.60931,19.70509],[73.60908,19.70477],[73.60865,19.70415],[73.60843,19.70382],[73.60832,19.70366],[73.60821,19.70358],[73.60816,19.70352],[73.6081,19.70345],[73.60777,19.70306],[73.60751,19.70271],[73.60718,19.70238],[73.60686,19.70207],[73.60654,19.70183],[73.60623,19.70161],[73.60595,19.70143],[73.60572,19.70129],[73.60535,19.70112],[73.60503,19.70098],[73.60472,19.70084],[73.60437,19.70072],[73.60359,19.70041],[73.60299,19.70016],[73.6023,19.69988],[73.60177,19.69965],[73.60095,19.69919],[73.59976,19.69857],[73.59852,19.69789],[73.59789,19.69754],[73.59738,19.69727],[73.59675,19.69693],[73.59645,19.69678],[73.59631,19.69671],[73.5962,19.69665],[73.59574,19.69644],[73.59527,19.69629],[73.59464,19.69611],[73.59379,19.69585],[73.59304,19.69564],[73.59261,19.69552],[73.59197,19.69529],[73.59153,19.69511],[73.59121,19.69493],[73.59108,19.69496],[73.58995,19.69506],[73.58982,19.69506],[73.58811,19.69525],[73.58794,19.69526],[73.586,19.69539],[73.58405,19.69548],[73.58385,19.69546],[73.5837,19.69544],[73.58118,19.69417],[73.58087,19.69401],[73.58059,19.69386],[73.58016,19.69375],[73.57981,19.69373],[73.57957,19.69373],[73.57901,19.69378],[73.57744,19.69392],[73.57692,19.69391],[73.57649,19.6939],[73.57462,19.69367],[73.57394,19.69357],[73.57336,19.69356],[73.57265,19.69364],[73.57196,19.69369],[73.57192,19.6937],[73.57142,19.69371],[73.57006,19.69375],[73.56942,19.69376],[73.56858,19.69376],[73.56749,19.69376],[73.56716,19.69383],[73.56687,19.69392],[73.56655,19.69418],[73.56633,19.69434],[73.56601,19.69457],[73.56587,19.69461],[73.56554,19.69473],[73.56498,19.69489],[73.56368,19.695],[73.56317,19.69504],[73.56118,19.69518],[73.56117,19.69547],[73.56114,19.69607],[73.56113,19.6964],[73.56098,19.69731],[73.56056,19.69742],[73.5602,19.69755],[73.55997,19.69767],[73.55982,19.69774],[73.55934,19.69799],[73.55888,19.69817],[73.55849,19.6983],[73.55811,19.69836],[73.55769,19.6984],[73.55764,19.6984],[73.55717,19.69856],[73.55707,19.69859],[73.55657,19.69874],[73.55604,19.69884],[73.55562,19.69896],[73.55524,19.69916],[73.55506,19.69927],[73.55474,19.69948],[73.55456,19.69964],[73.55449,19.69982],[73.55448,19.69997],[73.55441,19.70007],[73.55428,19.70016],[73.55413,19.70024],[73.554,19.70042],[73.55386,19.70066],[73.55375,19.70081],[73.55363,19.70089],[73.55342,19.70097],[73.55311,19.70108],[73.5526,19.70144],[73.55224,19.7017],[73.55186,19.70202],[73.55144,19.70236],[73.55096,19.70285],[73.55062,19.70312],[73.5503,19.70341],[73.55024,19.70346],[73.54955,19.70403],[73.54913,19.70435],[73.5489,19.70455],[73.5488,19.70463],[73.54872,19.70466],[73.5485,19.70466],[73.54833,19.70464],[73.54805,19.70459],[73.54751,19.7045],[73.54736,19.70452],[73.54726,19.70462],[73.54719,19.70476],[73.54711,19.70492],[73.54706,19.70502],[73.54691,19.70508],[73.54681,19.70546],[73.54682,19.7062],[73.54674,19.70696],[73.54701,19.70781],[73.54723,19.70841],[73.54723,19.70923],[73.54682,19.70981],[73.54651,19.71018],[73.54651,19.7109],[73.54668,19.71128],[73.54696,19.71225],[73.54712,19.71319],[73.54762,19.71403],[73.54768,19.71433],[73.5479,19.71459],[73.54788,19.71514],[73.5477,19.71568],[73.54791,19.71627],[73.54789,19.71733],[73.54802,19.71827],[73.54796,19.71914],[73.54793,19.71987],[73.5476,19.72051],[73.54722,19.72097],[73.54672,19.72194],[73.5464,19.72226],[73.54592,19.72312],[73.54585,19.72354],[73.54613,19.72382],[73.54607,19.72462],[73.54616,19.72523],[73.546,19.72624],[73.54591,19.72697],[73.54602,19.72766],[73.54566,19.72821],[73.54457,19.72895],[73.5435,19.7293],[73.54283,19.72977],[73.54223,19.73],[73.54165,19.7304],[73.54116,19.73071],[73.54067,19.73095],[73.54016,19.73112],[73.53966,19.73146],[73.53913,19.73177],[73.53878,19.73206],[73.53873,19.73213],[73.53866,19.73221],[73.53862,19.73231],[73.53861,19.73239],[73.53857,19.73247],[73.53852,19.73258],[73.53846,19.73267],[73.53837,19.7329],[73.5383,19.73303],[73.5382,19.73309],[73.53809,19.73314],[73.538,19.73323],[73.53789,19.73332],[73.5379,19.7335],[73.53778,19.73371],[73.53766,19.73391],[73.5376,19.734],[73.53756,19.73418],[73.53751,19.73425],[73.53743,19.73436],[73.53737,19.73443],[73.53729,19.73452],[73.53717,19.73466],[73.53711,19.73475],[73.53707,19.73488],[73.537,19.73509],[73.53687,19.7352],[73.53678,19.73528],[73.5367,19.73538],[73.53657,19.73555],[73.53649,19.73562],[73.53642,19.73569],[73.53635,19.73574],[73.53626,19.73581],[73.53618,19.73586],[73.53599,19.73597],[73.53585,19.73607],[73.53575,19.73613],[73.53565,19.73619],[73.53558,19.73629],[73.5355,19.73634],[73.53543,19.73639],[73.5354,19.73645],[73.53541,19.7365],[73.53545,19.73657],[73.53554,19.73658],[73.53562,19.73651],[73.53575,19.7364],[73.53585,19.7363],[73.53593,19.73626],[73.53602,19.7362],[73.53617,19.73606],[73.53634,19.73607],[73.53642,19.73614],[73.53639,19.73636],[73.53642,19.73656],[73.53644,19.73672],[73.53649,19.7369],[73.53655,19.73712],[73.53656,19.73725],[73.53661,19.73752],[73.53665,19.73779],[73.53665,19.73799],[73.53661,19.73821],[73.53661,19.7384],[73.53662,19.7387],[73.53656,19.73886],[73.53652,19.73905],[73.53643,19.7392],[73.53635,19.73933],[73.53619,19.73952],[73.53611,19.73975],[73.53592,19.73992],[73.5358,19.74011],[73.53568,19.74032],[73.53557,19.74045],[73.53551,19.74054],[73.53553,19.74079],[73.53551,19.74054],[73.53557,19.74045],[73.53568,19.74032],[73.5358,19.74011],[73.53592,19.73992],[73.53611,19.73975],[73.53619,19.73952],[73.53635,19.73933],[73.53643,19.7392],[73.53652,19.73905],[73.53656,19.73886],[73.53662,19.7387],[73.53661,19.7384],[73.53661,19.73821],[73.53665,19.73799],[73.53665,19.73779],[73.53661,19.73752],[73.53656,19.73725],[73.53655,19.73712],[73.53649,19.7369],[73.53644,19.73672],[73.53642,19.73656],[73.53639,19.73636],[73.53642,19.73614],[73.53634,19.73607],[73.53617,19.73606],[73.53602,19.7362],[73.53593,19.73626],[73.53585,19.7363],[73.53575,19.7364],[73.53562,19.73651],[73.53554,19.73658],[73.53545,19.73657],[73.53541,19.7365],[73.5354,19.73645],[73.53543,19.73639],[73.5355,19.73634],[73.53558,19.73629],[73.53565,19.73619],[73.53575,19.73613],[73.53585,19.73607],[73.53599,19.73597],[73.53618,19.73586],[73.53626,19.73581],[73.53635,19.73574],[73.53642,19.73569],[73.53649,19.73562],[73.53657,19.73555],[73.5367,19.73538],[73.53678,19.73528],[73.53687,19.7352],[73.537,19.73509],[73.53707,19.73488],[73.53711,19.73475],[73.53717,19.73466],[73.53729,19.73452],[73.53737,19.73443],[73.53743,19.73436],[73.53751,19.73425],[73.53756,19.73418],[73.5376,19.734],[73.53766,19.73391],[73.53778,19.73371],[73.5379,19.7335],[73.53789,19.73332],[73.538,19.73323],[73.53771,19.73304],[73.53738,19.73301],[73.53712,19.73269],[73.53678,19.73258],[73.5369,19.73242],[73.53666,19.73182],[73.53668,19.73157],[73.53566,19.73116],[73.53535,19.73094],[73.53444,19.73078],[73.53419,19.73061],[73.53384,19.73055],[73.53396,19.73035],[73.53375,19.73017],[73.5335,19.73015],[73.53284,19.72979],[73.53245,19.72969],[73.53223,19.72948],[73.53206,19.72876],[73.53214,19.72797],[73.53192,19.7273],[73.53163,19.72663],[73.53153,19.72629],[73.53149,19.72556],[73.53116,19.72564],[73.53106,19.72582],[73.53076,19.72575],[73.53045,19.72575],[73.53071,19.72539],[73.53058,19.72519],[73.53032,19.7255],[73.53006,19.72553],[73.52984,19.72571],[73.52949,19.72573],[73.5297,19.72634],[73.52948,19.72665],[73.52947,19.72716],[73.52932,19.72751],[73.52894,19.72774],[73.52856,19.72789],[73.5282,19.72789],[73.52758,19.7278],[73.52734,19.72763],[73.52699,19.7276],[73.52636,19.72741],[73.52583,19.72781],[73.52538,19.72794],[73.52499,19.72812],[73.52485,19.72794],[73.52416,19.72785],[73.52381,19.7276],[73.52346,19.72777],[73.52325,19.72773],[73.52299,19.7275],[73.5227,19.72746],[73.5227,19.72724],[73.52266,19.72712],[73.52252,19.72703],[73.52232,19.72715],[73.52232,19.72683],[73.52196,19.7265],[73.52181,19.72651],[73.5216,19.72634],[73.52125,19.72604],[73.52131,19.72557],[73.52143,19.72534],[73.52199,19.72524],[73.52242,19.72516],[73.52266,19.72503],[73.52293,19.72494],[73.5232,19.72505],[73.52347,19.72493],[73.52376,19.72487],[73.5241,19.72475],[73.52436,19.72463],[73.52454,19.72448],[73.52443,19.72434],[73.52421,19.72423],[73.52372,19.72407],[73.52329,19.72385],[73.52306,19.7235],[73.52293,19.72313],[73.52305,19.72272],[73.52313,19.72243],[73.52339,19.72216],[73.52355,19.7219],[73.52379,19.72169],[73.52394,19.72139],[73.52408,19.72118],[73.52438,19.72089],[73.52455,19.72065],[73.5245,19.72017],[73.52459,19.71995],[73.52428,19.7196],[73.5238,19.71958],[73.5234,19.71939],[73.52301,19.71948],[73.52267,19.71951],[73.52252,19.71965],[73.52227,19.71978],[73.52197,19.71996],[73.52164,19.72014],[73.52134,19.72028],[73.52113,19.72044],[73.52089,19.72061],[73.52064,19.72077],[73.52059,19.72099],[73.5204,19.72127],[73.52022,19.72151],[73.51991,19.72187],[73.51983,19.72211],[73.51952,19.72233],[73.51923,19.72256],[73.519,19.72273],[73.51878,19.72287],[73.51852,19.72287],[73.51816,19.7231],[73.51802,19.72346],[73.51753,19.7236],[73.51712,19.7236],[73.51675,19.72315],[73.51644,19.72266],[73.5162,19.72229],[73.51582,19.72229],[73.51537,19.7224],[73.51497,19.72229],[73.51454,19.72246],[73.51371,19.72262],[73.51322,19.72229],[73.51286,19.72225],[73.51268,19.72236],[73.51223,19.72219],[73.5121,19.72189],[73.51212,19.72172],[73.51145,19.72161],[73.5112,19.7217],[73.51096,19.72148],[73.51069,19.72144],[73.51059,19.72123],[73.51015,19.72105],[73.50981,19.72105],[73.50943,19.72123],[73.50921,19.72119],[73.50889,19.72142],[73.50861,19.72127],[73.50815,19.72117],[73.50794,19.7211],[73.50766,19.72101],[73.5075,19.72102],[73.50743,19.72067],[73.5075,19.72054],[73.50746,19.72039],[73.50736,19.72014],[73.5072,19.71987],[73.50718,19.71981],[73.50716,19.71976],[73.50721,19.7195],[73.50669,19.71951],[73.50644,19.71947],[73.50641,19.71946],[73.50637,19.71943],[73.50635,19.7194],[73.50631,19.71931],[73.50624,19.71903],[73.50617,19.71872],[73.50603,19.71846],[73.5058,19.71828],[73.50556,19.71831],[73.50542,19.71833],[73.50532,19.71838],[73.50484,19.71831],[73.50436,19.71826],[73.50383,19.7183],[73.50356,19.71846],[73.50343,19.71853],[73.5032,19.7185],[73.50306,19.71858],[73.50283,19.71883],[73.50268,19.71886],[73.50235,19.71908],[73.50215,19.71917],[73.50196,19.71921],[73.50181,19.71923],[73.50168,19.71931],[73.50159,19.71941],[73.50154,19.71944],[73.50143,19.71942],[73.50132,19.71939],[73.50127,19.7194],[73.50117,19.71946],[73.50109,19.71954],[73.50088,19.71962],[73.50078,19.71965],[73.50059,19.71967],[73.50048,19.7197],[73.50033,19.71977],[73.50012,19.71992],[73.5,19.72008],[73.49996,19.72032],[73.49984,19.72059],[73.49972,19.72096],[73.49964,19.72105],[73.49951,19.72116],[73.49942,19.72126],[73.4993,19.72146],[73.4987,19.72177],[73.49838,19.72188],[73.49828,19.72189],[73.49815,19.72188],[73.49808,19.72189],[73.49794,19.72197],[73.4977,19.72217],[73.4976,19.72225],[73.49756,19.72236],[73.49751,19.72242],[73.49745,19.72244],[73.4971,19.72244],[73.49696,19.72242],[73.49682,19.7224],[73.49668,19.72239],[73.49656,19.7224],[73.49644,19.72242],[73.49635,19.72244],[73.49614,19.72253],[73.49584,19.72257],[73.49563,19.72261],[73.49525,19.72269],[73.49508,19.72278],[73.49466,19.72304],[73.49437,19.72314],[73.49374,19.72355],[73.49361,19.72365],[73.49346,19.72375],[73.4934,19.72382],[73.49338,19.72393],[73.49336,19.72406],[73.49332,19.72419],[73.49318,19.72429],[73.49309,19.72438],[73.49301,19.72453],[73.493,19.72476],[73.49299,19.72487],[73.49271,19.72481],[73.49221,19.72461],[73.49175,19.72448],[73.49131,19.72443],[73.49078,19.7244],[73.49034,19.72458],[73.49004,19.72456],[73.48978,19.72453],[73.48944,19.72441],[73.48898,19.72452],[73.48837,19.72455],[73.48815,19.72455],[73.48791,19.72472],[73.48769,19.72472],[73.48749,19.72497],[73.48733,19.72537],[73.48727,19.7258],[73.48711,19.72606],[73.48688,19.726],[73.48688,19.72613],[73.48677,19.7263],[73.48678,19.72646],[73.48673,19.72658],[73.48673,19.72684],[73.48637,19.72715],[73.48629,19.72735],[73.48607,19.72772],[73.48576,19.72772],[73.48551,19.72766],[73.48481,19.72752],[73.48457,19.72748],[73.48447,19.7277],[73.48442,19.72806],[73.48452,19.72875],[73.48491,19.72911],[73.48504,19.72935],[73.48513,19.72968],[73.48477,19.72995],[73.48451,19.73015],[73.48424,19.73025],[73.48374,19.73048],[73.48343,19.73057],[73.48312,19.73048],[73.48274,19.73045],[73.48233,19.7306],[73.48228,19.73108],[73.48219,19.73188],[73.48195,19.73244],[73.48166,19.73295],[73.48139,19.73339],[73.48119,19.73369],[73.48101,19.73367],[73.48068,19.73383],[73.48043,19.73426],[73.48022,19.73447],[73.47983,19.735],[73.47947,19.73535],[73.47936,19.73572],[73.47926,19.73602],[73.47945,19.73654],[73.47934,19.73683],[73.47956,19.73682],[73.47945,19.73716],[73.47913,19.73759],[73.47897,19.73797],[73.4786,19.73816],[73.47825,19.73861],[73.47789,19.73879],[73.47779,19.73897],[73.47799,19.73928],[73.47798,19.73978],[73.47781,19.74014],[73.47763,19.74024],[73.4773,19.74046],[73.47735,19.74072],[73.47705,19.74089],[73.47693,19.74107],[73.47682,19.74124],[73.47708,19.74143],[73.47725,19.74168],[73.47721,19.74198],[73.47702,19.74222],[73.47684,19.74243],[73.47668,19.74243],[73.47657,19.74252],[73.47636,19.74263],[73.47599,19.74274],[73.47593,19.74306],[73.47588,19.74342],[73.47566,19.74364],[73.47523,19.74404],[73.47528,19.74443],[73.47551,19.74462],[73.47577,19.74492],[73.47634,19.74488],[73.47634,19.74518],[73.47635,19.74563],[73.47618,19.74606],[73.47566,19.74617],[73.47516,19.74642],[73.47481,19.7467],[73.47453,19.7467],[73.47398,19.74697],[73.47397,19.74728],[73.47351,19.74765],[73.4732,19.74768],[73.47288,19.74791],[73.4727,19.7481],[73.47261,19.74843],[73.47203,19.74896],[73.47181,19.74894],[73.47137,19.74917],[73.47103,19.74938],[73.47088,19.74957],[73.47059,19.74985],[73.47014,19.74994],[73.46982,19.75026],[73.46972,19.7505],[73.4696,19.75051],[73.46933,19.7507],[73.46925,19.75086],[73.46899,19.75087],[73.46881,19.75099],[73.46862,19.75113],[73.46825,19.75143],[73.46801,19.75173],[73.46768,19.75208],[73.4673,19.75232],[73.4672,19.7527],[73.46672,19.75275],[73.4667,19.753],[73.46676,19.75318],[73.46679,19.75345],[73.46634,19.75355],[73.46613,19.75386],[73.46593,19.75414],[73.46574,19.75457],[73.46584,19.75477],[73.46576,19.75502],[73.46607,19.75521],[73.46588,19.75536],[73.46572,19.75579],[73.46552,19.75627],[73.46524,19.75666],[73.46495,19.75707],[73.46478,19.75752],[73.46456,19.75788],[73.46441,19.75843],[73.46417,19.7587],[73.46399,19.75908],[73.46361,19.75942],[73.46333,19.75988],[73.4632,19.76029],[73.46297,19.76066],[73.46281,19.76083],[73.46283,19.76107],[73.46268,19.76134],[73.4625,19.76175],[73.46237,19.76207],[73.46205,19.76236],[73.46179,19.76242],[73.46148,19.76265],[73.46132,19.76286],[73.46118,19.76292],[73.461,19.76308],[73.46057,19.76335],[73.46005,19.76375],[73.45972,19.76408],[73.45943,19.76408],[73.45918,19.76445],[73.45889,19.76451],[73.45856,19.76461],[73.45815,19.76462],[73.45792,19.76491],[73.45813,19.76514],[73.45814,19.76545],[73.45814,19.76572],[73.45812,19.76605],[73.45802,19.76629],[73.45789,19.76669],[73.45786,19.76698],[73.45785,19.76723],[73.45785,19.76762],[73.45785,19.76796],[73.45773,19.76833],[73.45774,19.76861],[73.45746,19.76871],[73.45732,19.76892],[73.45719,19.76916],[73.45705,19.76958],[73.45693,19.76988],[73.45673,19.77016],[73.45677,19.77062],[73.45694,19.77071],[73.45716,19.77076],[73.45736,19.77083],[73.45764,19.77092],[73.45792,19.77102],[73.4582,19.77111],[73.45847,19.77129],[73.45864,19.77148],[73.45877,19.77169],[73.45905,19.77204],[73.45927,19.77231],[73.459,19.77259],[73.45874,19.77291],[73.45854,19.77325],[73.45827,19.77378],[73.45795,19.77422],[73.4575,19.77457],[73.45726,19.77482],[73.457,19.77502],[73.45668,19.77498],[73.45622,19.77503],[73.456,19.77538],[73.4557,19.77575],[73.45521,19.77593],[73.45462,19.77597],[73.454,19.77601],[73.45344,19.77632],[73.45311,19.77656],[73.45257,19.77687],[73.45174,19.77697],[73.45116,19.7772],[73.4504,19.77726],[73.45028,19.7774],[73.44973,19.77743],[73.44922,19.77768],[73.4489,19.77786],[73.44851,19.7778],[73.44797,19.77822],[73.44757,19.77823],[73.44733,19.77801],[73.44703,19.77783],[73.44684,19.77764],[73.4466,19.77731],[73.44623,19.77714],[73.44588,19.77714],[73.44599,19.77727],[73.44586,19.7774],[73.44563,19.77741],[73.44545,19.77746],[73.44508,19.77744],[73.44486,19.77772],[73.44426,19.77801],[73.44405,19.77817],[73.44421,19.77855],[73.44394,19.7787],[73.44364,19.77925],[73.44331,19.77955],[73.44297,19.77958],[73.44277,19.77931],[73.44253,19.77885],[73.44207,19.77856],[73.44164,19.77852],[73.44111,19.77827],[73.44045,19.77758],[73.44009,19.77725],[73.43967,19.77714],[73.43934,19.77695],[73.4392,19.77667],[73.43857,19.77638],[73.43835,19.77638],[73.43802,19.77622],[73.43758,19.77625],[73.43689,19.77618],[73.43654,19.77618],[73.43608,19.7762],[73.43573,19.77652],[73.43567,19.77681],[73.43607,19.77692],[73.43641,19.7769],[73.43642,19.77707],[73.43657,19.77731],[73.43646,19.7774],[73.43638,19.77746],[73.43587,19.77768],[73.43543,19.77789],[73.435,19.77822],[73.4345,19.77856],[73.43368,19.77881],[73.43316,19.77892],[73.43303,19.7793],[73.43239,19.77952],[73.43246,19.77969],[73.43253,19.77989],[73.43262,19.78013],[73.43254,19.78044],[73.43276,19.78083],[73.43292,19.78123],[73.43303,19.78161],[73.43297,19.7817],[73.43284,19.78168],[73.43268,19.7818],[73.4325,19.78205],[73.4325,19.78235],[73.43241,19.78246],[73.43216,19.78247],[73.43201,19.7827],[73.4319,19.78292],[73.43185,19.78312],[73.43185,19.78349],[73.43208,19.78376],[73.43216,19.78404],[73.43227,19.7843],[73.43212,19.78452],[73.43205,19.78484],[73.43193,19.78509],[73.43173,19.7853],[73.43174,19.78563],[73.4316,19.78594],[73.43138,19.78623],[73.43118,19.78644],[73.43107,19.78675],[73.43093,19.787],[73.43061,19.78694],[73.43033,19.7869],[73.43003,19.787],[73.4298,19.78688],[73.42963,19.78675],[73.42956,19.78712],[73.42942,19.78711],[73.42933,19.78724],[73.42909,19.78734],[73.42896,19.78754],[73.42899,19.78783],[73.42875,19.78809],[73.42879,19.78851],[73.42854,19.78898],[73.42817,19.7894],[73.42756,19.78953],[73.42717,19.78998],[73.42694,19.79022],[73.42658,19.79044],[73.42605,19.79072],[73.42547,19.79102],[73.42487,19.79113],[73.42433,19.79077],[73.42401,19.79092],[73.42431,19.79147],[73.42444,19.79199],[73.42455,19.79275],[73.42443,19.79353],[73.42434,19.79417],[73.42427,19.79482],[73.42416,19.79553],[73.42416,19.79588],[73.42433,19.7959],[73.42447,19.79602],[73.42433,19.79623],[73.42466,19.7963],[73.42485,19.79638],[73.42491,19.79645],[73.425,19.79661],[73.42511,19.79684],[73.42519,19.79691],[73.42538,19.79697],[73.42557,19.79701],[73.42582,19.79711],[73.42597,19.79721],[73.42616,19.79742],[73.42636,19.79765],[73.42652,19.79784],[73.42662,19.79802],[73.42669,19.79813],[73.42682,19.79825],[73.42711,19.79845],[73.42727,19.79853],[73.42763,19.7986],[73.42794,19.79862],[73.42813,19.79863],[73.42825,19.7987],[73.4284,19.79882],[73.42851,19.79889],[73.42859,19.79893],[73.42873,19.79894],[73.42893,19.7989],[73.42918,19.79884],[73.42948,19.79875],[73.42957,19.79868],[73.42967,19.79857],[73.42974,19.7984],[73.4298,19.7983],[73.42989,19.79825],[73.43005,19.79824],[73.43012,19.79828],[73.43022,19.79835],[73.43033,19.79856],[73.43042,19.79885],[73.43045,19.79912],[73.43043,19.79941],[73.43043,19.79974],[73.43046,19.80008],[73.43053,19.80024],[73.43058,19.80033],[73.43064,19.80037],[73.43086,19.80046],[73.43102,19.80048],[73.43113,19.80048],[73.43126,19.80046],[73.43144,19.80042],[73.43158,19.80041],[73.43167,19.80041],[73.43177,19.80044],[73.43193,19.80052],[73.43209,19.80063],[73.43217,19.80074],[73.43235,19.80102],[73.43245,19.8013],[73.43248,19.80159],[73.43253,19.80194],[73.43257,19.80236],[73.43261,19.80273],[73.43274,19.80307],[73.43278,19.80323],[73.4328,19.80346],[73.43284,19.80357],[73.43294,19.8037],[73.43306,19.80388],[73.43319,19.80416],[73.43294,19.80428],[73.43304,19.8047],[73.43319,19.80488],[73.43302,19.80496],[73.43305,19.80521],[73.43295,19.80541],[73.43277,19.80569],[73.43265,19.80567],[73.43258,19.80588],[73.43232,19.80608],[73.43218,19.80623],[73.43201,19.80658],[73.43168,19.80681],[73.43148,19.80695],[73.43133,19.80712],[73.4311,19.80731],[73.43086,19.80731],[73.43058,19.80755],[73.43054,19.80773],[73.43022,19.80788],[73.43004,19.8078],[73.42982,19.80792],[73.42963,19.80803],[73.42948,19.80822],[73.42934,19.80853],[73.42903,19.80883],[73.42909,19.809],[73.42914,19.80928],[73.42899,19.80952],[73.42898,19.80999],[73.429,19.81046],[73.42884,19.81063],[73.42886,19.81097],[73.42879,19.81108],[73.42868,19.8115],[73.42856,19.81157],[73.42848,19.81182],[73.42801,19.81216],[73.4277,19.81254],[73.42737,19.81243],[73.42681,19.81269],[73.4266,19.81287],[73.42628,19.81313],[73.42609,19.81336],[73.4258,19.81349],[73.42545,19.81349],[73.42506,19.81357],[73.42474,19.81359],[73.42438,19.81367],[73.42406,19.81361],[73.42373,19.81379],[73.42373,19.81396],[73.42344,19.81409],[73.42318,19.81433],[73.42294,19.81438],[73.4228,19.81439],[73.42262,19.81441],[73.42239,19.81459],[73.42199,19.81453],[73.42165,19.81436],[73.42127,19.81431],[73.42084,19.81441],[73.42057,19.81437],[73.42037,19.81441],[73.42035,19.81419],[73.42015,19.81424],[73.42005,19.81422],[73.42002,19.8147],[73.41976,19.81505],[73.41918,19.81526],[73.41889,19.81534],[73.41864,19.81549],[73.41835,19.81564],[73.41801,19.81583],[73.41779,19.81604],[73.41752,19.81635],[73.4174,19.81674],[73.41729,19.81692],[73.41705,19.81729],[73.41709,19.81753],[73.41701,19.8177],[73.41621,19.81774],[73.41588,19.81798],[73.41523,19.81821],[73.41493,19.81854],[73.41457,19.81882],[73.4143,19.8189],[73.41388,19.81911],[73.41389,19.8195],[73.41432,19.81991],[73.41445,19.82014],[73.41484,19.82055],[73.41519,19.82075],[73.4155,19.82085],[73.4155,19.821],[73.4157,19.8211],[73.41598,19.82153],[73.41648,19.82193],[73.41662,19.82222],[73.41666,19.82277],[73.41644,19.82322],[73.41619,19.8237],[73.41609,19.82425],[73.41626,19.82488],[73.41629,19.82526],[73.41626,19.82551],[73.41619,19.82572],[73.41623,19.82601],[73.41609,19.82608],[73.41601,19.82621],[73.41568,19.8264],[73.41553,19.82657],[73.4155,19.82678],[73.41539,19.82695],[73.41529,19.82694],[73.41523,19.82711],[73.41503,19.82733],[73.4149,19.82755],[73.41471,19.82778],[73.41434,19.82793],[73.41424,19.82806],[73.41435,19.82853],[73.41436,19.8287],[73.41426,19.82892],[73.41399,19.82925],[73.41371,19.82946],[73.41329,19.82944],[73.41302,19.82958],[73.41272,19.82969],[73.41238,19.82984],[73.41211,19.82993],[73.41195,19.83018],[73.4119,19.8304],[73.41173,19.83055],[73.41146,19.83066],[73.4112,19.83064],[73.41098,19.83073],[73.41055,19.83072],[73.41033,19.83081],[73.41006,19.83082],[73.40977,19.83074],[73.40942,19.83082],[73.40909,19.831],[73.40908,19.8312],[73.4089,19.83145],[73.40873,19.83158],[73.40863,19.83187],[73.40845,19.83203],[73.40838,19.83219],[73.40827,19.83228],[73.40807,19.83257],[73.40796,19.83259],[73.40774,19.83277],[73.40766,19.83295],[73.4077,19.8334],[73.40774,19.83358],[73.40783,19.83397],[73.40802,19.83419],[73.40835,19.83444],[73.4086,19.83484],[73.40869,19.8351],[73.40882,19.83546],[73.40876,19.83582],[73.40877,19.83615],[73.40905,19.83655],[73.40898,19.83668],[73.40915,19.83694],[73.40944,19.83713],[73.40954,19.83732],[73.40947,19.8375],[73.40938,19.83769],[73.40939,19.8379],[73.40926,19.83797],[73.40912,19.83817],[73.40901,19.83834],[73.40909,19.83851],[73.40904,19.83882],[73.40891,19.8391],[73.4089,19.83933],[73.40906,19.83961],[73.40903,19.8399],[73.40891,19.84005],[73.40888,19.84037],[73.40888,19.84056],[73.40901,19.84074],[73.40901,19.84108],[73.40901,19.84133],[73.40907,19.84148],[73.40913,19.84168],[73.40926,19.84184],[73.40942,19.84205],[73.40958,19.8423],[73.40976,19.84272],[73.40994,19.84292],[73.41011,19.8431],[73.41045,19.84325],[73.41051,19.84336],[73.4104,19.84362],[73.41042,19.84383],[73.41057,19.84391],[73.41065,19.84399],[73.41052,19.84406],[73.41034,19.84404],[73.41012,19.84401],[73.40982,19.84412],[73.40963,19.84432],[73.40961,19.84441],[73.40949,19.8444],[73.4094,19.8446],[73.40931,19.84489],[73.40934,19.84504],[73.40941,19.84549],[73.40944,19.84581],[73.40936,19.84596],[73.40916,19.84589],[73.40901,19.84582],[73.40875,19.84572],[73.40821,19.84593],[73.408,19.84593],[73.40779,19.84602],[73.40763,19.84619],[73.40759,19.84631],[73.4073,19.84682],[73.40709,19.84687],[73.40681,19.84711],[73.40659,19.84727],[73.40654,19.84741],[73.40662,19.84769],[73.40664,19.84802],[73.40664,19.84836],[73.40676,19.8485],[73.40662,19.84869],[73.40662,19.84873],[73.40662,19.8488],[73.40646,19.84889],[73.40631,19.84901],[73.40616,19.8492],[73.40599,19.84942],[73.40599,19.84957],[73.40596,19.84979],[73.40587,19.84997],[73.40562,19.85018],[73.40542,19.85037],[73.40533,19.85051],[73.4054,19.85067],[73.40536,19.8509],[73.40537,19.85111],[73.40534,19.85133],[73.40542,19.85149],[73.4054,19.85173],[73.40536,19.85183],[73.40536,19.85195],[73.40529,19.85205],[73.40523,19.85216],[73.40509,19.85228],[73.40504,19.85237],[73.40493,19.85246],[73.4048,19.8525],[73.40482,19.8527],[73.40473,19.85289],[73.40462,19.85312],[73.40455,19.85337],[73.40447,19.85343],[73.40452,19.85353],[73.40451,19.8536],[73.40456,19.85378],[73.40449,19.85403],[73.40437,19.85413],[73.40421,19.85419],[73.40411,19.85427],[73.40407,19.85454],[73.40391,19.85474],[73.4038,19.85493],[73.40367,19.85503],[73.40366,19.85522],[73.40392,19.85525],[73.40403,19.8553],[73.40399,19.85553],[73.40412,19.85547],[73.4042,19.85543],[73.40425,19.85541],[73.40431,19.85537],[73.40437,19.85534],[73.40443,19.85532],[73.40446,19.85529],[73.40453,19.85523],[73.4046,19.85518],[73.40463,19.85517],[73.40467,19.85514],[73.40474,19.85509],[73.40481,19.85507],[73.40488,19.85502],[73.40495,19.85501],[73.40506,19.85498],[73.40511,19.85498],[73.40514,19.85497],[73.40519,19.85496],[73.40527,19.85493],[73.40532,19.85488],[73.40538,19.85487],[73.40545,19.85486],[73.40556,19.8548],[73.40563,19.8548],[73.40577,19.8548],[73.40585,19.85476],[73.40594,19.85473],[73.40603,19.85472],[73.40611,19.85472],[73.40616,19.85471],[73.40631,19.8547],[73.40638,19.85467],[73.40649,19.85467],[73.40666,19.85461],[73.40678,19.85464],[73.40685,19.85459],[73.40692,19.85462],[73.40695,19.85467],[73.40703,19.85475],[73.40716,19.85472],[73.40728,19.85475],[73.40737,19.85475],[73.40743,19.85472],[73.40749,19.85472],[73.40761,19.85467],[73.40766,19.85463],[73.40773,19.85464],[73.4078,19.85465],[73.40786,19.85469],[73.40792,19.85469],[73.408,19.85465],[73.40805,19.85463],[73.40812,19.85467],[73.40823,19.85477],[73.40825,19.85485],[73.40825,19.85492],[73.40826,19.85499],[73.40824,19.85508],[73.40827,19.85512],[73.4083,19.8552],[73.40833,19.85525],[73.40833,19.85535],[73.40833,19.85543],[73.40835,19.8555],[73.40834,19.85556],[73.40833,19.85561],[73.4083,19.85569],[73.4083,19.85575],[73.4083,19.85584],[73.4083,19.8559],[73.40831,19.85594],[73.40829,19.85599],[73.40831,19.85606],[73.40834,19.85615],[73.40838,19.8563],[73.40842,19.85635],[73.40847,19.85638],[73.40857,19.85642],[73.40868,19.85646],[73.40877,19.85653],[73.40878,19.85657],[73.40881,19.85661],[73.40887,19.85666],[73.40891,19.85672],[73.40899,19.85676],[73.40902,19.85686],[73.40906,19.85696],[73.40915,19.85699],[73.40923,19.85705],[73.40932,19.85711],[73.40939,19.85722],[73.40942,19.85728],[73.40949,19.85732],[73.40954,19.85731],[73.40961,19.85736],[73.40968,19.85742],[73.40974,19.85747],[73.40981,19.85762],[73.40993,19.85769],[73.41002,19.85775],[73.41007,19.85779],[73.4101,19.85786],[73.41017,19.85795],[73.41021,19.85806],[73.41026,19.85817],[73.41034,19.85825],[73.41042,19.85833],[73.41046,19.8584],[73.4105,19.85849],[73.41055,19.85858],[73.41061,19.85866],[73.41066,19.85875],[73.41072,19.85885],[73.41074,19.85889],[73.4108,19.85899],[73.41085,19.85911],[73.41088,19.85922],[73.41093,19.8593],[73.41099,19.85938],[73.41101,19.85946],[73.41106,19.85955],[73.41109,19.85964],[73.41107,19.85973],[73.41112,19.85982],[73.41115,19.85995],[73.41116,19.86002],[73.41117,19.86013],[73.4112,19.8602],[73.41126,19.86032],[73.41127,19.86038],[73.41135,19.86048],[73.4114,19.86056],[73.41145,19.8607],[73.41151,19.86072],[73.41146,19.86078],[73.4115,19.86085],[73.4115,19.86094],[73.41158,19.86098],[73.41163,19.86105],[73.41168,19.86115],[73.41177,19.86126],[73.41183,19.86138],[73.4119,19.86147],[73.41194,19.86156],[73.41197,19.86162],[73.41203,19.86169],[73.41204,19.86179],[73.41205,19.86187],[73.41211,19.86194],[73.41212,19.862],[73.4122,19.8621],[73.41225,19.86213],[73.41226,19.86219],[73.41231,19.86222],[73.41231,19.86229],[73.41235,19.86236],[73.41237,19.86242],[73.41235,19.8625],[73.41233,19.86257],[73.41231,19.86263],[73.41231,19.86269],[73.41233,19.86272],[73.41233,19.86278],[73.41236,19.86283],[73.4124,19.86289],[73.41246,19.86292],[73.41248,19.86298],[73.41255,19.86297],[73.41257,19.863],[73.41271,19.86308],[73.41274,19.86312],[73.41278,19.86322],[73.41288,19.86329],[73.41295,19.86335],[73.413,19.86343],[73.41302,19.86349],[73.41304,19.86358],[73.41309,19.86372],[73.41309,19.86377],[73.41309,19.86381],[73.41308,19.86385],[73.41309,19.8639],[73.4131,19.86397],[73.41316,19.86407],[73.41315,19.86416],[73.41316,19.86424],[73.41319,19.86432],[73.41323,19.86437],[73.41332,19.86445],[73.41339,19.86448],[73.41348,19.86453],[73.41358,19.8646],[73.41368,19.86468],[73.41378,19.86473],[73.41387,19.86471],[73.41395,19.86474],[73.414,19.86474],[73.41404,19.86472],[73.41411,19.86475],[73.41417,19.86475],[73.41427,19.8648],[73.41433,19.86486],[73.41441,19.86491],[73.41453,19.865],[73.41458,19.86502],[73.41461,19.86507],[73.41467,19.86513],[73.41474,19.86516],[73.41477,19.86521],[73.4148,19.86529],[73.41481,19.8654],[73.4148,19.86545],[73.41471,19.86551],[73.41473,19.8656],[73.41472,19.86569],[73.41475,19.86574],[73.41474,19.86579],[73.41475,19.86584],[73.41474,19.86589],[73.41477,19.86598],[73.41478,19.86608],[73.41479,19.86618],[73.41484,19.86627],[73.4149,19.86632],[73.41502,19.8664],[73.41505,19.86646],[73.41512,19.86652],[73.41512,19.8666],[73.41509,19.86662],[73.41513,19.86666],[73.41517,19.86671],[73.4152,19.86678],[73.41523,19.86684],[73.41532,19.86686],[73.41536,19.86691],[73.41541,19.86697],[73.41547,19.86703],[73.41553,19.86709],[73.41559,19.86715],[73.41561,19.86721],[73.41568,19.8673],[73.41569,19.86739],[73.41576,19.86748],[73.41578,19.86756],[73.41579,19.86763],[73.41581,19.86772],[73.41586,19.86787],[73.41586,19.86796],[73.41589,19.868],[73.41588,19.86813],[73.41592,19.8682],[73.41599,19.86821],[73.41603,19.86826],[73.4161,19.86823],[73.41625,19.8682],[73.41625,19.86825],[73.41631,19.8683],[73.41639,19.86836],[73.41639,19.86842],[73.41643,19.86847],[73.41644,19.86854],[73.41647,19.86862],[73.41645,19.86875],[73.41652,19.86888],[73.41656,19.869],[73.41656,19.86911],[73.41654,19.86922],[73.41657,19.86933],[73.41662,19.86937],[73.41674,19.86938],[73.41679,19.86939],[73.41684,19.86963],[73.41705,19.87036],[73.41713,19.87051],[73.41722,19.87062],[73.41734,19.87071],[73.41737,19.87082],[73.41732,19.87103],[73.41739,19.8712],[73.41753,19.87159],[73.41763,19.87172],[73.41773,19.87184],[73.41782,19.87194],[73.41794,19.87206],[73.41803,19.87218],[73.41811,19.87227],[73.41871,19.87316],[73.41892,19.87352],[73.41907,19.87377],[73.41921,19.87391],[73.41932,19.87404],[73.41933,19.8742],[73.41934,19.87435],[73.41934,19.87447],[73.41936,19.87462],[73.41937,19.87471],[73.41933,19.87514],[73.41921,19.87552],[73.41917,19.87568],[73.419,19.87598],[73.419,19.87605],[73.41896,19.87627],[73.41883,19.87643],[73.41874,19.87653],[73.41862,19.87663],[73.41841,19.8767],[73.41822,19.87679],[73.41802,19.87692],[73.41789,19.87704],[73.41771,19.87726],[73.41759,19.87742],[73.41748,19.87747],[73.41732,19.87753],[73.41718,19.87757],[73.41708,19.87766],[73.41696,19.87791],[73.41688,19.87799],[73.41652,19.87815],[73.4162,19.87829],[73.416,19.87841],[73.41587,19.87851],[73.41594,19.87857],[73.41613,19.87856],[73.41627,19.8786],[73.41636,19.87868],[73.41648,19.8787],[73.4166,19.87867],[73.41675,19.87862],[73.41687,19.87875],[73.41687,19.87885],[73.41688,19.87906],[73.41686,19.87926],[73.41683,19.87938],[73.41679,19.87952],[73.41679,19.87959],[73.41686,19.87971],[73.41691,19.88005],[73.41702,19.88049],[73.41702,19.88069],[73.41698,19.88089],[73.41692,19.88117],[73.41689,19.88135],[73.41688,19.88151],[73.41694,19.88176],[73.41694,19.88185],[73.41689,19.88201],[73.41688,19.8821],[73.41694,19.88226],[73.41692,19.88243],[73.41695,19.88257],[73.4171,19.88281],[73.41714,19.88288],[73.41715,19.88315],[73.41713,19.88331],[73.41706,19.88336],[73.41694,19.88341],[73.41677,19.88348],[73.41648,19.88364],[73.4163,19.88373],[73.41606,19.88397],[73.41591,19.88407],[73.4157,19.8842],[73.4156,19.88425],[73.41546,19.88426],[73.41535,19.88426],[73.41523,19.88429],[73.41514,19.88434],[73.41508,19.88442],[73.41502,19.88461],[73.41492,19.88479],[73.41484,19.88497],[73.41475,19.88515],[73.41472,19.88523],[73.41469,19.88534],[73.4146,19.88553],[73.41466,19.88558],[73.41471,19.88557],[73.41478,19.88555],[73.41495,19.88555],[73.41507,19.88558],[73.41523,19.88562],[73.4153,19.88563],[73.41545,19.88563],[73.41554,19.88562],[73.41563,19.88564],[73.41575,19.88565],[73.41587,19.88569],[73.41594,19.88573],[73.416,19.88578],[73.41608,19.88588],[73.41616,19.88597],[73.41625,19.88603],[73.41628,19.88604],[73.4163,19.88604],[73.4163,19.88605],[73.41632,19.88606],[73.41634,19.88608],[73.41638,19.88609],[73.4164,19.88611],[73.41643,19.88611],[73.41645,19.88613],[73.41649,19.88615],[73.41656,19.88618],[73.4166,19.88619],[73.41666,19.88619],[73.41671,19.88621],[73.41675,19.88621],[73.41679,19.88625],[73.41686,19.88628],[73.41689,19.8863],[73.41695,19.88633],[73.41699,19.88637],[73.41703,19.8864],[73.41708,19.88644],[73.41712,19.88647],[73.41722,19.8865],[73.41731,19.88653],[73.41734,19.88654],[73.41739,19.88658],[73.41743,19.88658],[73.41745,19.88661],[73.41748,19.88663],[73.41751,19.88667],[73.41752,19.88673],[73.41755,19.88676],[73.41758,19.88676],[73.41763,19.88679],[73.41768,19.88686],[73.41773,19.88691],[73.41777,19.88691],[73.4178,19.88693],[73.41782,19.88695],[73.41785,19.88696],[73.41787,19.88699],[73.4179,19.887],[73.41794,19.88703],[73.418,19.88704],[73.41804,19.88705],[73.4181,19.88708],[73.41815,19.88709],[73.41817,19.88709],[73.41821,19.8871],[73.41825,19.8871],[73.41828,19.88708],[73.41832,19.88709],[73.41838,19.88709],[73.41848,19.88707],[73.41852,19.88707],[73.41854,19.88707],[73.41858,19.88705],[73.41861,19.88705],[73.41865,19.88705],[73.4187,19.88705],[73.41874,19.88704],[73.41878,19.88703],[73.41881,19.88703],[73.41885,19.88701],[73.41888,19.887],[73.41894,19.88699],[73.41899,19.887],[73.41906,19.887],[73.41914,19.88705],[73.41917,19.88703],[73.41923,19.88701],[73.4193,19.88705],[73.41939,19.88703],[73.41952,19.88702],[73.4196,19.88704],[73.4197,19.88706],[73.41983,19.88704],[73.41995,19.88706],[73.42006,19.88709],[73.42017,19.88713],[73.42023,19.88716],[73.42026,19.88716],[73.42037,19.88714],[73.42043,19.88716],[73.42053,19.88721],[73.42058,19.88724],[73.4206,19.88726],[73.42064,19.88729],[73.42068,19.88731],[73.42071,19.88733],[73.42073,19.88737],[73.42076,19.8874],[73.42081,19.88744],[73.42088,19.88751],[73.42097,19.88756],[73.42103,19.88762],[73.42111,19.88767],[73.42118,19.88772],[73.42128,19.88777],[73.42133,19.88781],[73.42137,19.88783],[73.42139,19.88784],[73.42143,19.88784],[73.42148,19.88782],[73.4215,19.8878],[73.42154,19.8878],[73.42156,19.8878],[73.4216,19.8878],[73.42164,19.88778],[73.42171,19.88782],[73.42172,19.88785],[73.42175,19.88786],[73.4218,19.88787],[73.42198,19.88794],[73.42207,19.88798],[73.42224,19.888],[73.42234,19.88809],[73.42245,19.88811],[73.42255,19.8882],[73.42265,19.88828],[73.42273,19.88836],[73.42281,19.88845],[73.42284,19.88853],[73.42291,19.88862],[73.423,19.88864],[73.4231,19.88871],[73.42321,19.88883],[73.42324,19.8888],[73.42327,19.88883],[73.42331,19.88888],[73.42336,19.88896],[73.42342,19.88896],[73.42349,19.88896],[73.42354,19.88899],[73.42355,19.88905],[73.42362,19.88906],[73.42368,19.88913],[73.42371,19.88915],[73.42375,19.88917],[73.42387,19.88919],[73.42392,19.8892],[73.42401,19.8892],[73.42409,19.8892],[73.42418,19.88924],[73.42422,19.88924],[73.42432,19.88926],[73.42436,19.88929],[73.42441,19.88933],[73.42447,19.88934],[73.42452,19.88937],[73.4246,19.88934],[73.42469,19.88938],[73.42473,19.88937],[73.42484,19.88934],[73.4249,19.88935],[73.42495,19.88937],[73.425,19.88942],[73.42504,19.88943],[73.42506,19.88945],[73.42515,19.88952],[73.42527,19.88952],[73.42534,19.88948],[73.4254,19.88947],[73.42544,19.88944],[73.42555,19.88941],[73.42559,19.88942],[73.42563,19.88941],[73.42569,19.88943],[73.42569,19.88946],[73.42576,19.88948],[73.42581,19.88945],[73.4259,19.88945],[73.42594,19.8895],[73.42599,19.88955],[73.42603,19.88959],[73.42603,19.88963],[73.42606,19.88965],[73.42606,19.88969],[73.42619,19.88974],[73.42619,19.8898],[73.42621,19.88986],[73.42623,19.88989],[73.42626,19.88989],[73.42624,19.88994],[73.42627,19.88994],[73.42626,19.88997],[73.42628,19.88999],[73.42626,19.89002],[73.42622,19.89006],[73.42625,19.89009],[73.42626,19.89012],[73.42629,19.89013],[73.42628,19.89018],[73.42634,19.89018],[73.42637,19.89019],[73.42642,19.8902],[73.42645,19.89022],[73.4265,19.89022],[73.42656,19.89028],[73.42661,19.89032],[73.42665,19.89031],[73.42669,19.89025],[73.42674,19.89026],[73.42677,19.89027],[73.42682,19.89028],[73.42687,19.89029],[73.4269,19.89029],[73.42694,19.89034],[73.42698,19.89039],[73.427,19.89042],[73.42705,19.89045],[73.42711,19.89047],[73.42711,19.89049],[73.42709,19.89051],[73.42709,19.89053],[73.42713,19.89059],[73.42714,19.89063],[73.42721,19.89065],[73.42721,19.89068],[73.42727,19.89071],[73.42728,19.89075],[73.42735,19.89077],[73.42737,19.8908],[73.42749,19.8908],[73.42749,19.89083],[73.42753,19.89086],[73.42756,19.89084],[73.42761,19.89084],[73.4277,19.89081],[73.42769,19.89077],[73.42772,19.89075],[73.42772,19.89072],[73.42777,19.89072],[73.42777,19.89069],[73.42782,19.89066],[73.42782,19.89063],[73.42786,19.89061],[73.42794,19.89056],[73.428,19.89055],[73.42805,19.89054],[73.42809,19.8905],[73.42811,19.89047],[73.42819,19.89048],[73.42825,19.89046],[73.4283,19.89047],[73.42833,19.89045],[73.42841,19.89048],[73.42846,19.89049],[73.4285,19.89047],[73.42852,19.89051],[73.42854,19.8905],[73.42855,19.89053],[73.42862,19.89056],[73.42873,19.89055],[73.42879,19.89058],[73.42885,19.8906],[73.4289,19.89063],[73.42896,19.89063],[73.429,19.89071],[73.42905,19.89071],[73.42909,19.89071],[73.42915,19.89071],[73.42917,19.89074],[73.42921,19.89073],[73.42923,19.8908],[73.42926,19.89081],[73.42927,19.89077],[73.42932,19.89083],[73.42938,19.8909],[73.42945,19.89091],[73.4295,19.89091],[73.42956,19.89092],[73.4296,19.89088],[73.42962,19.89097],[73.42973,19.89096],[73.42978,19.89096],[73.42981,19.89102],[73.42982,19.89105],[73.42978,19.89109],[73.4298,19.89113],[73.42986,19.89114],[73.42992,19.89114],[73.42999,19.89117],[73.43008,19.89114],[73.43014,19.8912],[73.43019,19.89122],[73.43024,19.89122],[73.43028,19.89127],[73.43031,19.89127],[73.43036,19.89132],[73.43042,19.89131],[73.43046,19.89136],[73.43052,19.89136],[73.43053,19.89133],[73.43059,19.89134],[73.43064,19.89136],[73.43069,19.89135],[73.43069,19.89131],[73.43078,19.89129],[73.43086,19.89127],[73.43092,19.89125],[73.43093,19.89127],[73.43094,19.89131],[73.43097,19.8913],[73.43101,19.89127],[73.43103,19.8913],[73.431,19.89133],[73.43105,19.89134],[73.43107,19.89139],[73.43111,19.89145],[73.43119,19.89157],[73.43123,19.8915],[73.43131,19.89157],[73.43133,19.89151],[73.43139,19.89158],[73.43144,19.89157],[73.43147,19.89161],[73.43151,19.89156],[73.43188,19.89154],[73.43222,19.89154],[73.43253,19.89151],[73.43274,19.89163],[73.43297,19.89181],[73.43333,19.89192],[73.43374,19.89192],[73.43421,19.89199],[73.43461,19.89212],[73.43537,19.89225],[73.43608,19.8923],[73.43651,19.89238],[73.43684,19.89244],[73.43707,19.89257],[73.43745,19.89247],[73.43775,19.89246],[73.43799,19.89246],[73.43834,19.89232],[73.43852,19.89232],[73.43878,19.89237],[73.43902,19.89234],[73.43925,19.89228],[73.43956,19.89224],[73.43981,19.89212],[73.44005,19.89203],[73.44038,19.89182],[73.4406,19.89163],[73.44077,19.8915],[73.44094,19.89137],[73.44116,19.89118],[73.44132,19.89113]]]},"properties":{"id":"trail_r20955496","type":"trail","name":"EST 04","name_local":null,"category":"regional hiking route","source":"openstreetmap","source_id":"relation/20955496","updated_at":"2026-06-09T13:06:18Z","tags":{"operator":"HikeX","website":"https://hikex.in/","from":"Daheliwali","to":"Ghoti","network":"rwn"}}},{"type":"Feature","geometry":{"type":"MultiLineString","coordinates":[[[73.66813,19.61286],[73.66848,19.61327],[73.66903,19.6139],[73.66898,19.61433],[73.66882,19.61442],[73.66881,19.61455],[73.6691,19.61472],[73.66937,19.61518],[73.67049,19.61538],[73.67102,19.61521],[73.67122,19.61526],[73.67147,19.61583],[73.67195,19.61653],[73.67315,19.61724],[73.67484,19.61838],[73.67519,19.61799],[73.67532,19.61744],[73.67553,19.61677],[73.67544,19.61634],[73.67572,19.61579],[73.67588,19.61525],[73.67571,19.61481],[73.67616,19.61457],[73.67691,19.61437],[73.67773,19.61391],[73.67825,19.61354],[73.67838,19.61333],[73.67858,19.61321],[73.67858,19.61299],[73.6787,19.61287],[73.67896,19.61275],[73.67917,19.61261],[73.67937,19.61245],[73.67953,19.61217],[73.67981,19.6121],[73.67996,19.61191],[73.68006,19.61174],[73.68024,19.61163],[73.68046,19.6117],[73.68068,19.61173],[73.68091,19.61182],[73.68114,19.61192],[73.68123,19.61202],[73.68133,19.61201],[73.68145,19.61215],[73.68156,19.61229],[73.6817,19.61241],[73.68174,19.61263],[73.68186,19.61274],[73.68208,19.61279],[73.68235,19.61292],[73.68257,19.61294],[73.68266,19.61287],[73.68285,19.61294],[73.68299,19.61305],[73.68316,19.61312],[73.68334,19.61309],[73.68348,19.61308],[73.68368,19.61312],[73.6838,19.61306],[73.68396,19.61307],[73.68407,19.61286],[73.68419,19.6127],[73.68403,19.61267],[73.68393,19.61265],[73.68392,19.61246],[73.68409,19.61242],[73.68413,19.61234],[73.68405,19.61212],[73.6841,19.61195],[73.68412,19.61177],[73.68438,19.61156],[73.68441,19.6113],[73.68451,19.61102],[73.68451,19.61067],[73.68453,19.61052],[73.68445,19.61026],[73.68472,19.6101],[73.68488,19.61002],[73.685,19.60993],[73.68524,19.60969],[73.68546,19.6095],[73.6856,19.60934],[73.68569,19.60915],[73.6858,19.60888],[73.68582,19.6086],[73.6859,19.60833],[73.68598,19.60811],[73.68608,19.60785],[73.68617,19.60772],[73.68624,19.60758],[73.68632,19.6074],[73.68631,19.6072],[73.6863,19.60707],[73.68635,19.60694],[73.68642,19.60685],[73.68644,19.60675],[73.68648,19.60666],[73.6866,19.60657],[73.68665,19.60641],[73.68675,19.60632],[73.68678,19.6062],[73.68693,19.60594],[73.68702,19.60585],[73.68709,19.60577],[73.68716,19.60567],[73.68728,19.60548],[73.68722,19.6053],[73.68731,19.60528],[73.6873,19.60513],[73.68731,19.60492],[73.68748,19.60466],[73.68761,19.6046],[73.68767,19.60453],[73.68771,19.60431],[73.68777,19.60424],[73.68789,19.60401],[73.68805,19.60387],[73.68807,19.60373],[73.68815,19.60355],[73.68831,19.60341],[73.68829,19.60324],[73.68835,19.60319],[73.68842,19.60305],[73.68845,19.60273],[73.68853,19.60259],[73.68849,19.60251],[73.68856,19.60236],[73.68855,19.60225],[73.68863,19.60208],[73.68861,19.60188],[73.6887,19.60172],[73.68872,19.60155],[73.68867,19.60135],[73.68872,19.60115],[73.68882,19.60096],[73.68894,19.6008],[73.68898,19.60061],[73.6891,19.60044],[73.68917,19.60036],[73.68929,19.60015],[73.68937,19.59994],[73.6897,19.59975],[73.68987,19.59954],[73.68987,19.59947],[73.68997,19.59933],[73.69002,19.5992],[73.69009,19.59911],[73.69026,19.59908],[73.69036,19.59907],[73.69036,19.59891],[73.69047,19.59884],[73.69053,19.59874],[73.69053,19.59856],[73.69063,19.59843],[73.69076,19.59838],[73.69084,19.59818],[73.69091,19.59808],[73.69104,19.59799],[73.69116,19.59814],[73.69126,19.59826],[73.69136,19.59844],[73.69144,19.59864],[73.69158,19.59868],[73.69157,19.5988],[73.69178,19.59897],[73.69185,19.59911],[73.69186,19.59922],[73.69189,19.5994],[73.69198,19.59936],[73.69209,19.59939],[73.69218,19.5994],[73.6925,19.59927],[73.69271,19.59931],[73.69279,19.59939],[73.69292,19.59955],[73.693,19.59964],[73.69304,19.59978],[73.69312,19.59987],[73.69315,19.59995],[73.69325,19.60004],[73.69337,19.60007],[73.69345,19.60015],[73.69352,19.60025],[73.69362,19.60033],[73.69367,19.6004],[73.69378,19.60045],[73.69387,19.60054],[73.69399,19.60058],[73.69407,19.60068],[73.69407,19.60081],[73.69416,19.60083],[73.69426,19.60087],[73.69428,19.60101],[73.69427,19.60115],[73.69434,19.60121],[73.69442,19.60135],[73.69447,19.60148],[73.69455,19.60153],[73.69467,19.60163],[73.69489,19.60162],[73.69511,19.60165],[73.69522,19.60193],[73.6952,19.60209],[73.6952,19.60236],[73.69522,19.60246],[73.69535,19.60238],[73.69545,19.60233],[73.69556,19.60237],[73.69563,19.60222],[73.69576,19.60228],[73.69588,19.60221],[73.6961,19.60225],[73.69622,19.60229],[73.69633,19.60226],[73.69639,19.60217],[73.69652,19.60208],[73.6966,19.60208],[73.69674,19.60195],[73.69672,19.60181],[73.69683,19.60177],[73.69692,19.60183],[73.69708,19.6018],[73.69721,19.60176],[73.69739,19.60171],[73.69758,19.6016],[73.69778,19.60159],[73.69789,19.60146],[73.69782,19.60141],[73.69807,19.60128],[73.6982,19.6012],[73.69836,19.60121],[73.69865,19.60104],[73.69889,19.60094],[73.69911,19.60088],[73.69924,19.60088],[73.69943,19.60098],[73.69953,19.6009],[73.69972,19.60089],[73.69973,19.6007],[73.69987,19.60065],[73.70004,19.60068],[73.70009,19.60061],[73.70017,19.60057],[73.70025,19.60049],[73.70036,19.60042],[73.70038,19.60052],[73.70057,19.60054],[73.70053,19.60035],[73.70064,19.60031],[73.70072,19.60024],[73.70081,19.60021],[73.7009,19.60017],[73.70094,19.6001],[73.70103,19.60009],[73.70112,19.6],[73.70129,19.59999],[73.70147,19.59986],[73.7016,19.59987],[73.70174,19.59987],[73.70178,19.59976],[73.7019,19.5997],[73.70191,19.59965],[73.70212,19.59968],[73.70213,19.59957],[73.70224,19.59947],[73.70225,19.59938],[73.70237,19.59943],[73.7025,19.59948],[73.70254,19.59942],[73.70266,19.59938],[73.70269,19.59932],[73.7028,19.59937],[73.70289,19.59929],[73.70291,19.5994],[73.70308,19.59921],[73.70298,19.5991],[73.7031,19.59907],[73.7032,19.59915],[73.70328,19.59906],[73.70332,19.59911],[73.70339,19.59901],[73.70349,19.59904],[73.70356,19.59901],[73.70361,19.59893],[73.7037,19.59895],[73.70368,19.5989],[73.70379,19.59889],[73.70384,19.59884],[73.7039,19.59885],[73.70396,19.59877],[73.70404,19.59876],[73.70404,19.59869],[73.70412,19.59873],[73.7042,19.59864],[73.7042,19.59857],[73.70433,19.59862],[73.70438,19.59855],[73.70448,19.59856],[73.7046,19.59856],[73.70462,19.59849],[73.70475,19.59846],[73.70477,19.59838],[73.70485,19.59832],[73.70496,19.59832],[73.70494,19.59827],[73.70502,19.59824],[73.70502,19.5982],[73.70507,19.5982],[73.70505,19.59815],[73.70511,19.59817],[73.70513,19.59808],[73.70525,19.59809],[73.70534,19.59811],[73.70535,19.59806],[73.70542,19.59807],[73.70541,19.59794],[73.70558,19.59811],[73.70571,19.59812],[73.70575,19.59825],[73.70582,19.59828],[73.70581,19.59817],[73.70597,19.59815],[73.70599,19.59806],[73.70606,19.59799],[73.70596,19.59782],[73.70593,19.59763],[73.70593,19.59746],[73.70593,19.5973],[73.70603,19.59714],[73.70603,19.59698],[73.70592,19.59678],[73.70589,19.59648],[73.70586,19.59631],[73.70588,19.59591],[73.70586,19.59564],[73.7058,19.59541],[73.70571,19.59512],[73.70566,19.59491],[73.7056,19.5948],[73.70551,19.59467],[73.70533,19.59453],[73.70506,19.59448],[73.70468,19.59456],[73.70442,19.59461],[73.70426,19.59462],[73.70394,19.59464],[73.7036,19.59467],[73.70319,19.59464],[73.7027,19.59476],[73.70246,19.59498],[73.70229,19.59513],[73.70193,19.59522],[73.70156,19.59527],[73.70128,19.59531],[73.70104,19.59525],[73.7006,19.59502],[73.69983,19.59452],[73.69938,19.59395],[73.69899,19.59371],[73.69847,19.59357],[73.6982,19.59346],[73.69795,19.59337],[73.69764,19.59335],[73.69748,19.59316],[73.69764,19.59335],[73.69795,19.59337],[73.6982,19.59346],[73.69847,19.59357],[73.69899,19.59371],[73.69938,19.59395],[73.69983,19.59452],[73.7006,19.59502],[73.70104,19.59525],[73.70128,19.59531],[73.70156,19.59527],[73.70193,19.59522],[73.70229,19.59513],[73.70246,19.59498],[73.7027,19.59476],[73.70319,19.59464],[73.7036,19.59467],[73.70394,19.59464],[73.70426,19.59462],[73.70442,19.59461],[73.70468,19.59456],[73.70506,19.59448],[73.70533,19.59453],[73.70551,19.59467],[73.7056,19.5948],[73.70566,19.59491],[73.70571,19.59512],[73.7058,19.59541],[73.70586,19.59564],[73.70588,19.59591],[73.70586,19.59631],[73.70589,19.59648],[73.70592,19.59678],[73.70603,19.59698],[73.70614,19.59717],[73.70627,19.59735],[73.70639,19.59764],[73.70647,19.59774],[73.70656,19.5979],[73.70657,19.59799],[73.70657,19.5981],[73.7065,19.59826],[73.70649,19.5984],[73.70646,19.59853],[73.70638,19.59874],[73.70645,19.59888],[73.70655,19.59909],[73.7066,19.59918],[73.70666,19.59934],[73.70672,19.59953],[73.7069,19.59966],[73.70709,19.59981],[73.70736,19.60011],[73.70751,19.60026],[73.70784,19.60045],[73.70825,19.60056],[73.70862,19.6006],[73.70897,19.60065],[73.70921,19.60069],[73.70949,19.60066],[73.70966,19.60076],[73.70977,19.6008],[73.70992,19.60082],[73.71005,19.60089],[73.71034,19.60087],[73.71073,19.60084],[73.71066,19.60095],[73.71057,19.60106],[73.71022,19.60188],[73.71011,19.60193],[73.70995,19.60198],[73.70988,19.60195],[73.70973,19.60198],[73.70948,19.60207],[73.70942,19.60215],[73.70948,19.60207],[73.70973,19.60198],[73.70988,19.60195],[73.70995,19.60198],[73.71011,19.60193],[73.71022,19.60188],[73.71027,19.60192],[73.71016,19.602],[73.71012,19.60202],[73.71008,19.60208],[73.71,19.60214],[73.70993,19.60216],[73.71,19.60218],[73.70995,19.60222],[73.70999,19.60235],[73.71,19.60241],[73.71,19.60251],[73.71004,19.6026],[73.71,19.60272],[73.70998,19.60283],[73.70999,19.60295],[73.70992,19.60308],[73.7098,19.60332],[73.70958,19.60363],[73.70954,19.60382],[73.7095,19.60403],[73.70943,19.60414],[73.70938,19.60422],[73.70935,19.60429],[73.70929,19.60435],[73.70933,19.6045],[73.70922,19.60466],[73.70928,19.60482],[73.70926,19.60496],[73.70926,19.60506],[73.70927,19.60522],[73.70929,19.60542],[73.70932,19.60564],[73.70932,19.60588],[73.70934,19.60609],[73.70938,19.60628],[73.70941,19.60653],[73.7094,19.60676],[73.70929,19.60708],[73.70932,19.60722],[73.70929,19.60765],[73.70927,19.60789],[73.70928,19.60813],[73.70926,19.60848],[73.70911,19.60872],[73.70902,19.60892],[73.709,19.60919],[73.70897,19.60942],[73.70897,19.60964],[73.70898,19.60982],[73.70898,19.60997],[73.70901,19.6101],[73.70904,19.61032],[73.70907,19.61053],[73.70908,19.61088],[73.70927,19.61117],[73.7094,19.61116],[73.7095,19.61114],[73.70969,19.61116],[73.70977,19.61124],[73.70986,19.61128],[73.70992,19.61156],[73.70994,19.61174],[73.70991,19.61184],[73.70997,19.61198],[73.71001,19.61203],[73.71007,19.61215],[73.71009,19.61225],[73.71023,19.61224],[73.71035,19.61228],[73.71045,19.61242],[73.71059,19.61251],[73.71067,19.61262],[73.71061,19.61272],[73.71045,19.61289],[73.71046,19.61297],[73.71054,19.61304],[73.7106,19.61312],[73.71054,19.61312],[73.7105,19.61318],[73.71047,19.6132],[73.71042,19.61324],[73.71037,19.61328],[73.71032,19.6133],[73.71026,19.61332],[73.71021,19.61332],[73.71015,19.61334],[73.71011,19.61332],[73.71006,19.61332],[73.71005,19.61337],[73.70996,19.61345],[73.7099,19.61351],[73.70992,19.61364],[73.70992,19.61371],[73.70995,19.61378],[73.70998,19.6138],[73.70998,19.61383],[73.70986,19.61385],[73.70982,19.61388],[73.70986,19.6139],[73.70985,19.61396],[73.70984,19.61401],[73.7099,19.61405],[73.70993,19.61407],[73.70988,19.61416],[73.70985,19.61421],[73.7098,19.61421],[73.7098,19.61424],[73.70981,19.61424],[73.70983,19.61427],[73.70982,19.61435],[73.70984,19.61438],[73.70981,19.6144],[73.70982,19.61442],[73.7098,19.61442],[73.7098,19.61446],[73.70975,19.61454],[73.70978,19.61471],[73.70972,19.61471],[73.70968,19.61474],[73.70961,19.61471],[73.70955,19.61477],[73.70953,19.6148],[73.70956,19.61484],[73.70955,19.61486],[73.70959,19.61493],[73.70961,19.61493],[73.70959,19.61495],[73.70961,19.61496],[73.70962,19.61501],[73.70959,19.61505],[73.70962,19.61506],[73.70961,19.61511],[73.70952,19.61511],[73.70951,19.61518],[73.70951,19.61524],[73.70946,19.61518],[73.70942,19.61517],[73.70943,19.6152],[73.70948,19.61528],[73.70952,19.6153],[73.70954,19.61533],[73.70956,19.61538],[73.70962,19.61539],[73.70963,19.61543],[73.70962,19.61549],[73.70966,19.61554],[73.70966,19.61557],[73.70956,19.61565],[73.7095,19.6157],[73.70945,19.61576],[73.70942,19.61582],[73.70939,19.61586],[73.70939,19.61593],[73.70937,19.61595],[73.70938,19.61597],[73.70932,19.61599],[73.70929,19.61601],[73.70929,19.61607],[73.70927,19.61611],[73.70927,19.61614],[73.70932,19.61615],[73.70943,19.61622],[73.70938,19.61632],[73.70944,19.61648],[73.70943,19.61656],[73.7094,19.61669],[73.7094,19.61675],[73.70943,19.61676],[73.70944,19.61687],[73.70942,19.61695],[73.70939,19.61703],[73.70937,19.61709],[73.70933,19.61721],[73.70927,19.61727],[73.70927,19.61731],[73.70931,19.61739],[73.70928,19.61747],[73.70923,19.61751],[73.70919,19.6176],[73.70915,19.61764],[73.70913,19.61773],[73.70912,19.61783],[73.70914,19.6179],[73.70915,19.61797],[73.70906,19.61806],[73.70908,19.61811],[73.7091,19.61811],[73.7091,19.61815],[73.70913,19.6182],[73.70919,19.61825],[73.70919,19.6183],[73.70925,19.61831],[73.70934,19.61834],[73.70929,19.6184],[73.70935,19.61841],[73.70931,19.61845],[73.70927,19.61848],[73.70931,19.61852],[73.70926,19.61856],[73.70927,19.61858],[73.70922,19.61861],[73.7093,19.61863],[73.70937,19.61862],[73.70937,19.61865],[73.70931,19.61871],[73.70935,19.6188],[73.70927,19.61894],[73.70906,19.61907],[73.70887,19.61925],[73.70878,19.61949],[73.70886,19.61967],[73.70872,19.6199],[73.70871,19.62004],[73.7085,19.62024],[73.70847,19.62039],[73.70839,19.62046],[73.70839,19.62054],[73.7086,19.62055],[73.70873,19.62066],[73.7085,19.6209],[73.70859,19.62108],[73.70852,19.62127],[73.70843,19.62146],[73.70822,19.62156],[73.70825,19.62184],[73.70812,19.62201],[73.70817,19.62216],[73.70824,19.62233],[73.70796,19.62284],[73.70744,19.62312],[73.70679,19.62354],[73.70643,19.62396],[73.70608,19.62442],[73.70607,19.62494],[73.70546,19.62548],[73.70529,19.62577],[73.70509,19.62593],[73.70513,19.62607],[73.70502,19.62618],[73.70499,19.62625],[73.70494,19.62638],[73.70478,19.62646],[73.705,19.62698],[73.70485,19.62727],[73.70465,19.62761],[73.70447,19.62819],[73.70454,19.62863],[73.70442,19.62896],[73.70445,19.62921],[73.70436,19.6297],[73.70413,19.62982],[73.704,19.63015],[73.70421,19.63028],[73.70461,19.63021],[73.70514,19.63011],[73.7056,19.63018],[73.70561,19.63039],[73.70561,19.63069],[73.70565,19.63106],[73.70562,19.63138],[73.70568,19.63168],[73.70568,19.63186],[73.70579,19.63211],[73.70586,19.6326],[73.70611,19.63279],[73.70674,19.63283],[73.70728,19.63313],[73.70735,19.63362],[73.70756,19.63392],[73.70775,19.63437],[73.70766,19.63456],[73.70744,19.63446],[73.70719,19.63452],[73.70714,19.63469],[73.70714,19.63499],[73.70705,19.63526],[73.7068,19.63538],[73.70693,19.63549],[73.70693,19.63565],[73.70698,19.63577],[73.70704,19.63591],[73.70647,19.63601],[73.70646,19.63614],[73.70646,19.63625],[73.70639,19.63646],[73.7062,19.63662],[73.7062,19.63679],[73.70635,19.63697],[73.70635,19.63722],[73.7063,19.63748],[73.70622,19.63768],[73.70603,19.63784],[73.70589,19.63806],[73.70573,19.63805],[73.70551,19.63806],[73.70515,19.63806],[73.70498,19.63798],[73.70483,19.63806],[73.7047,19.63808],[73.70458,19.6382],[73.70424,19.63821],[73.70403,19.63813],[73.70368,19.63826],[73.70342,19.63826],[73.70329,19.63829],[73.70304,19.63825],[73.70283,19.63813],[73.70275,19.63817],[73.70264,19.63827],[73.70247,19.63835],[73.70259,19.63853],[73.70251,19.6388],[73.70273,19.63891],[73.70294,19.63894],[73.70292,19.63931],[73.70294,19.63942],[73.70292,19.63952],[73.70297,19.63967],[73.70293,19.63987],[73.70288,19.64],[73.70282,19.64016],[73.70275,19.64031],[73.70245,19.64045],[73.70224,19.64057],[73.70214,19.64067],[73.70245,19.64098],[73.70282,19.64135],[73.70289,19.64155],[73.70334,19.64168],[73.70333,19.64213],[73.70336,19.64241],[73.70349,19.64261],[73.70349,19.64296],[73.70377,19.64319],[73.70405,19.6433],[73.70398,19.6438],[73.70385,19.64386],[73.70366,19.64388],[73.70328,19.64396],[73.7031,19.64406],[73.70296,19.64415],[73.70277,19.64424],[73.70256,19.64435],[73.70239,19.64441],[73.70222,19.64457],[73.70205,19.64482],[73.70198,19.64497],[73.70192,19.64514],[73.70189,19.64529],[73.70185,19.64551],[73.70178,19.64564],[73.70177,19.64587],[73.70177,19.64605],[73.70177,19.64627],[73.70178,19.64648],[73.70181,19.6467],[73.70178,19.64691],[73.70172,19.64713],[73.70163,19.64731],[73.70151,19.64747],[73.70137,19.64763],[73.70125,19.64778],[73.70116,19.64789],[73.70096,19.64801],[73.7008,19.64804],[73.70061,19.64805],[73.70041,19.64803],[73.70045,19.64815],[73.70057,19.64842],[73.701,19.64847],[73.7011,19.64894],[73.7006,19.64904],[73.70016,19.64922],[73.69986,19.64946],[73.69965,19.64939],[73.69941,19.64952],[73.69916,19.6498],[73.69943,19.65031],[73.69962,19.6507],[73.69978,19.65117],[73.69989,19.65154],[73.70002,19.65194],[73.70005,19.65239],[73.70004,19.65293],[73.70001,19.65337],[73.70002,19.65368],[73.70013,19.65377],[73.70028,19.65396],[73.70042,19.65396],[73.70049,19.654],[73.70042,19.65414],[73.70038,19.65429],[73.70037,19.65442],[73.70054,19.65455],[73.69962,19.65463],[73.69959,19.65457],[73.69946,19.65447],[73.69916,19.65452],[73.6989,19.65452],[73.69872,19.65442],[73.69863,19.65444],[73.6986,19.65459],[73.6985,19.65482],[73.69845,19.65503],[73.69839,19.65525],[73.69814,19.65524],[73.69796,19.65528],[73.69775,19.65533],[73.69753,19.65545],[73.6974,19.65561],[73.69716,19.65574],[73.69698,19.65587],[73.69681,19.65598],[73.6967,19.65613],[73.69657,19.65627],[73.69637,19.65632],[73.69616,19.65636],[73.69603,19.65648],[73.69587,19.65642],[73.6957,19.65649],[73.69555,19.65657],[73.69539,19.65648],[73.69509,19.65644],[73.69504,19.65635],[73.69483,19.65642],[73.6947,19.65658],[73.69457,19.6567],[73.69455,19.65686],[73.69445,19.65694],[73.69442,19.65687],[73.69429,19.65689],[73.69414,19.65704],[73.69387,19.65709],[73.69355,19.65687],[73.69334,19.65681],[73.69334,19.65689],[73.69326,19.65702],[73.69311,19.65712],[73.69293,19.6572],[73.69279,19.65724],[73.69278,19.65737],[73.69243,19.65737],[73.6924,19.6574],[73.69241,19.65748],[73.69241,19.65759],[73.69249,19.65763],[73.69256,19.65772],[73.69253,19.65793],[73.69235,19.65815],[73.69214,19.65851],[73.6918,19.65865],[73.69166,19.6591],[73.69136,19.65945],[73.69095,19.65958],[73.69081,19.65978],[73.69073,19.66015],[73.69056,19.6603],[73.69007,19.66027],[73.68982,19.66017],[73.68974,19.6603],[73.68952,19.6603],[73.68933,19.66021],[73.68911,19.66021],[73.68891,19.66037],[73.68869,19.66053],[73.68859,19.66077],[73.68858,19.66106],[73.68865,19.66139],[73.6887,19.66162],[73.68862,19.66174],[73.68856,19.66193],[73.68837,19.66206],[73.68818,19.66229],[73.68815,19.66247],[73.68807,19.66269],[73.68807,19.66288],[73.68809,19.66302],[73.68812,19.66321],[73.68815,19.66341],[73.68801,19.66365],[73.6879,19.66381],[73.6878,19.66409],[73.68764,19.66429],[73.68766,19.66461],[73.68757,19.66478],[73.68758,19.66489],[73.68752,19.66515],[73.68751,19.66534],[73.68748,19.66549],[73.68748,19.66574],[73.68753,19.6659],[73.68746,19.66605],[73.6875,19.66623],[73.68752,19.6664],[73.6875,19.66662],[73.68742,19.66681],[73.68729,19.667],[73.68717,19.66715],[73.68714,19.66735],[73.6871,19.66754],[73.68686,19.66773],[73.68673,19.66784],[73.68658,19.66793],[73.68642,19.66796],[73.68626,19.66793],[73.68605,19.66796],[73.68586,19.66799],[73.68572,19.66807],[73.68562,19.66821],[73.68551,19.66834],[73.68542,19.66832],[73.68537,19.6682],[73.68518,19.66804],[73.68515,19.66784],[73.6849,19.66787],[73.68484,19.6678],[73.68473,19.66772],[73.68467,19.66782],[73.68457,19.66788],[73.68451,19.66799],[73.68443,19.66809],[73.68437,19.66824],[73.68423,19.66842],[73.68416,19.66858],[73.68398,19.66878],[73.6839,19.66875],[73.68382,19.66876],[73.6837,19.66879],[73.68364,19.66885],[73.68353,19.66888],[73.68342,19.66887],[73.6833,19.66893],[73.68322,19.66901],[73.68316,19.66908],[73.68311,19.66911],[73.68304,19.66925],[73.68301,19.66935],[73.683,19.66948],[73.68302,19.66952],[73.68296,19.66953],[73.68294,19.6696],[73.68284,19.66966],[73.68281,19.66974],[73.68272,19.66979],[73.68263,19.66972],[73.68254,19.66976],[73.68248,19.66983],[73.6824,19.66987],[73.68235,19.66996],[73.68235,19.67016],[73.68228,19.67026],[73.68231,19.67029],[73.68232,19.67035],[73.68234,19.67043],[73.68228,19.67056],[73.6823,19.67059],[73.68227,19.67068],[73.68218,19.67073],[73.68218,19.6708],[73.68221,19.67086],[73.68218,19.67094],[73.68227,19.671],[73.68221,19.67111],[73.68223,19.6712],[73.68222,19.67129],[73.6823,19.67133],[73.68236,19.67132],[73.68232,19.67142],[73.68222,19.67149],[73.68215,19.6716],[73.6821,19.67182],[73.68212,19.6719],[73.68205,19.672],[73.68201,19.67208],[73.68201,19.67218],[73.68206,19.67221],[73.68214,19.67231],[73.68201,19.67242],[73.68196,19.67243],[73.68184,19.67251],[73.68175,19.67253],[73.68163,19.6726],[73.68157,19.67259],[73.68147,19.67269],[73.68148,19.67276],[73.68142,19.67284],[73.68131,19.67285],[73.68126,19.6728],[73.6812,19.67278],[73.68114,19.67283],[73.68111,19.6729],[73.68108,19.67296],[73.68105,19.67304],[73.68093,19.67305],[73.68088,19.67313],[73.68085,19.67321],[73.68087,19.67327],[73.68085,19.67329],[73.68081,19.67329],[73.68076,19.67332],[73.68075,19.67345],[73.68071,19.67353],[73.68063,19.67369],[73.68054,19.67379],[73.68052,19.67389],[73.68046,19.67394],[73.68046,19.67404],[73.6804,19.67414],[73.6804,19.67424],[73.68038,19.67428],[73.68038,19.67432],[73.68032,19.67439],[73.68032,19.67454],[73.68028,19.67461],[73.68028,19.67471],[73.68031,19.67477],[73.68026,19.67486],[73.68021,19.6749],[73.68022,19.67495],[73.6802,19.67501],[73.68011,19.67488],[73.68007,19.67471],[73.68001,19.67471],[73.67997,19.67481],[73.67998,19.67488],[73.67996,19.67493],[73.67986,19.67495],[73.67985,19.67505],[73.67979,19.67514],[73.67978,19.67524],[73.67973,19.67533],[73.67968,19.67547],[73.67964,19.67558],[73.67963,19.6757],[73.67959,19.67578],[73.67959,19.67582],[73.67955,19.67589],[73.67952,19.67591],[73.67951,19.67597],[73.67946,19.67603],[73.67943,19.67609],[73.67938,19.67614],[73.67934,19.6762],[73.67933,19.67624],[73.67934,19.6763],[73.67932,19.67633],[73.67933,19.67639],[73.67933,19.67645],[73.67929,19.67652],[73.67928,19.67659],[73.67927,19.67666],[73.67924,19.67671],[73.67932,19.67676],[73.67938,19.67685],[73.67943,19.67691],[73.67944,19.67699],[73.67947,19.67704],[73.67948,19.67709],[73.67945,19.67713],[73.67947,19.67717],[73.67947,19.67729],[73.67945,19.67733],[73.67947,19.67736],[73.67948,19.67741],[73.67949,19.6775],[73.6795,19.67757],[73.67952,19.67759],[73.67952,19.67765],[73.67956,19.67766],[73.67959,19.67762],[73.67966,19.67759],[73.67972,19.67749],[73.67985,19.67746],[73.67991,19.6774],[73.68004,19.67748],[73.68003,19.67754],[73.67993,19.67761],[73.67993,19.67765],[73.67989,19.67769],[73.67987,19.67774],[73.67981,19.6778],[73.67973,19.67788],[73.67973,19.67795],[73.67972,19.67806],[73.67969,19.67808],[73.67967,19.67814],[73.67967,19.6782],[73.67964,19.67823],[73.67955,19.67828],[73.67953,19.67835],[73.67951,19.67839],[73.67947,19.67846],[73.67947,19.67851],[73.67945,19.67853],[73.67945,19.67856],[73.67942,19.67863],[73.67948,19.67867],[73.67949,19.6787],[73.6795,19.67874],[73.67952,19.67881],[73.67952,19.67886],[73.67949,19.6789],[73.67948,19.67897],[73.67947,19.67901],[73.67947,19.67909],[73.67945,19.67916],[73.67942,19.6792],[73.67939,19.67925],[73.6794,19.67928],[73.67939,19.6793],[73.67933,19.67933],[73.67933,19.67939],[73.6793,19.67942],[73.67929,19.67947],[73.67928,19.6795],[73.67922,19.67954],[73.6792,19.67959],[73.67918,19.67958],[73.67916,19.67965],[73.67912,19.67968],[73.67912,19.6797],[73.67909,19.6797],[73.67908,19.67976],[73.67906,19.67979],[73.67905,19.67986],[73.67901,19.67989],[73.679,19.67996],[73.679,19.68],[73.67897,19.68006],[73.67901,19.68011],[73.67902,19.68017],[73.67902,19.68019],[73.67894,19.6802],[73.67892,19.68021],[73.67892,19.68024],[73.679,19.6803],[73.67919,19.68035],[73.67942,19.68042],[73.6797,19.68048],[73.67985,19.68056],[73.67995,19.68075],[73.67999,19.68095],[73.67991,19.68113],[73.67993,19.68136],[73.67998,19.68164],[73.68006,19.68202],[73.68017,19.68231],[73.68028,19.68258],[73.68029,19.68276],[73.68037,19.68299],[73.68039,19.68333],[73.68036,19.68363],[73.68044,19.68395],[73.68056,19.68435],[73.68064,19.68467],[73.68069,19.68486],[73.68059,19.68526],[73.68063,19.68554],[73.68059,19.68583],[73.68047,19.68609],[73.68043,19.68641],[73.68042,19.68669],[73.68035,19.68697],[73.68039,19.68718],[73.68044,19.68748],[73.68035,19.68753],[73.6803,19.68771],[73.68023,19.68805],[73.68011,19.68828],[73.68001,19.68859],[73.68,19.68895],[73.6799,19.68905],[73.6798,19.68932],[73.67964,19.68951],[73.67946,19.68973],[73.67941,19.68996],[73.67928,19.69015],[73.67921,19.69047],[73.6791,19.69078],[73.67905,19.69107],[73.67883,19.69127],[73.67884,19.69145],[73.67876,19.69166],[73.67852,19.6917],[73.67835,19.69208],[73.67813,19.69262],[73.67805,19.69317],[73.67794,19.69354],[73.67781,19.69402],[73.67764,19.69435],[73.6774,19.69476],[73.67732,19.69508],[73.67745,19.69515],[73.67743,19.69533],[73.67749,19.69565],[73.67747,19.69589],[73.6775,19.69614],[73.67747,19.69649],[73.67741,19.69674],[73.67736,19.69709],[73.6772,19.69729],[73.67703,19.69764],[73.67688,19.69803],[73.67674,19.69819],[73.67658,19.69835],[73.67627,19.6986],[73.67601,19.69882],[73.67578,19.69911],[73.67567,19.69936],[73.67541,19.69992],[73.67529,19.70013],[73.67503,19.70048],[73.6748,19.7007],[73.6746,19.70099],[73.6746,19.70126],[73.67472,19.70113],[73.67501,19.70088],[73.67519,19.70071],[73.67541,19.70044],[73.67574,19.70022],[73.67591,19.70008],[73.67613,19.69985],[73.67634,19.6997],[73.67655,19.69974],[73.67657,19.69997],[73.67653,19.70002],[73.67638,19.7],[73.6763,19.70006],[73.6762,19.70021],[73.67611,19.7004],[73.676,19.7006],[73.67592,19.70082],[73.67573,19.70089],[73.67562,19.70109],[73.67549,19.70137],[73.67529,19.70175],[73.67499,19.70214],[73.67471,19.70251],[73.67456,19.70275],[73.67441,19.70309],[73.67445,19.70321],[73.67433,19.70337],[73.67416,19.70353],[73.67416,19.70368],[73.67408,19.70387],[73.67386,19.70405],[73.67376,19.70433],[73.67338,19.7047],[73.67292,19.70509],[73.67285,19.70521],[73.67265,19.70537],[73.67251,19.70542],[73.67244,19.70545],[73.67217,19.70557],[73.672,19.70575],[73.67193,19.70581],[73.6719,19.70584],[73.67183,19.70591],[73.67171,19.70594],[73.67167,19.70596],[73.67161,19.70595],[73.67157,19.70594],[73.67154,19.70592],[73.67153,19.70591],[73.67148,19.70588],[73.67151,19.70581],[73.67154,19.7057],[73.67137,19.70571],[73.6714,19.70557],[73.67137,19.70546],[73.67124,19.70551],[73.67108,19.70561],[73.67093,19.70558],[73.67076,19.70564],[73.67052,19.70565],[73.67034,19.7056],[73.67028,19.70542],[73.67024,19.70521],[73.67011,19.70519],[73.66999,19.70552],[73.6699,19.70582],[73.66974,19.70563],[73.66964,19.70595],[73.66948,19.70604],[73.66916,19.70613],[73.66865,19.70618],[73.66812,19.70633],[73.66802,19.70657],[73.66765,19.70674],[73.66738,19.70704],[73.66686,19.7075],[73.66656,19.70773],[73.66624,19.70802],[73.66574,19.70828],[73.66535,19.7085],[73.66511,19.7086],[73.66452,19.70877],[73.66429,19.70886],[73.66408,19.70896],[73.66367,19.70906],[73.66337,19.70912],[73.66321,19.70906],[73.66287,19.70899],[73.66282,19.70905],[73.66269,19.70925],[73.66256,19.70946],[73.66252,19.70959],[73.66242,19.70967],[73.66236,19.70975],[73.66231,19.70989],[73.66226,19.70992],[73.66216,19.70994],[73.66205,19.70997],[73.66195,19.70998],[73.66169,19.70999],[73.66141,19.70997],[73.66109,19.70995],[73.66069,19.70979],[73.66049,19.70967],[73.66037,19.70968],[73.65995,19.70993],[73.65962,19.71017],[73.65921,19.71052],[73.65879,19.711],[73.65852,19.71113],[73.65795,19.71155],[73.65764,19.71172],[73.65749,19.71176],[73.65719,19.71186],[73.65697,19.71201],[73.65678,19.71219],[73.65655,19.71248],[73.65625,19.71265],[73.65574,19.71309],[73.65554,19.7132],[73.65491,19.71351],[73.65458,19.7137],[73.65426,19.7139],[73.65409,19.71411],[73.65398,19.71444],[73.65391,19.7148],[73.65382,19.71509],[73.65362,19.71538],[73.65344,19.71561],[73.65325,19.716],[73.6526,19.71673],[73.65241,19.71689],[73.65195,19.71733],[73.65158,19.71777],[73.65133,19.71809],[73.6507,19.71863],[73.65035,19.71895],[73.65009,19.7193],[73.64954,19.71979],[73.64922,19.7201],[73.64899,19.7203],[73.64874,19.72061],[73.64855,19.72084],[73.64823,19.72102],[73.64802,19.7212],[73.64772,19.72145]]]},"properties":{"id":"trail_r20957086","type":"trail","name":"EST 05","name_local":null,"category":"regional hiking route","source":"openstreetmap","source_id":"relation/20957086","updated_at":"2026-06-12T18:03:01Z","tags":{"operator":"HikeX","website":"https://hikex.in/","from":"Ghoti","to":"Ambewadi","network":"rwn"}}},{"type":"Feature","geometry":{"type":"MultiLineString","coordinates":[[[73.68173,19.5266],[73.68121,19.52667],[73.68092,19.52665],[73.68057,19.52664],[73.68039,19.52666],[73.68009,19.5267],[73.67986,19.52682],[73.67969,19.52694],[73.67944,19.52703],[73.67917,19.52709],[73.67891,19.52727],[73.67862,19.52744],[73.67847,19.52765],[73.67834,19.52787],[73.67824,19.52806],[73.67819,19.52823],[73.67808,19.52851],[73.67786,19.52868],[73.67779,19.52882],[73.67748,19.52873],[73.67695,19.52904],[73.67695,19.52922],[73.67668,19.52957],[73.67666,19.52946],[73.67641,19.52964],[73.67567,19.52971],[73.67505,19.52992],[73.67449,19.52972],[73.67423,19.52956],[73.67386,19.52967],[73.67355,19.5297],[73.67316,19.52986],[73.6729,19.52994],[73.67256,19.53007],[73.67227,19.53007],[73.67193,19.53007],[73.67175,19.52998],[73.67158,19.53017],[73.67118,19.53036],[73.67072,19.53049],[73.67024,19.53067],[73.66972,19.5307],[73.66928,19.5307],[73.66904,19.53061],[73.66878,19.53061],[73.66834,19.53076],[73.66805,19.53095],[73.66784,19.53113],[73.66756,19.53127],[73.66716,19.53134],[73.66686,19.53146],[73.66659,19.53153],[73.66637,19.53161],[73.66633,19.53166],[73.66622,19.53171],[73.6661,19.53172],[73.66595,19.53172],[73.66588,19.53175],[73.66574,19.53182],[73.66563,19.53187],[73.66553,19.53192],[73.66545,19.53199],[73.66535,19.53204],[73.6652,19.53208],[73.66508,19.5321],[73.66494,19.53208],[73.66486,19.53208],[73.66474,19.53217],[73.66466,19.53229],[73.6646,19.53234],[73.66448,19.53243],[73.66441,19.53247],[73.66437,19.53251],[73.66433,19.53259],[73.6643,19.53271],[73.66432,19.53285],[73.66429,19.53306],[73.66426,19.53321],[73.66434,19.53334],[73.66435,19.53358],[73.6643,19.53375],[73.66425,19.53376],[73.66419,19.53373],[73.66401,19.53398],[73.66381,19.53422],[73.66371,19.53429],[73.66357,19.53435],[73.66345,19.53437],[73.66338,19.53443],[73.66327,19.53453],[73.66322,19.53458],[73.66311,19.53464],[73.66299,19.53473],[73.66286,19.53483],[73.66271,19.53495],[73.66266,19.53501],[73.6625,19.53514],[73.66239,19.53523],[73.66216,19.53541],[73.66199,19.53551],[73.66186,19.53561],[73.66166,19.53569],[73.6615,19.53575],[73.66148,19.53592],[73.66154,19.53604],[73.66101,19.53595],[73.66039,19.53586],[73.65987,19.53578],[73.6594,19.53574],[73.65905,19.53584],[73.6588,19.53603],[73.65799,19.53679],[73.65685,19.53806],[73.65662,19.53822],[73.65648,19.53822],[73.65637,19.53818],[73.65621,19.53813],[73.65604,19.53807],[73.65585,19.53813],[73.65578,19.53827],[73.65566,19.53843],[73.65549,19.53865],[73.65532,19.53876],[73.65509,19.53877],[73.65477,19.53889],[73.65458,19.53896],[73.65425,19.53918],[73.65398,19.5392],[73.65378,19.53927],[73.65372,19.53936],[73.65372,19.53948],[73.65374,19.53956],[73.65376,19.53969],[73.65374,19.53989],[73.65351,19.54014],[73.65287,19.54071],[73.65264,19.54095],[73.6524,19.54122],[73.65205,19.5417],[73.65198,19.54177],[73.65186,19.5418],[73.65164,19.54186],[73.65139,19.54187],[73.65109,19.54184],[73.65085,19.54182],[73.65061,19.54187],[73.64996,19.54208],[73.64935,19.54235],[73.64882,19.54262],[73.64858,19.54275],[73.64848,19.54281],[73.6484,19.54284],[73.6483,19.54283],[73.64813,19.54281],[73.64791,19.54274],[73.64776,19.54265],[73.64762,19.54256],[73.64751,19.54247],[73.6474,19.5424],[73.64726,19.54237],[73.64709,19.54236],[73.64681,19.54241],[73.64653,19.54248],[73.64635,19.54252],[73.64622,19.54254],[73.64609,19.54261],[73.64596,19.54277],[73.64575,19.54309],[73.64561,19.54321],[73.64547,19.54326],[73.64519,19.54333],[73.64482,19.54334],[73.64412,19.54331],[73.64378,19.54329],[73.64351,19.54327],[73.64331,19.54325],[73.64323,19.54327],[73.64308,19.54332],[73.64275,19.54359],[73.64253,19.54374],[73.64239,19.54391],[73.64229,19.54406],[73.64208,19.54418],[73.64188,19.54428],[73.6416,19.54448],[73.64144,19.54465],[73.64131,19.54479],[73.64111,19.54493],[73.64091,19.54506],[73.64067,19.54513],[73.64057,19.54515],[73.64048,19.54515],[73.6404,19.54513],[73.64033,19.5451],[73.64026,19.54505],[73.64016,19.54494],[73.64007,19.5449],[73.63987,19.54482],[73.63944,19.54478],[73.63898,19.54479],[73.63875,19.54479],[73.63841,19.5449],[73.63819,19.54494],[73.63776,19.54501],[73.63739,19.54502],[73.63724,19.54499],[73.63719,19.54497],[73.63707,19.54491],[73.6369,19.54484],[73.6367,19.54481],[73.63632,19.54485],[73.63591,19.54492],[73.63544,19.54501],[73.63508,19.54512],[73.63481,19.54528],[73.63457,19.54546],[73.63429,19.54565],[73.63408,19.54579],[73.63374,19.54592],[73.63348,19.54599],[73.63326,19.54604],[73.6331,19.54615],[73.63298,19.54622],[73.63285,19.54626],[73.63274,19.54625],[73.63259,19.54622],[73.63244,19.54614],[73.63231,19.54611],[73.63219,19.5461],[73.63204,19.54611],[73.63193,19.54614],[73.6318,19.54625],[73.63173,19.54638],[73.63172,19.5466],[73.6318,19.54704],[73.63189,19.54736],[73.63192,19.54749],[73.63193,19.54762],[73.63189,19.54778],[73.63172,19.54811],[73.63149,19.54844],[73.63119,19.5488],[73.63087,19.5491],[73.63041,19.54945],[73.63009,19.54955],[73.62996,19.54958],[73.62982,19.54959],[73.62963,19.54968],[73.62927,19.54996],[73.629,19.55019],[73.62881,19.55037],[73.62871,19.5505],[73.62849,19.55065],[73.62837,19.55081],[73.62828,19.55095],[73.62755,19.55151],[73.62666,19.55208],[73.62667,19.55221],[73.6266,19.55242],[73.62653,19.55261],[73.6265,19.55257],[73.62647,19.55257],[73.62642,19.55258],[73.62635,19.55257],[73.62634,19.55261],[73.62629,19.55263],[73.62627,19.55267],[73.62628,19.55269],[73.62627,19.55271],[73.62631,19.55272],[73.62631,19.55277],[73.62633,19.55278],[73.62633,19.55281],[73.62633,19.55285],[73.62634,19.55291],[73.62634,19.55294],[73.62631,19.55294],[73.62631,19.55298],[73.6263,19.55305],[73.62627,19.55308],[73.62626,19.55311],[73.62629,19.55314],[73.6263,19.55319],[73.62632,19.55323],[73.62636,19.55327],[73.62636,19.55331],[73.62638,19.55334],[73.62637,19.55336],[73.62638,19.55338],[73.62637,19.55341],[73.62641,19.55341],[73.62644,19.55345],[73.62645,19.55351],[73.62644,19.55354],[73.62641,19.55359],[73.62638,19.55361],[73.62639,19.55363],[73.62637,19.55367],[73.62641,19.55369],[73.62643,19.55373],[73.62647,19.55375],[73.62645,19.55377],[73.62645,19.55379],[73.62643,19.5538],[73.62643,19.55382],[73.62645,19.55386],[73.62643,19.55389],[73.62641,19.5539],[73.62637,19.5539],[73.62637,19.55393],[73.62636,19.55395],[73.62638,19.55398],[73.6264,19.554],[73.62643,19.55402],[73.62643,19.55405],[73.62649,19.55408],[73.62649,19.55411],[73.6265,19.55414],[73.62648,19.55421],[73.62643,19.55425],[73.62646,19.55427],[73.62644,19.55431],[73.62643,19.55437],[73.62642,19.55441],[73.62643,19.55445],[73.62642,19.5545],[73.62642,19.55455],[73.62641,19.55459],[73.62638,19.55463],[73.6264,19.55466],[73.62641,19.55468],[73.62642,19.55472],[73.62645,19.55474],[73.62644,19.55476],[73.62642,19.55479],[73.62643,19.55482],[73.62646,19.55486],[73.6265,19.55488],[73.6265,19.55492],[73.62651,19.55496],[73.62654,19.55499],[73.62656,19.55503],[73.62657,19.55503],[73.62657,19.55507],[73.62656,19.55512],[73.62655,19.55516],[73.62655,19.55519],[73.62658,19.55522],[73.62658,19.55525],[73.62656,19.55529],[73.62654,19.55534],[73.62655,19.55537],[73.6266,19.55541],[73.62653,19.55545],[73.62651,19.55549],[73.6265,19.55552],[73.6265,19.55559],[73.62646,19.55562],[73.62647,19.55565],[73.62645,19.55568],[73.62645,19.55573],[73.62639,19.55577],[73.62639,19.55582],[73.62639,19.55587],[73.62635,19.55588],[73.62633,19.5559],[73.62627,19.55588],[73.62625,19.55585],[73.62625,19.55583],[73.62623,19.55579],[73.62625,19.55575],[73.62624,19.5557],[73.62626,19.55568],[73.62627,19.55564],[73.62625,19.5556],[73.62621,19.5556],[73.62621,19.55554],[73.62617,19.55553],[73.62615,19.55554],[73.62614,19.55558],[73.62611,19.5556],[73.62611,19.55565],[73.62608,19.55565],[73.62603,19.55561],[73.62601,19.55556],[73.62595,19.55554],[73.62593,19.55551],[73.62594,19.55547],[73.62592,19.55547],[73.62588,19.55544],[73.62584,19.5554],[73.6258,19.55538],[73.62579,19.55533],[73.62576,19.55529],[73.62582,19.55525],[73.62585,19.55521],[73.62581,19.55517],[73.62579,19.55516],[73.62576,19.55515],[73.62575,19.55512],[73.62571,19.55511],[73.62566,19.55506],[73.62559,19.55505],[73.62552,19.55499],[73.62547,19.55498],[73.62539,19.55492],[73.62536,19.55491],[73.62532,19.55488],[73.62531,19.55481],[73.62531,19.55476],[73.6253,19.55473],[73.62523,19.55472],[73.62521,19.5547],[73.62516,19.55469],[73.62511,19.55466],[73.62507,19.55465],[73.62505,19.55463],[73.62502,19.5546],[73.62499,19.5546],[73.62494,19.55457],[73.62493,19.55453],[73.62488,19.55449],[73.62484,19.5545],[73.6248,19.55451],[73.62476,19.55456],[73.62472,19.55457],[73.6247,19.55461],[73.62467,19.55462],[73.62464,19.55464],[73.6246,19.55463],[73.62458,19.55465],[73.62454,19.55466],[73.62453,19.55468],[73.62447,19.55472],[73.62441,19.55475],[73.62436,19.55478],[73.62431,19.55477],[73.6243,19.55474],[73.62428,19.55476],[73.62426,19.55476],[73.62423,19.55478],[73.62419,19.55478],[73.62421,19.5548],[73.62416,19.55481],[73.62413,19.5548],[73.62411,19.55481],[73.62407,19.55479],[73.62404,19.55476],[73.62401,19.55476],[73.624,19.55473],[73.62398,19.55473],[73.62396,19.55471],[73.62394,19.55465],[73.62387,19.55462],[73.62381,19.55462],[73.62377,19.55462],[73.62372,19.55463],[73.62368,19.55463],[73.62367,19.55465],[73.62364,19.55464],[73.62363,19.55466],[73.62358,19.55464],[73.62353,19.55465],[73.62349,19.55468],[73.62344,19.55471],[73.62336,19.55474],[73.62329,19.55475],[73.62321,19.55472],[73.62317,19.55468],[73.62306,19.55463],[73.62298,19.55463],[73.62293,19.55458],[73.62291,19.55453],[73.62282,19.55452],[73.62282,19.55449],[73.62273,19.5545],[73.62266,19.55451],[73.62261,19.55448],[73.62259,19.55443],[73.62257,19.55439],[73.62256,19.55435],[73.62251,19.55435],[73.62248,19.55439],[73.62243,19.55442],[73.62237,19.5544],[73.62229,19.55442],[73.62225,19.55441],[73.62223,19.55438],[73.62218,19.55437],[73.62211,19.55437],[73.62209,19.55439],[73.62206,19.55437],[73.62205,19.55433],[73.62196,19.55428],[73.62192,19.55426],[73.62186,19.55427],[73.62181,19.55428],[73.62176,19.55428],[73.62171,19.55427],[73.62167,19.55429],[73.62167,19.55425],[73.62164,19.55423],[73.62161,19.55424],[73.62159,19.55421],[73.62153,19.55419],[73.6215,19.55414],[73.62147,19.55411],[73.62144,19.55412],[73.62141,19.55412],[73.62138,19.55412],[73.62135,19.55415],[73.62134,19.55419],[73.62135,19.55423],[73.62134,19.55427],[73.6213,19.55431],[73.62128,19.55435],[73.62122,19.55437],[73.62116,19.55442],[73.62112,19.55444],[73.62104,19.55448],[73.62098,19.55452],[73.62098,19.55456],[73.62096,19.55462],[73.62093,19.55469],[73.62094,19.55475],[73.62093,19.55479],[73.62091,19.55482],[73.62091,19.55484],[73.62094,19.55485],[73.62094,19.55488],[73.62093,19.55491],[73.62094,19.55494],[73.62093,19.55501],[73.62091,19.55505],[73.62091,19.55511],[73.62095,19.55514],[73.62095,19.55516],[73.62093,19.55518],[73.62093,19.55524],[73.62089,19.55527],[73.62086,19.55528],[73.62084,19.55526],[73.6208,19.55527],[73.62075,19.55527],[73.6207,19.55522],[73.62066,19.55521],[73.62061,19.55519],[73.62058,19.55519],[73.62055,19.55517],[73.62053,19.55515],[73.6205,19.55515],[73.62049,19.55513],[73.62043,19.5551],[73.6204,19.55509],[73.62039,19.55511],[73.62036,19.5551],[73.62034,19.55508],[73.6203,19.55507],[73.62026,19.55505],[73.62022,19.55504],[73.6202,19.55503],[73.62017,19.55501],[73.62016,19.55496],[73.6201,19.55498],[73.62006,19.55495],[73.62004,19.55497],[73.61999,19.55497],[73.61999,19.55495],[73.61997,19.55497],[73.61993,19.55498],[73.61986,19.55496],[73.61983,19.55494],[73.61979,19.55495],[73.61975,19.55495],[73.61972,19.55497],[73.61968,19.55497],[73.61965,19.555],[73.6196,19.555],[73.61957,19.55499],[73.61954,19.55496],[73.61949,19.55498],[73.61946,19.55498],[73.61943,19.55496],[73.61938,19.55496],[73.61935,19.55498],[73.61931,19.55497],[73.61928,19.55498],[73.61925,19.55497],[73.61922,19.55499],[73.61918,19.55499],[73.61916,19.55498],[73.61914,19.55499],[73.61909,19.555],[73.61907,19.55499],[73.61898,19.55502],[73.61894,19.55504],[73.6189,19.55505],[73.61886,19.55504],[73.61883,19.55502],[73.61879,19.55502],[73.61874,19.55498],[73.61871,19.55498],[73.61871,19.55495],[73.61868,19.55495],[73.61866,19.55499],[73.61863,19.55501],[73.61859,19.55504],[73.61856,19.55507],[73.61853,19.55505],[73.61855,19.55502],[73.61854,19.555],[73.61852,19.555],[73.61849,19.55499],[73.61842,19.55499],[73.61832,19.55499],[73.6182,19.55505],[73.61814,19.55508],[73.61809,19.55512],[73.61802,19.55514],[73.61796,19.55522],[73.61791,19.55524],[73.61789,19.5553],[73.61778,19.55536],[73.61774,19.55536],[73.6177,19.55538],[73.61766,19.55542],[73.61761,19.55544],[73.61761,19.55547],[73.61757,19.55549],[73.61756,19.55553],[73.61751,19.55554],[73.61745,19.55557],[73.61744,19.55561],[73.6174,19.55563],[73.61739,19.55569],[73.61733,19.55574],[73.61723,19.55579],[73.61709,19.55583],[73.61699,19.55597],[73.61688,19.556],[73.61673,19.55605],[73.61659,19.5561],[73.6165,19.55614],[73.61643,19.55622],[73.61625,19.55625],[73.61611,19.55636],[73.61607,19.55645],[73.61593,19.5565],[73.6158,19.55657],[73.61564,19.55673],[73.61556,19.55689],[73.61553,19.55703],[73.61546,19.55718],[73.61545,19.55743],[73.61541,19.55765],[73.61541,19.55781],[73.61536,19.55798],[73.61527,19.5582],[73.61513,19.55841],[73.61499,19.55856],[73.61498,19.55873],[73.61499,19.55892],[73.61496,19.55917],[73.61483,19.5594],[73.61478,19.55948],[73.61471,19.55963],[73.61461,19.5597],[73.61443,19.5598],[73.61435,19.55989],[73.61413,19.55993],[73.61402,19.56006],[73.61391,19.56019],[73.61378,19.56015],[73.61357,19.56027],[73.61343,19.56033],[73.61329,19.56051],[73.61317,19.56063],[73.61314,19.56075],[73.6131,19.5609],[73.61295,19.56092],[73.61298,19.56104],[73.61284,19.56113],[73.61266,19.56115],[73.61248,19.5612],[73.61234,19.56129],[73.6122,19.56139],[73.61211,19.56142],[73.61203,19.56152],[73.61195,19.56158],[73.61183,19.56165],[73.61176,19.56172],[73.61165,19.56175],[73.61157,19.56184],[73.61145,19.56186],[73.61132,19.5619],[73.61123,19.56191],[73.6111,19.56194],[73.61099,19.56198],[73.61088,19.56198],[73.61075,19.56198],[73.61063,19.56198],[73.61049,19.56192],[73.61034,19.56189],[73.6102,19.56187],[73.61008,19.56186],[73.60992,19.56185],[73.60977,19.56186],[73.60969,19.56185],[73.60961,19.56189],[73.60948,19.56192],[73.60936,19.56192],[73.60917,19.56191],[73.60902,19.56191],[73.60893,19.56188],[73.60882,19.56183],[73.60861,19.56178],[73.60846,19.56172],[73.60831,19.56164],[73.6082,19.56158],[73.60807,19.56151],[73.60795,19.56151],[73.60783,19.56153],[73.60773,19.56156],[73.60762,19.56158],[73.60753,19.56155],[73.60742,19.56161],[73.60728,19.56165],[73.60718,19.56167],[73.60706,19.56169],[73.60699,19.56174],[73.60692,19.56176],[73.60681,19.56176],[73.6067,19.56183],[73.60658,19.56186],[73.60648,19.56186],[73.60634,19.56185],[73.60624,19.5618],[73.60616,19.56182],[73.60605,19.56187],[73.60594,19.56195],[73.60584,19.56198],[73.60577,19.56198],[73.6057,19.56203],[73.60567,19.56212],[73.60561,19.56217],[73.60555,19.56217],[73.60546,19.56214],[73.60529,19.56218],[73.60522,19.5622],[73.60512,19.56221],[73.605,19.56221],[73.60489,19.56219],[73.60481,19.56219],[73.60473,19.56221],[73.60465,19.56218],[73.60459,19.56219],[73.60451,19.56222],[73.60445,19.56227],[73.60437,19.56234],[73.60426,19.56235],[73.60415,19.5624],[73.60404,19.56242],[73.60396,19.56245],[73.60386,19.56249],[73.60375,19.56253],[73.60364,19.56254],[73.60355,19.56254],[73.60347,19.56254],[73.60338,19.56254],[73.6033,19.56258],[73.60324,19.56261],[73.60317,19.56264],[73.60311,19.56266],[73.60306,19.5627],[73.60298,19.56272],[73.60294,19.56273],[73.60288,19.56271],[73.60277,19.56274],[73.60271,19.56277],[73.60268,19.56282],[73.60264,19.56288],[73.60258,19.56294],[73.60251,19.56298],[73.60244,19.56304],[73.60236,19.5631],[73.60226,19.56315],[73.60221,19.56318],[73.60215,19.5632],[73.60209,19.56325],[73.60201,19.56329],[73.60194,19.56332],[73.60187,19.56332],[73.60179,19.5633],[73.60173,19.56332],[73.60165,19.56333],[73.60158,19.56335],[73.6015,19.5634],[73.60136,19.56347],[73.60127,19.56348],[73.60118,19.56348],[73.60111,19.56346],[73.60106,19.56347],[73.60098,19.56346],[73.60089,19.5635],[73.60079,19.5635],[73.60069,19.56352],[73.60067,19.56355],[73.60063,19.56356],[73.60055,19.56357],[73.60052,19.5636],[73.60047,19.56358],[73.60043,19.56362],[73.60038,19.56362],[73.60028,19.56362],[73.6002,19.56362],[73.60013,19.56368],[73.60008,19.56368],[73.59998,19.56374],[73.5999,19.56377],[73.59984,19.56376],[73.59977,19.5638],[73.59961,19.56382],[73.59956,19.56386],[73.59949,19.5639],[73.59941,19.56391],[73.59937,19.56389],[73.59925,19.56393],[73.59917,19.56394],[73.59909,19.56394],[73.599,19.56394],[73.5989,19.56388],[73.59882,19.56384],[73.59879,19.56386],[73.59874,19.56382],[73.59869,19.56382],[73.59856,19.56381],[73.59842,19.56377],[73.59835,19.56379],[73.5983,19.56379],[73.59819,19.56378],[73.59808,19.56377],[73.59796,19.56376],[73.59788,19.56376],[73.5978,19.56373],[73.59769,19.5637],[73.59757,19.56366],[73.59747,19.56366],[73.59739,19.56366],[73.59729,19.5637],[73.59724,19.5637],[73.59717,19.56373],[73.59709,19.56377],[73.59702,19.56383],[73.59695,19.5639],[73.59688,19.56394],[73.5968,19.564],[73.59668,19.56408],[73.5966,19.56413],[73.59647,19.56419],[73.5964,19.56421],[73.59633,19.56425],[73.59622,19.56427],[73.59614,19.56435],[73.59604,19.56437],[73.59603,19.56441],[73.59598,19.56443],[73.59592,19.56441],[73.59585,19.56441],[73.59583,19.56448],[73.5957,19.56452],[73.59563,19.56455],[73.59553,19.56455],[73.59544,19.56458],[73.59535,19.5646],[73.59525,19.5646],[73.59518,19.56463],[73.59508,19.56464],[73.59498,19.56466],[73.59488,19.56472],[73.59481,19.56474],[73.59469,19.56478],[73.5946,19.56483],[73.59452,19.56488],[73.59447,19.56492],[73.59443,19.56499],[73.5944,19.56501],[73.59437,19.56506],[73.59434,19.56509],[73.59433,19.56513],[73.59432,19.56516],[73.59431,19.56526],[73.59425,19.56527],[73.5942,19.56528],[73.59414,19.56532],[73.59409,19.56534],[73.59405,19.56539],[73.59401,19.56539],[73.59395,19.56544],[73.59393,19.56547],[73.59389,19.56549],[73.59384,19.56552],[73.5938,19.56557],[73.59373,19.56559],[73.59367,19.56562],[73.59362,19.56562],[73.5936,19.56566],[73.59355,19.56568],[73.59349,19.56569],[73.59344,19.56568],[73.59335,19.56568],[73.59331,19.56569],[73.59328,19.56568],[73.59321,19.56571],[73.59318,19.56574],[73.59315,19.56574],[73.59311,19.56575],[73.59309,19.56574],[73.59308,19.56577],[73.59303,19.56578],[73.59299,19.56579],[73.59296,19.56583],[73.59292,19.56587],[73.5929,19.5659],[73.59286,19.5659],[73.59285,19.56592],[73.59282,19.56592],[73.5928,19.56593],[73.59275,19.56595],[73.59271,19.56598],[73.59263,19.566],[73.59256,19.56603],[73.59249,19.56607],[73.59245,19.56607],[73.59241,19.56608],[73.59234,19.56607],[73.59229,19.56608],[73.59224,19.56611],[73.59218,19.56615],[73.59215,19.56615],[73.59213,19.56617],[73.59202,19.56617],[73.59196,19.56619],[73.59189,19.56619],[73.59184,19.56622],[73.5918,19.56622],[73.59177,19.56623],[73.59173,19.56622],[73.59165,19.56621],[73.59161,19.56621],[73.59154,19.56621],[73.59149,19.56622],[73.59147,19.56626],[73.59145,19.56631],[73.59137,19.56633],[73.59129,19.5663],[73.5912,19.5663],[73.59112,19.5663],[73.59107,19.56633],[73.59106,19.56639],[73.59102,19.56646],[73.59099,19.56652],[73.59102,19.56659],[73.59103,19.56666],[73.59101,19.56673],[73.59104,19.56674],[73.59102,19.56677],[73.59093,19.56678],[73.59089,19.56685],[73.59085,19.56685],[73.59082,19.56691],[73.59078,19.5669],[73.59075,19.56687],[73.5906,19.56692],[73.59053,19.56691],[73.59045,19.56696],[73.59037,19.56695],[73.59025,19.56691],[73.59016,19.5669],[73.59004,19.56691],[73.58992,19.56691],[73.5898,19.5669],[73.5897,19.56689],[73.58961,19.56689],[73.58952,19.56689],[73.58945,19.56688],[73.58939,19.56688],[73.58935,19.56685],[73.58924,19.56686],[73.58917,19.56686],[73.5891,19.56686],[73.58904,19.56689],[73.589,19.56688],[73.58892,19.56695],[73.58885,19.56695],[73.5888,19.56698],[73.58871,19.56699],[73.58862,19.567],[73.58854,19.56703],[73.58849,19.56705],[73.58843,19.56706],[73.58836,19.56712],[73.58829,19.56716],[73.5882,19.56719],[73.5881,19.56723],[73.58802,19.56727],[73.58793,19.56728],[73.58786,19.56732],[73.58778,19.56742],[73.58769,19.56747],[73.58761,19.56752],[73.58754,19.56755],[73.58768,19.56778],[73.58764,19.56796],[73.58768,19.56814],[73.58763,19.56826],[73.58763,19.56842],[73.58755,19.5686],[73.58753,19.56874],[73.58723,19.56914],[73.58729,19.56919],[73.58744,19.56928],[73.58772,19.56938],[73.58793,19.56944],[73.58828,19.5695],[73.58853,19.56961],[73.58894,19.5698],[73.58923,19.56993],[73.58939,19.56998],[73.58964,19.57004],[73.58985,19.57007],[73.59002,19.57012],[73.59023,19.57019],[73.59037,19.5703],[73.59044,19.57042],[73.59054,19.57067],[73.59062,19.57083],[73.59069,19.57101],[73.59077,19.57121],[73.59084,19.57136],[73.59088,19.57145],[73.591,19.57185],[73.59109,19.57207],[73.5913,19.57261],[73.59134,19.57275],[73.59147,19.57288],[73.59173,19.57303],[73.59185,19.5731],[73.59194,19.57319],[73.59196,19.57321],[73.59202,19.57327],[73.59206,19.57335],[73.59209,19.57346],[73.59214,19.57362],[73.5922,19.57377],[73.59234,19.57394],[73.59242,19.57405],[73.59252,19.57415],[73.59262,19.57422],[73.59268,19.57436],[73.59273,19.57441],[73.59272,19.57452],[73.59267,19.57456],[73.59266,19.57465],[73.5926,19.57477],[73.5926,19.57491],[73.59256,19.57503],[73.59249,19.57516],[73.5925,19.57526],[73.59251,19.57537],[73.59243,19.57548],[73.5924,19.57562],[73.59237,19.57572],[73.59236,19.57582],[73.59241,19.57599],[73.59245,19.576],[73.59245,19.57615],[73.59236,19.57626],[73.59226,19.57633],[73.59224,19.57644],[73.59217,19.57655],[73.59214,19.57662],[73.59214,19.57677],[73.59207,19.57685],[73.59195,19.57694],[73.59207,19.57702],[73.59219,19.57707],[73.59232,19.57714],[73.59234,19.57722],[73.59221,19.5773],[73.59208,19.57736],[73.59197,19.57746],[73.59191,19.57752],[73.59182,19.57755],[73.59175,19.5776],[73.59167,19.57764],[73.59162,19.5777],[73.59154,19.57777],[73.5915,19.5778],[73.59148,19.57787],[73.59143,19.57793],[73.59143,19.57798],[73.59142,19.57809],[73.5914,19.57815],[73.59139,19.57824],[73.59136,19.57832],[73.59135,19.5784],[73.59137,19.57846],[73.59134,19.57853],[73.59134,19.57858],[73.59131,19.57865],[73.59134,19.57871],[73.59134,19.57877],[73.59134,19.57885],[73.59134,19.57893],[73.59134,19.57898],[73.59135,19.57905],[73.59137,19.57911],[73.59139,19.5792],[73.59139,19.57926],[73.59133,19.57933],[73.59127,19.57936],[73.59122,19.5794],[73.59116,19.57943],[73.5911,19.57939],[73.59104,19.57938],[73.59099,19.57938],[73.59094,19.5794],[73.59089,19.57941],[73.59083,19.57941],[73.59078,19.57941],[73.59073,19.57944],[73.59064,19.57948],[73.59057,19.57953],[73.59051,19.57958],[73.59048,19.57964],[73.59039,19.57968],[73.59034,19.57971],[73.5903,19.57976],[73.59025,19.57982],[73.59023,19.57988],[73.59018,19.57991],[73.59018,19.57995],[73.59014,19.58],[73.5901,19.58007],[73.59007,19.58014],[73.59008,19.58023],[73.59008,19.58031],[73.59007,19.58038],[73.59007,19.58045],[73.59003,19.58054],[73.59003,19.58059],[73.59003,19.58064],[73.59002,19.58071],[73.59003,19.58076],[73.59002,19.5808],[73.59001,19.58094],[73.59,19.581],[73.58998,19.58108],[73.58996,19.58113],[73.58993,19.58116],[73.58995,19.58118],[73.58994,19.58122],[73.58994,19.58127],[73.58993,19.58131],[73.58995,19.58134],[73.58999,19.58139],[73.59,19.58144],[73.59006,19.5815],[73.59014,19.5815],[73.59017,19.58153],[73.59021,19.58154],[73.59023,19.58156],[73.59027,19.58156],[73.59031,19.58158],[73.59034,19.58162],[73.59038,19.58164],[73.59038,19.5817],[73.59037,19.58175],[73.59039,19.58179],[73.59039,19.58182],[73.59038,19.58189],[73.59037,19.58194],[73.59036,19.582],[73.59031,19.58205],[73.59031,19.58207],[73.59029,19.58208],[73.59027,19.58212],[73.59023,19.5822],[73.5902,19.58224],[73.59021,19.58229],[73.59021,19.58232],[73.59017,19.58234],[73.59013,19.58236],[73.59017,19.58243],[73.59018,19.58248],[73.5902,19.58254],[73.59023,19.58261],[73.59023,19.58265],[73.5902,19.58271],[73.59016,19.58276],[73.59013,19.58281],[73.59013,19.58284],[73.59012,19.58289],[73.5901,19.58291],[73.59008,19.58293],[73.59008,19.58303],[73.59008,19.58313],[73.59011,19.58318],[73.59005,19.58324],[73.59001,19.5833],[73.59,19.58334],[73.58993,19.58337],[73.58992,19.58344],[73.58992,19.58349],[73.58991,19.58353],[73.5899,19.58357],[73.58989,19.5836],[73.58993,19.58366],[73.58992,19.58372],[73.58991,19.58378],[73.58988,19.58382],[73.5899,19.58387],[73.58989,19.58396],[73.58992,19.58401],[73.58992,19.58406],[73.58995,19.58411],[73.58995,19.58415],[73.58996,19.58423],[73.58995,19.58428],[73.58995,19.58434],[73.58995,19.58442],[73.58992,19.5845],[73.58993,19.58459],[73.5899,19.58464],[73.58986,19.58472],[73.58985,19.58479],[73.58984,19.58485],[73.5898,19.58492],[73.5898,19.585],[73.58976,19.58504],[73.58976,19.58512],[73.58976,19.5852],[73.58973,19.58523],[73.58971,19.5853],[73.58971,19.58536],[73.58968,19.58542],[73.5897,19.58551],[73.5897,19.5856],[73.58971,19.58566],[73.58971,19.58576],[73.58972,19.58583],[73.58975,19.58589],[73.58978,19.58597],[73.58982,19.58602],[73.58985,19.58606],[73.58988,19.58613],[73.5899,19.58623],[73.58991,19.58637],[73.58991,19.58643],[73.58991,19.58652],[73.58989,19.58656],[73.58989,19.58661],[73.58989,19.58666],[73.58991,19.5867],[73.58989,19.58673],[73.58991,19.58677],[73.58988,19.58681],[73.58993,19.58687],[73.58994,19.58694],[73.58994,19.58699],[73.58998,19.58703],[73.59,19.58707],[73.59001,19.58715],[73.59007,19.58721],[73.59011,19.58724],[73.59012,19.5873],[73.59014,19.58733],[73.59015,19.58738],[73.59016,19.58742],[73.59016,19.58747],[73.59018,19.58751],[73.59019,19.58756],[73.5902,19.58762],[73.59024,19.58766],[73.59026,19.58771],[73.59025,19.58773],[73.59027,19.58776],[73.59025,19.58779],[73.59025,19.58784],[73.59026,19.58791],[73.59022,19.58797],[73.59019,19.58799],[73.5902,19.58804],[73.59017,19.58812],[73.59017,19.58818],[73.59017,19.58825],[73.5902,19.5883],[73.59019,19.58838],[73.5902,19.58843],[73.5902,19.58848],[73.59023,19.58853],[73.59023,19.58856],[73.59025,19.58858],[73.59025,19.58861],[73.59027,19.58865],[73.59027,19.58867],[73.59029,19.58872],[73.59029,19.58878],[73.59027,19.58883],[73.59027,19.5889],[73.59026,19.58896],[73.59025,19.58901],[73.5902,19.58906],[73.59018,19.58913],[73.59015,19.58916],[73.59016,19.58922],[73.59014,19.58925],[73.5901,19.58925],[73.59005,19.58927],[73.59,19.58933],[73.58996,19.58936],[73.58995,19.58947],[73.58991,19.58952],[73.58987,19.58954],[73.58984,19.58962],[73.58979,19.58967],[73.58975,19.58972],[73.58973,19.58975],[73.58972,19.58979],[73.58969,19.58982],[73.58965,19.58989],[73.58959,19.58993],[73.58954,19.58994],[73.5895,19.59001],[73.58946,19.59005],[73.58942,19.59009],[73.58941,19.59015],[73.58941,19.59019],[73.5894,19.59025],[73.58939,19.5903],[73.58938,19.59036],[73.58936,19.59041],[73.58932,19.59047],[73.58928,19.59051],[73.58924,19.59054],[73.5892,19.59053],[73.58916,19.59054],[73.58916,19.59058],[73.58914,19.59061],[73.58913,19.59067],[73.58914,19.59074],[73.58916,19.59077],[73.58918,19.59081],[73.58923,19.59085],[73.58925,19.59091],[73.5892,19.59096],[73.58925,19.59101],[73.58929,19.59106],[73.5893,19.59112],[73.58928,19.59119],[73.58925,19.59121],[73.58925,19.59128],[73.58926,19.59131],[73.58926,19.59136],[73.58925,19.59142],[73.58928,19.59146],[73.58928,19.59152],[73.5893,19.59158],[73.58932,19.59162],[73.58932,19.59171],[73.58932,19.59177],[73.58931,19.59184],[73.58929,19.59189],[73.58925,19.59195],[73.58928,19.59199],[73.58929,19.59202],[73.58929,19.59208],[73.5893,19.59213],[73.5893,19.5922],[73.5893,19.59224],[73.58928,19.59229],[73.58931,19.59233],[73.58929,19.59236],[73.58929,19.5924],[73.58929,19.59246],[73.58929,19.59252],[73.58928,19.59258],[73.58925,19.59264],[73.58924,19.59269],[73.58923,19.59273],[73.5892,19.59276],[73.5892,19.59281],[73.5892,19.59287],[73.5892,19.59293],[73.58922,19.59299],[73.58924,19.59305],[73.58925,19.59311],[73.58929,19.5932],[73.58933,19.59327],[73.58939,19.59336],[73.58942,19.59343],[73.58946,19.59353],[73.58947,19.59359],[73.58949,19.59367],[73.58953,19.59377],[73.58958,19.59388],[73.58959,19.59395],[73.58961,19.594],[73.58962,19.59405],[73.5896,19.59409],[73.58959,19.59417],[73.58959,19.59424],[73.58961,19.59432],[73.58964,19.59437],[73.58965,19.59442],[73.58966,19.59448],[73.5897,19.59453],[73.58974,19.59458],[73.58978,19.59461],[73.5898,19.59466],[73.5898,19.5947],[73.58983,19.59472],[73.58984,19.59475],[73.58983,19.5948],[73.58984,19.59484],[73.58989,19.59487],[73.58993,19.59491],[73.58996,19.59496],[73.58996,19.59501],[73.58996,19.59507],[73.58998,19.59512],[73.59001,19.59517],[73.59006,19.59522],[73.59011,19.59525],[73.59014,19.59529],[73.59018,19.59532],[73.59019,19.59535],[73.5902,19.59538],[73.59018,19.59542],[73.59021,19.59547],[73.59021,19.59552],[73.59023,19.59556],[73.59023,19.59563],[73.59021,19.59567],[73.59024,19.59573],[73.59024,19.59576],[73.59025,19.59583],[73.59026,19.59589],[73.59026,19.59593],[73.59023,19.59598],[73.5902,19.59602],[73.59021,19.59606],[73.59022,19.59611],[73.59022,19.59614],[73.5902,19.59618],[73.59023,19.59622],[73.59022,19.59625],[73.59024,19.59629],[73.59028,19.59634],[73.59032,19.59638],[73.59036,19.5964],[73.59038,19.59646],[73.59039,19.59653],[73.5904,19.59657],[73.59039,19.59661],[73.59043,19.59668],[73.59045,19.5967],[73.59045,19.59678],[73.59044,19.59688],[73.59043,19.59693],[73.59042,19.59701],[73.59039,19.59709],[73.59037,19.59712],[73.59038,19.59716],[73.59038,19.59723],[73.59036,19.59725],[73.59035,19.59731],[73.59034,19.59737],[73.59034,19.59742],[73.59032,19.59748],[73.59029,19.59755],[73.59028,19.59765],[73.59028,19.59772],[73.59023,19.59778],[73.59017,19.59783],[73.59014,19.59786],[73.59011,19.59794],[73.59011,19.59801],[73.59009,19.59809],[73.59005,19.59812],[73.59003,19.59816],[73.59002,19.59822],[73.59002,19.59828],[73.59002,19.59833],[73.59004,19.59841],[73.59006,19.59849],[73.59002,19.59854],[73.58998,19.59856],[73.58995,19.5986],[73.5899,19.59866],[73.58985,19.59872],[73.58981,19.59877],[73.58978,19.59883],[73.58975,19.59888],[73.58971,19.59894],[73.58968,19.59899],[73.58963,19.59903],[73.58957,19.59904],[73.58952,19.59906],[73.58949,19.5991],[73.58947,19.59912],[73.58941,19.59913],[73.58936,19.59916],[73.58931,19.59918],[73.58929,19.59922],[73.58927,19.59926],[73.58925,19.59932],[73.5892,19.59938],[73.58916,19.59941],[73.58915,19.59945],[73.58909,19.59948],[73.58908,19.59954],[73.58907,19.59959],[73.58904,19.59964],[73.58908,19.59967],[73.58909,19.59972],[73.58912,19.59974],[73.58916,19.59976],[73.58918,19.5998],[73.58921,19.59984],[73.58925,19.59988],[73.58925,19.59994],[73.58924,19.59997],[73.58921,19.6],[73.5892,19.60004],[73.58916,19.60006],[73.58914,19.60009],[73.58908,19.60013],[73.58906,19.60017],[73.58903,19.60023],[73.58901,19.60028],[73.589,19.60037],[73.58902,19.60042],[73.589,19.60048],[73.58899,19.60053],[73.58901,19.60057],[73.58898,19.6006],[73.589,19.60063],[73.58899,19.60074],[73.58894,19.60076],[73.58884,19.60078],[73.58877,19.60082],[73.58876,19.60085],[73.5887,19.6009],[73.58866,19.60095],[73.58863,19.60099],[73.58859,19.60104],[73.58857,19.60109],[73.58857,19.60114],[73.58857,19.60123],[73.58857,19.60128],[73.58861,19.60133],[73.5886,19.60135],[73.5886,19.60137],[73.58859,19.60142],[73.58859,19.60147],[73.58863,19.60151],[73.58871,19.60157],[73.58875,19.60158],[73.58879,19.60164],[73.5888,19.60171],[73.58877,19.60174],[73.58873,19.60171],[73.58868,19.60178],[73.58858,19.6018],[73.58853,19.60186],[73.58848,19.60199],[73.58846,19.602],[73.58848,19.60204],[73.58849,19.60209],[73.58852,19.60215],[73.58853,19.60224],[73.58853,19.60228],[73.58855,19.60232],[73.58853,19.60236],[73.58851,19.6024],[73.58848,19.60241],[73.58847,19.60244],[73.58844,19.60245],[73.58844,19.6025],[73.58846,19.60252],[73.58846,19.60256],[73.58846,19.60261],[73.58849,19.60261],[73.58851,19.60265],[73.58848,19.6027],[73.58848,19.60276],[73.58852,19.60283],[73.58854,19.60288],[73.58854,19.60293],[73.58849,19.60294],[73.58847,19.60298],[73.58841,19.60302],[73.5884,19.60306],[73.58836,19.60307],[73.58834,19.60314],[73.58828,19.60317],[73.58822,19.60317],[73.58818,19.60318],[73.58814,19.60321],[73.58811,19.60324],[73.5881,19.60329],[73.58808,19.60334],[73.58808,19.60339],[73.58806,19.60342],[73.58804,19.60342],[73.58804,19.60344],[73.58805,19.60345],[73.58805,19.60349],[73.58802,19.60349],[73.58802,19.60352],[73.58798,19.60353],[73.58796,19.60358],[73.58793,19.60358],[73.5879,19.60362],[73.5879,19.60367],[73.5879,19.6037],[73.58791,19.60376],[73.5879,19.60379],[73.58791,19.60382],[73.58791,19.60388],[73.58793,19.60393],[73.58791,19.60395],[73.58791,19.60398],[73.58787,19.604],[73.58784,19.60404],[73.58782,19.60409],[73.58778,19.60411],[73.58775,19.60411],[73.5877,19.60414],[73.58771,19.60421],[73.58766,19.60427],[73.58765,19.60437],[73.58763,19.60441],[73.58761,19.60446],[73.58758,19.60449],[73.58757,19.60455],[73.58753,19.60456],[73.58753,19.60459],[73.5875,19.60461],[73.58749,19.60467],[73.58746,19.60466],[73.58745,19.60471],[73.58742,19.60472],[73.58741,19.60476],[73.58739,19.60476],[73.58727,19.60482],[73.58727,19.60485],[73.58721,19.60484],[73.58718,19.60486],[73.58717,19.6049],[73.58712,19.60494],[73.5871,19.60499],[73.5871,19.60505],[73.58708,19.60509],[73.58705,19.60512],[73.58705,19.60516],[73.58702,19.60518],[73.58699,19.60518],[73.58694,19.60523],[73.58691,19.60528],[73.58689,19.60532],[73.58693,19.60534],[73.58694,19.60539],[73.58693,19.60544],[73.5869,19.60555],[73.5869,19.60559],[73.58692,19.60566],[73.5869,19.60572],[73.58694,19.60573],[73.58694,19.60575],[73.58698,19.60575],[73.587,19.60578],[73.58698,19.60579],[73.587,19.60581],[73.58695,19.60583],[73.58698,19.60585],[73.58696,19.60589],[73.58694,19.6059],[73.58695,19.60597],[73.58698,19.60599],[73.58698,19.60606],[73.58698,19.60617],[73.58698,19.60624],[73.58696,19.60629],[73.58696,19.60635],[73.58697,19.60642],[73.587,19.60648],[73.58696,19.60653],[73.5869,19.60651],[73.5869,19.60653],[73.58691,19.60654],[73.58695,19.60655],[73.58698,19.60656],[73.58704,19.60657],[73.58707,19.60657],[73.58714,19.60656],[73.58721,19.60655],[73.58727,19.60649],[73.58732,19.60648],[73.58735,19.60654],[73.58737,19.60659],[73.58737,19.60665],[73.58738,19.6067],[73.58741,19.60678],[73.58742,19.60683],[73.58746,19.60688],[73.58747,19.6069],[73.58754,19.60693],[73.58759,19.60694],[73.58764,19.60697],[73.58763,19.60702],[73.58765,19.60707],[73.58765,19.60717],[73.58765,19.60725],[73.58769,19.60729],[73.58773,19.60738],[73.58773,19.60742],[73.58776,19.60744],[73.58779,19.60748],[73.58783,19.60749],[73.58791,19.60753],[73.58798,19.60759],[73.58801,19.60763],[73.58806,19.60771],[73.58812,19.60775],[73.58816,19.60779],[73.58823,19.60781],[73.5883,19.60785],[73.58836,19.60786],[73.5884,19.60789],[73.58844,19.60792],[73.58848,19.60798],[73.5885,19.60804],[73.58852,19.60805],[73.58854,19.6081],[73.58858,19.60814],[73.58861,19.60818],[73.58864,19.60817],[73.58865,19.60822],[73.58866,19.60825],[73.58868,19.60828],[73.58869,19.60833],[73.58871,19.60838],[73.58873,19.60844],[73.58874,19.6085],[73.58877,19.60852],[73.58878,19.60859],[73.58881,19.60862],[73.58885,19.60867],[73.58889,19.60873],[73.5889,19.60878],[73.58889,19.60882],[73.58886,19.60884],[73.58884,19.60888],[73.58884,19.60892],[73.58881,19.60893],[73.58879,19.60906],[73.5888,19.60914],[73.5888,19.60923],[73.58881,19.60931],[73.5888,19.6094],[73.58877,19.60943],[73.58874,19.60946],[73.58874,19.60952],[73.5887,19.60958],[73.5887,19.60967],[73.58872,19.60971],[73.5887,19.60975],[73.58869,19.60986],[73.58869,19.60992],[73.5887,19.61],[73.5887,19.61005],[73.58872,19.61008],[73.58873,19.61013],[73.58874,19.61018],[73.58876,19.61021],[73.58876,19.61024],[73.58874,19.61027],[73.58874,19.61033],[73.58873,19.61042],[73.58874,19.61048],[73.58874,19.61053],[73.58874,19.61063],[73.58874,19.6107],[73.58877,19.61072],[73.58874,19.61077],[73.58873,19.61084],[73.58872,19.61091],[73.58874,19.61097],[73.58874,19.61104],[73.58873,19.61111],[73.58875,19.61116],[73.58874,19.61122],[73.58876,19.61125],[73.58876,19.61131],[73.58877,19.61136],[73.5888,19.6114],[73.5888,19.61144],[73.58878,19.61151],[73.58876,19.61157],[73.58877,19.61163],[73.58874,19.61167],[73.58873,19.61178],[73.58873,19.61186],[73.58874,19.61196],[73.58876,19.612],[73.58874,19.61203],[73.58874,19.61207],[73.58876,19.61212],[73.58875,19.61214],[73.58876,19.61216],[73.58876,19.61224],[73.58876,19.61229],[73.58879,19.61233],[73.58881,19.61239],[73.58885,19.61247],[73.58888,19.6125],[73.58889,19.61254],[73.58891,19.61256],[73.58895,19.61261],[73.58902,19.61263],[73.58905,19.61265],[73.5891,19.61266],[73.58915,19.61268],[73.58919,19.61276],[73.58922,19.61281],[73.58922,19.61287],[73.58919,19.61293],[73.58917,19.61296],[73.58914,19.61296],[73.58912,19.61298],[73.58921,19.61303],[73.58925,19.61307],[73.58931,19.61313],[73.58936,19.61319],[73.58941,19.61327],[73.58946,19.61335],[73.58951,19.61341],[73.58956,19.61345],[73.58963,19.61347],[73.58974,19.61354],[73.58981,19.6136],[73.58987,19.61365],[73.58994,19.61371],[73.58999,19.61377],[73.59003,19.61383],[73.59007,19.61388],[73.59012,19.61393],[73.59014,19.61398],[73.59017,19.614],[73.59017,19.61404],[73.59021,19.61413],[73.59023,19.61414],[73.59025,19.61418],[73.59029,19.61422],[73.59032,19.61425],[73.59038,19.61429],[73.59043,19.61432],[73.59047,19.61438],[73.59051,19.61442],[73.59055,19.61449],[73.59055,19.61455],[73.59058,19.61459],[73.59056,19.61463],[73.5906,19.61466],[73.5906,19.61469],[73.59062,19.61471],[73.59064,19.61476],[73.59066,19.61478],[73.59071,19.6148],[73.59074,19.61484],[73.59069,19.61495],[73.59058,19.61507],[73.59059,19.61516],[73.5906,19.61533],[73.59064,19.6155],[73.59061,19.61563],[73.59063,19.61573],[73.59069,19.61586],[73.59077,19.61596],[73.59077,19.61605],[73.59086,19.6161],[73.59091,19.61621],[73.59104,19.61637],[73.59115,19.61642],[73.59125,19.61658],[73.59135,19.61666],[73.59113,19.61824],[73.59121,19.61854],[73.59112,19.61855],[73.59112,19.61862],[73.59119,19.61866],[73.59122,19.61873],[73.59127,19.61892],[73.59135,19.61909],[73.59136,19.61917],[73.59138,19.61926],[73.59146,19.61939],[73.59152,19.61949],[73.59166,19.61945],[73.5918,19.61934],[73.59195,19.61934],[73.5921,19.61929],[73.59228,19.6193],[73.59248,19.61928],[73.59264,19.61931],[73.59283,19.61931],[73.59301,19.61934],[73.59342,19.61936],[73.59356,19.61937],[73.59404,19.61937],[73.59451,19.61935],[73.59466,19.61901],[73.5948,19.61889],[73.59497,19.61891],[73.59522,19.61903],[73.59561,19.61887],[73.59606,19.6187],[73.5964,19.61861],[73.59678,19.61847],[73.59725,19.61845],[73.59783,19.61864],[73.59856,19.61891],[73.59926,19.61919],[73.59945,19.6192],[73.59979,19.61916],[73.60014,19.61944],[73.60037,19.61974],[73.60059,19.61999],[73.60106,19.61995],[73.60145,19.62032],[73.60168,19.6206],[73.602,19.62072],[73.60237,19.62082],[73.60272,19.62091],[73.60281,19.62109],[73.60277,19.6213],[73.60252,19.62145],[73.60233,19.62164],[73.60221,19.6219],[73.60215,19.62231],[73.60215,19.6226],[73.60228,19.62231],[73.60245,19.62201],[73.60269,19.6217],[73.60294,19.6215],[73.6032,19.6213],[73.60336,19.62105],[73.60334,19.62083],[73.60327,19.6206],[73.60289,19.62028],[73.60273,19.61999],[73.60258,19.61981],[73.60232,19.61973],[73.60224,19.61956],[73.60232,19.61936],[73.60261,19.61912],[73.60279,19.61887],[73.60291,19.6187],[73.60316,19.61862],[73.60328,19.61847],[73.60348,19.61841],[73.60376,19.61832],[73.60403,19.61813],[73.60424,19.61768],[73.60448,19.61759],[73.6046,19.61748],[73.60507,19.6175],[73.60528,19.61734],[73.60524,19.61703],[73.60537,19.61686],[73.60557,19.61676],[73.60586,19.61659],[73.60621,19.61647],[73.60678,19.61633],[73.60726,19.61625],[73.60747,19.61628],[73.60776,19.61617],[73.60817,19.61618],[73.60836,19.61601],[73.6087,19.61607],[73.60893,19.61612],[73.60912,19.61604],[73.60924,19.61595],[73.6094,19.61578],[73.60965,19.61597],[73.60989,19.61602],[73.61009,19.61591],[73.61026,19.61579],[73.61046,19.61568],[73.61061,19.61547],[73.61083,19.61529],[73.61103,19.61509],[73.61126,19.61512],[73.6115,19.61514],[73.61176,19.61504],[73.61196,19.61493],[73.61215,19.61471],[73.61221,19.61455],[73.61227,19.61442],[73.61245,19.61435],[73.61257,19.61423],[73.61267,19.61404],[73.61272,19.61378],[73.61275,19.61354],[73.61259,19.61322],[73.61254,19.61309],[73.61255,19.6129],[73.61261,19.61263],[73.61271,19.61245],[73.61271,19.61216],[73.61271,19.61197],[73.61281,19.61171],[73.61322,19.61158],[73.61365,19.6114],[73.61401,19.61127],[73.61432,19.61117],[73.61448,19.61088],[73.61454,19.61058],[73.61458,19.61039],[73.61484,19.6099],[73.61476,19.60953],[73.61479,19.60927],[73.61481,19.60894],[73.61488,19.60878],[73.61473,19.60854],[73.6148,19.60838],[73.61491,19.6081],[73.61507,19.60787],[73.61507,19.60763],[73.61505,19.60732],[73.61498,19.60706],[73.61498,19.60674],[73.61507,19.60654],[73.61536,19.60625],[73.61554,19.60614],[73.61583,19.60607],[73.61625,19.60593],[73.61646,19.60581],[73.61657,19.60545],[73.61671,19.60525],[73.61697,19.60509],[73.61712,19.60474],[73.6174,19.60458],[73.6176,19.6044],[73.61791,19.60425],[73.61803,19.60389],[73.61826,19.60391],[73.61863,19.60385],[73.6188,19.60365],[73.61905,19.60353],[73.6194,19.60342],[73.61971,19.60342],[73.61996,19.60332],[73.62029,19.60319],[73.6207,19.60299],[73.62086,19.60282],[73.62113,19.60272],[73.62139,19.60252],[73.62154,19.60243],[73.62187,19.60265],[73.62223,19.6025],[73.62234,19.6022],[73.62236,19.60236],[73.62238,19.60248],[73.62238,19.6026],[73.62243,19.60272],[73.62253,19.60289],[73.62259,19.60315],[73.6226,19.60337],[73.62264,19.60353],[73.62273,19.60372],[73.62283,19.60388],[73.62288,19.60403],[73.62291,19.60415],[73.62295,19.60433],[73.62304,19.60447],[73.62318,19.6046],[73.62337,19.60472],[73.62344,19.60498],[73.62355,19.60528],[73.62375,19.60557],[73.62406,19.60593],[73.62422,19.60623],[73.62439,19.60643],[73.62449,19.60666],[73.62467,19.60681],[73.62489,19.60687],[73.62501,19.6069],[73.62517,19.60692],[73.62533,19.607],[73.62549,19.60708],[73.62564,19.60718],[73.62568,19.60741],[73.62564,19.60756],[73.62558,19.60775],[73.62566,19.60792],[73.62596,19.60813],[73.6261,19.6083],[73.62625,19.60857],[73.62631,19.60882],[73.62652,19.60909],[73.62668,19.60944],[73.62689,19.60972],[73.62693,19.60995],[73.62705,19.61027],[73.62734,19.61101],[73.62752,19.6114],[73.62763,19.61151],[73.62774,19.61207],[73.6277,19.61233],[73.62766,19.61272],[73.62787,19.61306],[73.62812,19.61331],[73.62823,19.61355],[73.62845,19.61387],[73.62872,19.61428],[73.62858,19.61456],[73.62859,19.61483],[73.62904,19.61501],[73.62899,19.61492],[73.62906,19.61486],[73.62906,19.61476],[73.62918,19.61474],[73.62919,19.6148],[73.62932,19.61489],[73.62941,19.61495],[73.62959,19.61498],[73.62967,19.61495],[73.62972,19.61488],[73.62966,19.61481],[73.62956,19.61477],[73.62951,19.6145],[73.6297,19.61414],[73.62973,19.61385],[73.62967,19.61369],[73.62971,19.61361],[73.62981,19.61358],[73.62995,19.61343],[73.62999,19.61333],[73.63006,19.61326],[73.63022,19.61314],[73.63031,19.61312],[73.63052,19.61272],[73.63063,19.6126],[73.63086,19.61229],[73.63092,19.61215],[73.63098,19.61176],[73.63107,19.61158],[73.63107,19.61143],[73.63103,19.61135],[73.63102,19.61126],[73.6309,19.61109],[73.63086,19.61094],[73.63081,19.61068],[73.63079,19.6104],[73.63071,19.61022],[73.63083,19.61009],[73.63077,19.60983],[73.63091,19.60953],[73.63064,19.60934],[73.63091,19.60916],[73.63101,19.60892],[73.63117,19.60839],[73.63097,19.60819],[73.63109,19.60801],[73.63113,19.60792],[73.63113,19.60778],[73.6311,19.60768],[73.63114,19.60758],[73.63104,19.60744],[73.631,19.60723],[73.631,19.60709],[73.63097,19.60692],[73.63079,19.60669],[73.63067,19.6066],[73.63061,19.60618],[73.63067,19.6058],[73.63062,19.60561],[73.63062,19.60536],[73.63071,19.60518],[73.63089,19.605],[73.63101,19.60466],[73.63088,19.60426],[73.63057,19.6039],[73.63044,19.6036],[73.63023,19.60327],[73.63012,19.60302],[73.63004,19.60278],[73.63002,19.60249],[73.62998,19.60232],[73.6299,19.60205],[73.62999,19.60194],[73.63001,19.60176],[73.63,19.60161],[73.62987,19.60144],[73.62982,19.6012],[73.62976,19.60097],[73.62966,19.60083],[73.6296,19.60052],[73.62963,19.60031],[73.62968,19.60023],[73.62985,19.60028],[73.62987,19.60005],[73.62988,19.59995],[73.62998,19.59989],[73.63005,19.5998],[73.63002,19.5997],[73.62996,19.59967],[73.62996,19.59958],[73.62997,19.59936],[73.63006,19.59917],[73.63014,19.59907],[73.63023,19.59899],[73.63036,19.59897],[73.63047,19.59883],[73.63052,19.59865],[73.63059,19.59856],[73.6306,19.59846],[73.6306,19.59828],[73.63064,19.5982],[73.63073,19.59821],[73.63089,19.59824],[73.63101,19.59823],[73.6311,19.59821],[73.63121,19.59831],[73.63125,19.59841],[73.63135,19.59842],[73.63142,19.5984],[73.63147,19.59844],[73.63159,19.59844],[73.63168,19.59842],[73.63184,19.59849],[73.63191,19.59851],[73.63205,19.59855],[73.63221,19.59856],[73.63231,19.59853],[73.63248,19.59844],[73.63256,19.59837],[73.63264,19.59833],[73.63277,19.59835],[73.63287,19.59836],[73.63291,19.59836],[73.63312,19.59836],[73.6332,19.59833],[73.63343,19.59833],[73.63363,19.59832],[73.63375,19.59831],[73.63387,19.59834],[73.63394,19.59833],[73.63405,19.59832],[73.63411,19.59834],[73.63415,19.59832],[73.6342,19.59832],[73.63424,19.59835],[73.63431,19.59833],[73.63438,19.59834],[73.63448,19.59832],[73.63464,19.59829],[73.63482,19.59829],[73.63505,19.5983],[73.63533,19.59838],[73.63544,19.59842],[73.63563,19.59848],[73.63572,19.59848],[73.63586,19.59843],[73.63605,19.5984],[73.63623,19.59846],[73.63638,19.59846],[73.63656,19.59852],[73.63681,19.59863],[73.6369,19.59871],[73.63707,19.59877],[73.63714,19.59885],[73.63721,19.59894],[73.63731,19.59894],[73.63741,19.59888],[73.63755,19.59879],[73.63777,19.59875],[73.63799,19.5987],[73.6382,19.59869],[73.63844,19.59867],[73.63864,19.5987],[73.63879,19.59866],[73.63891,19.59859],[73.63904,19.5985],[73.63922,19.59845],[73.63938,19.59841],[73.63954,19.59841],[73.63967,19.59843],[73.63972,19.59833],[73.63971,19.59814],[73.63972,19.59795],[73.63972,19.59777],[73.63965,19.59759],[73.63958,19.59749],[73.63949,19.59745],[73.63944,19.59735],[73.63948,19.5973],[73.63954,19.59733],[73.63957,19.59731],[73.63955,19.59722],[73.63943,19.59713],[73.63934,19.59707],[73.63924,19.59705],[73.63919,19.59694],[73.63921,19.59687],[73.63916,19.59677],[73.63906,19.59665],[73.63897,19.5966],[73.63889,19.59656],[73.63887,19.59648],[73.63883,19.59633],[73.63876,19.59618],[73.63866,19.59602],[73.63864,19.59593],[73.63863,19.59588],[73.63848,19.59592],[73.63843,19.59593],[73.63835,19.59587],[73.63837,19.59577],[73.63841,19.59568],[73.63839,19.59558],[73.6383,19.59557],[73.6382,19.59557],[73.63815,19.59553],[73.63816,19.59545],[73.63818,19.5954],[73.63811,19.5953],[73.63802,19.59524],[73.63789,19.59518],[73.63783,19.59513],[73.63777,19.59507],[73.63774,19.59502],[73.6377,19.59492],[73.63768,19.59484],[73.6377,19.59478],[73.63775,19.59474],[73.63776,19.59464],[73.63776,19.59459],[73.63772,19.59453],[73.63767,19.59446],[73.63806,19.59372],[73.6383,19.59352],[73.63852,19.59332],[73.63869,19.5931],[73.6388,19.59301],[73.63912,19.59229],[73.63914,19.59205],[73.63928,19.5917],[73.63941,19.59148],[73.63947,19.59118],[73.63943,19.59104],[73.6396,19.59082],[73.63994,19.59053],[73.63988,19.59042],[73.63993,19.59035],[73.64004,19.59035],[73.64011,19.59039],[73.64015,19.59036],[73.64017,19.59024],[73.64015,19.59036],[73.64011,19.59039],[73.64004,19.59035],[73.63993,19.59035],[73.63988,19.59042],[73.63994,19.59053],[73.6396,19.59082],[73.63943,19.59104],[73.63947,19.59118],[73.63941,19.59148],[73.63928,19.5917],[73.63914,19.59205],[73.63912,19.59229],[73.6388,19.59301],[73.63869,19.5931],[73.63852,19.59332],[73.6383,19.59352],[73.63806,19.59372],[73.63767,19.59446],[73.63772,19.59453],[73.63776,19.59459],[73.63776,19.59464],[73.63775,19.59474],[73.6377,19.59478],[73.63768,19.59484],[73.6377,19.59492],[73.63774,19.59502],[73.63777,19.59507],[73.63783,19.59513],[73.63789,19.59518],[73.63802,19.59524],[73.63811,19.5953],[73.63818,19.5954],[73.63816,19.59545],[73.63815,19.59553],[73.6382,19.59557],[73.6383,19.59557],[73.63839,19.59558],[73.63841,19.59568],[73.63837,19.59577],[73.63835,19.59587],[73.63843,19.59593],[73.63848,19.59592],[73.63863,19.59588],[73.63864,19.59593],[73.63866,19.59602],[73.63876,19.59618],[73.63883,19.59633],[73.63887,19.59648],[73.63889,19.59656],[73.63897,19.5966],[73.63906,19.59665],[73.63916,19.59677],[73.63921,19.59687],[73.63919,19.59694],[73.63924,19.59705],[73.63934,19.59707],[73.63943,19.59713],[73.63955,19.59722],[73.63957,19.59731],[73.63954,19.59733],[73.63948,19.5973],[73.63944,19.59735],[73.63949,19.59745],[73.63958,19.59749],[73.63965,19.59759],[73.63972,19.59777],[73.63972,19.59795],[73.63971,19.59814],[73.63972,19.59833],[73.63967,19.59843],[73.63954,19.59841],[73.63938,19.59841],[73.63922,19.59845],[73.63904,19.5985],[73.63891,19.59859],[73.63879,19.59866],[73.63864,19.5987],[73.63844,19.59867],[73.6382,19.59869],[73.63799,19.5987],[73.63777,19.59875],[73.63755,19.59879],[73.63741,19.59888],[73.63731,19.59894],[73.63721,19.59894],[73.63714,19.59885],[73.63707,19.59877],[73.6369,19.59871],[73.63681,19.59863],[73.63656,19.59852],[73.63638,19.59846],[73.63623,19.59846],[73.63605,19.5984],[73.63586,19.59843],[73.63572,19.59848],[73.63563,19.59848],[73.63544,19.59842],[73.63533,19.59838],[73.63505,19.5983],[73.63482,19.59829],[73.63464,19.59829],[73.63448,19.59832],[73.63438,19.59834],[73.63431,19.59833],[73.63424,19.59835],[73.6342,19.59832],[73.63415,19.59832],[73.63411,19.59834],[73.63405,19.59832],[73.63394,19.59833],[73.63387,19.59834],[73.63375,19.59831],[73.63363,19.59832],[73.63343,19.59833],[73.6332,19.59833],[73.63312,19.59836],[73.63291,19.59836],[73.63287,19.59836],[73.63277,19.59835],[73.63264,19.59833],[73.63256,19.59837],[73.63248,19.59844],[73.63231,19.59853],[73.63221,19.59856],[73.63205,19.59855],[73.63191,19.59851],[73.63182,19.5983],[73.63174,19.59809],[73.63161,19.59783],[73.63146,19.59754],[73.63136,19.5973],[73.63119,19.5972],[73.6311,19.59728],[73.6309,19.59735],[73.63082,19.59748],[73.63061,19.59765],[73.63046,19.59774],[73.63033,19.59786],[73.63027,19.59794],[73.63005,19.59806],[73.6298,19.59825],[73.62954,19.59839],[73.6293,19.59856],[73.62902,19.59873],[73.62873,19.59873],[73.62854,19.59873],[73.62819,19.59882],[73.62786,19.59885],[73.62757,19.59884],[73.62726,19.59878],[73.62712,19.59868],[73.62681,19.59863],[73.62663,19.59855],[73.62657,19.59848],[73.62633,19.59839],[73.62598,19.59835],[73.62587,19.5983],[73.62566,19.59812],[73.62547,19.59786],[73.62536,19.59765],[73.62536,19.59743],[73.62531,19.59733],[73.62529,19.59717],[73.62531,19.59698],[73.62527,19.59674],[73.62512,19.59658],[73.62503,19.59639],[73.62492,19.59637],[73.62478,19.59629],[73.62473,19.59616],[73.62467,19.59601],[73.62449,19.596],[73.62433,19.5958],[73.62424,19.59559],[73.62414,19.59534],[73.62405,19.59524],[73.62381,19.59517],[73.62362,19.59504],[73.62348,19.59482],[73.62335,19.59466],[73.62322,19.59459],[73.62314,19.59447],[73.62302,19.59424],[73.62289,19.59413],[73.62281,19.59397],[73.62281,19.59384],[73.6226,19.59367],[73.62245,19.59351],[73.62234,19.59333],[73.6222,19.59314],[73.62197,19.59294],[73.62184,19.5928],[73.62174,19.59248],[73.62162,19.59231],[73.62153,19.59218],[73.62142,19.59209],[73.62127,19.59188],[73.62112,19.59163],[73.62099,19.59134],[73.62084,19.59104],[73.62073,19.59071],[73.62072,19.59048],[73.62068,19.59029],[73.62056,19.59006],[73.62044,19.58987],[73.62023,19.5898],[73.62013,19.58965],[73.61998,19.58942],[73.61995,19.58927],[73.61997,19.5891],[73.61996,19.58885],[73.62012,19.5888],[73.62023,19.58869],[73.62039,19.58868],[73.62058,19.58858],[73.62079,19.58846],[73.62117,19.58845],[73.62134,19.58846],[73.62159,19.58834],[73.62185,19.58825],[73.62249,19.58817],[73.62302,19.58814],[73.62335,19.58816],[73.6236,19.5881],[73.62387,19.5882],[73.62413,19.58839],[73.62434,19.58857],[73.62461,19.58876],[73.62476,19.589],[73.62488,19.58915],[73.62494,19.58925],[73.62516,19.58931],[73.6254,19.58914],[73.62567,19.58867],[73.62638,19.58801],[73.62697,19.58771],[73.62773,19.5884],[73.62805,19.58903],[73.62913,19.58891],[73.62962,19.58917],[73.6303,19.58952],[73.63107,19.58993],[73.63161,19.59],[73.63196,19.59],[73.6326,19.59],[73.63329,19.59051],[73.63404,19.58996],[73.63457,19.58964],[73.63505,19.58916],[73.63537,19.58867],[73.63568,19.58819],[73.63593,19.58771],[73.63561,19.58691],[73.63571,19.58634],[73.63545,19.58552],[73.63541,19.58469],[73.63533,19.58383],[73.63538,19.58293],[73.63553,19.5821],[73.63585,19.58165],[73.63618,19.58116],[73.63662,19.58073],[73.63695,19.58042],[73.63748,19.58005],[73.63812,19.57976],[73.6386,19.57955],[73.63865,19.57914],[73.63846,19.57885],[73.63807,19.5783],[73.63763,19.57791],[73.63734,19.57752],[73.63701,19.57674],[73.63706,19.57619],[73.63715,19.57546],[73.63748,19.57494],[73.63731,19.57475],[73.63714,19.57418],[73.63692,19.57389],[73.63692,19.57361],[73.63662,19.57319],[73.63645,19.5729],[73.63635,19.5726],[73.63625,19.57212],[73.6362,19.5717],[73.63607,19.57112],[73.636,19.5706],[73.63592,19.57047],[73.63586,19.57019],[73.6359,19.56998],[73.63586,19.56986],[73.63591,19.56957],[73.63591,19.56933],[73.63596,19.56914],[73.63594,19.56896],[73.63585,19.56877],[73.63578,19.56855],[73.63573,19.56833],[73.63566,19.56815],[73.63567,19.56796],[73.63568,19.56783],[73.63562,19.56765],[73.63565,19.56755],[73.63555,19.56742],[73.63563,19.56739],[73.6356,19.56723],[73.63556,19.56712],[73.63555,19.567],[73.63556,19.5669],[73.63567,19.56685],[73.63568,19.56677],[73.63573,19.56671],[73.63575,19.56664],[73.63578,19.56655],[73.6358,19.56647],[73.63582,19.56642],[73.63587,19.56638],[73.63591,19.56631],[73.63593,19.56625],[73.63593,19.56618],[73.63594,19.56612],[73.63598,19.56608],[73.63601,19.56602],[73.63601,19.56594],[73.63601,19.56588],[73.63601,19.56584],[73.636,19.5658],[73.63601,19.56576],[73.63601,19.56574],[73.63601,19.56573],[73.63599,19.56571],[73.63601,19.5657],[73.63602,19.56568],[73.63604,19.56566],[73.63606,19.56568],[73.63606,19.56566],[73.63609,19.56567],[73.6361,19.56567],[73.63612,19.56566],[73.63616,19.56567],[73.63618,19.56567],[73.6362,19.56569],[73.63621,19.5657],[73.63623,19.56569],[73.63622,19.56567],[73.63623,19.56566],[73.63624,19.56564],[73.63625,19.56564],[73.63626,19.56564],[73.63626,19.56563],[73.63626,19.56562],[73.63625,19.56561],[73.63624,19.56561],[73.63623,19.5656],[73.63623,19.5656],[73.63621,19.5656],[73.63623,19.56558],[73.63622,19.56556],[73.63623,19.56555],[73.63624,19.56555],[73.63625,19.56554],[73.63625,19.56553],[73.63624,19.56552],[73.63626,19.56553],[73.63626,19.56552],[73.63627,19.56551],[73.63627,19.56551],[73.63627,19.5655],[73.63627,19.56549],[73.63627,19.56549],[73.63627,19.56549],[73.63628,19.5655],[73.63628,19.5655],[73.63629,19.5655],[73.63629,19.56548],[73.63631,19.56545],[73.63633,19.56545],[73.63635,19.56544],[73.63638,19.56543],[73.63639,19.56541],[73.63641,19.56541],[73.63646,19.56537],[73.63649,19.56538],[73.63652,19.56537],[73.63654,19.56537],[73.63654,19.56536],[73.63652,19.56534],[73.63654,19.56532],[73.63656,19.56534],[73.63658,19.56533],[73.63658,19.56532],[73.63656,19.56529],[73.63656,19.56527],[73.63659,19.56525],[73.6366,19.56523],[73.63662,19.56524],[73.63663,19.56521],[73.63666,19.56518],[73.63667,19.56516],[73.63671,19.56516],[73.63673,19.56516],[73.63675,19.56516],[73.63677,19.56517],[73.63677,19.56518],[73.63679,19.56518],[73.6368,19.56518],[73.63682,19.56518],[73.63684,19.56518],[73.63684,19.56516],[73.63686,19.56515],[73.63686,19.56514],[73.6369,19.56512],[73.6369,19.56509],[73.63693,19.5651],[73.63695,19.56503],[73.63697,19.56499],[73.63701,19.56496],[73.63703,19.56494],[73.63706,19.56492],[73.63709,19.56491],[73.63712,19.5649],[73.63715,19.56487],[73.63714,19.56485],[73.63715,19.56483],[73.63719,19.56482],[73.63722,19.5648],[73.63725,19.56478],[73.63727,19.56477],[73.6373,19.56475],[73.63734,19.56473],[73.63736,19.56473],[73.63737,19.56471],[73.63742,19.56468],[73.63746,19.56465],[73.6375,19.56463],[73.63755,19.56461],[73.6376,19.56461],[73.63765,19.56458],[73.63767,19.56456],[73.63772,19.56454],[73.63778,19.56451],[73.63781,19.56449],[73.63785,19.56445],[73.63787,19.56443],[73.63792,19.56441],[73.63793,19.56439],[73.63796,19.56437],[73.638,19.56434],[73.63802,19.56431],[73.63802,19.56428],[73.63803,19.56425],[73.63804,19.56419],[73.63806,19.56417],[73.63808,19.56414],[73.63809,19.56409],[73.63812,19.56405],[73.63815,19.56403],[73.6382,19.56402],[73.63825,19.56398],[73.63827,19.56396],[73.63829,19.56392],[73.63833,19.56389],[73.63837,19.56387],[73.63839,19.56384],[73.63843,19.56382],[73.63847,19.56381],[73.63849,19.56379],[73.63848,19.56378],[73.6385,19.56372],[73.63855,19.5637],[73.63857,19.56367],[73.63862,19.56368],[73.63866,19.56366],[73.63869,19.56365],[73.63874,19.56361],[73.63877,19.56358],[73.63882,19.56357],[73.63883,19.56353],[73.63886,19.5635],[73.63887,19.5635],[73.63888,19.56349],[73.63888,19.56348],[73.63889,19.56348],[73.6389,19.56347],[73.6389,19.56346],[73.63894,19.56342],[73.639,19.56335],[73.63904,19.56333],[73.63908,19.56327],[73.63911,19.56324],[73.63914,19.56318],[73.63916,19.56313],[73.63924,19.56309],[73.63929,19.56304],[73.63931,19.563],[73.63934,19.56297],[73.63938,19.56291],[73.63938,19.56286],[73.63938,19.56279],[73.63943,19.56274],[73.63945,19.56268],[73.63947,19.56263],[73.63949,19.56261],[73.63952,19.56256],[73.63955,19.56254],[73.63954,19.56249],[73.63959,19.56242],[73.63962,19.56238],[73.63964,19.56233],[73.63964,19.5623],[73.63965,19.56229],[73.63966,19.56228],[73.63966,19.56227],[73.63968,19.56226],[73.63969,19.56224],[73.6397,19.56222],[73.63968,19.5622],[73.63974,19.5622],[73.6398,19.56209],[73.63983,19.56201],[73.63987,19.5619],[73.63989,19.56181],[73.63992,19.56171],[73.63995,19.56161],[73.63999,19.56152],[73.64,19.5614],[73.64,19.5613],[73.63999,19.56118],[73.63999,19.56109],[73.64004,19.56106],[73.6401,19.56094],[73.64012,19.5609],[73.64012,19.56086],[73.64016,19.5608],[73.64018,19.56076],[73.64021,19.56072],[73.64024,19.56069],[73.64026,19.56065],[73.64028,19.56061],[73.64029,19.56057],[73.64033,19.56053],[73.64035,19.56048],[73.64038,19.56044],[73.64041,19.56042],[73.64041,19.56038],[73.64044,19.56037],[73.64045,19.56038],[73.64046,19.56038],[73.64047,19.56037],[73.64049,19.56034],[73.6405,19.56033],[73.64052,19.56031],[73.64053,19.56029],[73.64054,19.56027],[73.64055,19.56025],[73.64056,19.56022],[73.64057,19.56019],[73.6406,19.56018],[73.64063,19.56015],[73.64063,19.56013],[73.64065,19.56012],[73.64066,19.5601],[73.64067,19.56008],[73.64067,19.56007],[73.64068,19.56006],[73.64069,19.56006],[73.64069,19.56005],[73.64069,19.56004],[73.64069,19.56003],[73.6407,19.56002],[73.64071,19.56001],[73.64072,19.56],[73.64072,19.55998],[73.64074,19.55998],[73.64075,19.55997],[73.64077,19.55997],[73.64078,19.55996],[73.64079,19.55995],[73.64079,19.55995],[73.64081,19.55994],[73.64081,19.55993],[73.64081,19.55993],[73.64081,19.55992],[73.64082,19.55991],[73.64082,19.55991],[73.64083,19.5599],[73.64083,19.55989],[73.64083,19.55989],[73.64083,19.55988],[73.64083,19.55987],[73.64084,19.55985],[73.64085,19.55983],[73.64086,19.55981],[73.64087,19.5598],[73.64086,19.55978],[73.64087,19.55976],[73.64086,19.55975],[73.64086,19.55974],[73.64087,19.55974],[73.64087,19.55973],[73.64087,19.55972],[73.64088,19.55973],[73.64089,19.55972],[73.64089,19.55971],[73.6409,19.55969],[73.6409,19.55968],[73.6409,19.55967],[73.6409,19.55965],[73.64092,19.55964],[73.64092,19.55959],[73.64092,19.55956],[73.64092,19.55954],[73.64092,19.55953],[73.64093,19.55951],[73.64093,19.5595],[73.64096,19.55948],[73.64095,19.55947],[73.64097,19.55946],[73.64097,19.55945],[73.64097,19.55944],[73.64098,19.55943],[73.64098,19.55942],[73.64099,19.55942],[73.64099,19.55941],[73.641,19.5594],[73.641,19.55939],[73.641,19.55939],[73.641,19.55938],[73.64101,19.55937],[73.64101,19.55936],[73.64102,19.55933],[73.64104,19.55931],[73.64103,19.55929],[73.64103,19.55926],[73.64104,19.55924],[73.64106,19.55921],[73.64109,19.5592],[73.64111,19.55919],[73.64112,19.55916],[73.64112,19.55914],[73.64115,19.55914],[73.64115,19.55912],[73.64116,19.55911],[73.64116,19.5591],[73.64116,19.55908],[73.64118,19.55907],[73.64117,19.55907],[73.64117,19.55906],[73.64118,19.55905],[73.64118,19.55905],[73.64119,19.55903],[73.64118,19.55902],[73.64119,19.55901],[73.64119,19.55899],[73.64118,19.559],[73.64118,19.55898],[73.64119,19.55898],[73.64119,19.55897],[73.64119,19.55897],[73.64119,19.55897],[73.64119,19.55896],[73.64121,19.55897],[73.64121,19.55897],[73.64122,19.55896],[73.64123,19.55896],[73.64123,19.55895],[73.64124,19.55895],[73.64126,19.55889],[73.64127,19.55884],[73.64129,19.55881],[73.64129,19.55879],[73.64127,19.55879],[73.64124,19.55882],[73.64122,19.5588],[73.6412,19.55879],[73.64121,19.55878],[73.64122,19.55877],[73.64121,19.55876],[73.64121,19.55877],[73.6412,19.55876],[73.64119,19.55876],[73.64119,19.55877],[73.64117,19.55878],[73.64116,19.55877],[73.64114,19.55878],[73.64113,19.55878],[73.64112,19.55878],[73.64112,19.55877],[73.64111,19.55877],[73.64111,19.55876],[73.6411,19.55877],[73.64109,19.55877],[73.64109,19.55876],[73.64107,19.55877],[73.64106,19.55876],[73.64105,19.55876],[73.64106,19.5587],[73.64112,19.55868],[73.64112,19.55866],[73.64115,19.55862],[73.64116,19.55857],[73.64117,19.55856],[73.64119,19.55853],[73.64123,19.55851],[73.64126,19.5585],[73.64127,19.55848],[73.6413,19.55846],[73.64132,19.55846],[73.64132,19.55845],[73.64134,19.55845],[73.64141,19.55838],[73.64149,19.55833],[73.64155,19.55831],[73.64167,19.55823],[73.64175,19.55819],[73.64183,19.55816],[73.64184,19.55807],[73.64191,19.55801],[73.64197,19.55795],[73.64212,19.55806],[73.64231,19.55807],[73.64233,19.55794],[73.64249,19.5576],[73.64256,19.55728],[73.64266,19.55705],[73.64278,19.55669],[73.64287,19.55664],[73.64294,19.55643],[73.64305,19.55635],[73.64322,19.55632],[73.64354,19.55631],[73.64362,19.55625],[73.64375,19.55628],[73.64405,19.55661],[73.64427,19.55676],[73.64448,19.5569],[73.64453,19.557],[73.645,19.55726],[73.64523,19.55731],[73.64531,19.55718],[73.64575,19.55745],[73.64612,19.55771],[73.64634,19.55792],[73.64665,19.55825],[73.64685,19.5585],[73.64727,19.55894],[73.6475,19.55935],[73.64815,19.55943],[73.64854,19.55967],[73.64879,19.55981],[73.64915,19.55976],[73.64934,19.5599],[73.64957,19.56006],[73.64965,19.56024],[73.65004,19.56044],[73.65042,19.56057],[73.6508,19.56091],[73.65098,19.56126],[73.65151,19.56165],[73.65204,19.56203],[73.6524,19.56232],[73.65259,19.56277],[73.65271,19.56308],[73.65294,19.56335],[73.65326,19.56374],[73.65346,19.56414],[73.65352,19.56422],[73.65355,19.56448],[73.65399,19.56456],[73.65406,19.56514],[73.6541,19.56531],[73.65439,19.56553],[73.65452,19.56599],[73.65465,19.56642],[73.65482,19.56664],[73.65505,19.56651],[73.65509,19.56669],[73.65548,19.56662],[73.65567,19.56668],[73.65551,19.56691],[73.65576,19.56704],[73.65609,19.56718],[73.65618,19.56746],[73.6563,19.56774],[73.65614,19.56817],[73.65617,19.5686],[73.65618,19.56923],[73.65645,19.56952],[73.65662,19.56968],[73.65679,19.5699],[73.65723,19.56999],[73.65736,19.5701],[73.65735,19.57028],[73.65755,19.57053],[73.65778,19.57084],[73.65776,19.57102],[73.65787,19.57142],[73.65785,19.57168],[73.65778,19.57196],[73.65776,19.57226],[73.65763,19.57271],[73.65748,19.57296],[73.65742,19.57322],[73.65743,19.57344],[73.65753,19.57365],[73.65783,19.57383],[73.658,19.57394],[73.65815,19.57407],[73.65845,19.5741],[73.65872,19.57422],[73.65905,19.57428],[73.65927,19.5744],[73.6594,19.57454],[73.65956,19.57469],[73.65967,19.57482],[73.65982,19.57478],[73.65998,19.5745],[73.66008,19.57456],[73.66009,19.5747],[73.66018,19.57479],[73.66023,19.57491],[73.6603,19.57507],[73.66039,19.57517],[73.6605,19.57519],[73.66068,19.57519],[73.66075,19.57531],[73.66085,19.57531],[73.66089,19.57519],[73.66098,19.57497],[73.66122,19.57491],[73.66126,19.57524],[73.66118,19.57552],[73.66121,19.57575],[73.66108,19.57615],[73.661,19.57641],[73.66093,19.57667],[73.66099,19.57713],[73.66099,19.57759],[73.66088,19.57808],[73.6607,19.57865],[73.66047,19.57995],[73.66029,19.58054],[73.65994,19.58112],[73.65974,19.58148],[73.65957,19.58179],[73.65937,19.58203],[73.65901,19.58263],[73.6587,19.58294],[73.65861,19.58306],[73.65855,19.58326],[73.65843,19.58347],[73.65837,19.5837],[73.65811,19.58406],[73.65798,19.5842],[73.65783,19.58441],[73.65773,19.58456],[73.65764,19.5847],[73.65757,19.58487],[73.65749,19.58504],[73.6574,19.58523],[73.65732,19.58539],[73.65725,19.58556],[73.6573,19.58572],[73.6574,19.58586],[73.65759,19.58594],[73.65763,19.58572],[73.65775,19.58553],[73.65789,19.58533],[73.65794,19.58521],[73.65798,19.585],[73.65802,19.58487],[73.65814,19.58478],[73.65826,19.58474],[73.6584,19.58474],[73.65859,19.58477],[73.65867,19.58469],[73.65882,19.58459],[73.65898,19.58459],[73.65913,19.58456],[73.65925,19.58443],[73.65946,19.58435],[73.65971,19.58417],[73.65983,19.58404],[73.66007,19.58399],[73.66028,19.58378],[73.66043,19.58366],[73.66057,19.58344],[73.66069,19.58325],[73.66084,19.5831],[73.66097,19.58306],[73.66106,19.58296],[73.66115,19.58289],[73.6612,19.58283],[73.66118,19.58272],[73.66133,19.58257],[73.66129,19.58245],[73.66123,19.58235],[73.66122,19.58225],[73.66121,19.58219],[73.66119,19.58207],[73.6611,19.58192],[73.6612,19.58176],[73.66123,19.58154],[73.66138,19.58117],[73.66143,19.58089],[73.6616,19.58067],[73.66172,19.5805],[73.66192,19.58036],[73.66211,19.5801],[73.66225,19.57987],[73.66246,19.57957],[73.6625,19.57953],[73.66254,19.57998],[73.66236,19.58081],[73.66235,19.58135],[73.66221,19.58181],[73.66213,19.58224],[73.66198,19.58248],[73.66166,19.58266],[73.66147,19.58272],[73.66136,19.58271],[73.66131,19.58286],[73.66136,19.58271],[73.66147,19.58272],[73.66166,19.58266],[73.66198,19.58248],[73.66213,19.58224],[73.66221,19.58181],[73.66235,19.58135],[73.66236,19.58081],[73.66254,19.57998],[73.6625,19.57953],[73.66246,19.57957],[73.66225,19.57987],[73.66211,19.5801],[73.66192,19.58036],[73.66172,19.5805],[73.6616,19.58067],[73.66143,19.58089],[73.66138,19.58117],[73.66123,19.58154],[73.6612,19.58176],[73.6611,19.58192],[73.66119,19.58207],[73.66121,19.58219],[73.66122,19.58225],[73.66123,19.58235],[73.66129,19.58245],[73.66133,19.58257],[73.66118,19.58272],[73.6612,19.58283],[73.66115,19.58289],[73.66106,19.58296],[73.66097,19.58306],[73.66084,19.5831],[73.66069,19.58325],[73.66057,19.58344],[73.66043,19.58366],[73.66028,19.58378],[73.66007,19.58399],[73.65983,19.58404],[73.65971,19.58417],[73.65946,19.58435],[73.65925,19.58443],[73.65913,19.58456],[73.65898,19.58459],[73.65882,19.58459],[73.65867,19.58469],[73.65859,19.58477],[73.6584,19.58474],[73.65826,19.58474],[73.65814,19.58478],[73.65802,19.58487],[73.65798,19.585],[73.65794,19.58521],[73.65789,19.58533],[73.65775,19.58553],[73.65763,19.58572],[73.65759,19.58594],[73.6574,19.58586],[73.6573,19.58572],[73.65725,19.58556],[73.65732,19.58539],[73.6574,19.58523],[73.65749,19.58504],[73.65757,19.58487],[73.65764,19.5847],[73.65773,19.58456],[73.65783,19.58441],[73.65798,19.5842],[73.65811,19.58406],[73.65837,19.5837],[73.65843,19.58347],[73.65855,19.58326],[73.65861,19.58306],[73.6587,19.58294],[73.65901,19.58263],[73.65937,19.58203],[73.65957,19.58179],[73.65974,19.58148],[73.65994,19.58112],[73.66029,19.58054],[73.66047,19.57995],[73.6607,19.57865],[73.66088,19.57808],[73.66099,19.57759],[73.66099,19.57713],[73.66093,19.57667],[73.661,19.57641],[73.66108,19.57615],[73.66121,19.57575],[73.66118,19.57552],[73.66126,19.57524],[73.66122,19.57491],[73.66098,19.57497],[73.66089,19.57519],[73.66085,19.57531],[73.66075,19.57531],[73.66068,19.57519],[73.6605,19.57519],[73.66039,19.57517],[73.6603,19.57507],[73.66023,19.57491],[73.66018,19.57479],[73.66009,19.5747],[73.66008,19.57456],[73.65998,19.5745],[73.65982,19.57478],[73.65967,19.57482],[73.65956,19.57469],[73.6594,19.57454],[73.65927,19.5744],[73.65905,19.57428],[73.65872,19.57422],[73.65845,19.5741],[73.65815,19.57407],[73.658,19.57394],[73.65783,19.57383],[73.65753,19.57365],[73.65743,19.57344],[73.65718,19.57374],[73.65701,19.57421],[73.65718,19.57467],[73.65734,19.57497],[73.65734,19.57546],[73.65726,19.57598],[73.65719,19.57653],[73.65701,19.57695],[73.65672,19.57735],[73.65654,19.57767],[73.6562,19.57824],[73.65614,19.57865],[73.65621,19.57917],[73.65632,19.57971],[73.65603,19.5802],[73.65578,19.58076],[73.65576,19.58114],[73.65554,19.58138],[73.6552,19.58152],[73.65482,19.58189],[73.65451,19.58191],[73.65425,19.58207],[73.654,19.58225],[73.65338,19.58242],[73.65307,19.58283],[73.65297,19.58301],[73.65278,19.58313],[73.65264,19.58297],[73.65224,19.58305],[73.65173,19.58316],[73.65136,19.58326],[73.65115,19.58358],[73.65098,19.58393],[73.65062,19.58418],[73.65012,19.58425],[73.65003,19.58457],[73.64996,19.58483],[73.65004,19.58516],[73.65017,19.58532],[73.65019,19.58553],[73.65044,19.58587],[73.65024,19.58621],[73.65003,19.58638],[73.64983,19.58665],[73.64966,19.58706],[73.64957,19.58751],[73.64964,19.58787],[73.65011,19.58821],[73.65026,19.5883],[73.65037,19.58837],[73.65045,19.58849],[73.6505,19.58847],[73.65057,19.58845],[73.65065,19.58846],[73.65069,19.5885],[73.65069,19.58857],[73.6507,19.5886],[73.65076,19.5886],[73.65082,19.58863],[73.65088,19.58863],[73.65091,19.58859],[73.65089,19.58853],[73.65088,19.58849],[73.65092,19.58848],[73.65099,19.58852],[73.65107,19.58854],[73.65116,19.58855],[73.65125,19.58857],[73.6513,19.58859],[73.65141,19.58863],[73.65149,19.58865],[73.65154,19.58865],[73.65161,19.58865],[73.65164,19.58864],[73.65173,19.58861],[73.65178,19.58855],[73.65183,19.58848],[73.65211,19.58839],[73.65236,19.58838],[73.65268,19.58838],[73.65299,19.58839],[73.65344,19.58832],[73.65358,19.58832],[73.65382,19.58822],[73.65402,19.58816],[73.65418,19.58818],[73.65436,19.58823],[73.65457,19.58822],[73.65466,19.58815],[73.65468,19.58801],[73.65486,19.58785],[73.65497,19.58778],[73.655,19.58777],[73.65506,19.58788],[73.65517,19.58795],[73.65514,19.58805],[73.65528,19.58805],[73.65538,19.588],[73.65539,19.58806],[73.65535,19.58813],[73.65526,19.58818],[73.65527,19.58831],[73.65528,19.58844],[73.65533,19.58845],[73.65529,19.58854],[73.65525,19.58858],[73.65522,19.58865],[73.65518,19.5887],[73.65516,19.58876],[73.65519,19.5888],[73.65527,19.5888],[73.6553,19.58885],[73.65534,19.58892],[73.65539,19.58902],[73.65549,19.58903],[73.65555,19.58906],[73.65557,19.58922],[73.65563,19.58925],[73.65567,19.5894],[73.65574,19.58949],[73.6559,19.58954],[73.65598,19.58965],[73.65621,19.58964],[73.65628,19.58955],[73.65643,19.58939],[73.65642,19.58933],[73.65648,19.58933],[73.65658,19.58925],[73.65664,19.58915],[73.6568,19.58902],[73.65701,19.58901],[73.65724,19.5889],[73.65743,19.58882],[73.65758,19.58878],[73.65767,19.58868],[73.65783,19.58867],[73.65786,19.5887],[73.65802,19.58863],[73.65808,19.58854],[73.65826,19.58853],[73.65834,19.58839],[73.65843,19.58837],[73.65859,19.58826],[73.65876,19.58815],[73.65887,19.58801],[73.65907,19.58795],[73.65937,19.58801],[73.65955,19.58798],[73.65966,19.58807],[73.65982,19.58814],[73.65976,19.58834],[73.65977,19.58849],[73.65988,19.58873],[73.65985,19.58889],[73.65986,19.58907],[73.65989,19.58915],[73.65985,19.58936],[73.66017,19.58944],[73.66025,19.58967],[73.66025,19.58985],[73.66046,19.59001],[73.66056,19.5902],[73.66054,19.59045],[73.66044,19.59055],[73.66043,19.59069],[73.66027,19.59083],[73.66033,19.59098],[73.66044,19.59101],[73.66049,19.59118],[73.66049,19.5915],[73.66029,19.59179],[73.66037,19.59198],[73.66035,19.59214],[73.66043,19.59226],[73.66045,19.59241],[73.66059,19.59242],[73.66059,19.59259],[73.66047,19.59281],[73.66069,19.59294],[73.66091,19.59294],[73.66113,19.59283],[73.66118,19.5931],[73.66133,19.59322],[73.66132,19.59354],[73.66125,19.59373],[73.66135,19.5939],[73.66154,19.59406],[73.66167,19.59415],[73.66181,19.59429],[73.66188,19.59451],[73.66189,19.59467],[73.66199,19.59487],[73.66198,19.59495],[73.66194,19.59504],[73.66193,19.59514],[73.66201,19.59522],[73.66205,19.59531],[73.66205,19.5954],[73.66214,19.59555],[73.66203,19.59561],[73.66205,19.59584],[73.66201,19.59595],[73.66203,19.59609],[73.66206,19.59623],[73.66205,19.5964],[73.66202,19.5966],[73.66207,19.59676],[73.66201,19.59698],[73.66204,19.59716],[73.66196,19.5973],[73.66203,19.59759],[73.66206,19.59775],[73.66216,19.59786],[73.66216,19.59792],[73.66206,19.59804],[73.66205,19.59813],[73.66198,19.59826],[73.66203,19.59849],[73.66211,19.59867],[73.66211,19.59886],[73.66224,19.59907],[73.66254,19.59916],[73.66271,19.59908],[73.66288,19.59918],[73.66313,19.59921],[73.66335,19.59954],[73.66356,19.59983],[73.66368,19.60019],[73.66376,19.60037],[73.66374,19.6005],[73.66387,19.60057],[73.66385,19.60071],[73.66397,19.60092],[73.66402,19.60113],[73.66402,19.60134],[73.66392,19.60153],[73.66415,19.60183],[73.6644,19.60198],[73.66459,19.60215],[73.66468,19.6023],[73.66483,19.60263],[73.66512,19.60285],[73.66521,19.60311],[73.66531,19.60329],[73.66529,19.60354],[73.66527,19.60374],[73.66536,19.60402],[73.66542,19.60429],[73.66544,19.60451],[73.66548,19.60466],[73.66551,19.60492],[73.6657,19.60514],[73.6658,19.60543],[73.66575,19.60586],[73.66583,19.60616],[73.6658,19.60638],[73.66583,19.60653],[73.66606,19.6067],[73.6661,19.60688],[73.66616,19.60723],[73.66616,19.60741],[73.66618,19.60766],[73.66623,19.60785],[73.66624,19.60813],[73.66625,19.60842],[73.66624,19.60864],[73.66617,19.60885],[73.66618,19.60894],[73.66615,19.60906],[73.66613,19.60916],[73.66725,19.61113],[73.66769,19.61206],[73.66813,19.61286]]]},"properties":{"id":"trail_r20971700","type":"trail","name":"EST 06","name_local":null,"category":"regional hiking route","source":"openstreetmap","source_id":"relation/20971700","updated_at":"2026-06-14T20:54:35Z","tags":{"operator":"HikeX","website":"https://hikex.in/","from":"Ambewadi","to":"Samrad","network":"rwn"}}},{"type":"Feature","geometry":{"type":"MultiLineString","coordinates":[[[73.68173,19.5266],[73.68177,19.52613],[73.68157,19.52538],[73.68163,19.52521],[73.68179,19.52469],[73.68133,19.5238],[73.68083,19.52304],[73.68028,19.52244],[73.67984,19.52207],[73.67906,19.5213],[73.67798,19.52071],[73.67739,19.52069],[73.67646,19.52044],[73.67617,19.52051],[73.67619,19.52021],[73.67656,19.51975],[73.67642,19.51907],[73.6762,19.51905],[73.6762,19.51879],[73.67611,19.51853],[73.67618,19.51826],[73.6759,19.51821],[73.67592,19.51793],[73.6757,19.51756],[73.67582,19.51734],[73.67535,19.51696],[73.67468,19.51687],[73.67468,19.51713],[73.67435,19.51699],[73.67417,19.51669],[73.67365,19.51673],[73.67336,19.51646],[73.67311,19.51648],[73.67283,19.51609],[73.67245,19.51609],[73.67197,19.51586],[73.67115,19.51542],[73.67111,19.51527],[73.67068,19.51509],[73.67051,19.51483],[73.67022,19.51466],[73.66966,19.5143],[73.66909,19.5143],[73.66874,19.51468],[73.66842,19.51468],[73.66832,19.5148],[73.66805,19.51487],[73.66787,19.51519],[73.66747,19.51533],[73.66743,19.51571],[73.66724,19.51592],[73.66724,19.51619],[73.66688,19.51622],[73.66655,19.51639],[73.66629,19.51625],[73.66588,19.51627],[73.66601,19.51602],[73.66601,19.51568],[73.66569,19.51588],[73.66557,19.51569],[73.66528,19.51545],[73.66512,19.51504],[73.66494,19.51471],[73.66491,19.51451],[73.6647,19.51412],[73.66463,19.51331],[73.6646,19.51328],[73.66456,19.51335],[73.66454,19.51323],[73.66441,19.51329],[73.66427,19.51324],[73.66413,19.5133],[73.66404,19.51323],[73.66392,19.51327],[73.66371,19.51309],[73.66373,19.51328],[73.66353,19.51324],[73.66359,19.51319],[73.66349,19.5131],[73.66336,19.51319],[73.66323,19.51319],[73.66316,19.51317],[73.66316,19.51305],[73.66299,19.51307],[73.66294,19.51301],[73.66277,19.5131],[73.6627,19.51303],[73.66273,19.51294],[73.66243,19.51286],[73.6622,19.51288],[73.662,19.5127],[73.66162,19.51258],[73.66136,19.51232],[73.66098,19.51232],[73.66085,19.51233],[73.66065,19.51253],[73.66046,19.51271],[73.6602,19.51277],[73.66006,19.51274],[73.65984,19.51281],[73.65957,19.51282],[73.65953,19.51267],[73.65939,19.51268],[73.65941,19.51289],[73.65898,19.51301],[73.65873,19.51308],[73.65856,19.51324],[73.65842,19.51304],[73.6586,19.51274],[73.65848,19.5124],[73.65852,19.51227],[73.65845,19.51205],[73.65773,19.51161],[73.65764,19.51152],[73.6576,19.51117],[73.65747,19.51104],[73.6575,19.51089],[73.65735,19.51064],[73.65738,19.51029],[73.65717,19.50984],[73.65689,19.50976],[73.65683,19.50969],[73.65662,19.5097],[73.65658,19.5096],[73.65648,19.50939],[73.65624,19.50925],[73.65613,19.5092],[73.656,19.50896],[73.65581,19.50878],[73.65549,19.50864],[73.65516,19.50838],[73.6551,19.50819],[73.65516,19.508],[73.65516,19.50781],[73.65528,19.50769],[73.6551,19.50756],[73.65485,19.50752],[73.65452,19.50711],[73.65427,19.5069],[73.65426,19.50674],[73.65401,19.50647],[73.65397,19.50634],[73.65386,19.50623],[73.6538,19.50615],[73.6537,19.50615],[73.65361,19.50594],[73.65358,19.50581],[73.65351,19.50573],[73.65352,19.50552],[73.65347,19.50543],[73.65342,19.50515],[73.65336,19.50503],[73.65333,19.50494],[73.65308,19.50479],[73.65299,19.50472],[73.65285,19.50464],[73.65275,19.50458],[73.65256,19.50449],[73.65244,19.5044],[73.65232,19.5043],[73.65228,19.5042],[73.65213,19.50404],[73.65202,19.50394],[73.65208,19.50389],[73.65206,19.50364],[73.65195,19.50352],[73.6519,19.50345],[73.65194,19.50337],[73.65205,19.50333],[73.6523,19.50331],[73.65262,19.50341],[73.65289,19.50336],[73.65299,19.50337],[73.65314,19.50328],[73.65326,19.50326],[73.65351,19.50312],[73.6537,19.50313],[73.65391,19.50297],[73.65387,19.50289],[73.65438,19.50278],[73.65447,19.50261],[73.65479,19.50253],[73.65492,19.50255],[73.65502,19.50241],[73.655,19.5023],[73.65507,19.50216],[73.65518,19.50201],[73.6553,19.50186],[73.65534,19.50176],[73.65538,19.50163],[73.65536,19.50147],[73.65531,19.50133],[73.65528,19.50089],[73.65541,19.50051],[73.65547,19.50031],[73.65549,19.50013],[73.65547,19.49991],[73.65537,19.49977],[73.65536,19.49963],[73.65558,19.49922],[73.65559,19.4989],[73.65564,19.49882],[73.65564,19.49869],[73.65574,19.4985],[73.65586,19.49843],[73.65598,19.49843],[73.65606,19.49836],[73.65637,19.49839],[73.65677,19.49841],[73.65692,19.49844],[73.65714,19.49845],[73.65752,19.49853],[73.65778,19.49859],[73.65792,19.4987],[73.65804,19.49872],[73.65832,19.49873],[73.65845,19.49869],[73.65855,19.49866],[73.65872,19.49868],[73.65887,19.49876],[73.65906,19.49879],[73.65914,19.49881],[73.6594,19.49889],[73.6596,19.49891],[73.65978,19.49893],[73.66,19.49902],[73.66021,19.49907],[73.6604,19.4991],[73.66054,19.49914],[73.66085,19.4993],[73.66103,19.49943],[73.66116,19.49955],[73.66132,19.49964],[73.66148,19.49975],[73.66156,19.49974],[73.66169,19.49974],[73.66181,19.49966],[73.6619,19.49959],[73.66197,19.49952],[73.66207,19.49946],[73.66211,19.49946],[73.66232,19.49948],[73.66257,19.49962],[73.6627,19.4997],[73.6629,19.4998],[73.6631,19.4998],[73.66329,19.49983],[73.66354,19.49982],[73.66381,19.49977],[73.66397,19.49971],[73.6641,19.49973],[73.66428,19.49983],[73.66439,19.49987],[73.66462,19.4999],[73.66484,19.50004],[73.66504,19.50014],[73.66526,19.50037],[73.66549,19.50059],[73.66571,19.50072],[73.66597,19.5008],[73.66621,19.50088],[73.66644,19.50094],[73.66668,19.50105],[73.66683,19.50121],[73.66695,19.50131],[73.66721,19.50147],[73.66747,19.50169],[73.66765,19.50182],[73.66798,19.50199],[73.66827,19.50213],[73.6684,19.50216],[73.66853,19.50217],[73.66876,19.50219],[73.66909,19.50214],[73.66929,19.50204],[73.66947,19.50196],[73.6701,19.50182],[73.67055,19.50173],[73.67078,19.50178],[73.67112,19.50181],[73.67136,19.50183],[73.67174,19.50187],[73.67206,19.50198],[73.67254,19.50211],[73.67294,19.50224],[73.67335,19.50235],[73.67372,19.50234],[73.67387,19.50231],[73.67404,19.50227],[73.67428,19.50228],[73.67453,19.5023],[73.67472,19.50229],[73.67507,19.50234],[73.6756,19.50253],[73.6759,19.5027],[73.67625,19.50293],[73.67663,19.50306],[73.6769,19.50325],[73.67717,19.50344],[73.67756,19.50372],[73.67782,19.50397],[73.67813,19.5042],[73.67851,19.50443],[73.67868,19.50469],[73.67877,19.50482],[73.67898,19.50504],[73.67922,19.50525],[73.67949,19.50529],[73.67976,19.50526],[73.6801,19.50521],[73.68064,19.50524],[73.68096,19.50527],[73.68138,19.50539],[73.68115,19.50549],[73.68105,19.50552],[73.6808,19.50558],[73.68055,19.5056],[73.68032,19.50563],[73.68015,19.50575],[73.68003,19.506],[73.67996,19.50629],[73.67995,19.50641],[73.67987,19.50664],[73.67983,19.50693],[73.67979,19.5071],[73.67972,19.50731],[73.67969,19.50749],[73.67976,19.50762],[73.67986,19.50779],[73.68001,19.50791],[73.68007,19.50805],[73.68015,19.50821],[73.68027,19.5084],[73.6804,19.5085],[73.68052,19.50861],[73.68067,19.50874],[73.68083,19.50886],[73.68098,19.50896],[73.68116,19.50919],[73.68127,19.5094],[73.68133,19.50951],[73.68138,19.5097],[73.68142,19.50993],[73.68171,19.51021],[73.68183,19.5107],[73.68183,19.51126],[73.68185,19.5115],[73.68178,19.51167],[73.68171,19.51177],[73.68158,19.51195],[73.68153,19.51208],[73.6815,19.51217],[73.68143,19.5122],[73.68128,19.51225],[73.68123,19.5123],[73.68118,19.51238],[73.68108,19.51245],[73.68097,19.51255],[73.68094,19.51269],[73.68097,19.51281],[73.681,19.51298],[73.68098,19.51312],[73.68095,19.51329],[73.6809,19.51348],[73.68085,19.51366],[73.68084,19.51379],[73.68089,19.51401],[73.6809,19.5142],[73.68086,19.51432],[73.68083,19.51441],[73.6808,19.51458],[73.68072,19.5147],[73.68065,19.51486],[73.68056,19.51497],[73.68041,19.5152],[73.68032,19.51542],[73.68031,19.51561],[73.68031,19.51571],[73.68028,19.51588],[73.68025,19.51598],[73.6803,19.51607],[73.68032,19.51626],[73.6803,19.51637],[73.68025,19.51646],[73.68015,19.51657],[73.68003,19.51669],[73.67991,19.51682],[73.67982,19.51694],[73.67972,19.5171],[73.67961,19.5172],[73.67945,19.51731],[73.67932,19.51743],[73.67923,19.51749],[73.67927,19.51756],[73.67932,19.51756],[73.67939,19.51758],[73.67946,19.51766],[73.67954,19.51773],[73.67967,19.51781],[73.67982,19.51795],[73.67993,19.51802],[73.68005,19.51812],[73.68007,19.51822],[73.68013,19.51843],[73.68026,19.51872],[73.68037,19.51877],[73.68047,19.51892],[73.68049,19.51907],[73.68061,19.5195],[73.6807,19.51979],[73.68075,19.52008],[73.68077,19.52028],[73.68079,19.52055],[73.68083,19.5208],[73.6808,19.52111],[73.68085,19.52121],[73.68098,19.52143],[73.68116,19.52167],[73.68135,19.52196],[73.68155,19.52225],[73.68163,19.52257],[73.6817,19.52285],[73.68178,19.52315],[73.68182,19.52326],[73.68198,19.52363],[73.68224,19.52419],[73.68237,19.52436],[73.68288,19.52454],[73.68304,19.52483],[73.6833,19.52469],[73.68357,19.52454],[73.68375,19.52435],[73.684,19.52421],[73.68418,19.52403],[73.68434,19.52381],[73.6846,19.52364],[73.68485,19.52346],[73.68527,19.52332],[73.68547,19.52324],[73.68577,19.52317],[73.68608,19.52313],[73.68637,19.52306],[73.68657,19.52294],[73.68686,19.52285],[73.68706,19.52289],[73.68722,19.52289],[73.68737,19.52282],[73.6876,19.52276],[73.68777,19.5227],[73.68787,19.52254],[73.68802,19.52244],[73.6882,19.52238],[73.68827,19.52235],[73.68846,19.52226],[73.68864,19.52214],[73.68875,19.52198],[73.68891,19.52183],[73.68909,19.52165],[73.68925,19.52145],[73.68926,19.52138],[73.68934,19.52122],[73.68953,19.52095],[73.68963,19.52079],[73.68964,19.52064],[73.68972,19.52041],[73.68979,19.52026],[73.68989,19.52023],[73.68992,19.52017],[73.69002,19.52009],[73.69023,19.52006],[73.6904,19.52002],[73.69054,19.51997],[73.69076,19.51993],[73.6909,19.51992],[73.69111,19.5199],[73.69127,19.51982],[73.69143,19.5198],[73.69163,19.51974],[73.69182,19.51959],[73.69192,19.51941],[73.69212,19.51938],[73.69224,19.51926],[73.69233,19.51913],[73.69238,19.51899],[73.69253,19.51892],[73.69269,19.51879],[73.69274,19.51868],[73.69279,19.51855],[73.69284,19.51845],[73.69293,19.5183],[73.69298,19.51816],[73.69318,19.51802],[73.69339,19.51788],[73.69353,19.51769],[73.69349,19.51756],[73.69339,19.51739],[73.69346,19.51727],[73.69351,19.51717],[73.69356,19.51708],[73.6937,19.5169],[73.69377,19.51668],[73.69383,19.51657],[73.69392,19.51642],[73.69405,19.51627],[73.6942,19.51618],[73.69428,19.51603],[73.69432,19.51589],[73.69438,19.5157],[73.69437,19.51562],[73.69435,19.51535],[73.69453,19.51519],[73.6947,19.5151],[73.69479,19.51505],[73.69475,19.51487],[73.69463,19.51471],[73.69448,19.51453],[73.69436,19.51436],[73.6943,19.51414],[73.69441,19.51396],[73.69462,19.51378],[73.69481,19.51373],[73.69506,19.51373],[73.69519,19.51379],[73.69521,19.51391],[73.6954,19.514],[73.69549,19.51393],[73.69573,19.51377],[73.6959,19.51362],[73.69597,19.51339],[73.69607,19.51323],[73.69624,19.51301],[73.69632,19.51283],[73.69637,19.51262],[73.69636,19.51237],[73.69638,19.51211],[73.69643,19.51203],[73.69652,19.51185],[73.69666,19.51162],[73.69684,19.51137],[73.69697,19.51119],[73.697,19.51097],[73.69707,19.51068],[73.69711,19.51047],[73.69705,19.51041],[73.69698,19.51029],[73.69699,19.51014],[73.69699,19.50994],[73.69705,19.5098],[73.69714,19.50959],[73.69726,19.50938],[73.69742,19.50926],[73.69767,19.50912],[73.69786,19.509],[73.69804,19.50897],[73.69821,19.50884],[73.69846,19.5087],[73.69861,19.50862],[73.69877,19.50848],[73.69886,19.50832],[73.69908,19.50815],[73.69918,19.50806],[73.69938,19.50795],[73.6996,19.50787],[73.69985,19.50778],[73.70003,19.50775],[73.70016,19.50774],[73.70033,19.50781],[73.70047,19.50783],[73.70059,19.50789],[73.70072,19.50797],[73.70091,19.50802],[73.7011,19.50809],[73.70115,19.50807],[73.7012,19.50795],[73.70124,19.50778],[73.70135,19.50758],[73.70135,19.50748],[73.70132,19.50717],[73.7013,19.50704],[73.70134,19.50681],[73.70144,19.5066],[73.70146,19.50643],[73.70156,19.50614],[73.70159,19.50584],[73.70162,19.50558],[73.70156,19.50545],[73.70152,19.50529],[73.70158,19.50507],[73.70159,19.50473],[73.70162,19.50461],[73.70151,19.50441],[73.70151,19.50422],[73.70137,19.50413],[73.7013,19.50401],[73.70115,19.50397],[73.70116,19.50387],[73.7013,19.50381],[73.70129,19.50372],[73.70148,19.50365],[73.70162,19.50347],[73.70153,19.50335],[73.7014,19.50321],[73.7014,19.50314],[73.7014,19.503],[73.70159,19.50289],[73.70176,19.5027],[73.70188,19.50237],[73.70195,19.50219],[73.70213,19.5019],[73.70229,19.50169],[73.70236,19.50143],[73.70244,19.50121],[73.70254,19.501],[73.70255,19.50088],[73.70261,19.50078],[73.70264,19.50063],[73.70274,19.50051],[73.7028,19.50039],[73.70289,19.50012],[73.70303,19.4999],[73.70328,19.49955],[73.70336,19.4994],[73.70341,19.49925],[73.70353,19.49906],[73.70365,19.49901],[73.70372,19.4989],[73.70386,19.49883],[73.70395,19.49883],[73.70399,19.49877],[73.70408,19.4987],[73.70421,19.4986],[73.70428,19.49846],[73.70438,19.49834],[73.70442,19.49824],[73.70448,19.49811],[73.7046,19.49793],[73.70448,19.49791],[73.70441,19.49789],[73.70427,19.49787],[73.70414,19.49791],[73.70403,19.49794],[73.704,19.49806],[73.70394,19.49795],[73.70387,19.49786],[73.7038,19.49774],[73.70369,19.49764],[73.70357,19.49763],[73.70342,19.49761],[73.70332,19.49763],[73.70321,19.49766],[73.70312,19.4977],[73.703,19.49771],[73.70282,19.49778],[73.70266,19.49785],[73.70255,19.49791],[73.70246,19.49797],[73.70228,19.4981],[73.70209,19.4982],[73.70188,19.49823],[73.70167,19.49826],[73.70151,19.49837],[73.70145,19.49842],[73.70141,19.49851],[73.70129,19.49858],[73.70117,19.49868],[73.70113,19.49884],[73.70108,19.49897],[73.70103,19.49903],[73.70097,19.49923],[73.70105,19.49938],[73.70108,19.49951],[73.70114,19.49967],[73.70112,19.49987],[73.70113,19.50004],[73.7011,19.50012],[73.70112,19.50024],[73.70114,19.5004],[73.70118,19.50064],[73.70113,19.50074],[73.70113,19.50095],[73.70105,19.50113],[73.70112,19.50129],[73.70104,19.5014],[73.70093,19.50161],[73.70088,19.50177],[73.70078,19.50195],[73.70079,19.50212],[73.70086,19.50229],[73.70094,19.50253],[73.70112,19.5027],[73.70117,19.50286],[73.70124,19.50305],[73.7014,19.50314],[73.7014,19.50321],[73.70153,19.50335],[73.70162,19.50347],[73.70148,19.50365],[73.70129,19.50372],[73.7013,19.50381],[73.70116,19.50387],[73.70115,19.50397],[73.7013,19.50401],[73.70137,19.50413],[73.70151,19.50422],[73.70151,19.50441],[73.70162,19.50461],[73.70159,19.50473],[73.70158,19.50507],[73.70152,19.50529],[73.70156,19.50545],[73.70162,19.50558],[73.70159,19.50584],[73.70156,19.50614],[73.70146,19.50643],[73.70144,19.5066],[73.70134,19.50681],[73.7013,19.50704],[73.70132,19.50717],[73.70135,19.50748],[73.70135,19.50758],[73.70124,19.50778],[73.7012,19.50795],[73.70115,19.50807],[73.7011,19.50809],[73.70128,19.50824],[73.70139,19.50861],[73.70209,19.50882],[73.70303,19.50934],[73.70302,19.50997],[73.70316,19.51029],[73.70353,19.51043],[73.70421,19.51027],[73.70488,19.5107],[73.70511,19.5113],[73.70514,19.51337],[73.7049,19.51472],[73.70498,19.51588],[73.70502,19.51664],[73.70493,19.51665],[73.7047,19.51668],[73.70455,19.51659],[73.70443,19.51657],[73.70432,19.51658],[73.70419,19.51653],[73.70409,19.51644],[73.70404,19.51628],[73.70404,19.51613],[73.70395,19.51606],[73.70382,19.51605],[73.70371,19.51596],[73.70366,19.51586],[73.70341,19.51593],[73.70322,19.51596],[73.70311,19.51602],[73.70303,19.51597],[73.70291,19.51589],[73.70277,19.51574],[73.7027,19.51564],[73.70253,19.5155],[73.70253,19.51538],[73.70246,19.51524],[73.70243,19.51511],[73.70236,19.51505],[73.70223,19.51507],[73.70218,19.51518],[73.7021,19.51527],[73.70198,19.5153],[73.70189,19.51536],[73.70185,19.51551],[73.70187,19.51562],[73.70177,19.51575],[73.70168,19.51584],[73.70147,19.5159],[73.70123,19.51607],[73.70106,19.51606],[73.70089,19.51612],[73.7008,19.51637],[73.70068,19.51657],[73.70068,19.5167],[73.70059,19.51683],[73.70043,19.51695],[73.70046,19.51702],[73.70012,19.51748],[73.70001,19.51761],[73.6997,19.51793],[73.69963,19.51801],[73.69963,19.51822],[73.69952,19.51872],[73.69946,19.51891],[73.69931,19.51919],[73.69925,19.51956],[73.69925,19.5199],[73.69915,19.52006],[73.6993,19.52015],[73.69938,19.52031],[73.69959,19.52035],[73.69977,19.5205],[73.70007,19.52058],[73.7001,19.52077],[73.70026,19.52083],[73.70031,19.52099],[73.70017,19.52109],[73.70019,19.52122],[73.70039,19.52129],[73.70046,19.52149],[73.70028,19.5218],[73.70001,19.5219],[73.69999,19.52204],[73.70009,19.52234],[73.7,19.52277],[73.70006,19.52309],[73.7,19.52318],[73.69992,19.52311],[73.69983,19.52301],[73.69975,19.52285],[73.69951,19.52269],[73.69917,19.52263],[73.69894,19.52258],[73.69871,19.52251],[73.69841,19.52245],[73.6982,19.52253],[73.69799,19.52267],[73.69783,19.52279],[73.69769,19.52287],[73.69772,19.52296],[73.69772,19.52315],[73.69767,19.52338],[73.69751,19.5237],[73.69732,19.52374],[73.69713,19.5238],[73.69661,19.52411],[73.69632,19.52422],[73.69595,19.52436],[73.69545,19.52449],[73.69514,19.52452],[73.69492,19.52453],[73.69466,19.52462],[73.69439,19.52468],[73.69399,19.52462],[73.69345,19.52458],[73.69308,19.52454],[73.69271,19.52443],[73.69249,19.52434],[73.69225,19.52423],[73.69197,19.52423],[73.69161,19.52409],[73.69124,19.52394],[73.6908,19.52386],[73.69056,19.52395],[73.69042,19.52415],[73.69024,19.52438],[73.69009,19.52462],[73.68986,19.52479],[73.68964,19.52491],[73.68935,19.52495],[73.68878,19.52482],[73.68851,19.52484],[73.6882,19.52483],[73.68804,19.52495],[73.68782,19.52515],[73.68761,19.5253],[73.68694,19.52546],[73.68592,19.52566],[73.68483,19.52588],[73.68393,19.52605],[73.68341,19.52616],[73.68358,19.52604],[73.68349,19.52592],[73.68329,19.52582],[73.68312,19.52573],[73.68296,19.52566],[73.68278,19.52559],[73.68277,19.52545],[73.6828,19.52531],[73.6829,19.52511],[73.68304,19.52483],[73.6833,19.52469],[73.68357,19.52454],[73.68375,19.52435],[73.684,19.52421],[73.68418,19.52403],[73.68434,19.52381],[73.6845,19.52329],[73.6846,19.52285],[73.6846,19.52253],[73.68472,19.52223],[73.6849,19.52192],[73.68507,19.5216],[73.6851,19.52131],[73.68526,19.52106],[73.68546,19.52079],[73.68583,19.52048],[73.68597,19.52037],[73.68609,19.52025],[73.68614,19.52015],[73.68621,19.51994],[73.68625,19.51982],[73.68632,19.51954],[73.6865,19.51921],[73.68654,19.51915],[73.68652,19.51902],[73.68641,19.51893],[73.68634,19.51874],[73.68639,19.51858],[73.68645,19.51819],[73.68649,19.51786],[73.68653,19.51725],[73.6865,19.51679],[73.68653,19.51652],[73.68651,19.51628],[73.6865,19.516],[73.6865,19.51565],[73.6865,19.51528],[73.68644,19.51488],[73.68643,19.51443],[73.68638,19.51391],[73.68635,19.5137],[73.68632,19.51352],[73.68628,19.51317],[73.68624,19.51288],[73.68613,19.51246],[73.68598,19.51186],[73.68589,19.51155],[73.68583,19.51127],[73.68588,19.51114],[73.68595,19.51093],[73.68585,19.51062],[73.68554,19.50994],[73.68535,19.5096],[73.68517,19.50932],[73.68514,19.50921],[73.68517,19.50904],[73.68516,19.50883],[73.68502,19.50862],[73.6848,19.50829],[73.68462,19.5079],[73.68452,19.50749],[73.68441,19.50716],[73.68425,19.50693],[73.68416,19.50678],[73.68402,19.50654],[73.68396,19.50626],[73.6839,19.5061],[73.68384,19.50594],[73.6837,19.50571],[73.6834,19.50552],[73.68323,19.50553],[73.68293,19.50558],[73.68281,19.5056],[73.68252,19.5056],[73.6821,19.5055],[73.68184,19.50546],[73.68138,19.50539],[73.68096,19.50527],[73.68064,19.50524],[73.6801,19.50521],[73.67976,19.50526],[73.67949,19.50529],[73.67922,19.50525],[73.67898,19.50504],[73.67877,19.50482],[73.67868,19.50469],[73.67851,19.50443],[73.67813,19.5042],[73.67782,19.50397],[73.67756,19.50372],[73.67717,19.50344],[73.6769,19.50325],[73.67663,19.50306],[73.67625,19.50293],[73.6759,19.5027],[73.6756,19.50253],[73.67507,19.50234],[73.67472,19.50229],[73.67453,19.5023],[73.67428,19.50228],[73.67404,19.50227],[73.67387,19.50231],[73.67372,19.50234],[73.67335,19.50235],[73.67294,19.50224],[73.67254,19.50211],[73.67206,19.50198],[73.67174,19.50187],[73.67136,19.50183],[73.67112,19.50181],[73.67078,19.50178],[73.67055,19.50173],[73.6701,19.50182],[73.66947,19.50196],[73.66929,19.50204],[73.66909,19.50214],[73.66876,19.50219],[73.66853,19.50217],[73.6684,19.50216],[73.66827,19.50213],[73.66798,19.50199],[73.66765,19.50182],[73.66747,19.50169],[73.66721,19.50147],[73.66695,19.50131],[73.66683,19.50121],[73.66668,19.50105],[73.66644,19.50094],[73.66621,19.50088],[73.66597,19.5008],[73.66571,19.50072],[73.66549,19.50059],[73.66526,19.50037],[73.66504,19.50014],[73.66484,19.50004],[73.66462,19.4999],[73.66439,19.49987],[73.66428,19.49983],[73.6641,19.49973],[73.66397,19.49971],[73.66381,19.49977],[73.66354,19.49982],[73.66329,19.49983],[73.6631,19.4998],[73.6629,19.4998],[73.6627,19.4997],[73.66257,19.49962],[73.66232,19.49948],[73.66211,19.49946],[73.66207,19.49946],[73.66197,19.49952],[73.6619,19.49959],[73.66181,19.49966],[73.66169,19.49974],[73.66156,19.49974],[73.66148,19.49975],[73.66132,19.49964],[73.66116,19.49955],[73.66103,19.49943],[73.66085,19.4993],[73.66054,19.49914],[73.6604,19.4991],[73.66021,19.49907],[73.66,19.49902],[73.65978,19.49893],[73.6596,19.49891],[73.6594,19.49889],[73.65914,19.49881],[73.65906,19.49879],[73.65887,19.49876],[73.65872,19.49868],[73.65855,19.49866],[73.65845,19.49869],[73.65832,19.49873],[73.65804,19.49872],[73.65792,19.4987],[73.65778,19.49859],[73.65772,19.49855],[73.65757,19.49839],[73.65746,19.49823],[73.65733,19.49808],[73.65728,19.49801],[73.65721,19.49794],[73.65709,19.49779],[73.65694,19.4976],[73.65676,19.4975],[73.65654,19.49742],[73.65641,19.49735],[73.65627,19.4973],[73.65604,19.49725],[73.6559,19.49719],[73.65576,19.49704],[73.65562,19.49685],[73.65549,19.49666],[73.6554,19.49651],[73.65531,19.49642],[73.65525,19.49633],[73.65515,19.49616],[73.65506,19.49598],[73.65496,19.49589],[73.65492,19.49504],[73.655,19.49472],[73.65494,19.49414],[73.65486,19.49395],[73.65485,19.49377],[73.65515,19.49321],[73.6554,19.49301],[73.65551,19.4925],[73.65537,19.49214],[73.65495,19.49174],[73.65476,19.49173],[73.65448,19.49097],[73.65435,19.49025],[73.65424,19.49005],[73.65399,19.48979],[73.65385,19.48949],[73.65385,19.4891],[73.65391,19.48882],[73.65385,19.48846],[73.65425,19.48782],[73.65426,19.4876],[73.65435,19.48743],[73.65466,19.48719],[73.65504,19.48699],[73.65507,19.48673],[73.65511,19.48654],[73.65501,19.4858],[73.65475,19.48542],[73.65464,19.48516],[73.65444,19.48422],[73.65418,19.48387],[73.65418,19.48327],[73.65423,19.48326],[73.65429,19.48321],[73.65433,19.48312],[73.65444,19.48304],[73.65447,19.48304],[73.6545,19.483],[73.6545,19.48297],[73.65454,19.48295],[73.65461,19.48291],[73.65469,19.48287],[73.65472,19.48283],[73.65477,19.48281],[73.65484,19.48281],[73.65488,19.48281],[73.65495,19.48281],[73.65501,19.48281],[73.65509,19.4828],[73.65519,19.48279],[73.65523,19.48282],[73.65525,19.48288],[73.6553,19.48287],[73.65539,19.48289],[73.65545,19.48293],[73.65551,19.48296],[73.65555,19.48299],[73.65562,19.48302],[73.6557,19.48304],[73.65577,19.48306],[73.65581,19.48309],[73.65587,19.4831],[73.65596,19.4831],[73.65604,19.48313],[73.65612,19.48314],[73.65622,19.48317],[73.6563,19.48317],[73.65638,19.4832],[73.65645,19.48326],[73.65655,19.48329],[73.6567,19.48329],[73.65682,19.4833],[73.65692,19.48333],[73.65699,19.48334],[73.65709,19.48336],[73.65719,19.48337],[73.65727,19.48339],[73.65735,19.48344],[73.65741,19.48351],[73.65748,19.48357],[73.65753,19.48363],[73.65766,19.48379],[73.65767,19.48386],[73.65772,19.48389],[73.65781,19.48389],[73.65786,19.48388],[73.65794,19.48388],[73.65801,19.48389],[73.65807,19.48389],[73.65812,19.48391],[73.65818,19.48395],[73.65823,19.48397],[73.65825,19.48402],[73.65831,19.48406],[73.65836,19.48407],[73.6584,19.48402],[73.65845,19.48399],[73.65851,19.48398],[73.65856,19.48398],[73.65862,19.48401],[73.65865,19.48401],[73.65871,19.48405],[73.65876,19.48405],[73.65881,19.48408],[73.65889,19.48408],[73.65898,19.48413],[73.65904,19.48415],[73.6591,19.48413],[73.65919,19.48414],[73.65927,19.48414],[73.65936,19.48415],[73.65944,19.48415],[73.6595,19.48417],[73.65957,19.48419],[73.65963,19.48422],[73.6597,19.48423],[73.65972,19.48426],[73.65981,19.48429],[73.65986,19.48433],[73.65991,19.48437],[73.65998,19.48441],[73.66005,19.48443],[73.66012,19.4845],[73.66015,19.48456],[73.6602,19.48458],[73.66024,19.48461],[73.66034,19.48464],[73.6604,19.48461],[73.66045,19.48462],[73.66051,19.4846],[73.66057,19.48463],[73.66064,19.48463],[73.66071,19.48463],[73.66082,19.48462],[73.66088,19.48467],[73.66092,19.48472],[73.66101,19.48477],[73.66106,19.48481],[73.66113,19.48482],[73.66119,19.48484],[73.66126,19.48484],[73.66135,19.48482],[73.66142,19.48481],[73.66149,19.48481],[73.66152,19.48478],[73.6616,19.48474],[73.66168,19.48475],[73.66173,19.48468],[73.66178,19.48462],[73.66186,19.48458],[73.66191,19.48457],[73.66198,19.48457],[73.66201,19.48454],[73.66208,19.48454],[73.66214,19.48454],[73.66218,19.48457],[73.66224,19.48462],[73.66231,19.48466],[73.66241,19.48467],[73.66248,19.48467],[73.66253,19.48464],[73.6626,19.48463],[73.66267,19.48464],[73.66273,19.48464],[73.66282,19.48466],[73.66291,19.48473],[73.663,19.48474],[73.66307,19.48477],[73.66314,19.48479],[73.6632,19.4848],[73.66327,19.48481],[73.66334,19.48481],[73.66337,19.48476],[73.66341,19.48476],[73.66345,19.48479],[73.66348,19.48484],[73.66355,19.48486],[73.66359,19.48493],[73.66364,19.48498],[73.66373,19.48503],[73.66378,19.48507],[73.66381,19.48511],[73.66387,19.48516],[73.66395,19.48518],[73.66397,19.48523],[73.66395,19.48528],[73.66395,19.48532],[73.66398,19.48535],[73.66404,19.48537],[73.66413,19.4854],[73.6643,19.48541],[73.66438,19.48544],[73.66446,19.48544],[73.66451,19.48541],[73.66457,19.48539],[73.66464,19.48544],[73.66471,19.4855],[73.66479,19.48549],[73.66485,19.48549],[73.66487,19.48545],[73.66491,19.48544],[73.66492,19.48541],[73.66494,19.48533],[73.66498,19.48531],[73.66506,19.4853],[73.66517,19.48526],[73.66526,19.48518],[73.66533,19.48515],[73.66546,19.48511],[73.66552,19.48505],[73.6656,19.48503],[73.66571,19.48503],[73.66575,19.485],[73.66579,19.48497],[73.6659,19.48492],[73.66597,19.48493],[73.66604,19.4849],[73.66612,19.48492],[73.66619,19.48487],[73.66626,19.48482],[73.66628,19.48478],[73.66636,19.48478],[73.66642,19.48475],[73.66648,19.48471],[73.66655,19.48473],[73.66664,19.48476],[73.6667,19.48479],[73.6668,19.48481],[73.66689,19.48479],[73.66701,19.48483],[73.66711,19.48482],[73.66721,19.4848],[73.6673,19.48472],[73.6674,19.48471],[73.66748,19.48469],[73.66758,19.48467],[73.66772,19.48466],[73.66785,19.4846],[73.66795,19.48457],[73.668,19.4845],[73.66806,19.48447],[73.66817,19.48447],[73.66828,19.48445],[73.66837,19.48446],[73.66846,19.48445],[73.66858,19.48444],[73.66868,19.48441],[73.66882,19.48438],[73.66891,19.48437],[73.669,19.48437],[73.66911,19.48433],[73.66922,19.48432],[73.66937,19.48432],[73.66949,19.4843],[73.66957,19.48426],[73.66965,19.48423],[73.66971,19.4842],[73.66982,19.48419],[73.66987,19.48414],[73.66996,19.48407],[73.67002,19.48404],[73.6701,19.48401],[73.6702,19.48397],[73.67029,19.48393],[73.67033,19.48394],[73.67038,19.48392],[73.67051,19.48388],[73.6706,19.48388],[73.67066,19.48384],[73.67075,19.48383],[73.67081,19.4838],[73.67087,19.48379],[73.67092,19.48381],[73.67098,19.48381],[73.67102,19.48378],[73.67112,19.48384],[73.67127,19.48385],[73.67138,19.4838],[73.67147,19.48383],[73.67159,19.48383],[73.67166,19.48379],[73.6718,19.48379],[73.67186,19.48375],[73.67196,19.4837],[73.67201,19.48365],[73.67213,19.48366],[73.67221,19.48366],[73.67227,19.48373],[73.67238,19.48378],[73.67252,19.48378],[73.67265,19.48375],[73.67279,19.48375],[73.67294,19.48377],[73.67306,19.48375],[73.67319,19.48376],[73.67333,19.48381],[73.67343,19.48382],[73.67353,19.48382],[73.67369,19.4838],[73.67377,19.48381],[73.6739,19.48382],[73.674,19.48385],[73.6741,19.48391],[73.67418,19.48397],[73.67428,19.484],[73.6744,19.48407],[73.6745,19.48413],[73.67461,19.48415],[73.67471,19.48422],[73.67481,19.48429],[73.67493,19.48431],[73.67507,19.48433],[73.67521,19.48437],[73.67532,19.48443],[73.6754,19.48448],[73.67545,19.48446],[73.67559,19.4845],[73.6757,19.4845],[73.67575,19.48458],[73.67591,19.48463],[73.67603,19.48465],[73.67619,19.48471],[73.67633,19.48478],[73.67641,19.4848],[73.67654,19.48485],[73.67665,19.48491],[73.67677,19.48495],[73.6768,19.48494],[73.67683,19.48498],[73.67687,19.48501],[73.67692,19.48505],[73.67696,19.48507],[73.67702,19.4851],[73.67707,19.48511],[73.67712,19.48514],[73.67715,19.48518],[73.67719,19.48523],[73.67724,19.48526],[73.67728,19.48529],[73.67732,19.48531],[73.67736,19.48533],[73.6774,19.48537],[73.67743,19.4854],[73.67748,19.48544],[73.67751,19.48547],[73.67758,19.48551],[73.67764,19.48555],[73.67772,19.48556],[73.6778,19.48553],[73.67785,19.48552],[73.67791,19.48555],[73.67792,19.48562],[73.67798,19.48566],[73.67807,19.48566],[73.67814,19.48567],[73.67822,19.48572],[73.67826,19.48577],[73.67833,19.48584],[73.67835,19.48586],[73.67839,19.48586],[73.67848,19.48583],[73.6785,19.48579],[73.67856,19.48576],[73.67861,19.48575],[73.67869,19.48579],[73.67875,19.48581],[73.67884,19.48585],[73.67893,19.48586],[73.679,19.48586],[73.67913,19.48586],[73.67919,19.48588],[73.67931,19.48591],[73.67939,19.48592],[73.6795,19.48591],[73.67957,19.48592],[73.67963,19.48595],[73.67972,19.48602],[73.67981,19.48606],[73.67987,19.48609],[73.67992,19.48612],[73.67998,19.48615],[73.68006,19.48618],[73.68015,19.4862],[73.68022,19.48622],[73.6803,19.48625],[73.68035,19.48627],[73.68041,19.48628],[73.68046,19.48633],[73.68051,19.48638],[73.6806,19.48644],[73.68066,19.48649],[73.68074,19.48652],[73.68082,19.48653],[73.68089,19.48651],[73.68096,19.48651],[73.68103,19.48654],[73.68112,19.48655],[73.6812,19.48654],[73.68125,19.48651],[73.68127,19.4865],[73.6813,19.48649],[73.68132,19.48649],[73.68134,19.4865],[73.68138,19.48649],[73.68141,19.48648],[73.68144,19.48648],[73.68149,19.48645],[73.68156,19.48644],[73.68164,19.48645],[73.68169,19.48642],[73.68175,19.48642],[73.68177,19.48647],[73.68183,19.48647],[73.68189,19.48651],[73.68198,19.48653],[73.68206,19.48654],[73.68212,19.48654],[73.68222,19.48655],[73.68226,19.48657],[73.6823,19.4866],[73.68237,19.48662],[73.68242,19.48665],[73.68247,19.48669],[73.68255,19.48673],[73.68257,19.48678],[73.68264,19.48681],[73.68267,19.48686],[73.68272,19.48694],[73.68281,19.48698],[73.68283,19.48703],[73.68291,19.48706],[73.68299,19.4871],[73.68305,19.48715],[73.68316,19.48716],[73.68322,19.48717],[73.68326,19.48717],[73.68333,19.48723],[73.68339,19.48728],[73.68343,19.48731],[73.68346,19.48735],[73.68357,19.48741],[73.68361,19.48745],[73.6837,19.4875],[73.68371,19.48753],[73.68383,19.48759],[73.68391,19.48762],[73.68404,19.48768],[73.68411,19.48772],[73.68422,19.48771],[73.68433,19.48772],[73.68443,19.48775],[73.68453,19.48778],[73.68465,19.48784],[73.68475,19.48785],[73.68489,19.48783],[73.68502,19.48781],[73.68512,19.48779],[73.68523,19.48775],[73.68532,19.48775],[73.68547,19.48773],[73.68556,19.48776],[73.68566,19.48777],[73.68576,19.48784],[73.68582,19.48784],[73.68586,19.48789],[73.68599,19.48791],[73.68611,19.48794],[73.68623,19.488],[73.68637,19.48807],[73.68645,19.48808],[73.68648,19.48817],[73.68656,19.48824],[73.68656,19.48834],[73.68661,19.48844],[73.68669,19.48848],[73.68676,19.48859],[73.68681,19.48859],[73.68687,19.48863],[73.68696,19.48869],[73.68705,19.48874],[73.68708,19.48873],[73.68706,19.48865],[73.68711,19.4886],[73.68711,19.48856],[73.68714,19.48851],[73.68718,19.48847],[73.68728,19.48845],[73.68729,19.48838],[73.68735,19.48835],[73.6874,19.48836],[73.68744,19.48843],[73.68752,19.48849],[73.68757,19.4885],[73.68764,19.48851],[73.68771,19.48853],[73.68777,19.48854],[73.68783,19.48854],[73.68787,19.48856],[73.68794,19.48857],[73.68799,19.48858],[73.68806,19.48858],[73.68815,19.48863],[73.68821,19.48864],[73.68827,19.48862],[73.68836,19.48858],[73.6884,19.48864],[73.68847,19.48865],[73.68853,19.48869],[73.68862,19.48861],[73.68865,19.48864],[73.6887,19.48863],[73.68874,19.4887],[73.68878,19.48866],[73.68883,19.48866],[73.68886,19.48875],[73.6889,19.48874],[73.68897,19.48873],[73.68904,19.48875],[73.68909,19.48872],[73.68916,19.48866],[73.68921,19.48867],[73.68926,19.4887],[73.6893,19.48874],[73.68936,19.48874],[73.68942,19.48875],[73.68948,19.48879],[73.68953,19.48879],[73.6896,19.48885],[73.68963,19.48888],[73.68972,19.48891],[73.68978,19.48894],[73.68989,19.48899],[73.68992,19.48901],[73.68995,19.489],[73.69003,19.48903],[73.68999,19.48908],[73.69001,19.48912],[73.69011,19.48913],[73.69014,19.48917],[73.6902,19.48918],[73.69024,19.48916],[73.69033,19.48917],[73.69041,19.48921],[73.69047,19.48923],[73.6905,19.48928],[73.69056,19.48931],[73.69057,19.48935],[73.69061,19.48937],[73.69064,19.4894],[73.69067,19.48942],[73.69071,19.48945],[73.69073,19.48947],[73.69078,19.48947],[73.69082,19.48947],[73.69084,19.4895],[73.6909,19.4895],[73.69094,19.48949],[73.69097,19.48948],[73.69103,19.48946],[73.6911,19.48946],[73.69118,19.48948],[73.69123,19.48949],[73.69129,19.48949],[73.69133,19.48952],[73.69138,19.48955],[73.69146,19.48954],[73.69151,19.48959],[73.69157,19.48962],[73.6916,19.48963],[73.69163,19.48965],[73.69165,19.48967],[73.69169,19.48966],[73.69175,19.48966],[73.6918,19.48967],[73.69186,19.48967],[73.6919,19.48965],[73.69194,19.48964],[73.69198,19.48963],[73.69202,19.48961],[73.69207,19.48961],[73.69213,19.48965],[73.69215,19.48967],[73.6922,19.4897],[73.69225,19.48971],[73.69227,19.48972],[73.69233,19.48972],[73.69236,19.48976],[73.69239,19.48977],[73.69241,19.48981],[73.69245,19.48982],[73.69249,19.48985],[73.69249,19.4899],[73.69252,19.48992],[73.69257,19.48992],[73.69259,19.48995],[73.69262,19.48997],[73.69262,19.49001],[73.69263,19.49005],[73.69269,19.49005],[73.69275,19.49007],[73.69278,19.49008],[73.6928,19.4901],[73.69286,19.49012],[73.6929,19.49015],[73.69291,19.49018],[73.693,19.4902],[73.69305,19.49022],[73.6931,19.49021],[73.69318,19.49021],[73.69323,19.49025],[73.69327,19.49025],[73.69337,19.49025],[73.69344,19.49028],[73.69352,19.49026],[73.69358,19.49027],[73.69361,19.49026],[73.69362,19.49028],[73.6937,19.49026],[73.69378,19.49023],[73.69383,19.49024],[73.69388,19.49023],[73.69392,19.49019],[73.69396,19.49021],[73.69401,19.49018],[73.69405,19.49018],[73.69408,19.49015],[73.69412,19.49015],[73.69414,19.49013],[73.69419,19.49013],[73.69426,19.49014],[73.69427,19.49013],[73.6943,19.4901],[73.69436,19.49004],[73.6944,19.49001],[73.69446,19.48998],[73.69446,19.48994],[73.69454,19.4899],[73.69455,19.48986],[73.69455,19.48981],[73.69458,19.48977],[73.69457,19.48973],[73.69459,19.48973],[73.69461,19.48973],[73.69464,19.48972],[73.69471,19.48963],[73.69471,19.48957],[73.69474,19.48954],[73.69478,19.48947],[73.69475,19.48942],[73.69478,19.48938],[73.6948,19.48933],[73.69483,19.48929],[73.69481,19.48925],[73.69478,19.4892],[73.69477,19.48915],[73.69482,19.48909],[73.69482,19.48901],[73.69486,19.48896],[73.69493,19.48896],[73.69497,19.48896],[73.69504,19.48889],[73.69503,19.48885],[73.69511,19.48881],[73.69516,19.48876],[73.6952,19.48868],[73.69524,19.48865],[73.69525,19.48859],[73.6953,19.48849],[73.69537,19.48849],[73.6954,19.48845],[73.69548,19.48845],[73.69553,19.48841],[73.69556,19.48836],[73.69557,19.4883],[73.69558,19.48826],[73.6956,19.48825],[73.69558,19.48824],[73.69563,19.48822],[73.69562,19.48818],[73.69565,19.48814],[73.69569,19.48808],[73.69576,19.48806],[73.69582,19.48806],[73.69586,19.48803],[73.6959,19.48804],[73.69597,19.48802],[73.69601,19.48798],[73.69609,19.48791],[73.69611,19.48785],[73.69615,19.48784],[73.6962,19.48783],[73.6963,19.48778],[73.69636,19.48775],[73.69638,19.4877],[73.6964,19.48768],[73.69639,19.48761],[73.69643,19.48761],[73.69647,19.48761],[73.6965,19.48756],[73.69647,19.48751],[73.6965,19.48748],[73.69655,19.48743],[73.69663,19.4874],[73.69669,19.48742],[73.69672,19.48738],[73.69679,19.48735],[73.6968,19.48732],[73.69686,19.48731],[73.69691,19.48732],[73.69693,19.4873],[73.69691,19.4872],[73.69692,19.48717],[73.69695,19.48716],[73.69697,19.48711],[73.69695,19.48709],[73.697,19.48706],[73.69701,19.48703],[73.69701,19.48698],[73.69702,19.48696],[73.69705,19.4869],[73.69705,19.48686],[73.69708,19.48684],[73.69711,19.48685],[73.69712,19.48681],[73.69714,19.48677],[73.69716,19.48673],[73.69718,19.48669],[73.69719,19.48666],[73.69724,19.48664],[73.69728,19.48664],[73.69738,19.48666],[73.69741,19.48663],[73.69747,19.48657],[73.6975,19.48656],[73.6975,19.48654],[73.69753,19.4865],[73.69756,19.48649],[73.69759,19.4865],[73.69767,19.48649],[73.69765,19.48642],[73.69764,19.48639],[73.69763,19.48634],[73.69765,19.48631],[73.69769,19.48628],[73.69772,19.48625],[73.69776,19.48622],[73.6978,19.48622],[73.69784,19.48617],[73.69788,19.48615],[73.69792,19.48613],[73.69796,19.48611],[73.69797,19.48608],[73.69807,19.48604],[73.69811,19.48604],[73.69814,19.48603],[73.69817,19.48596],[73.6982,19.48593],[73.69825,19.48589],[73.69828,19.48589],[73.69834,19.48586],[73.69834,19.48582],[73.69833,19.48581],[73.69838,19.48577],[73.69842,19.48578],[73.69844,19.48575],[73.69847,19.48573],[73.69849,19.4857],[73.69856,19.48572],[73.69859,19.4857],[73.69862,19.48568],[73.6986,19.48565],[73.69865,19.48563],[73.69869,19.48568],[73.69871,19.48571],[73.69873,19.48571],[73.69874,19.48573],[73.69875,19.48571],[73.69875,19.48569],[73.69876,19.48566],[73.69881,19.48564],[73.69885,19.48565],[73.69886,19.48562],[73.69883,19.48559],[73.69882,19.48554],[73.6988,19.4855],[73.69882,19.48544],[73.6988,19.48542],[73.69884,19.4854],[73.69886,19.48543],[73.69888,19.48546],[73.69893,19.48548],[73.699,19.48549],[73.69905,19.4855],[73.69908,19.48549],[73.69911,19.48548],[73.69912,19.48548],[73.69915,19.48546],[73.69919,19.48543],[73.69921,19.4854],[73.69925,19.48536],[73.69927,19.48534],[73.69927,19.48533],[73.69927,19.48531],[73.6993,19.48528],[73.69931,19.48527],[73.69933,19.48526],[73.69937,19.48523],[73.69936,19.48521],[73.6994,19.48521],[73.69941,19.48517],[73.69944,19.48517],[73.69948,19.48516],[73.69949,19.48515],[73.69951,19.48513],[73.69951,19.4851],[73.69958,19.48507],[73.69957,19.48501],[73.69958,19.48497],[73.69962,19.48495],[73.69966,19.48499],[73.6997,19.48499],[73.69976,19.48497],[73.69977,19.48493],[73.69981,19.48491],[73.69983,19.48486],[73.69985,19.4848],[73.69989,19.48479],[73.69992,19.4848],[73.69993,19.48477],[73.69995,19.48477],[73.69995,19.48475],[73.69998,19.48473],[73.69999,19.4847],[73.70001,19.48467],[73.70001,19.48465],[73.70006,19.48465],[73.7001,19.48465],[73.70012,19.48462],[73.70015,19.48464],[73.70017,19.48462],[73.70016,19.48457],[73.7002,19.48452],[73.70021,19.48445],[73.70023,19.48444],[73.7002,19.48437],[73.70021,19.48435],[73.70024,19.48435],[73.70026,19.48437],[73.70031,19.48438],[73.70036,19.48434],[73.70041,19.48438],[73.70041,19.48436],[73.70043,19.48433],[73.70047,19.48431],[73.70051,19.4843],[73.70056,19.48429],[73.70059,19.48427],[73.70062,19.48427],[73.70065,19.48427],[73.70067,19.48429],[73.70072,19.48427],[73.70075,19.48424],[73.70079,19.48421],[73.70081,19.48415],[73.70084,19.48413],[73.70081,19.48409],[73.7008,19.48407],[73.70081,19.48403],[73.70084,19.48402],[73.70087,19.48401],[73.7009,19.48398],[73.70096,19.48393],[73.70097,19.48394],[73.701,19.48397],[73.70105,19.48396],[73.70109,19.48396],[73.70113,19.48395],[73.70114,19.48391],[73.70119,19.48389],[73.70122,19.4839],[73.70126,19.48386],[73.7013,19.48385],[73.70128,19.4838],[73.70131,19.48377],[73.70129,19.48374],[73.70127,19.48372],[73.7013,19.4837],[73.70134,19.48368],[73.70133,19.48364],[73.70138,19.48366],[73.70137,19.4836],[73.70144,19.4836],[73.70139,19.4835],[73.70141,19.48345],[73.70141,19.4834],[73.70143,19.48336],[73.70148,19.48335],[73.70153,19.48335],[73.70159,19.48336],[73.70163,19.48341],[73.70171,19.48341],[73.7017,19.48334],[73.70175,19.48328],[73.70181,19.48328],[73.70183,19.48328],[73.70185,19.48327],[73.7019,19.48322],[73.70193,19.48318],[73.70199,19.48314],[73.70202,19.48312],[73.70207,19.48308],[73.70215,19.48307],[73.70218,19.48299],[73.70224,19.48294],[73.70235,19.48289],[73.70233,19.48285],[73.70236,19.48281],[73.70237,19.48276],[73.70241,19.48274],[73.70243,19.48272],[73.70241,19.4827],[73.70244,19.48269],[73.70244,19.48266],[73.7025,19.48265],[73.70249,19.48262],[73.70252,19.48262],[73.70253,19.48259],[73.70256,19.48259],[73.70253,19.48254],[73.70256,19.4825],[73.7026,19.48246],[73.70268,19.48243],[73.70273,19.48239],[73.70276,19.48234],[73.70279,19.48234],[73.70281,19.48236],[73.70284,19.48236],[73.70286,19.48235],[73.70286,19.4823],[73.70288,19.48228],[73.70286,19.48224],[73.70289,19.4822],[73.70296,19.4822],[73.70302,19.48221],[73.70305,19.48219],[73.70309,19.48214],[73.7031,19.48212],[73.70315,19.4821],[73.70317,19.48206],[73.70316,19.48201],[73.70317,19.48196],[73.70322,19.48196],[73.70326,19.48192],[73.70328,19.48189],[73.70332,19.48184],[73.70335,19.48181],[73.7034,19.48175],[73.70345,19.48175],[73.70353,19.48175],[73.7036,19.48173],[73.70368,19.4817],[73.70375,19.48168],[73.70378,19.48164],[73.70385,19.48159],[73.70391,19.48161],[73.70396,19.4816],[73.70401,19.48161],[73.70402,19.48156],[73.70407,19.48152],[73.70408,19.4816],[73.70411,19.48166],[73.70412,19.48169],[73.70417,19.48168],[73.70419,19.48165],[73.70423,19.48162],[73.70427,19.48163],[73.70428,19.48159],[73.70437,19.48156],[73.7044,19.48157],[73.70442,19.48155],[73.70442,19.48152],[73.70445,19.48151],[73.70444,19.48148],[73.70447,19.48143],[73.70448,19.4814],[73.70449,19.48138],[73.7045,19.48135],[73.70454,19.48133],[73.70458,19.48128],[73.70458,19.48122],[73.70462,19.48118],[73.70463,19.48113],[73.70466,19.4811],[73.70467,19.48104],[73.70471,19.48102],[73.70476,19.48099],[73.70482,19.48103],[73.70479,19.48105],[73.70482,19.48106],[73.70482,19.48109],[73.70485,19.48109],[73.70488,19.4811],[73.70488,19.48114],[73.70492,19.48114],[73.70493,19.48109],[73.70496,19.48107],[73.70499,19.48109],[73.70502,19.48108],[73.70506,19.48106],[73.70512,19.48106],[73.70511,19.48098],[73.70516,19.48099],[73.70517,19.48093],[73.70521,19.48085],[73.70525,19.48076],[73.70528,19.48077],[73.70532,19.48073],[73.70531,19.4807],[73.7054,19.48072],[73.70542,19.48067],[73.70544,19.48063],[73.70546,19.48061],[73.70543,19.48056],[73.70548,19.48055],[73.70552,19.48053],[73.70553,19.48049],[73.70554,19.48044],[73.70559,19.48045],[73.70562,19.48042],[73.70564,19.48035],[73.70569,19.48031],[73.70573,19.48023],[73.70576,19.48023],[73.70578,19.48027],[73.7058,19.4803],[73.70581,19.48035],[73.70589,19.48036],[73.70592,19.48036],[73.70596,19.48041],[73.70597,19.4803],[73.70601,19.48029],[73.70611,19.48028],[73.70614,19.4803],[73.70619,19.48029],[73.70626,19.48038],[73.70631,19.48033],[73.70634,19.48032],[73.70635,19.48024],[73.7064,19.48023],[73.70647,19.48026],[73.70651,19.4803],[73.70652,19.48026],[73.70657,19.48029],[73.70659,19.48026],[73.70664,19.48027],[73.70667,19.48023],[73.70666,19.4802],[73.7066,19.48018],[73.70663,19.48012],[73.70667,19.48009],[73.70674,19.48004],[73.70682,19.48003],[73.70687,19.47998],[73.70683,19.47991],[73.70679,19.47988],[73.70684,19.47984],[73.70691,19.47983],[73.707,19.47981],[73.7071,19.47976],[73.70715,19.47976],[73.70717,19.47979],[73.70722,19.4798],[73.70724,19.47977],[73.7072,19.47973],[73.70722,19.47969],[73.70721,19.47965],[73.70724,19.47963],[73.70722,19.47959],[73.70727,19.47955],[73.70729,19.47956],[73.70729,19.47952],[73.70736,19.4795],[73.70741,19.47948],[73.70748,19.47947],[73.70752,19.47952],[73.70753,19.47947],[73.70757,19.47942],[73.70759,19.47944],[73.70763,19.47941],[73.70763,19.47938],[73.70769,19.4794],[73.70773,19.47935],[73.70779,19.47934],[73.70784,19.4793],[73.70788,19.47925],[73.70794,19.47925],[73.70797,19.47928],[73.70801,19.4792],[73.70806,19.47914],[73.70811,19.4791],[73.70818,19.47907],[73.70823,19.47903],[73.70828,19.47898],[73.70833,19.47891],[73.70836,19.47886],[73.70839,19.47881],[73.70847,19.47877],[73.70847,19.47864],[73.70852,19.47854],[73.70865,19.47853],[73.70873,19.47854],[73.70875,19.47851],[73.70884,19.47853],[73.70886,19.47843],[73.70888,19.47836],[73.7089,19.4783],[73.70894,19.4782],[73.70896,19.47815],[73.70889,19.47816],[73.70882,19.47816],[73.70874,19.47819],[73.70868,19.47822],[73.70857,19.47829],[73.70851,19.47828],[73.70846,19.47826],[73.7084,19.47824],[73.70835,19.47822],[73.70825,19.47823],[73.70823,19.47816],[73.70827,19.47808],[73.70832,19.47801],[73.70836,19.47797],[73.70833,19.47794],[73.70853,19.47787],[73.7086,19.4779],[73.70865,19.47782],[73.70872,19.47772],[73.70872,19.47763],[73.70879,19.47759],[73.70867,19.47754],[73.70871,19.4775],[73.70867,19.47746],[73.70867,19.47742],[73.7087,19.47739],[73.70873,19.47731],[73.70871,19.47723],[73.70867,19.4771],[73.70876,19.47699],[73.70871,19.47692],[73.70871,19.47681],[73.70871,19.47675],[73.70867,19.47672],[73.70873,19.47662],[73.7087,19.47659],[73.70876,19.47653],[73.70873,19.47647],[73.7086,19.47644],[73.70865,19.47638],[73.70872,19.47641],[73.70879,19.47637],[73.7088,19.47628],[73.70879,19.47617],[73.70873,19.47609],[73.70876,19.47598],[73.70873,19.47583],[73.70866,19.47576],[73.70869,19.47564],[73.70873,19.47557],[73.70873,19.47552],[73.7088,19.47548],[73.70883,19.47543],[73.70888,19.47535],[73.70893,19.47528],[73.70896,19.47519],[73.709,19.4751],[73.70908,19.47502],[73.70914,19.47494],[73.70916,19.47489],[73.70923,19.47482],[73.70924,19.47474],[73.7093,19.47469],[73.70936,19.47469],[73.70942,19.47469],[73.70947,19.47462],[73.70949,19.47454],[73.70956,19.47448],[73.70958,19.47443],[73.7096,19.47437],[73.70963,19.47434],[73.70967,19.47433],[73.7097,19.47428],[73.70976,19.47425],[73.70981,19.4742],[73.70981,19.47413],[73.70984,19.47408],[73.70989,19.47405],[73.70993,19.47403],[73.70996,19.47398],[73.70996,19.47392],[73.71002,19.47386],[73.71005,19.4738],[73.71007,19.47375],[73.71011,19.47368],[73.71015,19.47363],[73.71018,19.47357],[73.71023,19.47353],[73.71026,19.47348],[73.71031,19.47343],[73.71033,19.47338],[73.71038,19.47333],[73.71044,19.47328],[73.7105,19.47326],[73.71059,19.47321],[73.71065,19.47319],[73.71071,19.47318],[73.7108,19.47313],[73.71086,19.47307],[73.71093,19.47301],[73.71095,19.47293],[73.71097,19.47289],[73.71103,19.47287],[73.71107,19.47281],[73.71111,19.47279],[73.71115,19.47275],[73.71118,19.47271],[73.7112,19.47267],[73.71126,19.47263],[73.71131,19.47258],[73.71133,19.47254],[73.71136,19.47247],[73.71139,19.47244],[73.71142,19.47242],[73.71144,19.47237],[73.71148,19.47231],[73.71151,19.47228],[73.71151,19.47225],[73.71154,19.47217],[73.71156,19.47208],[73.71154,19.47202],[73.71156,19.47189],[73.71154,19.47182],[73.71163,19.47179],[73.71167,19.47173],[73.71176,19.47167],[73.7118,19.47161],[73.71183,19.47156],[73.71187,19.47149],[73.71192,19.47143],[73.71198,19.47137],[73.71206,19.47127],[73.71215,19.47126],[73.71216,19.4712],[73.71219,19.47115],[73.71223,19.47106],[73.71223,19.47099],[73.71227,19.47093],[73.71232,19.47088],[73.71234,19.47079],[73.71243,19.47068],[73.71246,19.47063],[73.71253,19.47056],[73.71261,19.47055],[73.71268,19.47055],[73.71275,19.4705],[73.71282,19.47045],[73.7129,19.4704],[73.71296,19.47035],[73.71303,19.47028],[73.71307,19.47025],[73.71312,19.47025],[73.71315,19.47022],[73.71319,19.47023],[73.71321,19.47018],[73.71333,19.47012],[73.71341,19.47004],[73.71349,19.46997],[73.71358,19.46987],[73.7136,19.46981],[73.71365,19.46975],[73.71371,19.46969],[73.71378,19.46964],[73.71381,19.46955],[73.71384,19.46951],[73.71389,19.46943],[73.71392,19.46935],[73.71394,19.46926],[73.71398,19.46918],[73.71408,19.4691],[73.71416,19.46902],[73.71425,19.46895],[73.71432,19.46886],[73.7144,19.46878],[73.71443,19.46871],[73.7144,19.46861],[73.71433,19.46852],[73.71425,19.46841],[73.71418,19.46832],[73.71412,19.4682],[73.71412,19.46808],[73.71414,19.46796],[73.71418,19.46786],[73.71413,19.46771],[73.71413,19.4676],[73.71408,19.46743],[73.71417,19.46734],[73.71415,19.46721],[73.71415,19.46703],[73.71423,19.46689],[73.71422,19.46672],[73.71426,19.46652],[73.71427,19.46636],[73.71429,19.46618],[73.71433,19.46605],[73.71439,19.4659],[73.71443,19.46573],[73.7145,19.46562],[73.71461,19.46546],[73.7147,19.46535],[73.71475,19.4652],[73.71482,19.46507],[73.71486,19.46498],[73.71488,19.46492],[73.7149,19.46483],[73.71494,19.46474],[73.71495,19.46468],[73.715,19.4646],[73.71503,19.46454],[73.71506,19.46444],[73.71506,19.46435],[73.7151,19.46424],[73.71512,19.46416],[73.71513,19.4641],[73.71513,19.46397],[73.71518,19.46389],[73.71525,19.46379],[73.71529,19.46372],[73.7153,19.46359],[73.71533,19.4635],[73.7153,19.46343],[73.71537,19.46337],[73.71544,19.4633],[73.71551,19.46323],[73.7157,19.46309],[73.71581,19.46303],[73.71593,19.46295],[73.7161,19.46282],[73.71617,19.46279],[73.71627,19.46274],[73.7166,19.4626],[73.71683,19.46231],[73.717,19.46226],[73.71733,19.46192],[73.71752,19.46171],[73.71768,19.46137],[73.71752,19.46122],[73.71754,19.46064],[73.7177,19.46064],[73.7179,19.46055],[73.71815,19.46072],[73.71863,19.46079],[73.71889,19.46094],[73.71919,19.46075],[73.71914,19.4603],[73.71923,19.45964],[73.71946,19.45907],[73.7197,19.4586],[73.71961,19.45826],[73.71946,19.45764],[73.71981,19.45732],[73.71985,19.45666],[73.72011,19.45618],[73.72055,19.45607],[73.72104,19.45596],[73.72171,19.45564],[73.72216,19.45539],[73.72237,19.45515],[73.72239,19.45468],[73.72249,19.45435],[73.72357,19.45409],[73.72551,19.45321],[73.72672,19.45263],[73.72773,19.45204],[73.72882,19.45146],[73.72937,19.45151],[73.73011,19.45167],[73.73046,19.45139],[73.7307,19.45131],[73.73114,19.4513],[73.73162,19.45135],[73.73192,19.45127],[73.73201,19.45125],[73.73225,19.45113]]]},"properties":{"id":"trail_r20971737","type":"trail","name":"EST 07","name_local":null,"category":"regional hiking route","source":"openstreetmap","source_id":"relation/20971737","updated_at":"2026-06-13T11:41:34Z","tags":{"operator":"HikeX","website":"https://hikex.in/","from":"Samrad","to":"Kumshet","network":"rwn"}}},{"type":"Feature","geometry":{"type":"MultiLineString","coordinates":[[[73.71239,19.45498],[73.71335,19.45548],[73.71384,19.45543],[73.71478,19.45557],[73.71502,19.4556],[73.71552,19.45582],[73.71604,19.45588],[73.71657,19.45584],[73.71677,19.45581],[73.71711,19.45576],[73.71755,19.45546],[73.71882,19.45514],[73.72006,19.45496],[73.72154,19.45443],[73.72249,19.45435],[73.72239,19.45468],[73.72237,19.45515],[73.72216,19.45539],[73.72171,19.45564],[73.72104,19.45596],[73.72055,19.45607],[73.72011,19.45618],[73.71985,19.45666],[73.71981,19.45732],[73.71946,19.45764],[73.71961,19.45826],[73.7197,19.4586],[73.71946,19.45907],[73.71923,19.45964],[73.71914,19.4603],[73.71919,19.46075],[73.71921,19.4609],[73.71942,19.46149],[73.71936,19.46185],[73.71932,19.46239],[73.71932,19.46304],[73.71932,19.46335],[73.71953,19.46391],[73.71978,19.46452],[73.71998,19.46514],[73.72024,19.4657],[73.72062,19.46618],[73.72098,19.46662],[73.72148,19.46722],[73.72166,19.4675],[73.72197,19.46784],[73.72233,19.46805],[73.72276,19.46846],[73.72315,19.46876],[73.72348,19.46892],[73.72338,19.46934],[73.72311,19.46984],[73.72319,19.47013],[73.72325,19.47047],[73.72324,19.47078],[73.72321,19.471],[73.72326,19.47115],[73.7233,19.4714],[73.72343,19.47162],[73.72357,19.4719],[73.72369,19.47203],[73.72378,19.4723],[73.72378,19.47252],[73.72372,19.47274],[73.72357,19.47298],[73.72365,19.4734],[73.7238,19.47368],[73.72382,19.47378],[73.72379,19.47405],[73.72366,19.47418],[73.72345,19.4742],[73.72318,19.47407],[73.723,19.47401],[73.72286,19.47408],[73.72281,19.47423],[73.72264,19.47433],[73.72252,19.47445],[73.72245,19.47469],[73.72241,19.47494],[73.72234,19.47518],[73.72231,19.47533],[73.72219,19.47544],[73.72208,19.47558],[73.72211,19.47565],[73.72213,19.4757],[73.72207,19.47577],[73.72202,19.47582],[73.72199,19.47591],[73.72196,19.47599],[73.72192,19.47606],[73.72187,19.47613],[73.72181,19.4762],[73.72177,19.47627],[73.72171,19.47633],[73.72166,19.47641],[73.72164,19.47646],[73.72154,19.47649],[73.72137,19.47656],[73.72127,19.4766],[73.72119,19.47662],[73.72113,19.47665],[73.72102,19.47667],[73.72101,19.47669],[73.72109,19.4767],[73.72122,19.47666],[73.72135,19.47665],[73.72152,19.47662],[73.72162,19.47659],[73.72168,19.47661],[73.72167,19.47667],[73.7216,19.47669],[73.72147,19.47684],[73.72139,19.47691],[73.72137,19.47702],[73.72129,19.47709],[73.72117,19.47721],[73.72111,19.47731],[73.72106,19.47745],[73.72098,19.47757],[73.72088,19.47767],[73.7208,19.47778],[73.72072,19.4779],[73.72071,19.47799],[73.72069,19.47807],[73.72063,19.47805],[73.72058,19.47795],[73.72047,19.47795],[73.7203,19.47796],[73.72006,19.47804],[73.71982,19.47817],[73.71974,19.47824],[73.71967,19.47845],[73.71968,19.47867],[73.71975,19.47882],[73.7198,19.47892],[73.71984,19.47904],[73.71985,19.47919],[73.71981,19.47935],[73.71977,19.47955],[73.71973,19.47972],[73.71972,19.47987],[73.7197,19.48006],[73.71964,19.48032],[73.71962,19.4805],[73.71964,19.48074],[73.71966,19.48089],[73.71939,19.48076],[73.71923,19.48065],[73.71911,19.48048],[73.71913,19.48018],[73.71913,19.48003],[73.71914,19.47981],[73.71914,19.47954],[73.7191,19.4794],[73.71886,19.47938],[73.71874,19.47956],[73.71868,19.47977],[73.71863,19.47988],[73.71844,19.48013],[73.71832,19.48031],[73.71805,19.48039],[73.71772,19.48045],[73.71751,19.48052],[73.71729,19.48059],[73.71705,19.48064],[73.71688,19.4807],[73.71675,19.48081],[73.71659,19.48082],[73.71629,19.48095],[73.71607,19.481],[73.71579,19.48112],[73.7156,19.48124],[73.71546,19.48142],[73.71531,19.48161],[73.71509,19.4818],[73.71499,19.48196],[73.71474,19.48218],[73.71454,19.48235],[73.71439,19.48256],[73.71454,19.48235],[73.71474,19.48218],[73.71499,19.48196],[73.71509,19.4818],[73.71531,19.48161],[73.71546,19.48142],[73.7156,19.48124],[73.71579,19.48112],[73.71607,19.481],[73.71629,19.48095],[73.71659,19.48082],[73.71675,19.48081],[73.71688,19.4807],[73.71705,19.48064],[73.71729,19.48059],[73.71751,19.48052],[73.71772,19.48045],[73.71805,19.48039],[73.71832,19.48031],[73.71844,19.48013],[73.71863,19.47988],[73.71868,19.47977],[73.71874,19.47956],[73.71886,19.47938],[73.7191,19.4794],[73.71914,19.47954],[73.71914,19.47981],[73.71913,19.48003],[73.71913,19.48018],[73.71911,19.48048],[73.71923,19.48065],[73.71939,19.48076],[73.71966,19.48089],[73.71979,19.48073],[73.7199,19.48072],[73.72015,19.48056],[73.72036,19.4804],[73.72068,19.48018],[73.72113,19.48005],[73.72151,19.47994],[73.72186,19.47988],[73.72218,19.47993],[73.72246,19.4798],[73.72281,19.47975],[73.72305,19.47968],[73.72344,19.47948],[73.7238,19.47927],[73.72413,19.47904],[73.72446,19.47893],[73.72459,19.47892],[73.725,19.47893],[73.72527,19.47899],[73.72563,19.47915],[73.72576,19.4794],[73.72583,19.4797],[73.72613,19.47961],[73.72634,19.47937],[73.72666,19.47934],[73.72694,19.47915],[73.72721,19.4789],[73.72762,19.47874],[73.72797,19.4786],[73.72831,19.47846],[73.72855,19.47812],[73.72879,19.47767],[73.7291,19.47734],[73.72953,19.47688],[73.72974,19.47655],[73.73029,19.47631],[73.7306,19.47617],[73.73087,19.47611],[73.73111,19.47631],[73.73145,19.47642],[73.7316,19.47621],[73.73174,19.47595],[73.73201,19.47576],[73.73213,19.47539],[73.73226,19.47507],[73.73257,19.47484],[73.73284,19.47459],[73.73305,19.47434],[73.73342,19.47395],[73.73361,19.47386],[73.73395,19.47368],[73.73422,19.47328],[73.73458,19.47304],[73.73492,19.47279],[73.73527,19.47253],[73.73556,19.47215],[73.7357,19.47184],[73.73608,19.47154],[73.73647,19.47089],[73.73673,19.47041],[73.73684,19.47013],[73.73693,19.46984],[73.73712,19.46959],[73.73737,19.46929],[73.7376,19.46928],[73.73778,19.46927],[73.7381,19.46931],[73.73844,19.46954],[73.73873,19.4697],[73.73915,19.46993],[73.73954,19.47014],[73.73968,19.47025],[73.73988,19.4704],[73.74028,19.47049],[73.74061,19.47036],[73.741,19.47011],[73.74152,19.47018],[73.74198,19.47048],[73.74224,19.47076],[73.74281,19.47122],[73.74329,19.47137],[73.74334,19.4712],[73.74377,19.47099],[73.74415,19.47078],[73.74437,19.47067],[73.74491,19.47036],[73.74542,19.47007],[73.7459,19.47013],[73.74648,19.47039],[73.7467,19.47048],[73.74717,19.47072],[73.74749,19.47098],[73.74788,19.47104],[73.7481,19.47125],[73.7484,19.47134],[73.74873,19.47153],[73.74867,19.47184],[73.74892,19.47246],[73.74902,19.47276],[73.74925,19.4731],[73.74956,19.4734],[73.74968,19.47363],[73.75009,19.47407],[73.75016,19.47422],[73.75043,19.47451],[73.75074,19.47479],[73.75091,19.47522],[73.75097,19.47543],[73.75118,19.47556],[73.75152,19.47549],[73.7518,19.47542],[73.75212,19.47546],[73.75235,19.47545],[73.75268,19.47526],[73.75285,19.47502],[73.75304,19.47492],[73.7535,19.47467],[73.75374,19.4745],[73.754,19.47433],[73.7543,19.47421],[73.75469,19.474],[73.75498,19.47381],[73.75525,19.47365],[73.75559,19.47336],[73.75565,19.47312],[73.75577,19.47289],[73.75591,19.47263],[73.75604,19.47244],[73.75619,19.47262],[73.75625,19.47274],[73.75628,19.47291],[73.75639,19.47303],[73.75648,19.47323],[73.75654,19.47342],[73.75659,19.47357],[73.75667,19.47362],[73.75673,19.47346],[73.75684,19.47326],[73.75696,19.47318],[73.75722,19.47315],[73.7576,19.47275],[73.7586,19.47267],[73.75962,19.47282],[73.75934,19.4739],[73.7597,19.47429],[73.76015,19.4744],[73.76064,19.47512],[73.76117,19.47512],[73.76163,19.47502],[73.76173,19.4749],[73.76199,19.47476],[73.76217,19.47462],[73.7624,19.4744],[73.76271,19.4742],[73.76289,19.474],[73.76344,19.47393],[73.76367,19.47389],[73.764,19.47394],[73.76456,19.47369],[73.76471,19.47362],[73.76483,19.47357],[73.76547,19.47288],[73.76552,19.47257],[73.76583,19.47225],[73.766,19.47183],[73.76629,19.47156],[73.76658,19.47154],[73.76677,19.47143],[73.76715,19.47105],[73.76741,19.4709],[73.76793,19.47114],[73.76844,19.47121],[73.7689,19.47151],[73.76936,19.47165],[73.7699,19.47109],[73.77,19.47074],[73.77035,19.47055],[73.77077,19.47058],[73.77105,19.47079],[73.77138,19.47129],[73.77165,19.47137],[73.77246,19.47135],[73.77244,19.47106],[73.77255,19.47079],[73.77255,19.47037],[73.77241,19.47018],[73.77213,19.46993],[73.77263,19.46991],[73.77284,19.46983],[73.77315,19.46953],[73.77346,19.46917],[73.77393,19.46904],[73.77427,19.46903],[73.77466,19.46883],[73.77481,19.46864],[73.77502,19.4688],[73.77527,19.46883],[73.77571,19.46873],[73.77658,19.46846],[73.77765,19.46836],[73.7786,19.46834],[73.77894,19.4682],[73.77935,19.46826],[73.77946,19.46841],[73.77965,19.46845],[73.77985,19.46874],[73.77994,19.46872],[73.78006,19.46879],[73.7802,19.46878],[73.78035,19.46876],[73.78044,19.4688],[73.78046,19.46891],[73.78059,19.46893],[73.78066,19.46901],[73.78084,19.46909],[73.781,19.4692],[73.78095,19.46935],[73.78088,19.46944],[73.78095,19.46935],[73.781,19.4692],[73.78084,19.46909],[73.78066,19.46901],[73.78059,19.46893],[73.78046,19.46891],[73.78044,19.4688],[73.78035,19.46876],[73.7802,19.46878],[73.78006,19.46879],[73.77994,19.46872],[73.77985,19.46874],[73.77984,19.46887],[73.77979,19.46891],[73.77976,19.46902],[73.77968,19.46903],[73.77967,19.4691],[73.77963,19.46918],[73.77959,19.46924],[73.77962,19.4693],[73.77958,19.46934],[73.77964,19.46943],[73.77964,19.46952],[73.7796,19.46963],[73.77967,19.46974],[73.77969,19.46995],[73.77981,19.47006],[73.77985,19.47019],[73.77972,19.47022],[73.77975,19.47037],[73.77963,19.47041],[73.77965,19.47049],[73.77961,19.47055],[73.77964,19.47069],[73.77952,19.47071],[73.77954,19.47084],[73.77944,19.47088],[73.77948,19.47099],[73.77942,19.47107],[73.77944,19.47113],[73.77938,19.47117],[73.77941,19.47124],[73.77935,19.47134],[73.7794,19.47139],[73.77929,19.47148],[73.77932,19.47153],[73.77924,19.47158],[73.77929,19.47167],[73.77922,19.47172],[73.77926,19.47186],[73.77938,19.47191],[73.77949,19.47194],[73.7796,19.47201],[73.77973,19.47203],[73.77974,19.47215],[73.77989,19.4722],[73.7801,19.47244],[73.7802,19.47267],[73.7802,19.47289],[73.78004,19.47298],[73.78011,19.47332],[73.7802,19.47355],[73.78021,19.47368],[73.78031,19.47387],[73.78089,19.47421],[73.781,19.47445],[73.78125,19.47464],[73.78147,19.4747],[73.78171,19.47469],[73.78192,19.47476],[73.78208,19.47474],[73.78227,19.47467],[73.78243,19.47465],[73.78265,19.4747],[73.78267,19.47481],[73.78269,19.475],[73.78277,19.47512],[73.78287,19.47534],[73.7832,19.47564],[73.78317,19.47578],[73.78307,19.47602],[73.78295,19.47615],[73.78294,19.47638],[73.78287,19.47661],[73.78278,19.47714],[73.78274,19.47726],[73.78249,19.47798],[73.7822,19.47827],[73.78209,19.47855],[73.78194,19.47861],[73.78167,19.47857],[73.78153,19.47864],[73.78134,19.47913],[73.78108,19.47927],[73.78086,19.47966],[73.78061,19.4798],[73.78028,19.4799],[73.78018,19.47997],[73.78006,19.48009],[73.77991,19.48009],[73.77983,19.48022],[73.77962,19.48025],[73.7795,19.4802],[73.77942,19.48028],[73.77926,19.4803],[73.77906,19.48044],[73.77894,19.48043],[73.77878,19.48051],[73.77843,19.48044],[73.77827,19.48027],[73.77797,19.48028],[73.77762,19.48048],[73.77742,19.48055],[73.77721,19.48089],[73.77702,19.48084],[73.77683,19.48112],[73.7765,19.48134],[73.77623,19.48154],[73.77619,19.48176],[73.77603,19.48191],[73.77577,19.48194],[73.77549,19.48198],[73.7753,19.48219],[73.7752,19.48227],[73.77505,19.48232],[73.77486,19.48238],[73.77473,19.48232],[73.77464,19.48244],[73.77451,19.48244],[73.77444,19.48237],[73.7742,19.48236],[73.77419,19.48243],[73.77416,19.48257],[73.77404,19.48273],[73.77408,19.48288],[73.77402,19.48304],[73.77418,19.48321],[73.77406,19.48342],[73.77382,19.48352],[73.77358,19.48372],[73.77363,19.48381],[73.77358,19.48395],[73.77348,19.48406],[73.7733,19.48413],[73.77316,19.48435],[73.77295,19.4845],[73.77281,19.4846],[73.77279,19.48475],[73.77258,19.48501],[73.77256,19.48541],[73.77263,19.48557],[73.77263,19.48582],[73.77241,19.48605],[73.77241,19.4862],[73.77216,19.48633],[73.77202,19.48657],[73.77193,19.48675],[73.77193,19.48698],[73.77187,19.48717],[73.77183,19.48751],[73.77165,19.48767],[73.77151,19.48771],[73.77137,19.4879],[73.77142,19.48801],[73.77136,19.4881],[73.77121,19.48813],[73.77097,19.48814],[73.77087,19.48824],[73.77093,19.48836],[73.77086,19.48858],[73.7709,19.4887],[73.77088,19.48891],[73.77078,19.48891],[73.7707,19.48905],[73.77051,19.48921],[73.77029,19.48914],[73.76993,19.48917],[73.76973,19.48903],[73.76916,19.48902],[73.76898,19.48893],[73.76886,19.48893],[73.76873,19.48899],[73.76864,19.4889],[73.76851,19.48894],[73.76842,19.48892],[73.76817,19.489],[73.76805,19.48897],[73.76796,19.48898],[73.76771,19.48886],[73.7676,19.48893],[73.76748,19.48889],[73.76737,19.48894],[73.76728,19.48888],[73.76719,19.48876],[73.76703,19.48866],[73.76686,19.48879],[73.76692,19.48891],[73.76674,19.48898],[73.76669,19.48906],[73.76689,19.48904],[73.76701,19.48934],[73.76707,19.48955],[73.76689,19.48954],[73.76689,19.48964],[73.76673,19.48976],[73.76665,19.48966],[73.76622,19.48921],[73.76603,19.48886],[73.76584,19.48859],[73.76566,19.48839],[73.76519,19.48808],[73.76508,19.48789],[73.76497,19.48783],[73.76492,19.48776],[73.76474,19.48772],[73.76469,19.48762],[73.76452,19.48757],[73.76433,19.48738],[73.76416,19.48748],[73.76399,19.48747],[73.76388,19.4873],[73.76371,19.48732],[73.76365,19.48738],[73.76355,19.48734],[73.76342,19.48735],[73.7633,19.48726],[73.76322,19.48733],[73.76312,19.4873],[73.76298,19.48731],[73.76305,19.4874],[73.76302,19.48747],[73.76289,19.48759],[73.76266,19.48769],[73.76264,19.48782],[73.76268,19.48789],[73.76265,19.48804],[73.76269,19.48821],[73.76254,19.48821],[73.76145,19.48797],[73.76102,19.48734],[73.76003,19.48751],[73.75927,19.48769],[73.75847,19.48808],[73.75788,19.48836],[73.75773,19.48873],[73.75716,19.48922],[73.75674,19.4896],[73.75616,19.4904],[73.75508,19.49083],[73.75441,19.49073],[73.7535,19.49131],[73.75273,19.49191],[73.75203,19.49251],[73.75186,19.49327],[73.75169,19.49383],[73.75104,19.49369],[73.75078,19.49362],[73.75067,19.49328],[73.75039,19.4937],[73.75019,19.49399],[73.75009,19.49389],[73.75017,19.49371],[73.75016,19.49363],[73.75008,19.49346],[73.74999,19.49329],[73.74992,19.49328],[73.74982,19.49329],[73.74968,19.49337],[73.74958,19.49345],[73.74946,19.49353],[73.74931,19.49359],[73.74917,19.4936],[73.74905,19.49361],[73.74893,19.49365],[73.74882,19.49369],[73.74863,19.49385],[73.74856,19.49398],[73.74855,19.49412],[73.74856,19.49437],[73.74861,19.49449],[73.74861,19.4946],[73.74856,19.49466],[73.74844,19.4947],[73.74829,19.49475],[73.74816,19.49484],[73.74783,19.49485],[73.74763,19.49446],[73.74748,19.49405],[73.74742,19.49325],[73.74747,19.49249],[73.74751,19.49172],[73.74796,19.49144],[73.74836,19.49125],[73.74876,19.49066],[73.74839,19.49052],[73.74861,19.48984],[73.74832,19.48976],[73.74869,19.48923],[73.74867,19.48847],[73.74869,19.48773],[73.74869,19.48699],[73.74877,19.48638],[73.74876,19.48602],[73.74879,19.48583],[73.74874,19.48562],[73.7488,19.48552],[73.74871,19.48525],[73.74867,19.48495],[73.74858,19.48488],[73.7484,19.48464],[73.74828,19.48441],[73.74829,19.48425],[73.7482,19.48423],[73.7482,19.48415],[73.74807,19.4841],[73.74799,19.48404],[73.74801,19.48387],[73.74784,19.48315],[73.74768,19.48307],[73.74769,19.48291],[73.74819,19.48222],[73.74817,19.48201],[73.74821,19.4818],[73.74845,19.48169],[73.74878,19.48127],[73.74884,19.48098],[73.74876,19.48087],[73.74881,19.48067],[73.74899,19.4805],[73.74918,19.48019],[73.74902,19.48016],[73.74919,19.4797],[73.74914,19.47956],[73.74905,19.47955],[73.74876,19.47978],[73.7487,19.47992],[73.74816,19.48022],[73.74801,19.48044],[73.74783,19.48057],[73.74779,19.48072],[73.74763,19.481],[73.74735,19.48123],[73.74678,19.48117],[73.74657,19.48106],[73.74611,19.48062],[73.74597,19.48036],[73.74568,19.48008],[73.74545,19.47989],[73.74525,19.4799],[73.74514,19.47965],[73.74499,19.47949],[73.74495,19.47926],[73.74472,19.47899],[73.7447,19.47878],[73.74443,19.47871],[73.74362,19.47809],[73.74344,19.47722],[73.74348,19.47681],[73.74341,19.47668],[73.74316,19.47649],[73.74298,19.47619],[73.74297,19.47605],[73.7431,19.47573],[73.74294,19.47547],[73.743,19.47519],[73.74275,19.475],[73.74272,19.47472],[73.74233,19.47444],[73.74225,19.47423],[73.74222,19.47398],[73.74208,19.47372],[73.74166,19.47319],[73.74112,19.47247],[73.74095,19.47241],[73.74084,19.47224],[73.74078,19.47194],[73.74068,19.4718],[73.74059,19.47148],[73.74034,19.4713],[73.74027,19.47105],[73.73996,19.47085],[73.73981,19.47069],[73.73968,19.47025],[73.73954,19.47014],[73.73915,19.46993],[73.73873,19.4697],[73.73844,19.46954],[73.7381,19.46931],[73.73778,19.46927],[73.7376,19.46928],[73.73722,19.46839],[73.73649,19.46758],[73.73661,19.46685],[73.73575,19.46702],[73.73514,19.46682],[73.73412,19.46668],[73.73348,19.46693],[73.73296,19.46683],[73.73271,19.46704],[73.73217,19.46659],[73.73133,19.46653],[73.73088,19.46658],[73.73084,19.4665],[73.73078,19.46651],[73.73073,19.46666],[73.73065,19.46672],[73.73051,19.46669],[73.73046,19.46659],[73.73043,19.46642],[73.73052,19.46627],[73.73063,19.46619],[73.7307,19.46616],[73.73073,19.46608],[73.73077,19.46599],[73.7306,19.46594],[73.73039,19.46597],[73.73027,19.46595],[73.73019,19.46591],[73.7301,19.46588],[73.73017,19.46581],[73.73005,19.46568],[73.73004,19.46556],[73.72998,19.46545],[73.72999,19.46534],[73.72995,19.46523],[73.72997,19.46516],[73.73004,19.46506],[73.73005,19.46486],[73.73011,19.46469],[73.73011,19.46455],[73.73018,19.46447],[73.73018,19.46432],[73.7303,19.46412],[73.73041,19.46404],[73.73055,19.46384],[73.73065,19.46361],[73.73075,19.46343],[73.73074,19.46334],[73.73087,19.46338],[73.73086,19.46322],[73.73093,19.46321],[73.73103,19.46313],[73.73107,19.46304],[73.73095,19.46297],[73.73084,19.4629],[73.73073,19.46286],[73.73045,19.46274],[73.73027,19.46264],[73.73018,19.46248],[73.73006,19.46244],[73.72993,19.46242],[73.72996,19.46223],[73.73006,19.46185],[73.73012,19.46156],[73.73003,19.46135],[73.73011,19.46118],[73.73017,19.46095],[73.7304,19.46078],[73.73064,19.46054],[73.73096,19.46019],[73.73118,19.46007],[73.7313,19.45994],[73.73151,19.45983],[73.73165,19.45978],[73.7318,19.45964],[73.73191,19.45966],[73.73198,19.45958],[73.7322,19.45953],[73.73238,19.45942],[73.73257,19.45931],[73.73263,19.45913],[73.73285,19.459],[73.73295,19.45879],[73.73293,19.45861],[73.73306,19.45858],[73.73322,19.45843],[73.73321,19.45817],[73.73329,19.458],[73.7333,19.45765],[73.73359,19.45707],[73.73338,19.45626],[73.73357,19.45583],[73.73351,19.45553],[73.73375,19.45518],[73.7332,19.45452],[73.73325,19.45426],[73.73266,19.45376],[73.73246,19.45331],[73.73225,19.45293],[73.73205,19.45259],[73.73196,19.45231],[73.73182,19.45222],[73.73195,19.45181],[73.73192,19.45127]]]},"properties":{"id":"trail_r20973054","type":"trail","name":"EST 08","name_local":null,"category":"regional hiking route","source":"openstreetmap","source_id":"relation/20973054","updated_at":"2026-06-13T06:42:04Z","tags":{"operator":"HikeX","website":"https://hikex.in/","from":"Kumshet","to":"Thakarwadi","network":"rwn"}}},{"type":"Feature","geometry":{"type":"MultiLineString","coordinates":[[[73.71239,19.45498],[73.71148,19.45453],[73.7113,19.45448],[73.71098,19.45439],[73.71063,19.45421],[73.71009,19.45407],[73.70973,19.4538],[73.70936,19.45335],[73.70891,19.45298],[73.70813,19.45244],[73.70778,19.45222],[73.70751,19.45207],[73.70715,19.45185],[73.70681,19.45158],[73.70656,19.45137],[73.7062,19.45126],[73.70595,19.45108],[73.7057,19.45076],[73.70533,19.4504],[73.70492,19.44997],[73.70442,19.44953],[73.70402,19.44924],[73.70357,19.44887],[73.70345,19.4487],[73.70311,19.44861],[73.70269,19.44846],[73.70226,19.44867],[73.70187,19.44898],[73.70149,19.44928],[73.70112,19.44948],[73.7006,19.44972],[73.70029,19.45004],[73.70008,19.45058],[73.70009,19.451],[73.69968,19.45159],[73.69946,19.45193],[73.69911,19.45273],[73.69887,19.45334],[73.69859,19.45411],[73.69847,19.45452],[73.6984,19.4549],[73.69842,19.45534],[73.69837,19.45566],[73.69844,19.45596],[73.69845,19.45627],[73.69832,19.45663],[73.69824,19.45712],[73.69812,19.45744],[73.69799,19.45766],[73.69799,19.45797],[73.69798,19.45832],[73.69784,19.45864],[73.69774,19.45904],[73.6976,19.45941],[73.69736,19.45971],[73.6972,19.45995],[73.69708,19.46031],[73.69705,19.46055],[73.69703,19.46097],[73.697,19.46156],[73.69693,19.4618],[73.69688,19.46195],[73.69684,19.46206],[73.69681,19.46213],[73.69687,19.46218],[73.69689,19.4622],[73.697,19.4623],[73.69708,19.46247],[73.69723,19.46265],[73.69733,19.46294],[73.69734,19.46324],[73.69748,19.46357],[73.69756,19.46385],[73.6976,19.46424],[73.69754,19.46466],[73.69745,19.4648],[73.69739,19.46516],[73.6973,19.46557],[73.6973,19.46594],[73.69735,19.46621],[73.69736,19.46649],[73.69724,19.46684],[73.69705,19.46714],[73.69696,19.46754],[73.69716,19.46779],[73.69722,19.46807],[73.69723,19.46812],[73.69706,19.4682],[73.6968,19.46849],[73.69659,19.46885],[73.69656,19.46907],[73.69637,19.46933],[73.69619,19.46936],[73.69582,19.46929],[73.69561,19.4691],[73.6955,19.46912],[73.69541,19.46922],[73.69533,19.46936],[73.69522,19.46945],[73.69502,19.4695],[73.69492,19.46954],[73.6948,19.46955],[73.69479,19.4696],[73.69469,19.46961],[73.69463,19.4697],[73.69456,19.46966],[73.69452,19.46975],[73.69442,19.46973],[73.69434,19.46979],[73.69429,19.46977],[73.69423,19.46985],[73.69416,19.46987],[73.69417,19.46993],[73.69408,19.46997],[73.69404,19.46989],[73.69396,19.46992],[73.69385,19.46995],[73.69368,19.46996],[73.69353,19.47005],[73.69338,19.4701],[73.69322,19.47012],[73.69321,19.47024],[73.69329,19.47025],[73.69341,19.47027],[73.69339,19.47035],[73.69327,19.47043],[73.69314,19.47051],[73.69319,19.47055],[73.69328,19.47057],[73.69326,19.47066],[73.69308,19.47074],[73.69294,19.47081],[73.6928,19.47085],[73.6926,19.47098],[73.69242,19.47113],[73.69226,19.47118],[73.69203,19.47128],[73.69194,19.47147],[73.69192,19.4715],[73.69175,19.47161],[73.69153,19.47174],[73.69129,19.4719],[73.69111,19.47206],[73.69092,19.47212],[73.69086,19.47214],[73.69067,19.47224],[73.6904,19.47226],[73.69018,19.47243],[73.69,19.47256],[73.68976,19.47269],[73.68958,19.47287],[73.68957,19.473],[73.68935,19.47302],[73.68921,19.47315],[73.68913,19.47326],[73.68907,19.47334],[73.68903,19.47352],[73.68888,19.47365],[73.68867,19.47386],[73.6885,19.47404],[73.68848,19.47413],[73.68846,19.47425],[73.68836,19.47447],[73.68824,19.47461],[73.68807,19.47484],[73.68789,19.47501],[73.68776,19.47516],[73.68768,19.47532],[73.68764,19.47543],[73.6876,19.47545],[73.68741,19.47548],[73.68726,19.47559],[73.68705,19.47568],[73.68689,19.47573],[73.6867,19.47584],[73.68661,19.47594],[73.68654,19.47594],[73.68645,19.4759],[73.68628,19.47591],[73.68619,19.47602],[73.68607,19.47601],[73.68609,19.47623],[73.68607,19.47645],[73.68598,19.47659],[73.68581,19.47675],[73.6856,19.47694],[73.68539,19.47715],[73.68513,19.47727],[73.6849,19.47743],[73.68472,19.47764],[73.68456,19.4778],[73.6844,19.47797],[73.68411,19.47835],[73.68387,19.47856],[73.68357,19.47879],[73.68343,19.47895],[73.68329,19.47922],[73.68317,19.47944],[73.68303,19.47967],[73.68282,19.47986],[73.68273,19.48006],[73.6827,19.48024],[73.68254,19.4804],[73.6824,19.48055],[73.68223,19.48064],[73.68208,19.48072],[73.68192,19.48086],[73.68184,19.48107],[73.68177,19.48112],[73.6817,19.48124],[73.68158,19.48136],[73.68144,19.48141],[73.68133,19.48149],[73.68127,19.48152],[73.68106,19.4816],[73.68096,19.48164],[73.68087,19.48168],[73.68084,19.48169],[73.68068,19.48179],[73.68056,19.48189],[73.68046,19.48191],[73.68034,19.4819],[73.68027,19.4819],[73.68017,19.48188],[73.68011,19.4818],[73.68002,19.48173],[73.67988,19.48171],[73.67961,19.48174],[73.67942,19.48183],[73.6792,19.4819],[73.67902,19.482],[73.6788,19.48204],[73.67866,19.48212],[73.67844,19.48219],[73.67824,19.48221],[73.67808,19.48218],[73.67795,19.48216],[73.67779,19.48221],[73.67758,19.48226],[73.67744,19.48229],[73.67723,19.48226],[73.67706,19.48228],[73.67694,19.48235],[73.67675,19.4824],[73.6767,19.48246],[73.67674,19.48257],[73.67677,19.4826],[73.67686,19.48266],[73.67696,19.48278],[73.67693,19.48288],[73.67678,19.48296],[73.67659,19.48306],[73.67641,19.48323],[73.67628,19.48338],[73.67605,19.48342],[73.67591,19.48343],[73.67583,19.48355],[73.67577,19.48366],[73.67563,19.48376],[73.67558,19.48379],[73.67541,19.48379],[73.67525,19.48374],[73.67509,19.48375],[73.67494,19.48373],[73.67483,19.48372],[73.67481,19.48372],[73.67463,19.48362],[73.67447,19.4836],[73.6744,19.48364],[73.67424,19.48361],[73.674,19.48354],[73.67387,19.48354],[73.67379,19.48354],[73.67358,19.48344],[73.67339,19.4834],[73.67317,19.48335],[73.67281,19.4834],[73.67248,19.48335],[73.67244,19.48316],[73.67244,19.48303],[73.67244,19.48297],[73.67234,19.48294],[73.67209,19.48297],[73.67184,19.48298],[73.67168,19.48295],[73.67158,19.48302],[73.67149,19.48315],[73.67137,19.48317],[73.67118,19.48324],[73.67093,19.48328],[73.67089,19.48329],[73.67072,19.4833],[73.67055,19.48328],[73.67037,19.48333],[73.67016,19.48336],[73.66999,19.48338],[73.66973,19.48338],[73.66951,19.4834],[73.66919,19.48343],[73.66903,19.48353],[73.6688,19.48363],[73.66847,19.48367],[73.66821,19.48363],[73.66797,19.48355],[73.66771,19.48352],[73.6673,19.48352],[73.66686,19.48347],[73.66669,19.48348],[73.66643,19.48346],[73.66623,19.48346],[73.66603,19.48346],[73.66577,19.48343],[73.66559,19.48337],[73.66541,19.48324],[73.66519,19.48308],[73.66495,19.48301],[73.66467,19.48293],[73.66438,19.48289],[73.66409,19.48287],[73.66383,19.48288],[73.66351,19.4829],[73.6634,19.48287],[73.66324,19.48276],[73.66309,19.48275],[73.66291,19.48267],[73.66268,19.48258],[73.66253,19.48246],[73.66237,19.48235],[73.66214,19.48227],[73.66183,19.48225],[73.66164,19.48219],[73.66139,19.48221],[73.6611,19.4822],[73.66082,19.48224],[73.66052,19.48228],[73.66025,19.48223],[73.65995,19.48225],[73.65955,19.48219],[73.65931,19.48207],[73.6592,19.48205],[73.65904,19.48207],[73.65891,19.48196],[73.65875,19.48192],[73.65853,19.48192],[73.65833,19.48188],[73.65811,19.48183],[73.65792,19.48183],[73.65774,19.4818],[73.65756,19.48176],[73.6574,19.4817],[73.65719,19.48169],[73.65701,19.48161],[73.65686,19.48148],[73.65672,19.48138],[73.65662,19.48131],[73.65647,19.48116],[73.65638,19.48082],[73.65619,19.48081],[73.65597,19.48071],[73.6559,19.48057],[73.65577,19.48062],[73.65554,19.48073],[73.65534,19.48088],[73.65499,19.48082],[73.65471,19.48077],[73.65459,19.48079],[73.65439,19.48081],[73.65424,19.48079],[73.65395,19.48069],[73.65381,19.48061],[73.65362,19.48042],[73.65341,19.4803],[73.65313,19.48021],[73.65288,19.48014],[73.65268,19.48008],[73.65248,19.47998],[73.65226,19.47987],[73.65201,19.47968],[73.65196,19.47949],[73.65178,19.47937],[73.65157,19.47911],[73.65149,19.47895],[73.65145,19.47888],[73.6515,19.47868],[73.65129,19.47848],[73.65109,19.4784],[73.65094,19.47833],[73.65074,19.47812],[73.6505,19.47792],[73.6504,19.47779],[73.65035,19.47761],[73.65026,19.47742],[73.65015,19.47728],[73.65001,19.47715],[73.64981,19.47688],[73.64973,19.47673],[73.64958,19.47655],[73.64935,19.47616],[73.64918,19.47601],[73.64884,19.4757],[73.64849,19.47545],[73.64808,19.47522],[73.64779,19.4751],[73.64722,19.4752],[73.647,19.4753],[73.64674,19.4754],[73.64656,19.47551],[73.64645,19.47564],[73.64615,19.47558],[73.64567,19.47573],[73.64542,19.47574],[73.64522,19.47574],[73.64498,19.4757],[73.64437,19.47508],[73.64397,19.47506],[73.64349,19.47479],[73.64312,19.47445],[73.64235,19.47381],[73.64185,19.47315],[73.64141,19.47297],[73.64152,19.47276],[73.64143,19.47268],[73.64137,19.47251],[73.6416,19.47232],[73.64178,19.47213],[73.64181,19.47192],[73.64178,19.47183],[73.64163,19.47168],[73.64174,19.47148],[73.64164,19.47125],[73.64188,19.47125],[73.64196,19.47122],[73.64196,19.47099],[73.64204,19.47092],[73.64213,19.47095],[73.64223,19.47092],[73.64228,19.47084],[73.64224,19.47067],[73.6423,19.47058],[73.64251,19.47043],[73.64265,19.47026],[73.64262,19.47018],[73.64253,19.47001],[73.64264,19.46978],[73.64254,19.46963],[73.64254,19.46944],[73.6426,19.46935],[73.64256,19.46923],[73.6425,19.46916],[73.64253,19.46905],[73.6425,19.46875],[73.64239,19.46834],[73.64219,19.46814],[73.64211,19.46783],[73.64208,19.46766],[73.64168,19.46726],[73.64148,19.46704],[73.64129,19.46671],[73.64111,19.46629],[73.64104,19.46621],[73.64096,19.466],[73.64058,19.46548],[73.64021,19.46537],[73.6401,19.46518],[73.63993,19.465],[73.63969,19.46489],[73.6393,19.46444],[73.63912,19.46435],[73.63858,19.46429],[73.63812,19.46423],[73.63803,19.46418],[73.63777,19.46376],[73.63768,19.46373],[73.63744,19.4635],[73.63725,19.4633],[73.63709,19.46322],[73.63687,19.46318],[73.63681,19.46313],[73.63669,19.46312],[73.63661,19.46316],[73.63652,19.46313],[73.63644,19.46306],[73.63638,19.46298],[73.63621,19.46285],[73.63591,19.46249],[73.63575,19.46236],[73.6357,19.46228],[73.63562,19.46222],[73.63547,19.46198],[73.63536,19.4616],[73.63526,19.4615],[73.6353,19.46132],[73.63524,19.46124],[73.63504,19.46127],[73.63485,19.46116],[73.63466,19.4612],[73.63458,19.46127],[73.63451,19.46127],[73.63435,19.46101],[73.63442,19.46091],[73.63433,19.46081],[73.63409,19.4608],[73.63399,19.46086],[73.63394,19.46094],[73.63374,19.46099],[73.63355,19.46085],[73.63345,19.46071],[73.63326,19.46067],[73.63318,19.46049],[73.6326,19.46039],[73.63239,19.4602],[73.63218,19.46018],[73.63203,19.46023],[73.63178,19.46004],[73.63166,19.45986],[73.63169,19.45964],[73.63158,19.45942],[73.63148,19.4591],[73.63151,19.45889],[73.6315,19.45852],[73.63154,19.45835],[73.63164,19.45819],[73.63167,19.45771],[73.63182,19.45749],[73.63188,19.4573],[73.63204,19.45712],[73.63211,19.45676],[73.63213,19.45658],[73.63235,19.45606],[73.63243,19.45599],[73.63245,19.45592],[73.6325,19.45579],[73.63278,19.45551],[73.6329,19.45525],[73.63297,19.45516],[73.633,19.45506],[73.63299,19.45486],[73.63331,19.4545],[73.63334,19.45439],[73.63322,19.45427],[73.63313,19.45394],[73.6331,19.45339],[73.63329,19.45318],[73.63331,19.45308],[73.63336,19.45299],[73.63337,19.4528],[73.63359,19.45261],[73.63378,19.45255],[73.63411,19.45248],[73.63423,19.45241],[73.63456,19.4523],[73.63469,19.45221],[73.635,19.45212],[73.63541,19.45196],[73.63547,19.45186],[73.63544,19.45167],[73.63553,19.45132],[73.63552,19.45102],[73.63557,19.45089],[73.63584,19.45065],[73.63619,19.4505],[73.6363,19.4505],[73.63641,19.45057],[73.63668,19.45053],[73.63673,19.45044],[73.63686,19.45057],[73.63686,19.45049],[73.63665,19.45028],[73.63655,19.45003],[73.63659,19.44991],[73.63659,19.44964],[73.6365,19.44939],[73.63656,19.44913],[73.63647,19.44891],[73.63646,19.44873],[73.63662,19.44851],[73.63674,19.44824],[73.63674,19.44792],[73.63679,19.44774],[73.63692,19.4476],[73.637,19.44743],[73.63702,19.44733],[73.637,19.44722],[73.63687,19.44707],[73.63687,19.44688],[73.63692,19.44682],[73.63726,19.44665],[73.6374,19.44648],[73.63741,19.44639],[73.63735,19.44631],[73.63731,19.44611],[73.6374,19.44605],[73.63746,19.44596],[73.63735,19.44549],[73.63736,19.4454],[73.63755,19.44506],[73.63754,19.44495],[73.63763,19.44478],[73.63757,19.44433],[73.63746,19.44416],[73.63815,19.4437],[73.6386,19.44349],[73.63888,19.44339],[73.63904,19.44333],[73.63921,19.44323],[73.6395,19.44305],[73.63973,19.44301],[73.64014,19.44284],[73.64063,19.44246],[73.64103,19.44203],[73.64139,19.44174],[73.64186,19.44148],[73.64224,19.44146],[73.64257,19.44143],[73.6426,19.44117],[73.64261,19.4411],[73.64261,19.44104],[73.64284,19.44099],[73.64296,19.44102],[73.64318,19.44087],[73.64336,19.4407],[73.6435,19.44069],[73.64384,19.44048],[73.64409,19.44021],[73.6446,19.44007],[73.6447,19.43969],[73.6448,19.43972],[73.64494,19.43971],[73.64523,19.43965],[73.6455,19.43959],[73.6456,19.43959],[73.64607,19.43959],[73.64629,19.43959],[73.64664,19.43963],[73.64712,19.43974],[73.64726,19.43976],[73.64772,19.43966],[73.64802,19.43958],[73.64834,19.43954],[73.6489,19.43945],[73.64932,19.4394],[73.64979,19.43926],[73.65003,19.43922],[73.65011,19.4391],[73.65032,19.43883],[73.65046,19.43861],[73.65067,19.43827],[73.6508,19.43799],[73.65086,19.43782],[73.65099,19.4376],[73.65143,19.43749],[73.65168,19.43739],[73.65182,19.43727],[73.65196,19.43725],[73.65223,19.43718],[73.65229,19.43716],[73.65285,19.43674],[73.65298,19.43691],[73.65325,19.43722],[73.65355,19.4373],[73.6538,19.43733],[73.65393,19.4375],[73.65436,19.43774],[73.65475,19.43774],[73.6552,19.43789],[73.65541,19.43808],[73.65583,19.43825],[73.65602,19.43849],[73.65622,19.43879],[73.65637,19.43894],[73.65665,19.43902],[73.65704,19.43908],[73.65739,19.43916],[73.65768,19.43933],[73.65785,19.43916],[73.65816,19.43888],[73.65838,19.43862],[73.65863,19.43847],[73.65889,19.43835],[73.65914,19.43825],[73.65951,19.43809],[73.6597,19.43794],[73.6601,19.4379],[73.66042,19.4381],[73.6607,19.43808],[73.66098,19.43796],[73.6612,19.43783],[73.66146,19.43771],[73.66166,19.43757],[73.66183,19.43752],[73.66198,19.43757],[73.66218,19.43761],[73.66228,19.43767],[73.6624,19.43763],[73.66263,19.43764],[73.6628,19.43763],[73.66299,19.4376],[73.66319,19.43753],[73.66351,19.43746],[73.66383,19.43737],[73.66411,19.43734],[73.66433,19.43725],[73.66447,19.43711],[73.66461,19.43709],[73.66479,19.43717],[73.66493,19.43712],[73.66509,19.43701],[73.66523,19.43689],[73.66536,19.43668],[73.66553,19.43654],[73.66569,19.43644],[73.66597,19.43641],[73.66618,19.43636],[73.66636,19.43622],[73.66665,19.4362],[73.66694,19.4362],[73.66727,19.43621],[73.66755,19.43623],[73.66779,19.43631],[73.6681,19.43646],[73.66837,19.43661],[73.66862,19.43671],[73.66886,19.4367],[73.66905,19.43659],[73.66921,19.43645],[73.66946,19.43633],[73.66974,19.43619],[73.67014,19.43615],[73.67045,19.43609],[73.67076,19.43591],[73.67106,19.43578],[73.67134,19.43559],[73.67144,19.43548],[73.67164,19.4352],[73.67197,19.43482],[73.67224,19.43466],[73.67277,19.43455],[73.67304,19.43442],[73.67333,19.43432],[73.67378,19.43425],[73.6742,19.43417],[73.67461,19.4343],[73.67486,19.4344],[73.67521,19.43464],[73.67554,19.4348],[73.67588,19.43505],[73.67622,19.43525],[73.6765,19.43528],[73.6768,19.43539],[73.67699,19.43542],[73.67713,19.43539],[73.67707,19.43552],[73.67713,19.43561],[73.67722,19.43551],[73.6773,19.43531],[73.67735,19.43516],[73.67743,19.43487],[73.67743,19.43451],[73.67731,19.43409],[73.67747,19.4337],[73.67755,19.43309],[73.67765,19.43279],[73.6778,19.43258],[73.67794,19.43242],[73.67803,19.43225],[73.67823,19.43194],[73.67856,19.43168],[73.67889,19.43172],[73.67917,19.43183],[73.67942,19.43173],[73.67966,19.43162],[73.67981,19.43147],[73.67984,19.43137],[73.67981,19.43123],[73.67986,19.4311],[73.67993,19.43089],[73.67992,19.43069],[73.67983,19.43049],[73.67974,19.43026],[73.67965,19.43004],[73.67962,19.42978],[73.67961,19.42963],[73.67958,19.4295],[73.67965,19.42934],[73.67963,19.42918],[73.67975,19.42896],[73.67994,19.42886],[73.68012,19.42894],[73.68024,19.42888],[73.68044,19.42883],[73.68068,19.42873],[73.68077,19.42864],[73.68091,19.42854],[73.68099,19.4284],[73.6811,19.42832],[73.68124,19.42832],[73.68137,19.42833],[73.68154,19.42829],[73.68166,19.42826],[73.68176,19.42821],[73.68177,19.42811],[73.68171,19.42802],[73.68166,19.42787],[73.68169,19.42778],[73.68177,19.42773],[73.68188,19.42771],[73.68194,19.42766],[73.68203,19.42759],[73.68217,19.42748],[73.68227,19.42739],[73.68243,19.42727],[73.68247,19.42717],[73.68254,19.42704],[73.68264,19.42686],[73.68275,19.4268],[73.68285,19.4268],[73.68299,19.42688],[73.68309,19.42696],[73.68318,19.42699],[73.68331,19.42699],[73.68351,19.42702],[73.68368,19.42708],[73.68384,19.42719],[73.68402,19.42729],[73.68441,19.42743],[73.68459,19.4275],[73.68493,19.42766],[73.68526,19.42782],[73.68541,19.42792],[73.68554,19.42802],[73.68572,19.42809],[73.68592,19.42815],[73.68608,19.42823],[73.68628,19.42831],[73.68641,19.42839],[73.68655,19.42847],[73.68674,19.42854],[73.68686,19.42862],[73.68708,19.42873],[73.68723,19.42884],[73.68738,19.42884],[73.68744,19.42887],[73.68756,19.429],[73.68768,19.42915],[73.68773,19.42912],[73.68782,19.42915],[73.68792,19.42927],[73.68801,19.42939],[73.68828,19.42961],[73.68853,19.42971],[73.68868,19.42986],[73.68891,19.42996],[73.68909,19.43004],[73.68917,19.43016],[73.68931,19.43031],[73.68946,19.43036],[73.68958,19.43032],[73.68972,19.43029],[73.68983,19.43032],[73.68992,19.4303],[73.68995,19.43036],[73.68999,19.43047],[73.69011,19.43053],[73.69021,19.43063],[73.69026,19.43071],[73.69026,19.43082],[73.69036,19.43088],[73.69044,19.43098],[73.69051,19.43112],[73.69056,19.43121],[73.69067,19.43122],[73.69075,19.43128],[73.69086,19.43135],[73.69098,19.43142],[73.69108,19.43149],[73.69116,19.43154],[73.69122,19.43162],[73.69129,19.43167],[73.69137,19.43173],[73.69149,19.43177],[73.69165,19.43177],[73.69171,19.43181],[73.69172,19.43187],[73.69167,19.43192],[73.69158,19.43195],[73.69152,19.43204],[73.69156,19.43213],[73.69166,19.43216],[73.69177,19.43218],[73.69178,19.43223],[73.69181,19.43232],[73.69188,19.43236],[73.69199,19.43235],[73.69206,19.43231],[73.69209,19.43225],[73.69215,19.43223],[73.69226,19.43222],[73.6923,19.43227],[73.69237,19.43229],[73.69241,19.43232],[73.69242,19.4324],[73.69248,19.43248],[73.69252,19.43257],[73.69255,19.43261],[73.6926,19.43262],[73.69266,19.43266],[73.69272,19.43271],[73.69275,19.43278],[73.69273,19.43282],[73.69272,19.4329],[73.69276,19.43301],[73.69282,19.43306],[73.69276,19.43307],[73.69273,19.43315],[73.69279,19.43322],[73.69277,19.43326],[73.6928,19.43329],[73.69287,19.43336],[73.69285,19.43342],[73.69294,19.43347],[73.69303,19.43356],[73.6931,19.43367],[73.69326,19.43371],[73.69335,19.43376],[73.69341,19.43385],[73.69356,19.43386],[73.69369,19.43391],[73.69367,19.43399],[73.69381,19.43408],[73.69384,19.43421],[73.69397,19.43438],[73.69421,19.43444],[73.69438,19.43469],[73.69452,19.43491],[73.69443,19.43514],[73.69444,19.43534],[73.69463,19.43544],[73.69492,19.43552],[73.69518,19.43561],[73.69539,19.43563],[73.69537,19.43576],[73.69549,19.43593],[73.69557,19.43599],[73.69558,19.43609],[73.69583,19.43638],[73.69594,19.43664],[73.69606,19.43693],[73.69611,19.43701],[73.69628,19.43735],[73.69628,19.43745],[73.69636,19.43752],[73.69637,19.43762],[73.69642,19.43771],[73.69662,19.43776],[73.69678,19.43789],[73.69689,19.43815],[73.6969,19.43826],[73.69696,19.43834],[73.6971,19.43846],[73.69723,19.43883],[73.69734,19.43899],[73.69736,19.43906],[73.69736,19.43917],[73.69748,19.43935],[73.69752,19.43953],[73.69759,19.43968],[73.69757,19.43996],[73.69756,19.44016],[73.69761,19.44033],[73.69779,19.44043],[73.69783,19.44048],[73.69794,19.44067],[73.69812,19.44075],[73.69819,19.44083],[73.69824,19.44142],[73.69822,19.4416],[73.69829,19.44186],[73.6983,19.44197],[73.69822,19.44216],[73.69822,19.44226],[73.69817,19.44243],[73.69818,19.44252],[73.69825,19.44268],[73.69833,19.44307],[73.69834,19.44355],[73.69844,19.44373],[73.69847,19.44383],[73.6984,19.44412],[73.69843,19.44423],[73.6985,19.4444],[73.69856,19.44446],[73.69862,19.44464],[73.69862,19.44504],[73.69871,19.4452],[73.69876,19.44528],[73.69884,19.44532],[73.69905,19.44528],[73.69914,19.44526],[73.69961,19.44566],[73.6997,19.4457],[73.6998,19.44568],[73.69996,19.44581],[73.7,19.44589],[73.70025,19.44607],[73.70056,19.44645],[73.70066,19.44647],[73.70109,19.44672],[73.7013,19.44678],[73.70148,19.44687],[73.70169,19.44716],[73.70194,19.44748],[73.70261,19.44831],[73.70269,19.44846],[73.70311,19.44861],[73.70345,19.4487],[73.70357,19.44887],[73.70402,19.44924],[73.70442,19.44953],[73.70492,19.44997],[73.70533,19.4504],[73.7057,19.45076],[73.70595,19.45108],[73.7062,19.45126],[73.70656,19.45137],[73.70681,19.45158],[73.70715,19.45185],[73.70751,19.45207],[73.70778,19.45222],[73.70813,19.45244],[73.70891,19.45298],[73.70936,19.45335],[73.70973,19.4538],[73.71009,19.45407],[73.71063,19.45421],[73.71098,19.45439],[73.7113,19.45448],[73.71148,19.45453],[73.71239,19.45498],[73.71335,19.45548],[73.71384,19.45543],[73.71478,19.45557],[73.71502,19.4556],[73.71552,19.45582],[73.71604,19.45588],[73.71657,19.45584],[73.71677,19.45581],[73.71711,19.45576],[73.71755,19.45546],[73.71882,19.45514],[73.72006,19.45496],[73.72154,19.45443],[73.72249,19.45435],[73.72357,19.45409],[73.72551,19.45321],[73.72672,19.45263],[73.72773,19.45204],[73.72882,19.45146],[73.72937,19.45151],[73.73011,19.45167],[73.73046,19.45139],[73.7307,19.45131],[73.73114,19.4513],[73.73162,19.45135],[73.73197,19.45097],[73.73182,19.45081],[73.7317,19.4506],[73.73161,19.45048],[73.7316,19.45043],[73.73168,19.45035],[73.73175,19.45032],[73.73179,19.45027],[73.73191,19.45018],[73.73208,19.45001],[73.7321,19.44995],[73.73241,19.44971],[73.73266,19.4496],[73.73297,19.4495],[73.73352,19.44922],[73.73394,19.44903],[73.73426,19.4488],[73.73433,19.44858],[73.73457,19.44851],[73.73479,19.4484],[73.73497,19.44826],[73.73525,19.44801],[73.73544,19.44783],[73.73572,19.44781],[73.73583,19.44773],[73.73588,19.44759],[73.73595,19.44738],[73.7362,19.44723],[73.7365,19.44709],[73.73687,19.44697],[73.7372,19.44685],[73.73736,19.44669],[73.73765,19.44646],[73.73782,19.44613],[73.73805,19.44581],[73.73838,19.44553],[73.73851,19.44532],[73.73888,19.44502],[73.73909,19.44473],[73.73925,19.44442],[73.7393,19.44409],[73.73938,19.44368],[73.73968,19.44328],[73.73992,19.44308],[73.74013,19.44275],[73.74041,19.44239],[73.74067,19.44219],[73.74089,19.44201],[73.74119,19.44177],[73.7415,19.44158],[73.74164,19.44144],[73.74185,19.44134],[73.742,19.44127],[73.74221,19.441],[73.74235,19.44092],[73.7425,19.44079],[73.74263,19.44061],[73.74274,19.44048],[73.74302,19.44037],[73.74315,19.44015],[73.7434,19.44005],[73.74343,19.44004],[73.74361,19.44003],[73.7438,19.43991],[73.74406,19.43972],[73.74439,19.43955],[73.74462,19.43941],[73.74491,19.43923],[73.7452,19.4389],[73.74548,19.4387],[73.7457,19.43836],[73.74582,19.438],[73.74597,19.43748],[73.74612,19.43709],[73.7463,19.43665],[73.74654,19.43623],[73.74658,19.43592],[73.74659,19.43591],[73.7466,19.43589],[73.74681,19.43568],[73.74699,19.43552],[73.74726,19.43523],[73.74748,19.43505],[73.74765,19.43484],[73.7479,19.43469],[73.74817,19.43466],[73.74843,19.43469],[73.7487,19.43476],[73.74897,19.43486],[73.74918,19.43473],[73.74922,19.43468],[73.74934,19.43458],[73.74935,19.43441],[73.74954,19.43431],[73.74968,19.43421],[73.74995,19.43436],[73.75013,19.43433],[73.75044,19.43438],[73.75058,19.43422],[73.75064,19.43407],[73.75064,19.43393],[73.7507,19.43365],[73.75082,19.4333],[73.75104,19.43316],[73.75131,19.4331],[73.75153,19.43303],[73.75161,19.43288],[73.75162,19.43277],[73.75167,19.43264],[73.75183,19.43264],[73.75209,19.43256],[73.75223,19.43241],[73.75234,19.43218],[73.75254,19.43205],[73.75274,19.43193],[73.75288,19.43179],[73.75318,19.43152],[73.75329,19.43142],[73.75319,19.43123],[73.75305,19.43117],[73.75297,19.43103],[73.75279,19.43091],[73.75252,19.43088],[73.75304,19.43015],[73.75314,19.42984],[73.75292,19.42955],[73.75278,19.42927],[73.7526,19.42922],[73.75158,19.4288],[73.75125,19.42876],[73.75109,19.42886],[73.7511,19.42926],[73.75079,19.42929],[73.75063,19.42941],[73.75052,19.42953],[73.75041,19.42961],[73.75014,19.42961],[73.75003,19.42953],[73.74984,19.42951],[73.74947,19.4297],[73.74931,19.42991],[73.74921,19.43018],[73.74896,19.43032],[73.74871,19.43047],[73.7485,19.43073],[73.74811,19.43117],[73.74795,19.4314],[73.74768,19.43161],[73.74749,19.43162],[73.74725,19.43159],[73.74709,19.43151],[73.74704,19.43137],[73.74701,19.43119],[73.74714,19.43084],[73.74705,19.43044],[73.74706,19.43032],[73.74721,19.43007],[73.74732,19.42963],[73.74721,19.42946],[73.74722,19.42931],[73.74688,19.42936],[73.74634,19.42915],[73.74628,19.42901],[73.74613,19.42897],[73.746,19.42908],[73.74567,19.42907],[73.74533,19.42891],[73.7448,19.42907],[73.74441,19.42905],[73.74418,19.42897],[73.74385,19.42917],[73.74354,19.42931],[73.74318,19.42957],[73.74265,19.43013],[73.74243,19.43026],[73.7421,19.43028],[73.74167,19.43022],[73.74142,19.43028],[73.74089,19.43027],[73.74082,19.43022],[73.74067,19.43024],[73.74006,19.43015],[73.73948,19.42998],[73.73924,19.42998],[73.73878,19.43027],[73.73813,19.43041],[73.73772,19.43053],[73.73728,19.43081],[73.73686,19.43102],[73.73595,19.43131],[73.73575,19.43123],[73.73564,19.43161],[73.7353,19.43183],[73.73501,19.43204],[73.73454,19.43231],[73.73435,19.43233],[73.73401,19.43233],[73.73373,19.4323],[73.73351,19.43236],[73.73332,19.43233],[73.73317,19.43221],[73.73309,19.43218],[73.73297,19.43208],[73.73281,19.43206],[73.73267,19.43198],[73.7325,19.43191],[73.73238,19.43193],[73.73217,19.43193],[73.732,19.43196],[73.73183,19.43198],[73.73166,19.4319],[73.73148,19.43179],[73.73122,19.4318],[73.73115,19.43163],[73.73112,19.43136],[73.731,19.43113],[73.7308,19.43091],[73.73073,19.43086],[73.73065,19.43081],[73.73054,19.4308],[73.73048,19.43077],[73.73055,19.43078],[73.73053,19.43076],[73.73055,19.43076],[73.73053,19.43074],[73.7306,19.43076],[73.73063,19.43076],[73.73064,19.43075],[73.73062,19.43068],[73.73052,19.4306],[73.73048,19.43057],[73.73042,19.43056],[73.73033,19.43046],[73.73029,19.43042],[73.73023,19.43039],[73.73017,19.43038],[73.73012,19.43034],[73.73011,19.43031],[73.73009,19.43032],[73.73008,19.4303],[73.73006,19.4303],[73.73005,19.43027],[73.73002,19.43025],[73.72997,19.43025],[73.72995,19.43022],[73.72996,19.43019],[73.72992,19.43014],[73.72987,19.43014],[73.72986,19.43015],[73.72978,19.43015],[73.72972,19.43019],[73.72966,19.43019],[73.72961,19.43017],[73.72957,19.43012],[73.72955,19.43007],[73.72952,19.43003],[73.72952,19.43],[73.72949,19.42998],[73.72942,19.42997],[73.72937,19.42996],[73.7293,19.42995],[73.72926,19.42991],[73.72918,19.42989],[73.72908,19.42985],[73.72906,19.4298],[73.72902,19.42974],[73.72902,19.42969],[73.72897,19.42967],[73.72893,19.42969],[73.72886,19.42961],[73.72878,19.42959],[73.72876,19.42954],[73.72871,19.42955],[73.72868,19.4295],[73.72863,19.42947],[73.72854,19.42946],[73.72848,19.42943],[73.72846,19.42938],[73.7284,19.42935],[73.72834,19.42924],[73.72829,19.42923],[73.72825,19.42916],[73.72816,19.42912],[73.72802,19.42906],[73.72774,19.42891],[73.72775,19.42886],[73.72763,19.42884],[73.72761,19.42878],[73.72757,19.42876],[73.72758,19.42872],[73.72758,19.42867],[73.72759,19.42862],[73.72756,19.42857],[73.72757,19.42853],[73.72754,19.42851],[73.72755,19.42848],[73.7275,19.42847],[73.72748,19.42841],[73.72746,19.42838],[73.72741,19.42835],[73.72735,19.42833],[73.72729,19.42835],[73.72722,19.42832],[73.72717,19.42832],[73.72712,19.42833],[73.72705,19.42832],[73.727,19.42832],[73.72696,19.4283],[73.7269,19.42828],[73.72683,19.42824],[73.72674,19.42817],[73.72676,19.4281],[73.72672,19.42808],[73.72668,19.42801],[73.72666,19.42795],[73.72666,19.42789],[73.72659,19.42787],[73.72659,19.4278],[73.72653,19.42776],[73.72649,19.4277],[73.72645,19.42769],[73.72641,19.42772],[73.72638,19.42766],[73.72631,19.42766],[73.72624,19.42762],[73.72617,19.42762],[73.72611,19.42758],[73.72607,19.42754],[73.72597,19.42757],[73.72588,19.42763],[73.7258,19.42768],[73.72572,19.4277],[73.72566,19.42765],[73.72557,19.42761],[73.72551,19.42756],[73.72543,19.42756],[73.72539,19.42751],[73.72532,19.42752],[73.72523,19.42753],[73.72515,19.42757],[73.72512,19.42752],[73.72496,19.4275],[73.72486,19.42747],[73.72475,19.42742],[73.72462,19.42735],[73.7245,19.42734],[73.72448,19.42732],[73.72447,19.42729],[73.72444,19.42724],[73.72447,19.42723],[73.72447,19.42719],[73.72445,19.42717],[73.72447,19.42716],[73.72446,19.42714],[73.72445,19.42712],[73.72445,19.42709],[73.72442,19.42708],[73.72442,19.427],[73.7244,19.42697],[73.72434,19.42691],[73.72429,19.4269],[73.72417,19.42688],[73.72406,19.42684],[73.72397,19.42684],[73.72396,19.42675],[73.72386,19.42672],[73.72381,19.42671],[73.72369,19.42664],[73.72372,19.4266],[73.72367,19.42652],[73.72364,19.42647],[73.72362,19.42645],[73.7236,19.42639],[73.72358,19.42637],[73.72354,19.42637],[73.72344,19.42635],[73.7234,19.42632],[73.72333,19.42631],[73.72323,19.42627],[73.72326,19.42617],[73.72326,19.42609],[73.72323,19.42607],[73.72323,19.42602],[73.72316,19.42593],[73.72318,19.4259],[73.72309,19.4258],[73.72301,19.4258],[73.723,19.42568],[73.72294,19.42564],[73.72285,19.42555],[73.72277,19.4255],[73.72271,19.42551],[73.7226,19.42549],[73.72251,19.42544],[73.7224,19.42539],[73.72231,19.42533],[73.72222,19.42526],[73.72214,19.4252],[73.72207,19.42519],[73.72202,19.42519],[73.72202,19.42514],[73.72196,19.4251],[73.72197,19.42503],[73.72194,19.42502],[73.72194,19.425],[73.72187,19.42497],[73.72181,19.4249],[73.72175,19.4249],[73.72163,19.42486],[73.72158,19.42482],[73.72152,19.42481],[73.72146,19.42478],[73.72135,19.42477],[73.72129,19.42473],[73.72119,19.42474],[73.72116,19.4247],[73.72114,19.42463],[73.72108,19.42459],[73.72104,19.42455],[73.72096,19.42452],[73.72086,19.42451],[73.72078,19.42453],[73.72067,19.42447],[73.72064,19.42439],[73.72055,19.42437],[73.72047,19.42437],[73.72042,19.4243],[73.72038,19.42424],[73.72035,19.42417],[73.7203,19.4241],[73.72021,19.42406],[73.72013,19.42403],[73.7201,19.42399],[73.72005,19.42398],[73.72001,19.42391],[73.71991,19.4239],[73.71985,19.42384],[73.71981,19.42382],[73.71986,19.42374],[73.71986,19.4237],[73.71981,19.42363],[73.71973,19.42354],[73.71965,19.42349],[73.71952,19.42347],[73.7194,19.42343],[73.7194,19.42334],[73.71934,19.42328],[73.71932,19.42316],[73.71931,19.42308],[73.7193,19.42302],[73.71925,19.423],[73.71919,19.42292],[73.71905,19.42284],[73.71896,19.42279],[73.71886,19.42274],[73.71874,19.4227],[73.71861,19.42265],[73.71846,19.42258],[73.71835,19.42255],[73.71822,19.42255],[73.71812,19.42247],[73.71798,19.42234],[73.71786,19.42221],[73.7177,19.42217],[73.71758,19.42225],[73.71742,19.42217],[73.71734,19.42203],[73.71718,19.42188],[73.71705,19.4218],[73.71691,19.42171],[73.71663,19.42152],[73.7166,19.4213],[73.71658,19.42111],[73.71648,19.42101],[73.71626,19.42098],[73.7162,19.42086],[73.7161,19.42071],[73.71597,19.42063],[73.71587,19.42063],[73.7158,19.42056],[73.71578,19.42052],[73.71577,19.42042],[73.71573,19.42035],[73.71562,19.42026],[73.71562,19.42014],[73.71563,19.42005],[73.71558,19.41998],[73.71554,19.41989],[73.7156,19.41984],[73.71557,19.41978],[73.71551,19.41974],[73.71553,19.41967],[73.71562,19.41955],[73.71562,19.41946],[73.71563,19.41941],[73.71558,19.4193],[73.71553,19.41915],[73.71549,19.41911],[73.71547,19.41902],[73.71538,19.41895],[73.71539,19.41886],[73.71537,19.41872],[73.71525,19.41865],[73.71515,19.41863],[73.71509,19.41849],[73.7151,19.41834],[73.71512,19.4182],[73.71506,19.41801],[73.71503,19.41788],[73.7151,19.4177],[73.71504,19.41751],[73.715,19.41729],[73.71502,19.41718],[73.71494,19.41692],[73.71468,19.4167],[73.71456,19.41647],[73.71445,19.41625],[73.71439,19.41616],[73.71429,19.41587],[73.71414,19.41572],[73.71396,19.41555],[73.71387,19.41536],[73.71371,19.41517],[73.71357,19.41508],[73.71338,19.41497],[73.71327,19.41477],[73.71311,19.41458],[73.71302,19.41438],[73.71285,19.41418],[73.7126,19.41411],[73.71244,19.41392],[73.71228,19.41386],[73.71218,19.41367],[73.7123,19.41347],[73.71236,19.41322],[73.71244,19.41306],[73.71242,19.41288],[73.71234,19.41268],[73.7123,19.41251],[73.71222,19.41232],[73.71221,19.41205],[73.71227,19.41188],[73.71215,19.41179],[73.71214,19.41155],[73.7121,19.41134],[73.71193,19.41124],[73.71183,19.411],[73.71178,19.4108],[73.71168,19.41059],[73.71157,19.41041],[73.71141,19.41027],[73.71129,19.41004],[73.71117,19.40989],[73.7111,19.40963],[73.71098,19.40941],[73.71083,19.40917],[73.71075,19.40879],[73.71066,19.40862],[73.71074,19.40827],[73.71064,19.40805],[73.71052,19.40741],[73.71044,19.40723],[73.71049,19.40699],[73.71037,19.40669],[73.71039,19.40634],[73.71042,19.40595],[73.71019,19.40567],[73.70998,19.4054],[73.70998,19.40512],[73.7101,19.40499],[73.70985,19.40478],[73.70967,19.40422],[73.7095,19.40332],[73.70949,19.40275],[73.70961,19.40223],[73.7095,19.40175],[73.70965,19.40077],[73.70998,19.40028],[73.71006,19.39963],[73.71026,19.39905],[73.71033,19.3986],[73.71042,19.3981],[73.71041,19.39778],[73.71032,19.39767],[73.71012,19.39744],[73.71001,19.39725],[73.71004,19.39698],[73.7102,19.39679],[73.7102,19.39658],[73.7098,19.3965],[73.70986,19.39631],[73.70969,19.39607],[73.70953,19.39581],[73.70968,19.39572],[73.70994,19.39572],[73.71022,19.39565],[73.71046,19.39562],[73.71077,19.39572],[73.71098,19.3959],[73.71137,19.39607],[73.71151,19.39594],[73.71172,19.39599],[73.71191,19.39592],[73.71224,19.39594],[73.71256,19.3959],[73.71291,19.39564],[73.71319,19.39556],[73.7134,19.39542],[73.71363,19.39516],[73.71381,19.39488],[73.71403,19.39483],[73.71421,19.39471],[73.7143,19.39452],[73.71459,19.39431],[73.71488,19.39416],[73.71518,19.39401],[73.7155,19.39397],[73.71577,19.39397],[73.71613,19.39406],[73.71643,19.39433],[73.71673,19.39445],[73.71688,19.3946],[73.71705,19.39474],[73.71718,19.39495],[73.71729,19.39507],[73.7174,19.39504],[73.7175,19.39482],[73.71767,19.39472],[73.71765,19.39455],[73.71759,19.39435],[73.71772,19.39432],[73.71793,19.39436],[73.71816,19.39428],[73.71809,19.39421],[73.71824,19.39412],[73.71833,19.39398],[73.71854,19.39389],[73.71875,19.39381],[73.71886,19.39382],[73.71899,19.39367],[73.71919,19.39363],[73.71936,19.39351],[73.71941,19.39337],[73.7195,19.39324],[73.71965,19.39332],[73.71985,19.39328],[73.72004,19.39328],[73.72025,19.39328],[73.72035,19.39322],[73.72052,19.39322],[73.72059,19.3931],[73.72065,19.39295],[73.72078,19.39283],[73.72091,19.39284],[73.72096,19.39273],[73.72091,19.39254],[73.7211,19.39245],[73.72128,19.39234],[73.72141,19.39223],[73.72154,19.39208],[73.72162,19.39177],[73.72179,19.39167],[73.72199,19.39157],[73.72219,19.39139],[73.72222,19.39121],[73.72228,19.39108],[73.7225,19.39102],[73.72265,19.39091],[73.72279,19.3908],[73.72284,19.39056],[73.72288,19.39045],[73.72301,19.3903],[73.72297,19.39018],[73.72312,19.3901],[73.72327,19.39002],[73.72345,19.38997],[73.72352,19.38976],[73.72368,19.38966],[73.72386,19.38958],[73.72402,19.38952],[73.72406,19.38938],[73.72419,19.38927],[73.72431,19.38925],[73.72449,19.38915],[73.72466,19.38915],[73.72484,19.38919],[73.72502,19.38914],[73.72525,19.38904],[73.72543,19.38901],[73.72555,19.38881],[73.72584,19.38871],[73.72598,19.38851],[73.72611,19.38844],[73.72629,19.38844],[73.72638,19.38831],[73.72663,19.38831],[73.72692,19.38823],[73.72709,19.38828],[73.72725,19.38837],[73.72744,19.38828],[73.72772,19.38812],[73.72811,19.38808],[73.72831,19.38798],[73.72843,19.38788],[73.72863,19.38778],[73.72873,19.38781],[73.72887,19.38766],[73.72893,19.38748],[73.72914,19.38735],[73.72931,19.3873],[73.72948,19.38706],[73.72953,19.38687],[73.72977,19.38672],[73.72986,19.38644],[73.72996,19.38644],[73.73011,19.38632],[73.73031,19.38631],[73.7305,19.38627],[73.73085,19.38617],[73.73108,19.38603],[73.73125,19.38597],[73.73153,19.38607],[73.73174,19.38604],[73.73199,19.38598],[73.73229,19.38597],[73.73254,19.38599],[73.73272,19.38594],[73.73271,19.3857],[73.73299,19.38569],[73.73306,19.38554],[73.73333,19.38548],[73.73349,19.38545],[73.73373,19.38552],[73.73393,19.38557],[73.73411,19.38547],[73.73441,19.38532],[73.73449,19.38517],[73.73471,19.38509],[73.73482,19.38503],[73.73495,19.38495],[73.73507,19.38515],[73.73518,19.38533],[73.73532,19.38558],[73.73532,19.38584],[73.73539,19.38609],[73.73546,19.38638],[73.73546,19.3866],[73.73541,19.38686],[73.73544,19.38716],[73.73551,19.38735],[73.73566,19.38769],[73.73563,19.38782],[73.73562,19.38803],[73.7357,19.38834],[73.73567,19.3885],[73.7357,19.38871],[73.73573,19.38897],[73.73579,19.38928],[73.73591,19.38947],[73.73604,19.38968],[73.73629,19.38984],[73.73664,19.39014],[73.73682,19.39035],[73.73699,19.3906],[73.73709,19.39086],[73.7372,19.39103],[73.73727,19.39116],[73.73744,19.3913],[73.73757,19.39143],[73.73771,19.39174],[73.73775,19.39198],[73.73766,19.39225],[73.7375,19.39262],[73.73752,19.39285],[73.73764,19.39306],[73.73786,19.39318],[73.73801,19.39324],[73.73817,19.3933],[73.73834,19.3935],[73.73847,19.39375],[73.7386,19.39392],[73.73868,19.39398],[73.73902,19.39421],[73.73914,19.39442],[73.73921,19.39463],[73.73925,19.39482],[73.73939,19.39508],[73.73958,19.39552],[73.73964,19.39578],[73.73976,19.39604],[73.73988,19.39624],[73.7399,19.39642],[73.73994,19.39658],[73.73983,19.39674],[73.73985,19.39693],[73.73987,19.39705],[73.73986,19.39724],[73.7398,19.39737],[73.7399,19.39755],[73.74006,19.39782],[73.74019,19.39799],[73.74038,19.39818],[73.74049,19.3983],[73.74064,19.39849],[73.7407,19.3987],[73.74076,19.39889],[73.74074,19.39915],[73.74077,19.39936],[73.74085,19.39954],[73.74095,19.39983],[73.74102,19.4],[73.74114,19.40016],[73.74125,19.40038],[73.74123,19.40058],[73.74117,19.40072],[73.74111,19.40085],[73.7412,19.40109],[73.74128,19.40125],[73.74134,19.40141],[73.74144,19.40165],[73.74158,19.40181],[73.7417,19.40199],[73.74189,19.4021],[73.74203,19.40235],[73.74204,19.4025],[73.74214,19.40273],[73.74215,19.40284],[73.7423,19.40293],[73.74248,19.40305],[73.74269,19.40321],[73.74274,19.40328],[73.74294,19.4033],[73.74315,19.40331],[73.74342,19.40337],[73.74355,19.40347],[73.7436,19.40367],[73.74365,19.40385],[73.74378,19.40391],[73.74396,19.40399],[73.74419,19.40415],[73.74438,19.40425],[73.74461,19.40434],[73.74484,19.40447],[73.74513,19.4047],[73.7454,19.40468],[73.74568,19.40468],[73.74593,19.40476],[73.74617,19.40481],[73.7465,19.40483],[73.74671,19.40484],[73.74693,19.40478],[73.7471,19.40476],[73.74732,19.40482],[73.74745,19.40493],[73.74762,19.40507],[73.74776,19.40503],[73.74796,19.40507],[73.74808,19.40518],[73.74821,19.40536],[73.74821,19.40551],[73.74834,19.4056],[73.74849,19.40576],[73.7486,19.40589],[73.74876,19.40598],[73.74891,19.40607],[73.74918,19.40612],[73.74936,19.40618],[73.74955,19.40624],[73.74964,19.4064],[73.74938,19.40664],[73.74934,19.40677],[73.74938,19.407],[73.74931,19.40715],[73.74918,19.40728],[73.74903,19.40731],[73.74887,19.40743],[73.74881,19.4076],[73.74881,19.40777],[73.74882,19.40789],[73.74886,19.40804],[73.74878,19.40811],[73.74867,19.40815],[73.74849,19.40818],[73.74835,19.40824],[73.74828,19.40819],[73.74821,19.40814],[73.74806,19.40819],[73.74793,19.40831],[73.74787,19.40844],[73.74791,19.40857],[73.74785,19.4087],[73.74777,19.40881],[73.74764,19.40886],[73.74753,19.40898],[73.74732,19.40904],[73.74712,19.4092],[73.74658,19.4094],[73.74604,19.40968],[73.74546,19.40965],[73.74508,19.40961],[73.74463,19.4097],[73.74461,19.41016],[73.74425,19.41049],[73.74393,19.41084],[73.74393,19.41137],[73.74379,19.41167],[73.74366,19.41196],[73.74338,19.41227],[73.74352,19.41266],[73.74362,19.4129],[73.74346,19.41338],[73.74315,19.41357],[73.74291,19.41357],[73.74272,19.41376],[73.74241,19.41402],[73.74215,19.41415],[73.74206,19.41446],[73.74184,19.41471],[73.74156,19.41483],[73.74156,19.41512],[73.74133,19.41527],[73.74127,19.41564],[73.74117,19.41577],[73.74132,19.41604],[73.74123,19.4163],[73.74058,19.4163],[73.74045,19.41655],[73.74017,19.41652],[73.73991,19.4167],[73.73961,19.41707],[73.73936,19.41748],[73.73978,19.41762],[73.73974,19.41766],[73.73978,19.41774],[73.73981,19.41779],[73.7399,19.4178],[73.7399,19.41791],[73.7399,19.41802],[73.73986,19.41818],[73.73989,19.41821],[73.73989,19.41829],[73.73992,19.41833],[73.73995,19.41844],[73.73995,19.41853],[73.74006,19.41863],[73.74006,19.4187],[73.7401,19.41878],[73.74015,19.41889],[73.74022,19.41898],[73.74029,19.419],[73.74036,19.41908],[73.74039,19.41916],[73.7404,19.41924],[73.74045,19.41931],[73.7405,19.41941],[73.74056,19.41944],[73.74058,19.41956],[73.74062,19.41967],[73.74066,19.41978],[73.74071,19.41985],[73.74072,19.41992],[73.74075,19.41997],[73.74081,19.42004],[73.74088,19.42004],[73.74095,19.42012],[73.74103,19.42018],[73.74113,19.4202],[73.74126,19.42024],[73.74128,19.42029],[73.74137,19.4203],[73.7414,19.42039],[73.74142,19.42043],[73.74146,19.42029],[73.74153,19.41992],[73.74155,19.41964],[73.74175,19.41929],[73.74211,19.41889],[73.7425,19.41846],[73.74256,19.41784],[73.74252,19.41723],[73.7428,19.41678],[73.74294,19.41643],[73.74294,19.41609],[73.74302,19.4158],[73.74344,19.4157],[73.74375,19.41553],[73.74428,19.4154],[73.74474,19.4152],[73.74512,19.41483],[73.74549,19.41474],[73.74581,19.41442],[73.74622,19.41431],[73.74686,19.41432],[73.7471,19.41426],[73.74759,19.41414],[73.74795,19.41391],[73.74815,19.41373],[73.74845,19.41354],[73.74891,19.41367],[73.74938,19.41382],[73.74984,19.41392],[73.7502,19.41396],[73.75064,19.41384],[73.75118,19.41375],[73.75154,19.41358],[73.75193,19.4134],[73.75212,19.41317],[73.75234,19.41302],[73.75251,19.41265],[73.75281,19.4125],[73.75324,19.4123],[73.75367,19.41213],[73.75402,19.41184],[73.75438,19.41153],[73.75459,19.41112],[73.75463,19.41069],[73.75478,19.41027],[73.75478,19.40996],[73.7549,19.40957],[73.75499,19.40942],[73.7552,19.40923],[73.75536,19.40907],[73.75554,19.40882],[73.75559,19.40871],[73.75559,19.40856],[73.75558,19.40846],[73.75552,19.40842],[73.75558,19.40832],[73.75566,19.40816],[73.75575,19.40804],[73.75556,19.40802],[73.75521,19.40782],[73.7551,19.40753],[73.75506,19.40727],[73.7548,19.40704],[73.75436,19.40687],[73.75397,19.40681],[73.75371,19.40695],[73.75344,19.40706],[73.75329,19.40719],[73.75289,19.40726],[73.75274,19.40733],[73.75239,19.40732],[73.7523,19.40722],[73.7522,19.40729],[73.7521,19.40734],[73.75198,19.40735],[73.75187,19.40735],[73.75182,19.40731],[73.75174,19.40724],[73.75166,19.40718],[73.75153,19.40709],[73.75138,19.407],[73.75121,19.40689],[73.751,19.40684],[73.75088,19.4069],[73.75067,19.40684],[73.75053,19.40671],[73.75041,19.40663],[73.75015,19.40658],[73.75001,19.40653],[73.74985,19.40642],[73.74964,19.4064],[73.74955,19.40624],[73.74936,19.40618],[73.74918,19.40612],[73.74891,19.40607],[73.74876,19.40598],[73.7486,19.40589],[73.74849,19.40576],[73.74834,19.4056],[73.74821,19.40551],[73.74821,19.40536],[73.74808,19.40518],[73.74796,19.40507],[73.74776,19.40503],[73.74762,19.40507],[73.74745,19.40493],[73.74732,19.40482],[73.7471,19.40476],[73.74693,19.40478],[73.74671,19.40484],[73.7465,19.40483],[73.74617,19.40481],[73.74593,19.40476],[73.74568,19.40468],[73.7454,19.40468],[73.74513,19.4047],[73.74484,19.40447],[73.74461,19.40434],[73.74438,19.40425],[73.74419,19.40415],[73.74396,19.40399],[73.74378,19.40391],[73.74365,19.40385],[73.7436,19.40367],[73.74355,19.40347],[73.74342,19.40337],[73.74315,19.40331],[73.74294,19.4033],[73.74274,19.40328],[73.74269,19.40321],[73.74248,19.40305],[73.7423,19.40293],[73.74215,19.40284],[73.74214,19.40273],[73.74204,19.4025],[73.74203,19.40235],[73.74189,19.4021],[73.7417,19.40199],[73.74158,19.40181],[73.74144,19.40165],[73.74134,19.40141],[73.74128,19.40125],[73.7412,19.40109],[73.74111,19.40085],[73.74117,19.40072],[73.74123,19.40058],[73.74125,19.40038],[73.74114,19.40016],[73.74102,19.4],[73.74095,19.39983],[73.74085,19.39954],[73.74077,19.39936],[73.74074,19.39915],[73.74076,19.39889],[73.7407,19.3987],[73.74064,19.39849],[73.74049,19.3983],[73.74038,19.39818],[73.74019,19.39799],[73.74006,19.39782],[73.7399,19.39755],[73.7398,19.39737],[73.73986,19.39724],[73.73987,19.39705],[73.73985,19.39693],[73.73983,19.39674],[73.73994,19.39658],[73.7399,19.39642],[73.73988,19.39624],[73.73976,19.39604],[73.73964,19.39578],[73.73958,19.39552],[73.73939,19.39508],[73.73925,19.39482],[73.73921,19.39463],[73.73914,19.39442],[73.73902,19.39421],[73.73868,19.39398],[73.7386,19.39392],[73.73847,19.39375],[73.73834,19.3935],[73.73817,19.3933],[73.73801,19.39324],[73.73786,19.39318],[73.73764,19.39306],[73.73752,19.39285],[73.7375,19.39262],[73.73766,19.39225],[73.73775,19.39198],[73.73771,19.39174],[73.7377,19.39149],[73.73781,19.39137],[73.73784,19.39128],[73.73784,19.39115],[73.73791,19.39105],[73.73794,19.39088],[73.738,19.39085],[73.73808,19.39081],[73.73811,19.3908],[73.73813,19.39071],[73.7382,19.39058],[73.73822,19.39047],[73.73824,19.3903],[73.73827,19.39024],[73.73835,19.39022],[73.73847,19.39012],[73.73856,19.39001],[73.73862,19.38996],[73.7386,19.38977],[73.73861,19.38946],[73.73868,19.38899],[73.73874,19.38889],[73.7387,19.3887],[73.73877,19.38858],[73.73886,19.38844],[73.73895,19.38831],[73.73897,19.38815],[73.73893,19.38799],[73.7389,19.38783],[73.73889,19.38771],[73.73889,19.38756],[73.73892,19.38742],[73.73892,19.38722],[73.73892,19.38704],[73.73898,19.3869],[73.73909,19.38669],[73.73914,19.38652],[73.73917,19.38644],[73.73917,19.38638],[73.7392,19.38627],[73.73924,19.38608],[73.73927,19.38587],[73.73924,19.38551],[73.73938,19.38529],[73.73944,19.38513],[73.7397,19.38483],[73.73965,19.38456],[73.73967,19.3845],[73.7397,19.38438],[73.7397,19.38424],[73.73974,19.38414],[73.73981,19.38401],[73.73986,19.38391],[73.73987,19.38383],[73.73994,19.38376],[73.7401,19.38371],[73.74019,19.38359],[73.74029,19.38347],[73.74048,19.38332],[73.74048,19.3832],[73.74054,19.38311],[73.74056,19.38302],[73.7406,19.38293],[73.7406,19.38278],[73.74064,19.38271],[73.74063,19.3826],[73.74061,19.38251],[73.74058,19.38248],[73.74058,19.38237],[73.74056,19.38225],[73.74059,19.38219],[73.7407,19.38212],[73.74082,19.38198],[73.74082,19.38184],[73.74079,19.38172],[73.74078,19.38156],[73.74078,19.3814],[73.7408,19.38126],[73.74084,19.38113],[73.7409,19.38097],[73.74096,19.38092],[73.741,19.38075],[73.74106,19.38066],[73.74113,19.38052],[73.74117,19.38038],[73.74119,19.38025],[73.7412,19.38012],[73.74123,19.37995],[73.74128,19.37981],[73.74132,19.37966],[73.74135,19.37961],[73.74124,19.37946],[73.74113,19.37931],[73.74101,19.37903],[73.74123,19.37882],[73.74144,19.3787],[73.74163,19.37855],[73.74171,19.37852],[73.74182,19.37851],[73.74186,19.37849],[73.74195,19.37839],[73.74215,19.37815],[73.74233,19.37793],[73.74237,19.37784],[73.74244,19.37766],[73.74247,19.37758],[73.74249,19.37755],[73.74251,19.37754],[73.74255,19.37753],[73.7426,19.37753],[73.74276,19.37753],[73.74304,19.37759],[73.74314,19.37761],[73.74319,19.37764],[73.74327,19.37769],[73.74333,19.3777],[73.74342,19.37767]]]},"properties":{"id":"trail_r20973791","type":"trail","name":"EST 09","name_local":null,"category":"regional hiking route","source":"openstreetmap","source_id":"relation/20973791","updated_at":"2026-07-01T13:10:59Z","tags":{"operator":"HikeX","website":"https://hikex.in/","from":"Thakarwadi","to":"Valhivare","network":"rwn"}}},{"type":"Feature","geometry":{"type":"MultiLineString","coordinates":[[[73.80724,19.37822],[73.80686,19.37819],[73.80685,19.37804],[73.8067,19.37796],[73.80644,19.37803],[73.80596,19.37803],[73.80589,19.37795],[73.80592,19.37756],[73.80573,19.37756],[73.80563,19.37736],[73.80576,19.37679],[73.8056,19.37674],[73.80555,19.37652],[73.80555,19.37621],[73.80541,19.37599],[73.80536,19.37581],[73.80527,19.37565],[73.80523,19.37543],[73.80509,19.37538],[73.80488,19.37519],[73.80475,19.37495],[73.80449,19.37459],[73.80416,19.37428],[73.80389,19.37396],[73.80362,19.37379],[73.80285,19.37376],[73.80251,19.37376],[73.80234,19.37378],[73.80224,19.3738],[73.80194,19.37382],[73.80174,19.37387],[73.80143,19.37389],[73.80119,19.37387],[73.80091,19.37389],[73.8006,19.37392],[73.80039,19.37404],[73.80031,19.37429],[73.80021,19.37437],[73.80005,19.37444],[73.79992,19.37445],[73.79977,19.37457],[73.79971,19.37464],[73.79966,19.37468],[73.79951,19.37486],[73.79936,19.37518],[73.79916,19.37528],[73.79861,19.37528],[73.79819,19.37522],[73.79777,19.37519],[73.7975,19.37516],[73.79723,19.37518],[73.79696,19.37532],[73.79689,19.3755],[73.7968,19.37571],[73.79672,19.37607],[73.79675,19.3762],[73.79673,19.37635],[73.79685,19.37637],[73.79702,19.37639],[73.79703,19.37648],[73.79698,19.37661],[73.79684,19.37678],[73.79655,19.37693],[73.79639,19.37716],[73.79627,19.37728],[73.796,19.37757],[73.79593,19.37777],[73.79587,19.37794],[73.79576,19.37816],[73.79554,19.37834],[73.79546,19.37844],[73.79535,19.3787],[73.79526,19.37888],[73.79513,19.37902],[73.7951,19.37916],[73.79516,19.37922],[73.79526,19.3792],[73.79535,19.37918],[73.79545,19.37922],[73.79549,19.37936],[73.79547,19.3795],[73.7955,19.37964],[73.7955,19.37971],[73.79546,19.37996],[73.79545,19.3801],[73.79547,19.3803],[73.79542,19.38043],[73.79543,19.38065],[73.7955,19.38075],[73.79558,19.3809],[73.79565,19.38103],[73.79582,19.38128],[73.79587,19.38136],[73.79598,19.38146],[73.79594,19.38157],[73.796,19.38173],[73.79604,19.38193],[73.79605,19.38208],[73.79599,19.38215],[73.79596,19.38223],[73.79596,19.3823],[73.79604,19.38235],[73.79605,19.38244],[73.79595,19.3826],[73.79592,19.38272],[73.79598,19.38282],[73.79607,19.38292],[73.79607,19.38301],[73.79604,19.38306],[73.79607,19.3833],[73.79608,19.3835],[73.79609,19.3837],[73.79607,19.3839],[73.79598,19.38409],[73.79604,19.38432],[73.79596,19.38459],[73.79595,19.38472],[73.79596,19.38486],[73.796,19.38501],[73.79607,19.38513],[73.79613,19.38521],[73.79615,19.38537],[73.79618,19.38551],[73.79616,19.38574],[73.79617,19.38601],[73.79613,19.38616],[73.79616,19.38632],[73.79631,19.38645],[73.79647,19.38656],[73.79663,19.38669],[73.79671,19.38677],[73.79679,19.38686],[73.79682,19.38695],[73.79682,19.38707],[73.79688,19.38718],[73.79692,19.3873],[73.79696,19.38741],[73.79702,19.38757],[73.79708,19.38768],[73.79717,19.38775],[73.79724,19.3879],[73.79711,19.3879],[73.79699,19.38781],[73.79669,19.38779],[73.79639,19.38778],[73.79615,19.38786],[73.79592,19.38794],[73.79594,19.38803],[73.79599,19.3882],[73.79594,19.38826],[73.79576,19.38834],[73.79575,19.38849],[73.79585,19.38864],[73.79602,19.3888],[73.79608,19.38896],[73.79604,19.38915],[73.79587,19.38932],[73.79568,19.38938],[73.79538,19.38945],[73.7951,19.38949],[73.79484,19.3895],[73.79444,19.38949],[73.79417,19.38947],[73.79387,19.38954],[73.79367,19.38959],[73.79347,19.38967],[73.79329,19.38963],[73.79305,19.38968],[73.79282,19.38975],[73.79257,19.38994],[73.79238,19.39023],[73.79222,19.39052],[73.79208,19.39082],[73.79197,19.39096],[73.79194,19.39122],[73.7918,19.39134],[73.79158,19.39153],[73.7914,19.39173],[73.79121,19.39182],[73.79102,19.39204],[73.79104,19.39224],[73.79092,19.39237],[73.79076,19.3926],[73.79063,19.39285],[73.79085,19.39281],[73.79111,19.39285],[73.79146,19.39307],[73.7916,19.39323],[73.79219,19.39294],[73.7925,19.39273],[73.79271,19.39257],[73.79278,19.39249],[73.79277,19.39237],[73.79285,19.39227],[73.79295,19.39221],[73.79302,19.39217],[73.79309,19.39212],[73.79299,19.39196],[73.7929,19.39189],[73.79295,19.39167],[73.79306,19.39166],[73.79321,19.39177],[73.79332,19.39174],[73.79346,19.39162],[73.79362,19.39171],[73.79377,19.39166],[73.79406,19.39138],[73.79377,19.39166],[73.79362,19.39171],[73.79346,19.39162],[73.79332,19.39174],[73.79321,19.39177],[73.79306,19.39166],[73.79295,19.39167],[73.7929,19.39189],[73.79299,19.39196],[73.79309,19.39212],[73.79302,19.39217],[73.79295,19.39221],[73.79285,19.39227],[73.79277,19.39237],[73.79278,19.39249],[73.79271,19.39257],[73.7925,19.39273],[73.79219,19.39294],[73.7916,19.39323],[73.79146,19.39307],[73.79111,19.39285],[73.79085,19.39281],[73.79063,19.39285],[73.79057,19.39286],[73.79024,19.39305],[73.78998,19.39308],[73.78968,19.39315],[73.78927,19.39299],[73.7889,19.39294],[73.78846,19.39287],[73.7882,19.39281],[73.78798,19.39288],[73.78773,19.39304],[73.78748,19.39313],[73.78717,19.39315],[73.78695,19.39288],[73.78682,19.39269],[73.78668,19.39284],[73.78634,19.39285],[73.78617,19.3928],[73.78589,19.39272],[73.7855,19.39259],[73.78536,19.39243],[73.78493,19.39216],[73.7848,19.39208],[73.7846,19.39207],[73.78442,19.39191],[73.7843,19.3917],[73.7842,19.39164],[73.78361,19.3915],[73.78348,19.39118],[73.7832,19.39102],[73.78298,19.39108],[73.78288,19.39135],[73.78273,19.39154],[73.78231,19.39146],[73.78199,19.39152],[73.78181,19.39163],[73.78174,19.3918],[73.7816,19.39195],[73.78137,19.39192],[73.78106,19.39193],[73.78105,19.39204],[73.78127,19.3921],[73.7814,19.39224],[73.78145,19.39237],[73.78144,19.39257],[73.78133,19.39278],[73.78124,19.39294],[73.78119,19.3932],[73.78116,19.39344],[73.7811,19.39362],[73.78103,19.39387],[73.78094,19.39408],[73.78085,19.39436],[73.78084,19.39454],[73.78079,19.39473],[73.78074,19.39485],[73.78074,19.39503],[73.78082,19.39519],[73.78082,19.3954],[73.78075,19.39564],[73.78071,19.3958],[73.78071,19.39602],[73.78077,19.3963],[73.78099,19.39634],[73.7811,19.39642],[73.78123,19.39655],[73.78134,19.39669],[73.7814,19.39679],[73.78148,19.39704],[73.78153,19.39726],[73.78155,19.39737],[73.78148,19.39744],[73.78116,19.39752],[73.7809,19.39764],[73.78069,19.39769],[73.78055,19.39775],[73.78035,19.39784],[73.78017,19.39793],[73.78001,19.39801],[73.77981,19.39807],[73.77961,19.39808],[73.77943,19.39812],[73.77929,19.39816],[73.7792,19.39823],[73.77913,19.39829],[73.77893,19.39841],[73.77877,19.39856],[73.77854,19.39871],[73.77838,19.39883],[73.77832,19.39895],[73.77835,19.39907],[73.77828,19.3992],[73.77817,19.39925],[73.77809,19.39939],[73.77807,19.3995],[73.77806,19.39957],[73.77799,19.3997],[73.77792,19.39975],[73.77786,19.39985],[73.77774,19.39995],[73.77777,19.40011],[73.77787,19.40035],[73.77797,19.40052],[73.77804,19.40071],[73.77804,19.40092],[73.77809,19.40114],[73.77813,19.40125],[73.77826,19.40151],[73.77841,19.40182],[73.77849,19.40199],[73.77857,19.40224],[73.77868,19.40252],[73.77885,19.40288],[73.7789,19.40304],[73.77898,19.4032],[73.77911,19.40338],[73.77933,19.40347],[73.77952,19.40364],[73.77968,19.40377],[73.77986,19.40386],[73.78002,19.404],[73.78016,19.4042],[73.78027,19.40432],[73.78032,19.40446],[73.78032,19.40462],[73.78029,19.40471],[73.78023,19.40486],[73.78018,19.40497],[73.78018,19.40513],[73.7803,19.40524],[73.78039,19.40526],[73.78044,19.40536],[73.78041,19.40547],[73.78028,19.40558],[73.7803,19.40576],[73.78039,19.40588],[73.78051,19.40599],[73.78067,19.40617],[73.78078,19.40627],[73.7809,19.40644],[73.78088,19.40656],[73.78088,19.40673],[73.78078,19.40696],[73.78078,19.40708],[73.78076,19.40727],[73.78075,19.40741],[73.78065,19.40749],[73.78055,19.4076],[73.78049,19.4077],[73.78038,19.40784],[73.78033,19.40792],[73.78031,19.40802],[73.78035,19.40818],[73.78039,19.40837],[73.78038,19.40859],[73.78033,19.40871],[73.78025,19.40888],[73.78018,19.40903],[73.78016,19.40916],[73.78014,19.40927],[73.78013,19.4094],[73.78015,19.40952],[73.78009,19.4096],[73.78001,19.40973],[73.78009,19.40982],[73.78024,19.40997],[73.78016,19.41033],[73.78003,19.41059],[73.78005,19.41155],[73.78035,19.41197],[73.78039,19.4124],[73.7802,19.41271],[73.78011,19.41322],[73.78028,19.4137],[73.78068,19.41422],[73.78096,19.41493],[73.78112,19.4151],[73.78149,19.41515],[73.78199,19.41546],[73.78225,19.41582],[73.7826,19.41601],[73.78284,19.41602],[73.78309,19.4161],[73.78333,19.41644],[73.78338,19.41662],[73.78291,19.41688],[73.78284,19.41706],[73.783,19.41733],[73.78309,19.41827],[73.78322,19.41866],[73.78314,19.41903],[73.78268,19.41959],[73.7826,19.41992],[73.78268,19.42021],[73.78292,19.42037],[73.78314,19.42051],[73.78315,19.4208],[73.78318,19.42127],[73.78346,19.42182],[73.78328,19.42223],[73.78342,19.42264],[73.78292,19.4235],[73.78285,19.42375],[73.78305,19.42394],[73.78315,19.4242],[73.783,19.42458],[73.78281,19.42467],[73.78268,19.42486],[73.78273,19.42519],[73.783,19.4256],[73.78288,19.42633],[73.78312,19.4268],[73.78305,19.4273],[73.78318,19.42782],[73.783,19.42799],[73.78283,19.42841],[73.7829,19.42893],[73.78305,19.4292],[73.78343,19.42927],[73.78377,19.42921],[73.78384,19.42941],[73.78344,19.42966],[73.7833,19.42994],[73.78331,19.43037],[73.78319,19.43069],[73.78326,19.43094],[73.78359,19.4312],[73.78395,19.43108],[73.78431,19.43102],[73.78453,19.43131],[73.7846,19.4319],[73.78503,19.43206],[73.78499,19.43259],[73.78513,19.43271],[73.78523,19.43285],[73.78508,19.43313],[73.78512,19.43344],[73.78538,19.43367],[73.78577,19.4336],[73.78584,19.43373],[73.78565,19.43423],[73.78576,19.4344],[73.78607,19.43454],[73.78619,19.43471],[73.78609,19.435],[73.78618,19.43517],[73.78639,19.43524],[73.78651,19.43551],[73.78684,19.43538],[73.78693,19.43523],[73.78692,19.43515],[73.78699,19.43504],[73.78695,19.43492],[73.78682,19.43484],[73.78674,19.43472],[73.78678,19.43458],[73.78683,19.43447],[73.78681,19.43408],[73.78691,19.43393],[73.78689,19.43383],[73.78698,19.43366],[73.78695,19.43331],[73.787,19.43318],[73.78692,19.433],[73.78695,19.43293],[73.78687,19.43275],[73.78693,19.43259],[73.78691,19.43246],[73.78697,19.43229],[73.78693,19.4322],[73.78703,19.43212],[73.78704,19.43196],[73.78689,19.43179],[73.78692,19.43162],[73.78683,19.43158],[73.78686,19.43149],[73.78683,19.43139],[73.78691,19.43126],[73.78705,19.43112],[73.78722,19.43086],[73.78717,19.43049],[73.78713,19.43043],[73.78713,19.43028],[73.7872,19.43022],[73.78717,19.4301],[73.78738,19.42981],[73.78762,19.42961],[73.78767,19.42944],[73.78769,19.42925],[73.78781,19.42912],[73.78779,19.429],[73.7879,19.42881],[73.78795,19.42858],[73.78805,19.42848],[73.78812,19.42831],[73.78815,19.4282],[73.7883,19.42787],[73.78846,19.42775],[73.78844,19.42756],[73.78857,19.4274],[73.78868,19.42708],[73.78868,19.42691],[73.78885,19.42653],[73.78885,19.42642],[73.78894,19.4263],[73.78929,19.42598],[73.78943,19.42547],[73.78981,19.42514],[73.78998,19.42484],[73.79023,19.42462],[73.79039,19.42457],[73.7905,19.42459],[73.79071,19.42453],[73.79094,19.42436],[73.79111,19.42427],[73.79143,19.42419],[73.79157,19.4241],[73.79168,19.42384],[73.79181,19.42365],[73.79184,19.42346],[73.79191,19.42321],[73.79183,19.423],[73.79165,19.42246],[73.79161,19.42226],[73.79143,19.4222],[73.79128,19.42202],[73.79109,19.42163],[73.79113,19.42145],[73.79104,19.42121],[73.79086,19.42111],[73.79073,19.42095],[73.79061,19.42084],[73.79043,19.42062],[73.79037,19.4204],[73.79037,19.42028],[73.7905,19.42009],[73.79052,19.41972],[73.79057,19.41966],[73.79057,19.41958],[73.79065,19.41946],[73.7906,19.41939],[73.79061,19.41924],[73.79066,19.41922],[73.79063,19.41912],[73.79069,19.419],[73.7907,19.41873],[73.79055,19.41827],[73.79055,19.4181],[73.79041,19.41787],[73.79043,19.41776],[73.79064,19.41761],[73.79075,19.41742],[73.79076,19.41714],[73.79084,19.41698],[73.79081,19.41688],[73.79092,19.41675],[73.79103,19.41647],[73.79111,19.41606],[73.79113,19.41575],[73.79107,19.41512],[73.79115,19.41465],[73.79107,19.41424],[73.79088,19.41371],[73.79107,19.41332],[73.79098,19.41299],[73.79095,19.41271],[73.79087,19.41252],[73.79091,19.41239],[73.79083,19.41185],[73.79079,19.4118],[73.79081,19.41169],[73.79081,19.4111],[73.79088,19.41096],[73.79087,19.41068],[73.79102,19.41036],[73.79102,19.41015],[73.79092,19.4099],[73.79092,19.40979],[73.79084,19.40978],[73.79084,19.40968],[73.79094,19.40955],[73.79097,19.40933],[73.79103,19.40924],[73.7911,19.40909],[73.79102,19.40881],[73.79112,19.40865],[73.7911,19.40852],[73.79128,19.40811],[73.79153,19.40795],[73.79165,19.40773],[73.79166,19.40746],[73.7916,19.40741],[73.79169,19.40736],[73.79175,19.40726],[73.79201,19.40701],[73.79209,19.40684],[73.7921,19.40675],[73.79221,19.40659],[73.79228,19.40624],[73.79243,19.40596],[73.79248,19.40584],[73.79261,19.40584],[73.79273,19.40576],[73.79282,19.40549],[73.79286,19.40522],[73.79277,19.40485],[73.79291,19.40438],[73.79315,19.40413],[73.79351,19.4038],[73.79367,19.40356],[73.79378,19.40334],[73.79398,19.40316],[73.79406,19.40291],[73.79402,19.40246],[73.79406,19.40222],[73.79419,19.40206],[73.79433,19.40172],[73.7946,19.40148],[73.79473,19.40147],[73.79493,19.40138],[73.79516,19.40119],[73.79532,19.40088],[73.79565,19.40051],[73.79568,19.40026],[73.79573,19.39958],[73.79577,19.39948],[73.79581,19.39911],[73.79569,19.39861],[73.79575,19.39843],[73.7957,19.39814],[73.79578,19.39799],[73.79576,19.39761],[73.7959,19.39721],[73.79616,19.39706],[73.79632,19.39687],[73.79651,19.39673],[73.79636,19.39672],[73.79623,19.39681],[73.79608,19.39678],[73.79584,19.39687],[73.79555,19.39693],[73.79528,19.397],[73.79511,19.39714],[73.79484,19.39725],[73.79463,19.39727],[73.79436,19.39726],[73.79407,19.39717],[73.79381,19.39706],[73.79335,19.397],[73.7931,19.39691],[73.79285,19.39695],[73.79258,19.39699],[73.79241,19.39697],[73.79217,19.39703],[73.79193,19.39698],[73.79169,19.39691],[73.79133,19.39691],[73.79117,19.397],[73.79112,19.39717],[73.79105,19.39714],[73.79093,19.39723],[73.79071,19.39735],[73.7905,19.39736],[73.79034,19.39749],[73.79023,19.39768],[73.79014,19.3978],[73.78991,19.39793],[73.78972,19.39798],[73.78955,19.39792],[73.78939,19.39791],[73.78914,19.39784],[73.78899,19.39766],[73.78884,19.39751],[73.78865,19.39739],[73.78854,19.39724],[73.7884,19.39709],[73.78825,19.39704],[73.78804,19.39688],[73.78773,19.39686],[73.78754,19.39682],[73.78733,19.39671],[73.7872,19.39656],[73.78703,19.39652],[73.78691,19.39631],[73.78702,19.39611],[73.78712,19.39586],[73.78717,19.39559],[73.78717,19.39529],[73.78714,19.39498],[73.78718,19.39484],[73.78734,19.39462],[73.78732,19.39439],[73.7873,19.39418],[73.78702,19.39413],[73.7869,19.39397],[73.78684,19.39375],[73.78686,19.39358],[73.78684,19.39345],[73.78652,19.39333],[73.7863,19.39305],[73.78617,19.3928],[73.78589,19.39272],[73.7855,19.39259],[73.78536,19.39243],[73.78493,19.39216],[73.7848,19.39208],[73.7846,19.39207],[73.78442,19.39191],[73.7843,19.3917],[73.7842,19.39164],[73.78361,19.3915],[73.78348,19.39118],[73.7832,19.39102],[73.78298,19.39108],[73.78288,19.39135],[73.78273,19.39154],[73.78231,19.39146],[73.78199,19.39152],[73.78181,19.39163],[73.78174,19.3918],[73.7816,19.39195],[73.78137,19.39192],[73.78106,19.39193],[73.78079,19.39189],[73.78048,19.39178],[73.78022,19.39171],[73.78006,19.39156],[73.77975,19.39143],[73.77973,19.39126],[73.77951,19.39119],[73.77919,19.39115],[73.77877,19.39113],[73.7784,19.3911],[73.77803,19.39102],[73.77769,19.39096],[73.77759,19.39084],[73.77742,19.39066],[73.77734,19.39047],[73.77729,19.39028],[73.77708,19.39037],[73.77696,19.39051],[73.77674,19.39058],[73.77668,19.39057],[73.77654,19.39057],[73.77628,19.39069],[73.77617,19.3908],[73.7761,19.39094],[73.77598,19.39115],[73.77598,19.39128],[73.77593,19.39155],[73.77587,19.39164],[73.77572,19.39177],[73.77554,19.39196],[73.77537,19.39211],[73.7752,19.39222],[73.7749,19.39247],[73.77475,19.3925],[73.77442,19.39246],[73.7742,19.39239],[73.77395,19.39236],[73.77382,19.39248],[73.77367,19.3926],[73.77356,19.39275],[73.77329,19.39291],[73.77305,19.39295],[73.77277,19.39292],[73.77254,19.39283],[73.77243,19.39275],[73.77229,19.39258],[73.77218,19.39239],[73.77204,19.3923],[73.77183,19.39232],[73.77141,19.39223],[73.77124,19.39205],[73.77101,19.39163],[73.77089,19.39164],[73.77077,19.39173],[73.77087,19.3915],[73.7709,19.39132],[73.771,19.39111],[73.77104,19.39087],[73.77113,19.39053],[73.77115,19.39026],[73.77112,19.38992],[73.77121,19.38954],[73.77122,19.38922],[73.77129,19.38902],[73.77158,19.38819],[73.77169,19.38767],[73.77178,19.38729],[73.77181,19.38714],[73.77217,19.38679],[73.7725,19.38652],[73.77261,19.38641],[73.77286,19.38641],[73.77295,19.38645],[73.77315,19.38638],[73.77331,19.38635],[73.77337,19.38641],[73.7736,19.38641],[73.77369,19.38636],[73.77369,19.38659],[73.77381,19.38671],[73.774,19.38673],[73.77414,19.38677],[73.77433,19.38684],[73.77444,19.38696],[73.77468,19.38687],[73.77475,19.38644],[73.77481,19.38648],[73.77481,19.38659],[73.77488,19.38661],[73.77501,19.38657],[73.77504,19.38672],[73.77517,19.38676],[73.77532,19.3867],[73.77549,19.38689],[73.77577,19.38694],[73.77643,19.38685],[73.77658,19.38686],[73.77678,19.38681],[73.77682,19.38668],[73.77695,19.38672],[73.77696,19.38654],[73.77723,19.38656],[73.77737,19.38663],[73.77723,19.38656],[73.77696,19.38654],[73.77695,19.38672],[73.77682,19.38668],[73.77678,19.38681],[73.77658,19.38686],[73.77643,19.38685],[73.77577,19.38694],[73.77549,19.38689],[73.77532,19.3867],[73.77517,19.38676],[73.77504,19.38672],[73.77501,19.38657],[73.77488,19.38661],[73.77481,19.38659],[73.77481,19.38648],[73.77475,19.38644],[73.77468,19.38687],[73.77444,19.38696],[73.77433,19.38684],[73.77414,19.38677],[73.774,19.38673],[73.77381,19.38671],[73.77369,19.38659],[73.77369,19.38636],[73.7736,19.38641],[73.77337,19.38641],[73.77331,19.38635],[73.77315,19.38638],[73.77295,19.38645],[73.77286,19.38641],[73.77261,19.38641],[73.7725,19.38652],[73.77217,19.38679],[73.77181,19.38714],[73.77178,19.38729],[73.77169,19.38767],[73.77158,19.38819],[73.77129,19.38902],[73.77122,19.38922],[73.77121,19.38954],[73.77112,19.38992],[73.77115,19.39026],[73.77113,19.39053],[73.77104,19.39087],[73.771,19.39111],[73.7709,19.39132],[73.77087,19.3915],[73.77077,19.39173],[73.7706,19.39208],[73.77047,19.39229],[73.77023,19.39252],[73.76989,19.39294],[73.76973,19.39305],[73.76953,19.39316],[73.76929,19.39327],[73.76907,19.39339],[73.76879,19.3935],[73.76855,19.39352],[73.76833,19.39357],[73.76811,19.39357],[73.76786,19.39359],[73.76752,19.39366],[73.76727,19.3937],[73.767,19.39367],[73.76677,19.3936],[73.76665,19.39351],[73.76651,19.39351],[73.76639,19.39347],[73.76614,19.39342],[73.76594,19.39343],[73.76578,19.39348],[73.76565,19.3935],[73.76561,19.39347],[73.76555,19.39342],[73.76547,19.3934],[73.76531,19.39344],[73.76485,19.3936],[73.76474,19.39363],[73.76469,19.39367],[73.76456,19.39371],[73.76444,19.39368],[73.76432,19.3937],[73.76425,19.39378],[73.76414,19.39388],[73.76399,19.394],[73.76401,19.39409],[73.7641,19.39412],[73.76408,19.39429],[73.76392,19.39439],[73.76363,19.3946],[73.76343,19.39473],[73.76322,19.39494],[73.76297,19.39521],[73.7628,19.39547],[73.76275,19.39555],[73.76258,19.39559],[73.76241,19.39555],[73.76235,19.39548],[73.76228,19.39547],[73.76222,19.3955],[73.76215,19.39555],[73.76213,19.39547],[73.76204,19.39551],[73.76193,19.39559],[73.76183,19.39564],[73.76167,19.39563],[73.76165,19.3956],[73.76162,19.39554],[73.76164,19.39542],[73.76171,19.39532],[73.76174,19.39523],[73.76167,19.39509],[73.76158,19.39493],[73.76157,19.39477],[73.76164,19.39466],[73.76175,19.39463],[73.76183,19.3946],[73.76191,19.39454],[73.76194,19.39447],[73.762,19.39446],[73.7621,19.39444],[73.76219,19.39438],[73.76234,19.39435],[73.76239,19.39421],[73.76235,19.39419],[73.7624,19.3941],[73.76238,19.39407],[73.7624,19.39399],[73.76236,19.39391],[73.76243,19.39384],[73.76239,19.39375],[73.76245,19.39364],[73.76241,19.39358],[73.76244,19.39356],[73.76245,19.39347],[73.76243,19.39337],[73.76248,19.39324],[73.76253,19.39315],[73.76253,19.39308],[73.76251,19.39292],[73.76265,19.39279],[73.7628,19.39272],[73.76291,19.39263],[73.76303,19.39252],[73.76324,19.3924],[73.76333,19.39229],[73.76345,19.39215],[73.76352,19.39196],[73.76352,19.3918],[73.76351,19.39169],[73.76355,19.39157],[73.76371,19.39131],[73.76373,19.39112],[73.76371,19.39098],[73.76379,19.39082],[73.7638,19.39059],[73.76389,19.39033],[73.764,19.39016],[73.76409,19.39005],[73.76422,19.38991],[73.76431,19.38984],[73.76444,19.3897],[73.76444,19.38952],[73.7643,19.38933],[73.76415,19.389],[73.76404,19.38877],[73.76393,19.38842],[73.76384,19.38809],[73.76375,19.38782],[73.76371,19.38771],[73.76358,19.38762],[73.76341,19.38754],[73.76326,19.38749],[73.76305,19.3875],[73.76286,19.38752],[73.76267,19.38745],[73.76249,19.38711],[73.76239,19.387],[73.76226,19.38689],[73.76214,19.38675],[73.76203,19.38663],[73.76182,19.3865],[73.76168,19.38636],[73.76148,19.38614],[73.76125,19.38601],[73.761,19.38591],[73.76081,19.38582],[73.76062,19.38576],[73.76025,19.38566],[73.76005,19.38553],[73.75993,19.38541],[73.75976,19.38521],[73.75965,19.38504],[73.75937,19.38501],[73.75914,19.385],[73.75883,19.38495],[73.75844,19.38499],[73.75816,19.38489],[73.75796,19.38473],[73.75772,19.38458],[73.75734,19.38443],[73.75704,19.38434],[73.75668,19.38422],[73.75656,19.38413],[73.75642,19.384],[73.75625,19.38383],[73.75613,19.3837],[73.75604,19.38364],[73.7559,19.38358],[73.75571,19.38353],[73.75553,19.38339],[73.75541,19.38327],[73.75525,19.38314],[73.75504,19.38298],[73.75495,19.38294],[73.75463,19.38286],[73.75443,19.38284],[73.75423,19.38281],[73.75407,19.38279],[73.75391,19.38276],[73.75348,19.38271],[73.75325,19.38266],[73.75313,19.38272],[73.75302,19.38285],[73.75291,19.38288],[73.75284,19.3828],[73.75284,19.38265],[73.75285,19.38247],[73.75282,19.38238],[73.75269,19.38228],[73.75253,19.3822],[73.75235,19.38208],[73.75213,19.38199],[73.75186,19.38184],[73.75159,19.38177],[73.75144,19.38166],[73.75129,19.38148],[73.75119,19.38141],[73.75076,19.38128],[73.75053,19.38123],[73.75016,19.38119],[73.74997,19.38117],[73.74976,19.38109],[73.74961,19.381],[73.74945,19.38086],[73.74936,19.38085],[73.74898,19.38085],[73.74884,19.38081],[73.74862,19.38071],[73.74842,19.38064],[73.74815,19.38046],[73.74802,19.38041],[73.74785,19.38038],[73.74772,19.38039],[73.7476,19.38042],[73.7475,19.38036],[73.74735,19.38027],[73.74721,19.3802],[73.74699,19.38025],[73.74682,19.3802],[73.74668,19.38006],[73.74655,19.37984],[73.74643,19.37969],[73.74618,19.37944],[73.746,19.3792],[73.74583,19.37904],[73.74563,19.37894],[73.74518,19.37876],[73.74466,19.37849],[73.74434,19.37838],[73.74419,19.3783],[73.74407,19.37808],[73.74396,19.37806],[73.74368,19.37804],[73.7435,19.37796],[73.74346,19.37792],[73.74343,19.37789],[73.74344,19.37778],[73.74342,19.37767]]]},"properties":{"id":"trail_r20976315","type":"trail","name":"EST 10","name_local":null,"category":"regional hiking route","source":"openstreetmap","source_id":"relation/20976315","updated_at":"2026-06-14T08:30:47Z","tags":{"operator":"HikeX","website":"https://hikex.in/","from":"Valhivare","to":"Khireshwar","network":"rwn"}}},{"type":"Feature","geometry":{"type":"MultiLineString","coordinates":[[[73.80724,19.37822],[73.80724,19.37852],[73.80714,19.37884],[73.80704,19.37922],[73.80676,19.37991],[73.80669,19.38021],[73.80665,19.38042],[73.80664,19.3808],[73.80666,19.38097],[73.8067,19.38116],[73.80676,19.38138],[73.80679,19.38158],[73.80678,19.38187],[73.80673,19.38238],[73.80675,19.38245],[73.80686,19.38264],[73.80693,19.38272],[73.8071,19.38277],[73.80715,19.38276],[73.80723,19.38278],[73.8073,19.38283],[73.80741,19.38283],[73.80751,19.38297],[73.80766,19.3831],[73.80793,19.38324],[73.80798,19.38344],[73.8079,19.38365],[73.80769,19.384],[73.80763,19.38424],[73.80772,19.38435],[73.80778,19.38446],[73.80769,19.3846],[73.80756,19.38478],[73.80752,19.38498],[73.80739,19.38518],[73.80739,19.38533],[73.8073,19.38546],[73.80729,19.38566],[73.8072,19.38585],[73.80697,19.38591],[73.80679,19.38594],[73.80671,19.38604],[73.80662,19.38625],[73.80658,19.38648],[73.80653,19.38681],[73.80648,19.38697],[73.80639,19.38718],[73.80629,19.3874],[73.80646,19.38748],[73.80673,19.3876],[73.80694,19.38776],[73.80699,19.38789],[73.80713,19.38811],[73.80711,19.38824],[73.80708,19.38842],[73.807,19.38861],[73.80678,19.38882],[73.80659,19.38885],[73.80651,19.38872],[73.80647,19.3885],[73.80643,19.38838],[73.80621,19.3884],[73.80611,19.3885],[73.80607,19.38863],[73.80598,19.38874],[73.80592,19.38885],[73.80587,19.38895],[73.80577,19.38915],[73.80563,19.38928],[73.80557,19.38952],[73.80549,19.38976],[73.80541,19.38998],[73.80538,19.39016],[73.80529,19.39042],[73.8052,19.39052],[73.80513,19.3907],[73.80505,19.39079],[73.80499,19.39106],[73.80494,19.39129],[73.8049,19.39147],[73.80498,19.39166],[73.80502,19.39173],[73.80501,19.39185],[73.80492,19.39181],[73.80482,19.39185],[73.8048,19.39194],[73.80478,19.39207],[73.80471,19.39225],[73.80456,19.39244],[73.80451,19.39252],[73.80462,19.39259],[73.80459,19.39269],[73.80448,19.39276],[73.8044,19.39288],[73.80428,19.3931],[73.8044,19.39319],[73.80434,19.39336],[73.80422,19.3936],[73.80412,19.39379],[73.80392,19.39417],[73.80369,19.39441],[73.80353,19.39462],[73.80343,19.39473],[73.80334,19.3949],[73.80329,19.39509],[73.8033,19.39513],[73.80334,19.39531],[73.8034,19.39548],[73.80346,19.39562],[73.80348,19.39574],[73.8034,19.3958],[73.80329,19.39593],[73.80316,19.39603],[73.80325,19.39611],[73.80324,19.39625],[73.80329,19.39627],[73.80337,19.39633],[73.80338,19.39638],[73.80336,19.39637],[73.80336,19.39641],[73.80331,19.39647],[73.80329,19.39652],[73.80328,19.39656],[73.80328,19.39661],[73.80324,19.39666],[73.80326,19.39669],[73.80321,19.39675],[73.80324,19.39683],[73.80332,19.39686],[73.80343,19.39693],[73.80344,19.397],[73.80348,19.39708],[73.80348,19.39713],[73.80352,19.39716],[73.8035,19.39719],[73.8035,19.39727],[73.80349,19.39734],[73.80351,19.3974],[73.80352,19.39745],[73.80355,19.3975],[73.80352,19.39756],[73.80353,19.39763],[73.80355,19.39768],[73.80356,19.39774],[73.80362,19.39782],[73.80359,19.39787],[73.80359,19.39795],[73.80363,19.39799],[73.80363,19.39805],[73.80359,19.39812],[73.80355,19.39814],[73.80354,19.39819],[73.80358,19.39829],[73.80361,19.39836],[73.80359,19.39841],[73.80362,19.39849],[73.80357,19.39854],[73.80358,19.39861],[73.80361,19.39869],[73.80361,19.39878],[73.80361,19.39885],[73.80364,19.39895],[73.80363,19.39899],[73.8036,19.39903],[73.8036,19.39908],[73.80362,19.3991],[73.80364,19.39916],[73.80364,19.39925],[73.80369,19.39929],[73.80367,19.39936],[73.8037,19.39939],[73.8037,19.39946],[73.80372,19.39952],[73.80377,19.39959],[73.8038,19.39965],[73.80383,19.39968],[73.80383,19.39974],[73.80381,19.39979],[73.80385,19.39988],[73.80387,19.39997],[73.80388,19.40006],[73.80387,19.40012],[73.80388,19.40018],[73.80386,19.40028],[73.8039,19.40034],[73.80393,19.4004],[73.80395,19.40046],[73.80402,19.40054],[73.80404,19.40062],[73.80408,19.40069],[73.80414,19.40074],[73.80424,19.40083],[73.80428,19.40082],[73.80435,19.40087],[73.80441,19.40091],[73.80451,19.40094],[73.80459,19.40099],[73.80466,19.40099],[73.80472,19.40102],[73.80479,19.40102],[73.8049,19.40099],[73.80493,19.40103],[73.805,19.40102],[73.80509,19.40107],[73.80519,19.40115],[73.80523,19.40122],[73.80526,19.40129],[73.80527,19.40136],[73.8053,19.40143],[73.80531,19.40152],[73.80535,19.40159],[73.80534,19.40164],[73.8054,19.40173],[73.80549,19.40183],[73.8055,19.40189],[73.80548,19.40194],[73.8055,19.40198],[73.8055,19.40204],[73.80543,19.4021],[73.80545,19.40217],[73.80541,19.40226],[73.80537,19.40239],[73.8054,19.4025],[73.80542,19.40261],[73.80544,19.4027],[73.80552,19.40281],[73.80558,19.40286],[73.80567,19.40293],[73.80565,19.403],[73.80561,19.40304],[73.80563,19.40316],[73.80568,19.40325],[73.8057,19.40336],[73.80572,19.40347],[73.80575,19.40358],[73.80577,19.40366],[73.80584,19.40377],[73.80589,19.40383],[73.80588,19.4039],[73.80593,19.40394],[73.80595,19.40405],[73.80601,19.40415],[73.8061,19.4042],[73.80611,19.40426],[73.80618,19.40434],[73.80623,19.40441],[73.80629,19.40451],[73.80637,19.40458],[73.80641,19.40463],[73.80649,19.40469],[73.80649,19.40477],[73.80661,19.40483],[73.80664,19.40487],[73.80669,19.40492],[73.80681,19.405],[73.80687,19.40504],[73.80698,19.40508],[73.80704,19.40521],[73.80706,19.40529],[73.80709,19.40532],[73.80709,19.40538],[73.80715,19.40544],[73.80723,19.40549],[73.80731,19.40551],[73.80736,19.40556],[73.80741,19.40556],[73.80748,19.40562],[73.80756,19.40561],[73.80765,19.40567],[73.80772,19.40569],[73.80786,19.40572],[73.80794,19.40565],[73.808,19.40565],[73.80806,19.40565],[73.80814,19.40568],[73.80821,19.40568],[73.80829,19.40571],[73.80837,19.40571],[73.80843,19.40571],[73.80852,19.40572],[73.8086,19.40575],[73.80866,19.40578],[73.80872,19.40583],[73.80875,19.40591],[73.80876,19.40597],[73.80877,19.40604],[73.80881,19.40612],[73.80884,19.40622],[73.80884,19.40631],[73.80885,19.40644],[73.80888,19.4065],[73.80886,19.40662],[73.80888,19.40676],[73.8089,19.40693],[73.80897,19.40707],[73.80899,19.40719],[73.80903,19.40729],[73.80906,19.40739],[73.80913,19.40747],[73.80916,19.40757],[73.80916,19.40768],[73.80914,19.40777],[73.80915,19.40786],[73.80917,19.40798],[73.80926,19.40815],[73.80934,19.4083],[73.80939,19.4084],[73.80945,19.40849],[73.80959,19.40863],[73.80972,19.40867],[73.80983,19.40867],[73.80995,19.40878],[73.80998,19.40885],[73.81007,19.40892],[73.81008,19.409],[73.81026,19.4091],[73.81043,19.4091],[73.81057,19.40904],[73.81073,19.40904],[73.81087,19.40905],[73.81099,19.40914],[73.81112,19.40916],[73.81123,19.40923],[73.81134,19.40923],[73.8114,19.40929],[73.81146,19.40927],[73.81157,19.40932],[73.81165,19.4094],[73.81167,19.40955],[73.81164,19.40967],[73.81164,19.40981],[73.81162,19.41001],[73.8116,19.41012],[73.81163,19.41025],[73.81172,19.4104],[73.81181,19.41054],[73.81192,19.41067],[73.81197,19.41078],[73.81206,19.41088],[73.81213,19.41098],[73.81219,19.41105],[73.81224,19.41112],[73.81227,19.4111],[73.8123,19.41108],[73.81229,19.41106],[73.8123,19.41104],[73.81229,19.41102],[73.8123,19.41098],[73.81229,19.41094],[73.8123,19.41091],[73.81229,19.41087],[73.81228,19.4108],[73.81225,19.41078],[73.81225,19.41072],[73.81221,19.41069],[73.81217,19.41067],[73.81213,19.41065],[73.81209,19.41058],[73.8121,19.41051],[73.8121,19.41046],[73.81207,19.41042],[73.81206,19.41036],[73.81206,19.4103],[73.81208,19.41026],[73.81207,19.41024],[73.8121,19.41023],[73.81213,19.41024],[73.81217,19.41022],[73.81218,19.41018],[73.81222,19.41011],[73.81222,19.41006],[73.81226,19.41006],[73.81228,19.41002],[73.81233,19.41001],[73.81233,19.40997],[73.81231,19.40993],[73.8123,19.4099],[73.81231,19.40988],[73.8123,19.40984],[73.81229,19.40979],[73.81226,19.40976],[73.81226,19.40972],[73.81229,19.40968],[73.81228,19.40965],[73.8123,19.40961],[73.81233,19.40961],[73.81234,19.40955],[73.81234,19.40949],[73.81233,19.40946],[73.81235,19.40935],[73.81234,19.4093],[73.81237,19.40928],[73.81239,19.40921],[73.81242,19.40919],[73.81241,19.40915],[73.81239,19.40911],[73.8124,19.40907],[73.81238,19.40905],[73.81241,19.40903],[73.81236,19.409],[73.81235,19.40897],[73.81234,19.4089],[73.81235,19.40888],[73.81238,19.40889],[73.81244,19.40889],[73.8125,19.40888],[73.81253,19.40884],[73.81254,19.40879],[73.81256,19.40877],[73.81258,19.40873],[73.81259,19.40867],[73.81258,19.40862],[73.81257,19.40856],[73.81254,19.40849],[73.8125,19.40847],[73.8125,19.40844],[73.81248,19.4084],[73.81248,19.40832],[73.81248,19.40826],[73.81246,19.40823],[73.81243,19.40814],[73.81238,19.40811],[73.81232,19.40808],[73.81229,19.40805],[73.81223,19.408],[73.81222,19.40794],[73.81221,19.40789],[73.81221,19.40784],[73.81218,19.40781],[73.81213,19.40777],[73.81214,19.40771],[73.81217,19.40767],[73.81218,19.40762],[73.81217,19.40755],[73.81215,19.40752],[73.81218,19.40748],[73.81218,19.40741],[73.8121,19.40739],[73.81206,19.40734],[73.81201,19.40731],[73.81198,19.40724],[73.812,19.40716],[73.81201,19.40712],[73.81198,19.40708],[73.81192,19.40703],[73.81193,19.40693],[73.81198,19.40689],[73.81198,19.40684],[73.81192,19.40677],[73.81188,19.40676],[73.81185,19.40673],[73.81179,19.40675],[73.8118,19.4067],[73.81172,19.40664],[73.81172,19.40661],[73.81171,19.40659],[73.81173,19.40656],[73.81173,19.4065],[73.81172,19.40647],[73.81169,19.40643],[73.81169,19.40636],[73.81166,19.40631],[73.81161,19.40623],[73.81155,19.40614],[73.81158,19.40608],[73.81158,19.40603],[73.81163,19.40595],[73.81166,19.40594],[73.81166,19.40586],[73.81168,19.40583],[73.81167,19.40577],[73.81167,19.40573],[73.8117,19.4057],[73.81165,19.40568],[73.81168,19.40564],[73.81174,19.40562],[73.81177,19.40556],[73.81179,19.4055],[73.81174,19.40543],[73.81169,19.4054],[73.81163,19.40535],[73.8116,19.4053],[73.81158,19.40525],[73.81151,19.40525],[73.81146,19.40525],[73.81141,19.40529],[73.81142,19.40532],[73.81134,19.40532],[73.81128,19.40531],[73.81128,19.40537],[73.81121,19.40534],[73.81116,19.40539],[73.8111,19.40541],[73.81106,19.40546],[73.81102,19.40546],[73.81096,19.40547],[73.81095,19.40552],[73.8109,19.40555],[73.81087,19.40562],[73.81082,19.40564],[73.81083,19.40569],[73.81079,19.40573],[73.81076,19.40574],[73.81072,19.40578],[73.81072,19.40584],[73.81075,19.40588],[73.81075,19.40592],[73.81068,19.40599],[73.8106,19.40602],[73.81059,19.4059],[73.81059,19.40579],[73.81049,19.40556],[73.81059,19.40544],[73.81067,19.40525],[73.8106,19.40509],[73.81069,19.40487],[73.81066,19.40474],[73.81041,19.40498],[73.81028,19.40467],[73.80996,19.40456],[73.8099,19.40464],[73.80965,19.40463],[73.80948,19.40447],[73.80963,19.40438],[73.80946,19.40417],[73.80962,19.40401],[73.80952,19.40381],[73.80965,19.4037],[73.80931,19.40348],[73.80926,19.4033],[73.80892,19.40334],[73.80868,19.4035],[73.8084,19.40377],[73.8083,19.40371],[73.80846,19.40345],[73.80847,19.40325],[73.8088,19.40292],[73.80921,19.40281],[73.80916,19.4026],[73.80903,19.40262],[73.80891,19.40253],[73.80871,19.40264],[73.80847,19.40253],[73.80847,19.40234],[73.8085,19.40212],[73.80865,19.40183],[73.80858,19.40156],[73.80857,19.40118],[73.80839,19.40089],[73.8083,19.40059],[73.80835,19.40032],[73.80834,19.40007],[73.80827,19.39976],[73.80812,19.39949],[73.80798,19.39931],[73.80801,19.39914],[73.80817,19.39887],[73.80821,19.39861],[73.80833,19.39843],[73.80846,19.39817],[73.80846,19.39792],[73.80852,19.39767],[73.80863,19.39736],[73.80879,19.39709],[73.8089,19.39682],[73.80898,19.39655],[73.80894,19.39637],[73.80874,19.39627],[73.80881,19.39613],[73.80882,19.396],[73.80874,19.39585],[73.80847,19.39578],[73.80836,19.39594],[73.80824,19.39596],[73.80793,19.39597],[73.80774,19.39579],[73.80745,19.39568],[73.80754,19.39542],[73.80783,19.3954],[73.80783,19.39521],[73.80774,19.39495],[73.8077,19.39465],[73.8077,19.39441],[73.80771,19.39422],[73.80774,19.39402],[73.80787,19.39382],[73.8079,19.39371],[73.80805,19.39351],[73.8081,19.39331],[73.80819,19.39306],[73.80826,19.393],[73.80849,19.39292],[73.80866,19.39303],[73.80867,19.39311],[73.80876,19.39322],[73.80885,19.39346],[73.80895,19.39349],[73.80901,19.39356],[73.80899,19.39365],[73.809,19.39379],[73.80898,19.39396],[73.80884,19.39411],[73.80883,19.39437],[73.80902,19.39438],[73.80914,19.39449],[73.80924,19.39434],[73.80934,19.39432],[73.80932,19.39418],[73.8094,19.39409],[73.80939,19.39384],[73.80944,19.39365],[73.80943,19.39352],[73.80946,19.3934],[73.80957,19.39331],[73.80966,19.39319],[73.80973,19.39308],[73.80985,19.39295],[73.80996,19.39286],[73.81014,19.39283],[73.81022,19.3928],[73.81029,19.39277],[73.81036,19.39274],[73.8104,19.39268],[73.81041,19.39263],[73.81053,19.39254],[73.81061,19.39249],[73.81068,19.39245],[73.8107,19.39234],[73.81078,19.39222],[73.81081,19.39212],[73.81083,19.39203],[73.81091,19.39194],[73.81094,19.39185],[73.81093,19.39178],[73.81092,19.3917],[73.81096,19.39155],[73.81103,19.39145],[73.81111,19.39134],[73.81118,19.39115],[73.81126,19.39105],[73.81132,19.39091],[73.8113,19.39079],[73.81135,19.39061],[73.81142,19.3905],[73.81149,19.39031],[73.81157,19.3901],[73.81166,19.38991],[73.81173,19.38978],[73.81181,19.38969],[73.81199,19.38956],[73.8121,19.38941],[73.81225,19.38928],[73.81241,19.38921],[73.81248,19.38919],[73.81266,19.38913],[73.81275,19.389],[73.81288,19.38886],[73.81304,19.38868],[73.81324,19.38849],[73.81347,19.3884],[73.8136,19.3883],[73.81384,19.38811],[73.81402,19.38797],[73.8142,19.38786],[73.8145,19.38771],[73.81473,19.38767],[73.81499,19.38759],[73.81516,19.38743],[73.81526,19.38752],[73.81517,19.38762],[73.81517,19.38769],[73.81531,19.3877],[73.81543,19.3877],[73.81557,19.38775],[73.81573,19.38768],[73.81585,19.38758],[73.81592,19.38753],[73.81608,19.38749],[73.81619,19.38744],[73.81631,19.38749],[73.81636,19.38761],[73.81653,19.38766],[73.81663,19.38764],[73.81674,19.3877],[73.81679,19.3878],[73.81686,19.3879],[73.81688,19.38798],[73.81689,19.38816],[73.81691,19.38828],[73.81691,19.38846],[73.81699,19.3886],[73.81723,19.38874],[73.81754,19.38872],[73.81774,19.38867],[73.81786,19.38862],[73.81804,19.38854],[73.81815,19.38847],[73.81835,19.38832],[73.81855,19.38822],[73.81864,19.38819],[73.81881,19.38815],[73.81895,19.38808],[73.81905,19.38798],[73.8192,19.38784],[73.81937,19.38771],[73.81957,19.38761],[73.8197,19.38764],[73.8198,19.38769],[73.81985,19.38776],[73.82,19.38777],[73.82011,19.38774],[73.8202,19.38766],[73.82027,19.38763],[73.8204,19.38762],[73.82051,19.38764],[73.8206,19.38767],[73.82065,19.3877],[73.82072,19.38776],[73.82079,19.3878],[73.82081,19.38786],[73.82088,19.38787],[73.82097,19.38785],[73.82116,19.38783],[73.8213,19.38782],[73.82145,19.38782],[73.82163,19.38792],[73.82182,19.38798],[73.82197,19.38802],[73.82209,19.388],[73.82212,19.38797],[73.82218,19.38791],[73.82233,19.38779],[73.82244,19.38769],[73.8227,19.38765],[73.82289,19.38774],[73.82316,19.38787],[73.82348,19.38767],[73.82366,19.38759],[73.82386,19.38753],[73.82397,19.38748],[73.82403,19.38742],[73.82414,19.38739],[73.82432,19.38739],[73.82447,19.38738],[73.82461,19.3872],[73.82472,19.38715],[73.8249,19.38713],[73.82497,19.38706],[73.82505,19.38694],[73.82508,19.38696],[73.82515,19.38698],[73.82521,19.38699],[73.8253,19.38698],[73.82538,19.38701],[73.82549,19.38698],[73.82558,19.38699],[73.82569,19.38699],[73.82581,19.38699],[73.82588,19.38699],[73.82592,19.38695],[73.82598,19.38691],[73.82607,19.38689],[73.82613,19.3869],[73.82623,19.38697],[73.8263,19.387],[73.82637,19.38705],[73.82645,19.38704],[73.82655,19.38705],[73.8266,19.38704],[73.82667,19.38707],[73.82675,19.38706],[73.82691,19.38707],[73.827,19.38703],[73.82702,19.38701],[73.82711,19.38701],[73.82719,19.38702],[73.82727,19.38704],[73.82738,19.387],[73.82746,19.38701],[73.82753,19.38706],[73.82764,19.38705],[73.82771,19.38706],[73.82781,19.38705],[73.82785,19.38702],[73.8279,19.38701],[73.82793,19.38695],[73.82799,19.38691],[73.82805,19.38687],[73.82811,19.38685],[73.82821,19.38682],[73.82826,19.38678],[73.82828,19.38672],[73.82828,19.38665],[73.82834,19.3866],[73.82838,19.38657],[73.82838,19.38654],[73.82849,19.38649],[73.8285,19.38645],[73.82857,19.38642],[73.82857,19.38636],[73.82861,19.38633],[73.82879,19.38626],[73.82893,19.38616],[73.82904,19.38604],[73.82925,19.38588],[73.8294,19.38576],[73.82955,19.38558],[73.82966,19.38538],[73.82979,19.38535],[73.83001,19.38524],[73.83009,19.38512],[73.83029,19.38497],[73.83049,19.38491],[73.83062,19.38488],[73.83073,19.38475],[73.83066,19.38467],[73.83072,19.38457],[73.83072,19.38446],[73.83084,19.38444],[73.83099,19.38455],[73.83116,19.38456],[73.83131,19.38473],[73.83133,19.38484],[73.83128,19.38498],[73.83126,19.38517],[73.83121,19.38534],[73.83118,19.38557],[73.8311,19.38578],[73.83109,19.3859],[73.83099,19.38598],[73.83097,19.38615],[73.83106,19.38623],[73.83125,19.38625],[73.8314,19.38636],[73.83156,19.38641],[73.83158,19.38672],[73.83163,19.38676],[73.83171,19.38702],[73.83166,19.38727],[73.8317,19.38748],[73.83178,19.3876],[73.83182,19.38752],[73.83193,19.38748],[73.83205,19.38737],[73.83225,19.38729],[73.83246,19.38725],[73.83262,19.38717],[73.83284,19.38721],[73.833,19.38729],[73.83315,19.38742],[73.83327,19.38753],[73.83341,19.38762],[73.8337,19.38755],[73.83384,19.38745],[73.83398,19.38735],[73.8341,19.38721],[73.83425,19.38705],[73.83437,19.3869],[73.83459,19.38669],[73.83481,19.38677],[73.83497,19.38684],[73.83521,19.38671],[73.83537,19.38658],[73.83553,19.38651],[73.83562,19.38639],[73.83578,19.38634],[73.83593,19.38617],[73.83611,19.38597],[73.8362,19.38586],[73.83631,19.38566],[73.83646,19.38544],[73.83655,19.38526],[73.83673,19.38494],[73.83685,19.38474],[73.83705,19.38455],[73.83724,19.38447],[73.83744,19.38446],[73.83722,19.38469],[73.83752,19.38469],[73.83786,19.38456],[73.83818,19.3846],[73.83839,19.38447],[73.83862,19.38452],[73.83878,19.38445],[73.83894,19.38415],[73.83909,19.38417],[73.83922,19.384],[73.83948,19.38386],[73.83968,19.38374],[73.83989,19.38372],[73.83999,19.3836],[73.84015,19.38362],[73.84025,19.38375],[73.84043,19.38396],[73.84061,19.38412],[73.84083,19.38416],[73.84095,19.38421],[73.84106,19.38435],[73.84125,19.38434],[73.84149,19.38419],[73.8417,19.38408],[73.84188,19.38385],[73.84211,19.38371],[73.84232,19.38359],[73.84242,19.38344],[73.8426,19.38313],[73.84285,19.38299],[73.84292,19.38289],[73.84293,19.38276],[73.84307,19.38269],[73.84344,19.38249],[73.84375,19.38264],[73.84392,19.38253],[73.84414,19.38235],[73.84451,19.38219],[73.84474,19.38214],[73.84498,19.38211],[73.84513,19.38197],[73.84538,19.3819],[73.84567,19.38182],[73.84589,19.38171],[73.84603,19.38151],[73.84629,19.38121],[73.84627,19.38102],[73.8463,19.38076],[73.84665,19.38066],[73.84691,19.38077],[73.84715,19.38079],[73.84741,19.38076],[73.84773,19.38068],[73.84796,19.38074],[73.84813,19.38087],[73.84824,19.38095],[73.84838,19.38104],[73.84852,19.38111],[73.84867,19.38115],[73.84881,19.38123],[73.84904,19.38099],[73.84938,19.38091],[73.84975,19.38075],[73.85009,19.38057],[73.85042,19.3805],[73.85094,19.38038],[73.85136,19.38031],[73.85167,19.38026],[73.85222,19.3803],[73.85291,19.38037],[73.85346,19.38046],[73.85367,19.38063],[73.85379,19.38093],[73.85383,19.38107],[73.85369,19.38134],[73.8538,19.38161],[73.85376,19.38185],[73.8539,19.38206],[73.85393,19.38235],[73.85407,19.38266],[73.85411,19.38288],[73.85404,19.38322],[73.85423,19.38338],[73.85453,19.38355],[73.85461,19.38377],[73.85491,19.38397],[73.85493,19.3843],[73.85503,19.38467],[73.85511,19.3849],[73.85523,19.38507],[73.85549,19.38508],[73.85576,19.38515],[73.85593,19.38514],[73.85607,19.385],[73.85626,19.38496],[73.85669,19.38504],[73.85687,19.38507],[73.85715,19.38501],[73.85745,19.38503],[73.85771,19.3848],[73.85808,19.38493],[73.85842,19.3849],[73.85867,19.38498],[73.85891,19.38498],[73.85903,19.38491],[73.85909,19.38476],[73.85921,19.38465],[73.85944,19.38456],[73.85979,19.38457],[73.86002,19.38461],[73.86011,19.38465],[73.86038,19.38436],[73.86056,19.38435],[73.86088,19.38416],[73.86089,19.38387],[73.8611,19.38379],[73.86141,19.38373],[73.86151,19.38369],[73.86163,19.38362],[73.86164,19.38337],[73.86184,19.38319],[73.86203,19.38315],[73.86228,19.38301],[73.86254,19.38296],[73.86276,19.38283],[73.86335,19.38276],[73.86331,19.38283],[73.86323,19.38294],[73.86311,19.38306],[73.86309,19.38318],[73.86305,19.38335],[73.86304,19.38343],[73.863,19.38353],[73.86312,19.38355],[73.86327,19.3836],[73.86333,19.38368],[73.86337,19.38379],[73.86342,19.38386],[73.86347,19.384],[73.8635,19.38411],[73.86347,19.38418],[73.86344,19.38429],[73.86342,19.38436],[73.86353,19.38429],[73.86357,19.38437],[73.86365,19.38438],[73.86367,19.38445],[73.86366,19.3845],[73.86375,19.38453],[73.86378,19.38462],[73.86381,19.38471],[73.86372,19.38473],[73.86375,19.38479],[73.86378,19.38481],[73.86378,19.38484],[73.86365,19.38486],[73.86369,19.3849],[73.86362,19.38492],[73.86369,19.38497],[73.86366,19.38506],[73.86367,19.38524],[73.86364,19.38554],[73.86358,19.38578],[73.86355,19.38598],[73.86353,19.38615],[73.86353,19.38636],[73.86332,19.38659],[73.86328,19.38675],[73.86323,19.38697],[73.86317,19.38703],[73.86319,19.38723],[73.86319,19.38735],[73.86319,19.38756],[73.8632,19.38771],[73.86326,19.38784],[73.86331,19.38801],[73.86337,19.38813],[73.86343,19.38826],[73.86346,19.38845],[73.86338,19.38855],[73.86344,19.38865],[73.86332,19.3887],[73.86338,19.38876],[73.86335,19.38882],[73.86343,19.38883],[73.86349,19.38889],[73.86358,19.38897],[73.86357,19.38905],[73.86345,19.38909],[73.86339,19.38933],[73.86344,19.38946],[73.86339,19.38962],[73.86338,19.38979],[73.86336,19.38998],[73.86328,19.39009],[73.86315,19.39017],[73.86303,19.3902],[73.86302,19.39024],[73.86294,19.39041],[73.86284,19.39054],[73.86275,19.39051],[73.86268,19.39051],[73.86268,19.39064],[73.86262,19.39064],[73.86262,19.39073],[73.86266,19.39078],[73.86262,19.39093],[73.86252,19.39093],[73.86241,19.39096],[73.86246,19.39103],[73.86236,19.3911],[73.86235,19.39118],[73.86227,19.39112],[73.86219,19.39111],[73.86205,19.39118],[73.86192,19.39121],[73.86191,19.39132],[73.86189,19.39146],[73.86185,19.39151],[73.86183,19.3916],[73.86179,19.39166],[73.86185,19.39177],[73.8619,19.39185],[73.86196,19.39194],[73.8619,19.39202],[73.86194,19.39219],[73.86198,19.39227],[73.86194,19.39233],[73.86187,19.39232],[73.86179,19.39229],[73.86179,19.39243],[73.86182,19.39252],[73.86192,19.39257],[73.86196,19.39262],[73.86202,19.39268],[73.86202,19.39278],[73.86202,19.39285],[73.86205,19.39291],[73.86205,19.39302],[73.86212,19.39305],[73.8622,19.39309],[73.8623,19.39311],[73.86229,19.39325],[73.8623,19.39329],[73.86231,19.39339],[73.86234,19.39349],[73.86236,19.39361],[73.8624,19.39372],[73.86241,19.39385],[73.86243,19.39397],[73.86246,19.39408],[73.86254,19.39421],[73.86255,19.39428],[73.86265,19.39444],[73.86269,19.39455],[73.86274,19.3947],[73.86282,19.39475],[73.86293,19.39475],[73.863,19.39476],[73.86313,19.39484],[73.86319,19.39498],[73.86323,19.39514],[73.86326,19.39528],[73.86329,19.3954],[73.86331,19.39554],[73.86339,19.39568],[73.86342,19.39587],[73.86344,19.39602],[73.86347,19.39616],[73.86356,19.39626],[73.86361,19.39639],[73.86367,19.39651],[73.86371,19.39661],[73.86371,19.39671],[73.86377,19.39682],[73.86377,19.39692],[73.86386,19.39704],[73.86392,19.39714],[73.86402,19.39719],[73.86406,19.39728],[73.86412,19.39738],[73.86419,19.39741],[73.86425,19.39749],[73.86431,19.39755],[73.86436,19.39762],[73.86462,19.39784],[73.865,19.39803],[73.86526,19.39838],[73.86571,19.39853],[73.86603,19.39918],[73.86662,19.39961],[73.86704,19.39991],[73.86748,19.40037],[73.86781,19.40047],[73.868,19.40072],[73.86832,19.40088],[73.8687,19.40063],[73.86888,19.40059],[73.86918,19.40033],[73.86918,19.40009],[73.86957,19.39949],[73.86988,19.39922],[73.87015,19.39893],[73.87051,19.39892],[73.87122,19.39857],[73.87173,19.39805],[73.87225,19.39754],[73.87282,19.39679],[73.87334,19.39649],[73.87398,19.39624],[73.8743,19.39569],[73.87461,19.39525],[73.87493,19.39485],[73.87532,19.39433],[73.87595,19.39397],[73.87626,19.39386],[73.87702,19.39341],[73.87732,19.393],[73.87791,19.3926],[73.87886,19.39217],[73.8795,19.39147],[73.8798,19.39087],[73.88006,19.39022],[73.88028,19.38999],[73.88041,19.38942],[73.88045,19.38918],[73.88098,19.38873],[73.88158,19.38835],[73.88204,19.38808],[73.8828,19.38755],[73.88342,19.38786],[73.88371,19.38825],[73.88434,19.38854],[73.884,19.38889],[73.88479,19.38907],[73.88539,19.38904],[73.88591,19.38939],[73.88682,19.38939],[73.88753,19.38906],[73.88842,19.38887],[73.8885,19.38928],[73.889,19.38887],[73.88991,19.38889],[73.89059,19.38889],[73.89089,19.38913],[73.8908,19.38834],[73.89026,19.38797],[73.8894,19.38772],[73.88849,19.38773],[73.88869,19.38706],[73.88903,19.38679],[73.8889,19.38618],[73.8886,19.38577],[73.88848,19.38529],[73.8883,19.3852],[73.8882,19.38514],[73.88806,19.38503],[73.88785,19.38482],[73.88774,19.38474],[73.88762,19.38468],[73.88738,19.3846],[73.88732,19.38456],[73.88724,19.38451],[73.88721,19.38446],[73.88707,19.38418],[73.88701,19.38411],[73.88691,19.38404],[73.88678,19.38397],[73.8867,19.38395],[73.88658,19.38392],[73.88611,19.38383],[73.886,19.38379],[73.88592,19.38376],[73.8858,19.3837],[73.88567,19.38362],[73.88561,19.38356],[73.88556,19.38349],[73.88551,19.38339],[73.88568,19.38289],[73.88616,19.38257],[73.8863,19.38232],[73.88633,19.38203],[73.88623,19.38148],[73.88624,19.3812],[73.88635,19.38102],[73.88637,19.3805],[73.88634,19.38024],[73.88621,19.38003],[73.8863,19.3799],[73.88631,19.37941],[73.88637,19.3791],[73.8863,19.37869],[73.88643,19.37821],[73.88643,19.37801],[73.88652,19.37761],[73.88667,19.37736],[73.88676,19.37714],[73.88687,19.37707],[73.88699,19.37677],[73.88716,19.37663],[73.88732,19.37639],[73.88748,19.37632],[73.88756,19.37619],[73.88782,19.37609],[73.88801,19.37575],[73.88833,19.37572],[73.88859,19.37548],[73.88876,19.37537],[73.88899,19.37535],[73.8893,19.37514],[73.88957,19.37513],[73.8899,19.37502],[73.89025,19.37486],[73.89065,19.37461],[73.89095,19.37438],[73.89113,19.37428],[73.89125,19.37429],[73.89138,19.37415],[73.89181,19.37399],[73.8921,19.37403],[73.89233,19.37393],[73.89244,19.37378],[73.89285,19.37365],[73.89304,19.37368],[73.89325,19.37364],[73.89342,19.37348],[73.89364,19.3733],[73.89382,19.37323],[73.89419,19.37327],[73.89451,19.37332],[73.89478,19.37339],[73.89497,19.37339],[73.89517,19.37331],[73.89536,19.37317],[73.89559,19.373],[73.89566,19.37284],[73.89588,19.37272],[73.89614,19.37267],[73.89634,19.37255],[73.89658,19.37243],[73.8967,19.37223],[73.89678,19.37206],[73.89683,19.37183],[73.89684,19.37151],[73.89683,19.37122],[73.89682,19.37111],[73.8967,19.37096],[73.89656,19.3706],[73.89644,19.37037],[73.8964,19.36997],[73.89675,19.36979],[73.89697,19.36975],[73.89709,19.36953],[73.89723,19.36945],[73.89744,19.36926],[73.89759,19.36909],[73.89774,19.36893],[73.89814,19.36872],[73.89843,19.36855],[73.89878,19.36844],[73.89902,19.36821],[73.8992,19.36804],[73.89936,19.36788],[73.89953,19.36776],[73.89977,19.36763],[73.90003,19.36736],[73.90022,19.36713],[73.90038,19.36708],[73.90066,19.36673],[73.90068,19.36661],[73.90091,19.36644],[73.90108,19.36633],[73.90161,19.3659],[73.90213,19.36531],[73.9025,19.36489],[73.90272,19.3642],[73.90294,19.36405],[73.90342,19.36364],[73.90406,19.36307],[73.90475,19.36319],[73.90534,19.36313],[73.90593,19.36289],[73.90635,19.36273],[73.90605,19.36227],[73.90578,19.36212],[73.90536,19.36144],[73.90513,19.36106],[73.90508,19.36059],[73.90478,19.36035],[73.90478,19.36008],[73.90437,19.36002],[73.9042,19.35959],[73.90435,19.3594],[73.9043,19.35919],[73.90388,19.35923],[73.90384,19.35861],[73.90385,19.35837],[73.90397,19.35774],[73.90411,19.35735],[73.90449,19.35662],[73.90472,19.35605],[73.90512,19.35514],[73.90524,19.35448],[73.90552,19.35354],[73.90541,19.35279],[73.90541,19.35227],[73.90503,19.35155],[73.90511,19.35104],[73.90476,19.35067],[73.90448,19.35031],[73.90449,19.34996],[73.90456,19.34961],[73.90458,19.34926],[73.90433,19.34881],[73.90466,19.34835],[73.9043,19.34797],[73.90373,19.34777],[73.90365,19.34734],[73.90365,19.3471],[73.90342,19.34679],[73.90305,19.34648],[73.90282,19.34643],[73.90249,19.34644],[73.90205,19.34607],[73.90157,19.34579],[73.90116,19.34532],[73.90111,19.34493],[73.90135,19.34463],[73.90139,19.34463],[73.90143,19.34461],[73.90153,19.34453],[73.90188,19.3441],[73.90199,19.34397],[73.90217,19.34382],[73.90222,19.3438],[73.90227,19.34379],[73.90234,19.34378],[73.90266,19.34379],[73.90277,19.34381],[73.90283,19.34383],[73.90303,19.34395],[73.90335,19.3434],[73.90329,19.34315],[73.903,19.34301],[73.90322,19.34272],[73.90324,19.34252],[73.90365,19.34234],[73.90408,19.34232],[73.90414,19.34251],[73.90429,19.34254],[73.90452,19.34228],[73.90477,19.3419],[73.90503,19.3417],[73.90517,19.34129],[73.90519,19.34098],[73.90507,19.34073],[73.90534,19.34028],[73.90515,19.3401],[73.9051,19.33999],[73.90482,19.34003],[73.90469,19.34013],[73.90458,19.34011],[73.90457,19.33989],[73.90436,19.33978],[73.90431,19.33959],[73.90406,19.33955],[73.90406,19.33937],[73.90398,19.33922],[73.90381,19.33923],[73.90355,19.33933],[73.90341,19.33949],[73.90312,19.33924],[73.90296,19.33911],[73.90273,19.33914],[73.90254,19.33905],[73.90287,19.33842],[73.903,19.33742],[73.9028,19.33682],[73.90287,19.33623],[73.903,19.3361],[73.90309,19.33585],[73.90334,19.33555],[73.90334,19.33514],[73.90362,19.33471],[73.90344,19.33406],[73.90329,19.33397],[73.90326,19.33376],[73.90315,19.33351],[73.90299,19.33353],[73.9029,19.33294],[73.90276,19.33273],[73.90269,19.33254],[73.90265,19.33224],[73.90255,19.33203],[73.90253,19.33177],[73.90253,19.33158],[73.9025,19.33153],[73.90243,19.3314],[73.90222,19.33126],[73.90214,19.33106],[73.90203,19.33098],[73.90202,19.33083],[73.90187,19.33069],[73.90178,19.33049],[73.90188,19.3303],[73.90183,19.33013],[73.90175,19.33005],[73.90174,19.32986],[73.90152,19.32976],[73.90145,19.32962],[73.90145,19.3295],[73.90129,19.32932],[73.90129,19.3291],[73.90142,19.32907],[73.90142,19.32894],[73.90166,19.32859],[73.90161,19.32843],[73.90133,19.32822],[73.90134,19.32801],[73.90149,19.32787],[73.90169,19.32773],[73.90182,19.32732],[73.90189,19.32715],[73.90189,19.32701],[73.90195,19.32689],[73.9021,19.32684],[73.90227,19.32673],[73.90254,19.32666],[73.90266,19.32641],[73.90264,19.32617],[73.90273,19.32611],[73.90265,19.32596],[73.90278,19.32589],[73.90305,19.32554],[73.90304,19.3254],[73.90353,19.32479],[73.9035,19.3245],[73.90357,19.3244],[73.90368,19.32424],[73.90373,19.32407],[73.90381,19.32406],[73.90401,19.32384],[73.90418,19.32368],[73.9043,19.32332],[73.90429,19.32314],[73.90438,19.32295],[73.90439,19.32276],[73.90448,19.32257],[73.90458,19.32236],[73.90468,19.32226],[73.90472,19.32204],[73.90473,19.32179],[73.90483,19.32163],[73.90491,19.32138],[73.90494,19.32111],[73.90492,19.32096],[73.90495,19.32081],[73.90493,19.32065],[73.90494,19.3204],[73.90493,19.32023],[73.90502,19.32014],[73.90511,19.31981],[73.90528,19.31966],[73.90526,19.31956],[73.90531,19.31943],[73.90531,19.31933],[73.90523,19.31901],[73.90507,19.31884],[73.90501,19.31873],[73.90501,19.31859],[73.90501,19.31842],[73.90503,19.31824],[73.90507,19.31813],[73.90508,19.31806],[73.90517,19.31793],[73.90527,19.31779],[73.90534,19.31765],[73.90536,19.31744],[73.90526,19.31731],[73.90525,19.31685],[73.90536,19.3167],[73.90544,19.31652],[73.90546,19.31636],[73.90547,19.31619],[73.90556,19.31602],[73.90567,19.31595],[73.90583,19.31577],[73.9059,19.31567],[73.90604,19.31558],[73.90614,19.31545],[73.9062,19.31522],[73.90631,19.31495],[73.90643,19.31468],[73.90653,19.31452],[73.90665,19.31444],[73.9067,19.31431],[73.90674,19.31415],[73.9067,19.31402],[73.90687,19.3139],[73.90703,19.31381],[73.90714,19.3138],[73.90713,19.31366],[73.90721,19.31363],[73.90734,19.3137],[73.90748,19.31385],[73.90767,19.31375],[73.90781,19.31367],[73.90795,19.31353],[73.90808,19.31334],[73.90812,19.31316],[73.90818,19.31299],[73.90823,19.3129],[73.90842,19.31287],[73.90838,19.31272],[73.90839,19.31241],[73.90835,19.31235],[73.90854,19.31228],[73.90859,19.31229],[73.90869,19.31216],[73.9087,19.31207],[73.90866,19.3119],[73.90863,19.31167],[73.90865,19.31155],[73.90873,19.31143],[73.9087,19.31126],[73.90872,19.31105],[73.90873,19.31085],[73.90876,19.31057],[73.90872,19.31053],[73.90866,19.31049],[73.90839,19.31035],[73.90803,19.31019],[73.90785,19.31011],[73.90747,19.30999],[73.90718,19.30988],[73.90694,19.30976],[73.9068,19.30969],[73.90653,19.30951],[73.90627,19.30938],[73.90615,19.30932],[73.90585,19.30923],[73.90569,19.30921],[73.90535,19.3092],[73.90518,19.30919],[73.90498,19.30916],[73.9046,19.30907],[73.90414,19.30894],[73.90406,19.30893],[73.90367,19.30891],[73.90336,19.30888],[73.90302,19.30886],[73.90279,19.30887],[73.9019,19.30902],[73.90106,19.30924],[73.9005,19.30939],[73.90036,19.30942],[73.90024,19.30943],[73.89992,19.30943],[73.8998,19.30942],[73.89972,19.30941],[73.89899,19.30916],[73.89875,19.30907],[73.89865,19.30903],[73.8986,19.30899],[73.89848,19.30886],[73.89782,19.30877],[73.89765,19.30874],[73.89757,19.30875],[73.89747,19.30879],[73.89726,19.30893],[73.8965,19.30941],[73.896,19.30974],[73.89587,19.30986],[73.89577,19.30997],[73.89575,19.31],[73.8957,19.31007],[73.89566,19.31019],[73.89542,19.31103],[73.89537,19.31118],[73.89534,19.31124],[73.8953,19.31128],[73.89524,19.31132],[73.8951,19.31139],[73.89463,19.31159],[73.89448,19.31165],[73.89428,19.31175],[73.89422,19.31177],[73.89418,19.31177],[73.89412,19.31177],[73.89407,19.31175],[73.894,19.31171],[73.89333,19.31117],[73.89328,19.31115],[73.89317,19.31116],[73.89171,19.31157],[73.89131,19.31167],[73.89123,19.3117],[73.89116,19.31175],[73.89106,19.31176],[73.89092,19.31179],[73.89066,19.31188],[73.89045,19.31198],[73.89009,19.31216],[73.88986,19.31229],[73.88968,19.31243],[73.8896,19.31251],[73.88953,19.31262],[73.8894,19.31287],[73.88913,19.31347],[73.88888,19.31408],[73.88861,19.3148],[73.88851,19.31508],[73.88848,19.31513],[73.88847,19.31516],[73.88842,19.3152],[73.8881,19.31535],[73.8875,19.31565],[73.88728,19.31579],[73.88681,19.31596],[73.88654,19.31606],[73.88652,19.31609],[73.8864,19.31616],[73.88624,19.31626],[73.88567,19.31661],[73.88553,19.31669],[73.88524,19.3169],[73.88515,19.31698],[73.8847,19.31746],[73.88451,19.31769],[73.88434,19.31793],[73.88385,19.31867],[73.88372,19.31884],[73.88352,19.31909],[73.88341,19.31919],[73.88331,19.31932],[73.88326,19.31939],[73.88311,19.31953],[73.88297,19.31966],[73.88243,19.32004]]]},"properties":{"id":"trail_r20976763","type":"trail","name":"EST 11","name_local":null,"category":"regional hiking route","source":"openstreetmap","source_id":"relation/20976763","updated_at":"2026-06-13T19:28:16Z","tags":{"operator":"HikeX","website":"https://hikex.in/","from":"Khireshwar","to":"Bhoirwadi","network":"rwn"}}}]}