{"type":"FeatureCollection","features":[{"type":"Feature","geometry":{"type":"Polygon","coordinates":[[[73.58783,20.07251],[73.58776,20.07247],[73.5875,20.07235],[73.58763,20.0722],[73.58788,20.07215],[73.58805,20.07216],[73.58822,20.0723],[73.58857,20.07232],[73.58897,20.07277],[73.58903,20.07294],[73.58937,20.07309],[73.58966,20.07309],[73.58992,20.07305],[73.59024,20.07291],[73.58994,20.07254],[73.59015,20.07224],[73.59039,20.07266],[73.59057,20.07265],[73.59106,20.07258],[73.59125,20.07225],[73.59134,20.07188],[73.5926,20.07201],[73.59253,20.0722],[73.59265,20.0722],[73.59273,20.07216],[73.5928,20.07222],[73.59276,20.0723],[73.59284,20.07246],[73.59297,20.07258],[73.59297,20.0727],[73.59312,20.0728],[73.59325,20.0728],[73.59331,20.07286],[73.59327,20.0729],[73.59346,20.073],[73.59368,20.073],[73.59385,20.07284],[73.59406,20.07284],[73.59419,20.07268],[73.59432,20.07276],[73.59445,20.07276],[73.59458,20.07272],[73.5946,20.07278],[73.59447,20.07286],[73.59471,20.07304],[73.59484,20.07304],[73.59505,20.07312],[73.59535,20.07308],[73.59561,20.0732],[73.59591,20.0732],[73.59621,20.07349],[73.59647,20.07349],[73.59673,20.07337],[73.59679,20.07326],[73.5967,20.07318],[73.59675,20.07302],[73.59666,20.07282],[73.59653,20.0727],[73.59653,20.07262],[73.5964,20.0725],[73.5964,20.07242],[73.59623,20.07222],[73.59627,20.07214],[73.59627,20.07202],[73.59623,20.07197],[73.59627,20.07189],[73.59623,20.07165],[73.5964,20.07141],[73.59645,20.07117],[73.5964,20.07085],[73.59627,20.07069],[73.59627,20.07056],[73.59617,20.07046],[73.59604,20.07046],[73.59597,20.07032],[73.59585,20.07024],[73.59585,20.07008],[73.59621,20.06978],[73.5963,20.06974],[73.59655,20.06974],[73.59662,20.06964],[73.59685,20.06946],[73.5972,20.06946],[73.59724,20.06942],[73.59737,20.06946],[73.59741,20.06942],[73.59771,20.06938],[73.59816,20.06911],[73.59812,20.06899],[73.59816,20.06879],[73.59836,20.06861],[73.59851,20.06855],[73.59855,20.06843],[73.59868,20.06835],[73.59868,20.06827],[73.59885,20.06798],[73.59896,20.06792],[73.59911,20.0677],[73.59915,20.06746],[73.59911,20.06742],[73.59911,20.0671],[73.59906,20.06698],[73.59911,20.06686],[73.59917,20.0668],[73.59926,20.06684],[73.59941,20.06665],[73.59949,20.06649],[73.59943,20.06635],[73.59952,20.06635],[73.5996,20.06627],[73.59986,20.06627],[73.60007,20.06619],[73.60014,20.06625],[73.60014,20.06633],[73.60024,20.06643],[73.60037,20.06643],[73.60059,20.06659],[73.60102,20.06651],[73.60179,20.06688],[73.60185,20.06682],[73.60168,20.06649],[73.60168,20.06629],[73.60164,20.06625],[73.60168,20.06597],[73.6016,20.06585],[73.6016,20.06569],[73.6016,20.06557],[73.6017,20.06547],[73.60198,20.06536],[73.60198,20.06524],[73.60207,20.06512],[73.60211,20.06492],[73.60207,20.06484],[73.60211,20.0646],[73.60203,20.06444],[73.60218,20.0643],[73.60235,20.06434],[73.60241,20.06428],[73.60241,20.0642],[73.60256,20.06405],[73.60282,20.06405],[73.60308,20.06426],[73.60333,20.06426],[73.60338,20.06422],[73.60351,20.06422],[73.60359,20.06413],[73.60381,20.06413],[73.60387,20.06407],[73.60387,20.06391],[73.60383,20.06383],[73.60353,20.06359],[73.60376,20.06341],[73.60385,20.06341],[73.60398,20.06349],[73.60424,20.06349],[73.60441,20.06369],[73.60471,20.06373],[73.60501,20.06397],[73.60522,20.06397],[73.60546,20.06424],[73.60563,20.06436],[73.60567,20.06452],[73.60582,20.06458],[73.60597,20.06472],[73.60623,20.06508],[73.60632,20.06532],[73.60632,20.06544],[73.60636,20.06549],[73.60636,20.06561],[73.60645,20.06569],[73.60649,20.06585],[73.60649,20.06605],[73.60657,20.06625],[73.60657,20.06645],[73.60666,20.06661],[73.60687,20.0675],[73.60687,20.0677],[73.60692,20.06774],[73.60687,20.06794],[73.607,20.06807],[73.60705,20.06843],[73.60713,20.06863],[73.60713,20.06883],[73.60722,20.06899],[73.60722,20.06919],[73.60726,20.06923],[73.60726,20.0694],[73.6073,20.06944],[73.60739,20.06976],[73.60739,20.06996],[73.60743,20.07],[73.60748,20.07032],[73.60756,20.07056],[73.60756,20.07077],[73.60765,20.07093],[73.60769,20.07129],[73.60778,20.07161],[73.60801,20.07187],[73.60825,20.07202],[73.60825,20.07234],[73.60836,20.07236],[73.60838,20.0723],[73.60853,20.0722],[73.60866,20.07228],[73.6087,20.07224],[73.60876,20.0723],[73.60876,20.07238],[73.60891,20.07248],[73.60917,20.07244],[73.60926,20.07252],[73.60934,20.07252],[73.60943,20.0726],[73.6096,20.07264],[73.60977,20.07276],[73.61016,20.07288],[73.61022,20.07294],[73.61018,20.07318],[73.61029,20.07333],[73.61046,20.07333],[73.61054,20.07324],[73.61072,20.0732],[73.61087,20.07302],[73.61082,20.07298],[73.61082,20.0729],[73.61104,20.07286],[73.61099,20.07298],[73.61104,20.0731],[73.61089,20.07328],[73.61072,20.07337],[73.61048,20.07359],[73.61057,20.07375],[73.61052,20.07387],[73.61046,20.07389],[73.61042,20.07385],[73.61027,20.07407],[73.61027,20.07415],[73.61033,20.07421],[73.61072,20.07429],[73.61082,20.07439],[73.61087,20.07464],[73.6108,20.0747],[73.61067,20.0747],[73.61059,20.07482],[73.6105,20.07482],[73.61029,20.07494],[73.61012,20.07494],[73.60999,20.07498],[73.60988,20.07508],[73.60988,20.07524],[73.61005,20.07556],[73.60992,20.07572],[73.60988,20.07593],[73.61014,20.07617],[73.61014,20.07629],[73.61031,20.07657],[73.61016,20.07667],[73.61009,20.07661],[73.61009,20.07649],[73.60981,20.07635],[73.60979,20.07641],[73.60951,20.07659],[73.60932,20.07637],[73.60932,20.07629],[73.60945,20.07613],[73.60945,20.07588],[73.60917,20.07574],[73.60887,20.0755],[73.60861,20.07554],[73.60855,20.0756],[73.60855,20.07572],[73.60838,20.07584],[73.60833,20.07617],[73.60855,20.07629],[73.60846,20.07641],[73.60846,20.07677],[73.60859,20.07689],[73.60859,20.07697],[73.60885,20.07722],[73.60876,20.07738],[73.60891,20.07748],[73.60904,20.07748],[73.60913,20.07756],[73.60932,20.07762],[73.60921,20.07784],[73.60909,20.0778],[73.60902,20.07786],[73.60906,20.07794],[73.609,20.0782],[73.60885,20.07802],[73.60893,20.07786],[73.60885,20.07778],[73.60881,20.07766],[73.60878,20.07744],[73.60857,20.07744],[73.60848,20.0774],[73.60838,20.07766],[73.6081,20.07776],[73.60782,20.07774],[73.60782,20.0779],[73.60795,20.07814],[73.60814,20.07824],[73.60829,20.07838],[73.60838,20.0785],[73.6084,20.07869],[73.60853,20.07873],[73.60861,20.07881],[73.60896,20.07881],[73.609,20.07885],[73.60919,20.07891],[73.60913,20.07901],[73.60889,20.07911],[73.60896,20.07953],[73.6087,20.07953],[73.60861,20.07949],[73.6084,20.07957],[73.60836,20.07965],[73.60801,20.07961],[73.60795,20.07967],[73.60799,20.07979],[73.60795,20.07992],[73.6078,20.08002],[73.60763,20.08002],[73.60739,20.0802],[73.60739,20.08032],[73.6076,20.08048],[73.60782,20.0808],[73.60821,20.08121],[73.6079,20.08149],[73.60788,20.08163],[73.60771,20.08163],[73.60745,20.08151],[73.60737,20.08163],[73.60715,20.08167],[73.60709,20.08161],[73.60711,20.08155],[73.60672,20.08151],[73.60647,20.08139],[73.60636,20.08129],[73.60645,20.08117],[73.60638,20.08102],[73.6063,20.08106],[73.60589,20.08108],[73.60606,20.08125],[73.60593,20.08145],[73.60593,20.08165],[73.60585,20.08181],[73.60585,20.08193],[73.60597,20.08217],[73.6063,20.08248],[73.60651,20.0826],[73.6069,20.08256],[73.60724,20.08243],[73.6073,20.0825],[73.6073,20.08266],[73.60756,20.08278],[73.60756,20.08286],[73.6072,20.0832],[73.60698,20.08332],[73.6067,20.08358],[73.60662,20.08374],[73.60657,20.08399],[73.60662,20.08403],[73.60662,20.08415],[73.6067,20.08459],[73.60664,20.08465],[73.60647,20.08465],[73.60625,20.08449],[73.60612,20.08449],[73.60608,20.08445],[73.60565,20.08445],[73.60559,20.08439],[73.60559,20.08427],[73.60563,20.08423],[73.60559,20.08411],[73.60548,20.08401],[73.60535,20.08397],[73.60522,20.08381],[73.60488,20.08376],[73.60473,20.08395],[73.60469,20.08423],[73.60451,20.08459],[73.60451,20.08467],[73.60439,20.08483],[73.6043,20.0852],[73.60411,20.08534],[73.60398,20.08526],[73.60381,20.08522],[73.6037,20.08507],[73.60366,20.08451],[73.60357,20.08439],[73.60357,20.08415],[73.60353,20.08411],[73.60357,20.08391],[73.60353,20.0837],[73.60312,20.0834],[73.60293,20.0831],[73.60284,20.08306],[73.6028,20.08298],[73.60284,20.08286],[73.60271,20.08278],[73.60271,20.08266],[73.6028,20.08254],[73.60269,20.08231],[73.60243,20.08231],[73.6023,20.08239],[73.60209,20.08239],[73.60205,20.08243],[73.60192,20.08243],[73.60183,20.08252],[73.60147,20.08258],[73.60147,20.08282],[73.60151,20.08286],[73.60147,20.08298],[73.60104,20.08318],[73.60104,20.08366],[73.60108,20.0837],[73.60104,20.08379],[73.60093,20.08385],[73.6008,20.08376],[73.60063,20.08376],[73.60037,20.08389],[73.60022,20.08403],[73.60014,20.08423],[73.60014,20.08443],[73.60003,20.08453],[73.59994,20.08453],[73.59962,20.08491],[73.59967,20.08495],[73.59967,20.08512],[73.59962,20.08524],[73.59954,20.08532],[73.59954,20.08556],[73.59936,20.08576],[73.59936,20.08588],[73.5993,20.0859],[73.59921,20.08586],[73.59913,20.0861],[73.59896,20.08606],[73.59881,20.08596],[73.59881,20.08564],[73.59872,20.08556],[73.59872,20.08544],[73.59859,20.08516],[73.59859,20.08495],[73.59868,20.08479],[73.59868,20.08455],[73.59864,20.08451],[73.59868,20.08439],[73.59864,20.08435],[73.59859,20.08403],[73.59859,20.0835],[73.59876,20.08326],[73.59876,20.0829],[73.59906,20.08266],[73.59902,20.08254],[73.59883,20.08239],[73.59861,20.08243],[73.59853,20.08235],[73.59818,20.08235],[73.59799,20.08245],[73.59799,20.08266],[73.59808,20.08278],[73.59808,20.08294],[73.59803,20.08302],[73.59771,20.08324],[73.59756,20.08342],[73.59756,20.08358],[73.59748,20.08366],[73.59748,20.08383],[73.59739,20.08391],[73.59739,20.08399],[73.5973,20.08411],[73.59703,20.08433],[73.59692,20.08427],[73.59696,20.08419],[73.59688,20.08399],[73.59638,20.08356],[73.59625,20.08352],[73.59604,20.08352],[73.59595,20.0836],[73.59582,20.08356],[73.59552,20.0836],[73.59535,20.08356],[73.59507,20.08322],[73.59488,20.08308],[73.59475,20.08308],[73.59467,20.0832],[73.59437,20.0832],[73.59419,20.08328],[73.59389,20.08356],[73.59376,20.08356],[73.59342,20.08372],[73.59297,20.08419],[73.59293,20.08439],[73.59263,20.08459],[73.59263,20.08467],[73.59288,20.08495],[73.59288,20.08512],[73.59276,20.08544],[73.59276,20.08568],[73.59314,20.08616],[73.59331,20.08653],[73.59351,20.08667],[73.59364,20.08671],[73.59394,20.08695],[73.59402,20.08699],[73.59424,20.08699],[73.5943,20.08717],[73.59426,20.08733],[73.59413,20.08749],[73.59413,20.08757],[73.59364,20.08808],[73.59351,20.08808],[73.59331,20.08822],[73.59338,20.08832],[73.59351,20.08832],[73.59361,20.08842],[73.59366,20.08854],[73.59361,20.08894],[73.59372,20.08896],[73.59402,20.08929],[73.59415,20.08929],[73.5943,20.08939],[73.59428,20.08945],[73.59413,20.08939],[73.59417,20.08951],[73.59406,20.08957],[73.59396,20.08971],[73.59391,20.09003],[73.59379,20.09023],[73.59383,20.09056],[73.59374,20.09068],[73.5937,20.09084],[73.59361,20.09096],[73.5937,20.09112],[73.59387,20.09128],[73.59396,20.09144],[73.59366,20.09177],[73.59361,20.09193],[73.59346,20.09223],[73.59342,20.09223],[73.59344,20.09217],[73.59329,20.09207],[73.59323,20.09209],[73.59325,20.09219],[73.5931,20.09213],[73.59301,20.09201],[73.59301,20.09185],[73.59288,20.09164],[73.59288,20.0914],[73.59276,20.0912],[73.59276,20.09104],[73.5928,20.09096],[73.59267,20.09072],[73.59267,20.09056],[73.59276,20.09035],[73.59276,20.09007],[73.59267,20.08995],[73.59267,20.08979],[73.59254,20.08955],[73.59224,20.08911],[73.59213,20.089],[73.59198,20.08898],[73.59194,20.08854],[73.59185,20.0883],[73.59158,20.08804],[73.59149,20.08808],[73.59121,20.08802],[73.59125,20.08794],[73.59121,20.08782],[73.59138,20.08769],[73.59134,20.08765],[73.59134,20.08709],[73.59134,20.08689],[73.59113,20.08669],[73.5908,20.08626],[73.59063,20.08622],[73.5905,20.08638],[73.59029,20.08638],[73.59007,20.08651],[73.5899,20.08671],[73.58982,20.08659],[73.58973,20.08659],[73.58956,20.08671],[73.58947,20.08671],[73.58922,20.08691],[73.58909,20.08691],[73.58874,20.08707],[73.58866,20.08707],[73.5884,20.08695],[73.58819,20.08695],[73.5881,20.08691],[73.58797,20.08679],[73.58784,20.08675],[73.58767,20.08663],[73.5875,20.08647],[73.58733,20.08638],[73.5872,20.08638],[73.58716,20.08634],[73.58707,20.08638],[73.58685,20.08638],[73.58655,20.08647],[73.58647,20.08642],[73.58643,20.08651],[73.58638,20.08647],[73.58625,20.08647],[73.58608,20.08651],[73.58595,20.08659],[73.58587,20.08659],[73.5857,20.08671],[73.58557,20.08671],[73.58555,20.08681],[73.58533,20.08701],[73.58516,20.08725],[73.58507,20.08729],[73.58507,20.08741],[73.58495,20.08749],[73.58482,20.08773],[73.58503,20.08814],[73.5851,20.0882],[73.58518,20.08816],[73.58522,20.08828],[73.58542,20.0883],[73.58546,20.08846],[73.58537,20.08862],[73.58544,20.08868],[73.58552,20.08864],[73.58555,20.08882],[73.5857,20.08896],[73.58578,20.08892],[73.58589,20.08911],[73.58583,20.08917],[73.5858,20.08911],[73.58572,20.08911],[73.58576,20.08931],[73.58563,20.08943],[73.58563,20.08995],[73.5855,20.09019],[73.5855,20.09027],[73.58559,20.09048],[73.58552,20.09054],[73.58544,20.0905],[73.58527,20.09058],[73.5852,20.09064],[73.58525,20.09072],[73.58518,20.09078],[73.58514,20.09074],[73.58499,20.09092],[73.5851,20.0911],[73.58522,20.0911],[73.58537,20.09124],[73.58522,20.09126],[73.5852,20.0912],[73.58512,20.0912],[73.58516,20.09124],[73.58516,20.09128],[73.58507,20.09132],[73.58512,20.09144],[73.5851,20.09154],[73.58501,20.09154],[73.58492,20.09142],[73.5848,20.09138],[73.58441,20.09134],[73.5843,20.09124],[73.58443,20.091],[73.58443,20.0908],[73.58447,20.09068],[73.58462,20.09054],[73.58475,20.09054],[73.5849,20.0904],[73.58486,20.09023],[73.58499,20.09003],[73.58499,20.08983],[73.58495,20.08979],[73.58499,20.08951],[73.5849,20.08939],[73.5849,20.08915],[73.58467,20.08888],[73.58419,20.08896],[73.58402,20.08909],[73.58392,20.08902],[73.58396,20.0889],[73.58417,20.08866],[73.58417,20.08854],[73.58413,20.0885],[73.58413,20.08838],[73.58387,20.08818],[73.58387,20.08802],[73.5837,20.0879],[73.58374,20.08786],[73.58374,20.08753],[73.58379,20.08741],[73.58392,20.08729],[73.58396,20.08693],[73.58409,20.08689],[73.58404,20.08677],[73.58417,20.08649],[73.58404,20.08628],[73.58404,20.08612],[73.58396,20.086],[73.58368,20.08574],[73.58319,20.08556],[73.58325,20.08546],[73.58334,20.08542],[73.58338,20.08546],[73.58349,20.08536],[73.58351,20.08522],[73.58381,20.08518],[73.58398,20.08509],[73.58411,20.08497],[73.5843,20.08491],[73.58426,20.08479],[73.58434,20.08455],[73.58434,20.08423],[73.58419,20.08409],[73.58402,20.08405],[73.58387,20.08383],[73.58364,20.08364],[73.58346,20.0836],[73.58325,20.08368],[73.58316,20.08356],[73.58282,20.08352],[73.58261,20.0834],[73.58252,20.0834],[73.58239,20.08328],[73.58218,20.08324],[73.58205,20.08312],[73.58179,20.08304],[73.58162,20.08304],[73.58119,20.08316],[73.58108,20.08326],[73.58117,20.08338],[73.58117,20.0835],[73.58089,20.08364],[73.58087,20.08358],[73.58098,20.08356],[73.58104,20.08346],[73.58098,20.0834],[73.58085,20.0834],[73.58068,20.0832],[73.5805,20.0832],[73.58029,20.08304],[73.58012,20.08312],[73.58001,20.08306],[73.58001,20.08294],[73.57995,20.08288],[73.57977,20.083],[73.57971,20.08294],[73.5798,20.08282],[73.57988,20.08278],[73.57984,20.08266],[73.57997,20.08245],[73.57992,20.08237],[73.57997,20.08217],[73.57992,20.08213],[73.57988,20.08197],[73.58012,20.08183],[73.58016,20.08187],[73.58029,20.08179],[73.58042,20.08187],[73.58059,20.08175],[73.58072,20.08175],[73.58085,20.08159],[73.58102,20.08159],[73.58108,20.08153],[73.581,20.08141],[73.58115,20.08127],[73.58136,20.08123],[73.58155,20.081],[73.5816,20.0808],[73.58138,20.08056],[73.581,20.08024],[73.581,20.08012],[73.58091,20.07996],[73.58072,20.07981],[73.58063,20.07986],[73.58042,20.07986],[73.58035,20.07992],[73.58037,20.08002],[73.58025,20.07994],[73.5802,20.07986],[73.58012,20.07986],[73.57999,20.07998],[73.57986,20.08002],[73.57965,20.08002],[73.57943,20.07986],[73.57939,20.0799],[73.57934,20.07986],[73.57909,20.07998],[73.57907,20.07988],[73.57892,20.07986],[73.57879,20.07969],[73.57868,20.07967],[73.57862,20.07953],[73.57853,20.07949],[73.57823,20.07949],[73.57816,20.07919],[73.57853,20.07917],[73.57866,20.07929],[73.57879,20.07929],[73.57892,20.07917],[73.57913,20.07913],[73.57926,20.07929],[73.57947,20.07929],[73.57954,20.07923],[73.57954,20.07915],[73.57947,20.07909],[73.57924,20.07903],[73.57952,20.07901],[73.5796,20.07893],[73.57973,20.07893],[73.5799,20.07877],[73.58098,20.07873],[73.5811,20.07861],[73.58158,20.07861],[73.58173,20.07883],[73.58173,20.07895],[73.5816,20.07907],[73.5816,20.07927],[73.58153,20.07933],[73.58143,20.07939],[73.58166,20.07941],[73.58175,20.07953],[73.58188,20.07957],[73.58203,20.07967],[73.58198,20.07975],[73.58207,20.07988],[73.58205,20.0801],[73.58213,20.08006],[73.58222,20.08006],[73.58235,20.08014],[73.58269,20.0801],[73.58271,20.0802],[73.58267,20.08024],[73.58282,20.08042],[73.58291,20.08042],[73.58293,20.08028],[73.58308,20.08022],[73.58323,20.08044],[73.58329,20.08058],[73.58331,20.08048],[73.58327,20.0804],[73.58331,20.08024],[73.58304,20.08006],[73.58289,20.08004],[73.58289,20.07996],[73.58295,20.0799],[73.58306,20.07988],[73.58306,20.07979],[73.58299,20.07973],[73.58293,20.07975],[73.58297,20.07967],[73.58297,20.07919],[73.58306,20.07911],[73.58306,20.07895],[73.58319,20.07871],[73.58334,20.07857],[73.58346,20.07853],[73.58366,20.0783],[73.58366,20.0781],[73.58377,20.07808],[73.58381,20.07812],[73.58387,20.07806],[73.58383,20.0779],[73.58398,20.07788],[73.58407,20.0778],[73.58428,20.0778],[73.58452,20.07766],[73.58443,20.07754],[73.58443,20.07742],[73.58434,20.07713],[73.58422,20.07697],[73.58422,20.07689],[73.58434,20.07681],[73.5843,20.07673],[73.58434,20.07661],[73.58422,20.07649],[73.58428,20.07643],[73.58441,20.07647],[73.58456,20.07633],[73.58447,20.07621],[73.58462,20.07586],[73.58473,20.07597],[73.58475,20.07611],[73.5849,20.07609],[73.58486,20.07621],[73.58473,20.07625],[73.58503,20.07641],[73.58503,20.07657],[73.5849,20.07661],[73.58497,20.07667],[73.5851,20.07667],[73.58522,20.07655],[73.58544,20.07659],[73.58552,20.07671],[73.58565,20.07671],[73.58572,20.07677],[73.58578,20.07695],[73.58591,20.07695],[73.586,20.07707],[73.58621,20.07707],[73.58628,20.07713],[73.58628,20.07722],[73.58619,20.07726],[73.58632,20.0773],[73.58632,20.07738],[73.58623,20.07742],[73.58623,20.07746],[73.58632,20.0775],[73.58632,20.07778],[73.58638,20.07784],[73.5864,20.07782],[73.58643,20.07748],[73.58647,20.07752],[73.58673,20.07756],[73.58698,20.07772],[73.58701,20.07774],[73.58692,20.07778],[73.58713,20.07794],[73.58713,20.0781],[73.58718,20.07814],[73.58713,20.07826],[73.58731,20.07826],[73.58722,20.07838],[73.58739,20.07855],[73.58739,20.07863],[73.58726,20.07883],[73.58726,20.07895],[73.58731,20.07899],[73.58726,20.07923],[73.58731,20.07931],[73.58739,20.07935],[73.58739,20.07947],[73.58731,20.07951],[73.58726,20.07979],[73.58673,20.08026],[73.5866,20.08026],[73.58651,20.08034],[73.58638,20.08038],[73.58621,20.08058],[73.586,20.08066],[73.58591,20.08074],[73.58583,20.08074],[73.58565,20.08082],[73.58531,20.08102],[73.58495,20.08133],[73.58486,20.08161],[73.58505,20.08183],[73.58552,20.08183],[73.5857,20.08175],[73.586,20.08199],[73.58615,20.08213],[73.5861,20.08225],[73.58632,20.08245],[73.58632,20.08278],[73.5864,20.08298],[73.58673,20.08308],[73.58679,20.08314],[73.58679,20.0833],[73.58696,20.08334],[73.58696,20.0835],[73.58711,20.08364],[73.58724,20.08364],[73.58728,20.0836],[73.58737,20.0836],[73.5875,20.08368],[73.5878,20.08364],[73.58793,20.08372],[73.58801,20.08385],[73.58827,20.08376],[73.58846,20.08358],[73.58846,20.0835],[73.58855,20.08334],[73.58876,20.08318],[73.58876,20.08306],[73.58889,20.08294],[73.58898,20.0825],[73.58894,20.08241],[73.58894,20.08201],[73.58885,20.08193],[73.58885,20.08161],[73.58881,20.08149],[73.58872,20.08141],[73.58868,20.08125],[73.58859,20.08117],[73.58859,20.081],[73.58855,20.08084],[73.58861,20.08074],[73.58879,20.0807],[73.58887,20.08074],[73.58939,20.0807],[73.58947,20.08062],[73.58997,20.08036],[73.58997,20.08016],[73.58992,20.08008],[73.58937,20.07967],[73.58937,20.07963],[73.58945,20.07959],[73.58945,20.07947],[73.58924,20.07931],[73.58928,20.07919],[73.58924,20.07903],[73.58932,20.07883],[73.58941,20.07879],[73.58949,20.07859],[73.58949,20.07822],[73.58945,20.07818],[73.58945,20.07806],[73.58949,20.07802],[73.58945,20.07782],[73.58949,20.07778],[73.58954,20.07738],[73.58945,20.07677],[73.5896,20.07667],[73.58982,20.07667],[73.58994,20.07659],[73.59012,20.07671],[73.59033,20.07675],[73.5905,20.07683],[73.59067,20.07703],[73.59119,20.07699],[73.5914,20.07719],[73.59213,20.07711],[73.59254,20.07746],[73.59267,20.0777],[73.59278,20.07776],[73.59299,20.07804],[73.59316,20.07804],[73.59364,20.07768],[73.59376,20.07768],[73.59396,20.07754],[73.59396,20.07746],[73.59364,20.07724],[73.59353,20.07709],[73.59323,20.07685],[73.59318,20.07677],[73.59318,20.07669],[73.5934,20.07649],[73.59344,20.07633],[73.59329,20.07623],[73.59312,20.07635],[73.59301,20.07625],[73.59308,20.07615],[73.59316,20.07615],[73.59325,20.07607],[73.59344,20.07597],[73.59303,20.07574],[73.59286,20.07574],[73.59273,20.07582],[73.59235,20.07554],[73.59205,20.0755],[73.59194,20.0754],[73.59198,20.07532],[73.59194,20.07528],[73.59198,20.07504],[73.59194,20.07496],[73.59173,20.0748],[73.59177,20.07472],[73.59168,20.07464],[73.59162,20.07433],[73.59132,20.07421],[73.59115,20.07423],[73.59099,20.07448],[73.59058,20.0745],[73.59048,20.0742],[73.59007,20.07405],[73.58924,20.07433],[73.58896,20.0741],[73.58858,20.07364],[73.58826,20.07342],[73.58824,20.07319],[73.58858,20.0731],[73.58858,20.07287],[73.58829,20.07263],[73.58783,20.07251]],[[73.58552,20.07784],[73.58544,20.07792],[73.58542,20.07802],[73.58557,20.07804],[73.58567,20.07794],[73.58557,20.07784],[73.58552,20.07784]],[[73.5801,20.08221],[73.58005,20.08233],[73.58012,20.08239],[73.58022,20.08229],[73.5802,20.08211],[73.58016,20.08211],[73.5801,20.08221]],[[73.58552,20.07736],[73.58561,20.07732],[73.58563,20.0773],[73.58557,20.07724],[73.58544,20.07724],[73.58537,20.07734],[73.58552,20.07736]],[[73.5843,20.07842],[73.58445,20.0784],[73.58452,20.07838],[73.58445,20.07824],[73.58441,20.07828],[73.58419,20.07828],[73.58409,20.07838],[73.58404,20.0785],[73.58411,20.07861],[73.58424,20.07861],[73.5843,20.07855],[73.5843,20.07842]]]},"properties":{"id":"water_r1762045","type":"water_body","name":"Kashyapi Dam","name_local":null,"category":"reservoir","source":"openstreetmap","source_id":"relation/1762045","updated_at":"2019-08-21T15:03:41Z","tags":{}}},{"type":"Feature","geometry":{"type":"Polygon","coordinates":[[[73.63003,20.00612],[73.62993,20.0061],[73.62988,20.00603],[73.63001,20.00581],[73.63004,20.00573],[73.63003,20.00565],[73.6299,20.0056],[73.63013,20.00534],[73.63032,20.00508],[73.63056,20.00523],[73.6307,20.00522],[73.63092,20.00511],[73.63106,20.00499],[73.63117,20.00475],[73.63118,20.00449],[73.63115,20.00429],[73.63112,20.00416],[73.63101,20.00406],[73.63091,20.00398],[73.63062,20.00382],[73.6303,20.00379],[73.63015,20.00382],[73.63,20.00387],[73.62983,20.00386],[73.62973,20.00382],[73.62936,20.00359],[73.62924,20.00354],[73.6285,20.00342],[73.62828,20.00335],[73.62814,20.00327],[73.62799,20.00318],[73.62786,20.00308],[73.62775,20.003],[73.62762,20.00284],[73.6275,20.00273],[73.6271,20.00244],[73.62704,20.00231],[73.62704,20.00218],[73.62705,20.00205],[73.62714,20.00202],[73.62722,20.00208],[73.6273,20.00235],[73.62734,20.00244],[73.62744,20.00249],[73.62753,20.00249],[73.62771,20.00241],[73.62777,20.00233],[73.62777,20.00224],[73.62774,20.00215],[73.62775,20.00205],[73.62779,20.00203],[73.62786,20.00203],[73.62794,20.0021],[73.62796,20.00218],[73.62806,20.00222],[73.62816,20.00223],[73.62827,20.00221],[73.62842,20.00216],[73.62862,20.00207],[73.62874,20.00192],[73.6288,20.00177],[73.6289,20.00141],[73.6289,20.00132],[73.62894,20.00123],[73.62902,20.0012],[73.6291,20.00126],[73.62919,20.00146],[73.62932,20.00156],[73.62941,20.00158],[73.62954,20.00158],[73.62968,20.00153],[73.62982,20.00154],[73.62992,20.00162],[73.62996,20.0017],[73.62997,20.00214],[73.63,20.00222],[73.63009,20.00226],[73.63019,20.00225],[73.63026,20.00216],[73.6304,20.00181],[73.63054,20.00153],[73.63061,20.00138],[73.63066,20.00129],[73.6307,20.00114],[73.63071,20.00102],[73.63077,20.00093],[73.6309,20.00089],[73.63106,20.00087],[73.63127,20.00087],[73.6314,20.00091],[73.63166,20.00096],[73.63187,20.00096],[73.632,20.00089],[73.63205,20.00077],[73.63203,20.00059],[73.63205,20.00053],[73.63215,20.00052],[73.63231,20.00059],[73.63249,20.0006],[73.63266,20.00055],[73.63279,20.0005],[73.63284,20.00045],[73.63291,20.00037],[73.63302,20.00037],[73.63313,20.00044],[73.63328,20.00048],[73.63342,20.00046],[73.63355,20.00034],[73.63392,19.99984],[73.63398,19.99979],[73.63406,19.99979],[73.63412,19.99991],[73.63419,20.00036],[73.63423,20.00048],[73.63428,20.00055],[73.63437,20.0006],[73.63449,20.0006],[73.63465,20.0006],[73.63479,20.0006],[73.63493,20.00059],[73.63501,20.00059],[73.63512,20.00055],[73.63522,20.00051],[73.63531,20.00055],[73.63548,20.00075],[73.63561,20.00079],[73.63569,20.00077],[73.63575,20.00067],[73.63577,20.00053],[73.63569,20.00036],[73.63562,20.00024],[73.63555,20.00004],[73.63546,19.99981],[73.63533,19.99963],[73.63532,19.99952],[73.63533,19.99945],[73.63541,19.9994],[73.63548,19.99938],[73.63563,19.99941],[73.63581,19.99944],[73.63606,19.99948],[73.63625,19.9995],[73.6364,19.99949],[73.63653,19.99945],[73.63662,19.99939],[73.63672,19.99929],[73.63682,19.99919],[73.63691,19.99913],[73.63702,19.99913],[73.63715,19.99914],[73.63728,19.99927],[73.63743,19.99943],[73.63752,19.99947],[73.63764,19.99946],[73.63773,19.99938],[73.63774,19.99929],[73.63773,19.99912],[73.63773,19.99888],[73.63779,19.99875],[73.63791,19.99844],[73.638,19.9984],[73.6381,19.99846],[73.63813,19.99854],[73.63821,19.99907],[73.63826,19.99917],[73.63833,19.99921],[73.63842,19.9992],[73.63849,19.99912],[73.63883,19.99863],[73.63896,19.99851],[73.63912,19.99842],[73.6392,19.99834],[73.63922,19.99824],[73.63917,19.99817],[73.63894,19.99806],[73.63881,19.99795],[73.63858,19.99785],[73.6384,19.99781],[73.63829,19.99774],[73.63825,19.99764],[73.6382,19.9971],[73.63821,19.99691],[73.63826,19.99679],[73.63831,19.99675],[73.63834,19.99666],[73.63827,19.99646],[73.63822,19.99637],[73.63812,19.99635],[73.63801,19.99634],[73.63756,19.99637],[73.63747,19.99633],[73.63745,19.99626],[73.63747,19.99613],[73.63755,19.99607],[73.63768,19.99604],[73.63807,19.99593],[73.63816,19.99589],[73.63819,19.9958],[73.63818,19.99539],[73.63814,19.99523],[73.63796,19.99493],[73.63789,19.99485],[73.63777,19.9948],[73.63769,19.99477],[73.6374,19.99477],[73.63734,19.99471],[73.63732,19.99464],[73.63734,19.99456],[73.63755,19.99445],[73.63778,19.9944],[73.63817,19.99436],[73.6384,19.99438],[73.63861,19.99446],[73.63877,19.99454],[73.63896,19.99459],[73.63967,19.99485],[73.63981,19.99488],[73.63988,19.99494],[73.63993,19.99502],[73.64001,19.99537],[73.63999,19.99574],[73.64003,19.99583],[73.64012,19.99587],[73.64019,19.99587],[73.6403,19.99584],[73.6404,19.99572],[73.64053,19.99549],[73.64058,19.99529],[73.64077,19.99497],[73.64086,19.99483],[73.64093,19.99463],[73.64102,19.99431],[73.64112,19.99408],[73.64117,19.99392],[73.64125,19.99368],[73.64136,19.99331],[73.64142,19.99309],[73.64146,19.99295],[73.64153,19.99289],[73.64161,19.99289],[73.64176,19.99291],[73.64187,19.99289],[73.64194,19.99279],[73.64198,19.99255],[73.64207,19.99235],[73.64222,19.9922],[73.6423,19.99216],[73.64243,19.99216],[73.64274,19.99247],[73.64284,19.99251],[73.64292,19.99249],[73.64301,19.9924],[73.64318,19.99201],[73.64318,19.99187],[73.64315,19.99175],[73.64307,19.9915],[73.64304,19.99134],[73.64305,19.99126],[73.64315,19.99113],[73.64318,19.99092],[73.64313,19.99074],[73.64308,19.9906],[73.64311,19.99045],[73.6432,19.99022],[73.64329,19.98999],[73.64337,19.9898],[73.64341,19.98966],[73.64348,19.98949],[73.64354,19.98939],[73.6437,19.98923],[73.64384,19.98917],[73.64403,19.98906],[73.64417,19.98895],[73.64429,19.98882],[73.64439,19.98874],[73.64462,19.98865],[73.64473,19.98862],[73.64499,19.98849],[73.64509,19.98841],[73.64528,19.98816],[73.64539,19.98801],[73.64558,19.98768],[73.64607,19.98697],[73.6464,19.98657],[73.64661,19.98631],[73.64673,19.98608],[73.64674,19.98591],[73.64671,19.98577],[73.6466,19.98566],[73.64648,19.98556],[73.64626,19.98548],[73.6454,19.98541],[73.64503,19.98539],[73.64453,19.98537],[73.64415,19.98534],[73.64393,19.98526],[73.64386,19.98516],[73.64392,19.98505],[73.64402,19.985],[73.64426,19.98498],[73.64497,19.98506],[73.64539,19.9851],[73.64583,19.98512],[73.64632,19.98521],[73.64658,19.98528],[73.64679,19.98534],[73.64697,19.9855],[73.64705,19.98561],[73.64711,19.9858],[73.64713,19.98597],[73.64712,19.98622],[73.64701,19.98694],[73.64695,19.98742],[73.64685,19.98821],[73.64684,19.9885],[73.64682,19.98878],[73.64678,19.98896],[73.64669,19.98909],[73.64655,19.98922],[73.64624,19.98934],[73.64614,19.98941],[73.64579,19.98984],[73.64558,19.98997],[73.64534,19.99003],[73.64503,19.9901],[73.64476,19.99016],[73.64466,19.99022],[73.64463,19.99031],[73.64463,19.99073],[73.64469,19.99099],[73.64477,19.99114],[73.64506,19.99139],[73.64518,19.99153],[73.64524,19.99172],[73.64524,19.99202],[73.64516,19.99226],[73.64506,19.99242],[73.64469,19.9929],[73.64453,19.99324],[73.64445,19.99356],[73.64438,19.9938],[73.64418,19.99408],[73.64389,19.99434],[73.64356,19.99453],[73.64335,19.99456],[73.64304,19.99457],[73.64264,19.99455],[73.64245,19.99459],[73.64232,19.9947],[73.64211,19.99538],[73.64213,19.9955],[73.64219,19.99558],[73.64255,19.99576],[73.6429,19.99598],[73.64306,19.99609],[73.64313,19.99618],[73.64314,19.99632],[73.64307,19.99675],[73.64294,19.99739],[73.64297,19.9975],[73.64305,19.9976],[73.64317,19.99766],[73.64326,19.99768],[73.64335,19.99768],[73.64347,19.99763],[73.64357,19.99754],[73.64363,19.99743],[73.64368,19.99727],[73.6437,19.99712],[73.6437,19.9969],[73.64372,19.99674],[73.64378,19.99647],[73.64386,19.9963],[73.64393,19.99624],[73.64402,19.99624],[73.64408,19.9963],[73.64421,19.99656],[73.64442,19.99716],[73.64453,19.99741],[73.64464,19.99752],[73.64486,19.99757],[73.64506,19.99757],[73.64524,19.99748],[73.64541,19.99727],[73.64554,19.99702],[73.64555,19.99683],[73.64553,19.99665],[73.64547,19.99649],[73.6454,19.99623],[73.64541,19.9961],[73.64556,19.99599],[73.64571,19.99601],[73.64586,19.9961],[73.64593,19.99626],[73.64592,19.99637],[73.64584,19.99674],[73.64584,19.99706],[73.64582,19.99844],[73.64584,19.99864],[73.64591,19.99875],[73.64601,19.9988],[73.64611,19.99877],[73.64618,19.99867],[73.64623,19.99843],[73.64632,19.99825],[73.64653,19.99803],[73.64657,19.99787],[73.64657,19.99771],[73.64651,19.99748],[73.64653,19.99725],[73.6466,19.99714],[73.64671,19.99712],[73.64683,19.99718],[73.6469,19.99727],[73.64693,19.99756],[73.64699,19.99771],[73.64703,19.99778],[73.64715,19.99785],[73.64735,19.99782],[73.64759,19.99771],[73.64769,19.99762],[73.64782,19.99749],[73.64792,19.99742],[73.64803,19.9974],[73.64811,19.99743],[73.64836,19.99771],[73.64848,19.99777],[73.64856,19.99777],[73.64869,19.99772],[73.64884,19.9977],[73.64891,19.99774],[73.64891,19.9978],[73.64886,19.99787],[73.64852,19.99801],[73.64821,19.99807],[73.64796,19.99812],[73.64756,19.99821],[73.64752,19.99827],[73.64752,19.99835],[73.64759,19.9984],[73.64798,19.99846],[73.64801,19.99855],[73.64797,19.99863],[73.64784,19.99879],[73.64762,19.99898],[73.64745,19.99906],[73.64715,19.99908],[73.647,19.99912],[73.64696,19.99923],[73.64701,19.99962],[73.64704,19.99974],[73.64716,19.99979],[73.6473,19.9998],[73.64779,19.99975],[73.64811,19.99973],[73.64821,19.99979],[73.64827,19.9999],[73.64826,20.00023],[73.64816,20.00065],[73.64808,20.00077],[73.64794,20.00086],[73.64785,20.00089],[73.64784,20.00097],[73.64786,20.00109],[73.6481,20.00172],[73.64814,20.00185],[73.64822,20.0019],[73.64832,20.00191],[73.64887,20.00184],[73.64908,20.00188],[73.64927,20.00191],[73.64939,20.0019],[73.6495,20.00188],[73.6496,20.00179],[73.64976,20.00176],[73.64983,20.00178],[73.64982,20.00185],[73.64976,20.00189],[73.64964,20.00193],[73.64953,20.00203],[73.64946,20.00223],[73.64949,20.00235],[73.64955,20.00241],[73.65021,20.00251],[73.65031,20.00257],[73.65033,20.00262],[73.6503,20.00267],[73.65002,20.00276],[73.64992,20.00285],[73.64989,20.00296],[73.64991,20.00314],[73.65002,20.00335],[73.65019,20.00365],[73.65046,20.004],[73.65079,20.00422],[73.65107,20.00429],[73.6514,20.00433],[73.65157,20.00444],[73.65168,20.00461],[73.65171,20.00477],[73.65174,20.00499],[73.65182,20.0051],[73.65208,20.00517],[73.65234,20.00521],[73.65307,20.00511],[73.65318,20.00509],[73.65324,20.00508],[73.6533,20.0051],[73.6533,20.00515],[73.65322,20.00521],[73.65316,20.00525],[73.65308,20.00539],[73.65305,20.0055],[73.65307,20.00574],[73.65308,20.00588],[73.65301,20.00599],[73.65286,20.00607],[73.65271,20.00616],[73.65269,20.00626],[73.65269,20.00645],[73.65276,20.00659],[73.65289,20.00669],[73.65306,20.00668],[73.6533,20.00658],[73.65346,20.00644],[73.65351,20.00642],[73.65353,20.00643],[73.65355,20.00646],[73.65351,20.00653],[73.65344,20.00664],[73.65331,20.00675],[73.65305,20.00686],[73.65272,20.00701],[73.65264,20.0071],[73.65263,20.00718],[73.65275,20.00798],[73.65276,20.00804],[73.65282,20.00809],[73.65291,20.00809],[73.65338,20.00803],[73.65352,20.00804],[73.65368,20.0081],[73.65385,20.00811],[73.6541,20.00807],[73.65438,20.008],[73.65448,20.00796],[73.65455,20.00797],[73.65458,20.008],[73.65455,20.00805],[73.65427,20.00817],[73.65421,20.00827],[73.6542,20.00844],[73.65424,20.00874],[73.65434,20.00906],[73.65447,20.00924],[73.65458,20.00934],[73.65484,20.0095],[73.65503,20.00963],[73.65514,20.00983],[73.65528,20.01029],[73.65542,20.011],[73.65553,20.01139],[73.65572,20.01177],[73.65587,20.0119],[73.65608,20.01196],[73.65638,20.01197],[73.65658,20.01188],[73.6567,20.01162],[73.65675,20.0113],[73.65693,20.0111],[73.65736,20.011],[73.65804,20.01091],[73.65879,20.01093],[73.6595,20.01096],[73.66028,20.01126],[73.66095,20.01166],[73.66153,20.01208],[73.66199,20.01245],[73.66284,20.01306],[73.6635,20.01365],[73.66438,20.0144],[73.66499,20.015],[73.66547,20.01546],[73.66616,20.01604],[73.66697,20.01684],[73.66772,20.01763],[73.66865,20.01814],[73.66946,20.01836],[73.67026,20.01857],[73.67097,20.01878],[73.67112,20.01901],[73.67122,20.01922],[73.6713,20.01948],[73.67129,20.01979],[73.6713,20.01999],[73.67131,20.0203],[73.67141,20.02054],[73.67156,20.02069],[73.67172,20.02078],[73.67199,20.02087],[73.67225,20.02088],[73.6741,20.02076],[73.67502,20.02069],[73.67557,20.02056],[73.67597,20.02037],[73.67617,20.02013],[73.67637,20.01974],[73.67677,20.01928],[73.67712,20.01913],[73.67766,20.01914],[73.67796,20.01918],[73.6787,20.01939],[73.67876,20.01949],[73.67875,20.01961],[73.67865,20.01996],[73.67866,20.02007],[73.67874,20.02011],[73.67888,20.02011],[73.67909,20.02007],[73.67941,20.02005],[73.67974,20.02007],[73.68003,20.02015],[73.68028,20.02027],[73.68051,20.02038],[73.68078,20.02044],[73.68084,20.02048],[73.68093,20.02054],[73.681,20.02053],[73.68109,20.02045],[73.68115,20.02032],[73.68123,20.02005],[73.68132,20.01983],[73.6817,20.01918],[73.68188,20.01898],[73.68205,20.01886],[73.6824,20.01874],[73.6825,20.01867],[73.68258,20.01856],[73.68271,20.0185],[73.68284,20.01851],[73.68295,20.01859],[73.68304,20.01865],[73.68317,20.01868],[73.68329,20.01869],[73.68334,20.01872],[73.68338,20.01877],[73.68337,20.01885],[73.68316,20.0194],[73.68314,20.01947],[73.68313,20.01956],[73.68322,20.01958],[73.68328,20.01953],[73.68331,20.01945],[73.68356,20.01877],[73.68363,20.01866],[73.68373,20.01857],[73.68382,20.01854],[73.68399,20.01851],[73.68415,20.0185],[73.68422,20.01853],[73.68425,20.01859],[73.68428,20.01868],[73.68418,20.01971],[73.68421,20.01984],[73.68433,20.01997],[73.68471,20.02025],[73.6848,20.02029],[73.68499,20.02027],[73.68508,20.02023],[73.6851,20.02014],[73.68512,20.01998],[73.68516,20.01991],[73.68528,20.01986],[73.68535,20.0198],[73.6854,20.01968],[73.68539,20.01954],[73.68535,20.01916],[73.68533,20.01892],[73.68538,20.01878],[73.68557,20.01859],[73.68587,20.01831],[73.68613,20.01821],[73.6863,20.0182],[73.68642,20.01829],[73.6865,20.01847],[73.68652,20.0187],[73.68647,20.01895],[73.68633,20.0195],[73.68611,20.02034],[73.68577,20.02128],[73.68332,20.02747],[73.68332,20.02748],[73.68312,20.0279],[73.68289,20.02821],[73.68199,20.02932],[73.68013,20.03186],[73.68006,20.03205],[73.68003,20.03227],[73.67985,20.03519],[73.67966,20.03816],[73.67959,20.03903],[73.67951,20.03983],[73.67948,20.04006],[73.67948,20.0401],[73.67936,20.04119],[73.67933,20.04179],[73.67932,20.0422],[73.67936,20.04263],[73.67941,20.04347],[73.6796,20.04621],[73.67963,20.04688],[73.6797,20.04778],[73.67979,20.04844],[73.67983,20.04891],[73.67986,20.04941],[73.67971,20.04942],[73.67963,20.04945],[73.67945,20.04946],[73.67934,20.04948],[73.67929,20.04952],[73.67927,20.04956],[73.6793,20.04963],[73.67938,20.04971],[73.67956,20.04983],[73.67966,20.0499],[73.67969,20.04998],[73.67969,20.05006],[73.67964,20.05018],[73.67956,20.05036],[73.67949,20.05056],[73.67942,20.0508],[73.67944,20.05096],[73.67949,20.0511],[73.67961,20.05123],[73.67972,20.05131],[73.67979,20.05133],[73.67983,20.05137],[73.67989,20.05144],[73.67993,20.0522],[73.67983,20.05228],[73.67978,20.05232],[73.67964,20.05241],[73.67951,20.05251],[73.67929,20.05266],[73.67916,20.05272],[73.67902,20.05274],[73.67817,20.05279],[73.67811,20.05278],[73.67808,20.05279],[73.67806,20.0528],[73.67806,20.05285],[73.67807,20.05292],[73.67807,20.05298],[73.67803,20.05295],[73.67781,20.05279],[73.6777,20.05267],[73.67765,20.05272],[73.67759,20.05282],[73.67757,20.05286],[73.6776,20.05293],[73.67771,20.05304],[73.67775,20.05305],[73.67781,20.05303],[73.67785,20.05303],[73.67808,20.05324],[73.67809,20.05327],[73.67809,20.0535],[73.6781,20.05358],[73.67814,20.05361],[73.67827,20.05364],[73.67832,20.05366],[73.67837,20.05373],[73.67856,20.05411],[73.67868,20.05434],[73.67877,20.05444],[73.67882,20.05451],[73.6788,20.05465],[73.67876,20.05475],[73.67874,20.05483],[73.67877,20.05497],[73.67885,20.05513],[73.67891,20.05542],[73.67888,20.05562],[73.67875,20.05576],[73.67855,20.05585],[73.67824,20.05587],[73.67788,20.05578],[73.67757,20.05567],[73.677,20.05536],[73.67659,20.05515],[73.67623,20.05507],[73.67596,20.05507],[73.67558,20.05512],[73.67534,20.05507],[73.67526,20.05498],[73.67517,20.0546],[73.67512,20.05437],[73.67497,20.0542],[73.67471,20.05397],[73.67435,20.05379],[73.67394,20.05367],[73.67352,20.05363],[73.67331,20.05361],[73.67309,20.05364],[73.67301,20.0537],[73.67294,20.05383],[73.6728,20.05517],[73.6728,20.05541],[73.6727,20.05567],[73.67257,20.05585],[73.6723,20.05594],[73.67207,20.05597],[73.67185,20.05589],[73.67168,20.05572],[73.67161,20.05556],[73.67162,20.05526],[73.67164,20.05505],[73.67159,20.05496],[73.67147,20.05492],[73.67132,20.05492],[73.67121,20.05496],[73.67095,20.05521],[73.67058,20.05549],[73.67037,20.05557],[73.67022,20.0556],[73.67009,20.05557],[73.67001,20.05541],[73.66999,20.05524],[73.67006,20.05509],[73.67013,20.05497],[73.67018,20.0548],[73.67019,20.05466],[73.67014,20.05456],[73.66997,20.05448],[73.66971,20.05425],[73.66958,20.05409],[73.66945,20.05402],[73.66916,20.05399],[73.66908,20.05401],[73.66905,20.05406],[73.66901,20.05435],[73.66892,20.05448],[73.66879,20.05454],[73.66862,20.05457],[73.66852,20.05453],[73.66847,20.05445],[73.66847,20.05436],[73.6688,20.05319],[73.66897,20.05279],[73.66906,20.05238],[73.66919,20.05113],[73.66919,20.05085],[73.66916,20.05075],[73.66911,20.05069],[73.66902,20.05068],[73.66878,20.05082],[73.66862,20.05086],[73.66839,20.05085],[73.66817,20.05086],[73.6679,20.05094],[73.66771,20.05103],[73.66749,20.05107],[73.66729,20.05107],[73.66703,20.05106],[73.66693,20.05109],[73.66687,20.05122],[73.66688,20.05148],[73.66683,20.05174],[73.66674,20.05186],[73.66657,20.05198],[73.66647,20.05209],[73.66628,20.05242],[73.66604,20.05266],[73.66584,20.05281],[73.66549,20.05289],[73.66516,20.05296],[73.66487,20.05297],[73.6647,20.05293],[73.66456,20.05282],[73.66429,20.05266],[73.66402,20.05261],[73.66379,20.05256],[73.66361,20.05252],[73.66341,20.05256],[73.66333,20.05259],[73.66327,20.05266],[73.66326,20.05281],[73.66324,20.05298],[73.66305,20.05331],[73.66297,20.05347],[73.66291,20.05355],[73.66279,20.05368],[73.66267,20.05376],[73.6625,20.05378],[73.66238,20.05384],[73.66231,20.0539],[73.66228,20.05397],[73.66228,20.05452],[73.66226,20.0547],[73.66219,20.05488],[73.66206,20.05507],[73.66184,20.0555],[73.66179,20.05555],[73.66172,20.05556],[73.66167,20.05552],[73.66161,20.05542],[73.6616,20.05534],[73.66156,20.05528],[73.6615,20.05526],[73.66135,20.05528],[73.66118,20.05534],[73.66103,20.05535],[73.66091,20.05529],[73.66086,20.05521],[73.66085,20.05484],[73.6608,20.05458],[73.66076,20.05449],[73.66069,20.05445],[73.6605,20.05444],[73.66037,20.05446],[73.65996,20.05443],[73.65981,20.05434],[73.65975,20.05424],[73.65962,20.05417],[73.65948,20.05416],[73.65916,20.05421],[73.6589,20.05423],[73.65879,20.05424],[73.65872,20.0542],[73.65866,20.05408],[73.65852,20.05382],[73.65839,20.05365],[73.65815,20.05349],[73.65775,20.05328],[73.65746,20.05315],[73.65731,20.05304],[73.65723,20.05292],[73.6572,20.05254],[73.65718,20.05222],[73.65717,20.05206],[73.65713,20.05198],[73.65706,20.0519],[73.65699,20.05183],[73.65685,20.05176],[73.65671,20.05176],[73.65648,20.0518],[73.65627,20.05184],[73.65604,20.05192],[73.65586,20.05189],[73.65576,20.05183],[73.6557,20.05167],[73.65562,20.05146],[73.65554,20.05137],[73.65538,20.05125],[73.6551,20.05117],[73.65488,20.05109],[73.65436,20.05113],[73.65417,20.0512],[73.65404,20.05138],[73.65397,20.0515],[73.65384,20.05157],[73.65373,20.0516],[73.65359,20.05159],[73.65351,20.05151],[73.65348,20.05142],[73.65342,20.05136],[73.65333,20.05131],[73.65316,20.05128],[73.6529,20.05128],[73.65272,20.05135],[73.65256,20.05152],[73.65238,20.05168],[73.65222,20.05176],[73.65196,20.05177],[73.65166,20.0518],[73.65157,20.05184],[73.65138,20.05202],[73.65123,20.05219],[73.65093,20.05244],[73.65084,20.05246],[73.65067,20.05244],[73.65056,20.05243],[73.65039,20.05237],[73.65025,20.05232],[73.65011,20.05223],[73.65002,20.05214],[73.65,20.05202],[73.65005,20.0519],[73.65015,20.05174],[73.65018,20.05162],[73.65016,20.05155],[73.65013,20.0515],[73.65005,20.05139],[73.64992,20.05129],[73.64973,20.05115],[73.64955,20.05111],[73.64945,20.05114],[73.64931,20.05129],[73.64914,20.05142],[73.64887,20.05156],[73.64876,20.05163],[73.64861,20.05171],[73.64848,20.05176],[73.64837,20.05181],[73.64818,20.05184],[73.64792,20.05181],[73.64773,20.0517],[73.64762,20.05142],[73.6476,20.05103],[73.64766,20.05075],[73.64776,20.05042],[73.64775,20.05024],[73.64771,20.05013],[73.64757,20.05001],[73.64731,20.05001],[73.64707,20.05007],[73.64685,20.05018],[73.64658,20.05039],[73.64632,20.05058],[73.64617,20.05069],[73.64599,20.05075],[73.64585,20.05076],[73.64568,20.05071],[73.64556,20.05067],[73.64527,20.05068],[73.64509,20.05071],[73.64479,20.05088],[73.64461,20.05101],[73.64453,20.05115],[73.64448,20.05125],[73.64446,20.0514],[73.6445,20.0517],[73.64451,20.05201],[73.64447,20.05216],[73.64434,20.05226],[73.64416,20.05231],[73.64402,20.05226],[73.64389,20.05213],[73.64378,20.05196],[73.64367,20.05145],[73.64366,20.05122],[73.64357,20.05112],[73.64335,20.05113],[73.64262,20.05127],[73.64241,20.05122],[73.64231,20.05113],[73.64222,20.05099],[73.6421,20.05096],[73.64194,20.05097],[73.64121,20.05118],[73.64115,20.0512],[73.64112,20.05125],[73.64115,20.05132],[73.64129,20.05165],[73.64129,20.05172],[73.64126,20.05177],[73.64118,20.05178],[73.64109,20.05174],[73.64096,20.05154],[73.64088,20.05144],[73.64079,20.05142],[73.64053,20.05147],[73.64016,20.05151],[73.63971,20.05153],[73.63953,20.05153],[73.63942,20.05156],[73.63937,20.05164],[73.63938,20.05184],[73.63943,20.05205],[73.63956,20.05236],[73.6396,20.05254],[73.63961,20.05273],[73.63962,20.05288],[73.63967,20.05309],[73.63975,20.05334],[73.63976,20.05347],[73.6397,20.05358],[73.6396,20.05361],[73.63925,20.05361],[73.63907,20.05364],[73.63892,20.05367],[73.63872,20.05379],[73.63865,20.05391],[73.63866,20.05407],[73.63877,20.05441],[73.63875,20.0545],[73.6387,20.05453],[73.63861,20.05451],[73.63848,20.05436],[73.63833,20.05397],[73.63824,20.05386],[73.63805,20.05383],[73.63785,20.05386],[73.63767,20.05394],[73.63708,20.05397],[73.637,20.05388],[73.637,20.05371],[73.63704,20.0536],[73.63703,20.05349],[73.63697,20.05344],[73.63686,20.05342],[73.63645,20.05359],[73.63606,20.05392],[73.63598,20.05397],[73.63589,20.05397],[73.63561,20.05375],[73.63552,20.05373],[73.63546,20.05375],[73.63541,20.05382],[73.63503,20.05436],[73.63495,20.0546],[73.63489,20.05485],[73.6349,20.05504],[73.63497,20.05513],[73.6351,20.05516],[73.63533,20.05511],[73.63548,20.05515],[73.63559,20.05521],[73.63567,20.05537],[73.63576,20.05557],[73.63595,20.05598],[73.63604,20.05608],[73.63615,20.05616],[73.63619,20.05628],[73.63613,20.05637],[73.63603,20.05638],[73.63574,20.05631],[73.63548,20.05627],[73.63518,20.0562],[73.63483,20.05607],[73.63477,20.05601],[73.63466,20.05588],[73.63455,20.05574],[73.63435,20.05557],[73.63413,20.05551],[73.63397,20.05549],[73.63382,20.05556],[73.63377,20.05569],[73.63376,20.05592],[73.63383,20.05605],[73.63393,20.05611],[73.63409,20.05614],[73.63415,20.05621],[73.63415,20.05631],[73.63411,20.05638],[73.63405,20.05642],[73.6339,20.05636],[73.6337,20.05634],[73.63355,20.05635],[73.63342,20.05644],[73.63325,20.05668],[73.63316,20.05668],[73.63311,20.0566],[73.63313,20.05652],[73.63318,20.05637],[73.63318,20.05625],[73.63314,20.05613],[73.63304,20.05607],[73.63291,20.056],[73.63277,20.05597],[73.63254,20.05601],[73.63242,20.056],[73.63235,20.05595],[73.63228,20.05569],[73.63215,20.05565],[73.63203,20.05568],[73.63151,20.05587],[73.63144,20.05596],[73.63144,20.05608],[73.63149,20.05624],[73.63156,20.05656],[73.63154,20.0567],[73.63149,20.05675],[73.63144,20.05676],[73.63141,20.05672],[73.63141,20.05662],[73.63136,20.05648],[73.63126,20.05632],[73.63114,20.05624],[73.63101,20.05623],[73.63089,20.05625],[73.63079,20.0562],[73.63076,20.05614],[73.63066,20.05603],[73.63046,20.056],[73.63022,20.05598],[73.62995,20.056],[73.62956,20.05614],[73.62931,20.05621],[73.62915,20.05631],[73.62901,20.0565],[73.62892,20.05683],[73.62886,20.05701],[73.62877,20.05714],[73.62874,20.05725],[73.62879,20.05736],[73.62884,20.0575],[73.62884,20.05799],[73.62888,20.05821],[73.62887,20.05834],[73.62886,20.05846],[73.62878,20.05852],[73.62868,20.05852],[73.62864,20.05844],[73.62868,20.05823],[73.62865,20.058],[73.62863,20.05775],[73.62855,20.05757],[73.62842,20.0574],[73.62832,20.05724],[73.62829,20.05706],[73.62825,20.0567],[73.62818,20.05662],[73.62801,20.0566],[73.62776,20.05664],[73.62762,20.05672],[73.62743,20.05698],[73.62717,20.05725],[73.6269,20.05743],[73.62655,20.05747],[73.62625,20.05743],[73.62596,20.05738],[73.62562,20.05727],[73.62557,20.05721],[73.62559,20.05712],[73.62573,20.057],[73.62626,20.05657],[73.62637,20.05643],[73.62669,20.05609],[73.62694,20.05595],[73.62728,20.05584],[73.62766,20.05567],[73.62781,20.05554],[73.62795,20.05533],[73.62808,20.05513],[73.62821,20.05498],[73.62846,20.05481],[73.62878,20.05473],[73.62911,20.0547],[73.62946,20.05475],[73.62969,20.05483],[73.62979,20.05489],[73.62991,20.05494],[73.63009,20.0549],[73.63018,20.05479],[73.63017,20.0547],[73.63003,20.05459],[73.62992,20.05456],[73.62979,20.05446],[73.62966,20.05428],[73.62963,20.05404],[73.62961,20.05382],[73.62957,20.05366],[73.62946,20.05354],[73.62923,20.05334],[73.62904,20.05311],[73.62892,20.05299],[73.62872,20.05291],[73.62853,20.05289],[73.62839,20.05294],[73.62817,20.0532],[73.62792,20.0536],[73.62755,20.05432],[73.62735,20.05458],[73.62702,20.05482],[73.62677,20.0549],[73.62657,20.05492],[73.62571,20.05491],[73.62571,20.05459],[73.6257,20.05425],[73.6264,20.05422],[73.6265,20.05418],[73.62656,20.05412],[73.62656,20.05406],[73.62651,20.05399],[73.62616,20.0537],[73.62593,20.05347],[73.6258,20.05331],[73.62554,20.0531],[73.6254,20.05302],[73.6253,20.0529],[73.62518,20.05281],[73.62501,20.05276],[73.62481,20.05272],[73.62478,20.05266],[73.62482,20.0526],[73.62496,20.05256],[73.62515,20.05254],[73.62536,20.05261],[73.62584,20.05289],[73.62631,20.05302],[73.62663,20.05297],[73.62687,20.05287],[73.62707,20.05273],[73.62717,20.05259],[73.62739,20.05194],[73.62742,20.05176],[73.62747,20.05131],[73.62757,20.05111],[73.62765,20.05108],[73.62777,20.0511],[73.62798,20.05134],[73.62805,20.05144],[73.62814,20.05148],[73.6283,20.05151],[73.62859,20.05157],[73.62885,20.05166],[73.62959,20.05202],[73.62979,20.05211],[73.62996,20.05214],[73.63035,20.0523],[73.63073,20.05251],[73.63105,20.0527],[73.63144,20.05295],[73.6317,20.05313],[73.63238,20.05352],[73.6326,20.05362],[73.63275,20.05364],[73.6329,20.05356],[73.63295,20.05346],[73.63292,20.05335],[73.63269,20.05298],[73.63265,20.05285],[73.63267,20.05273],[73.63281,20.05251],[73.63285,20.05234],[73.63286,20.05217],[73.63283,20.05207],[73.63273,20.05196],[73.63252,20.05182],[73.63242,20.05174],[73.6324,20.05163],[73.63243,20.05155],[73.63256,20.05144],[73.63276,20.05144],[73.63296,20.05155],[73.63314,20.05159],[73.63335,20.05159],[73.63346,20.05152],[73.63349,20.05137],[73.63347,20.05123],[73.6334,20.05106],[73.63337,20.05097],[73.63341,20.05082],[73.63345,20.0506],[73.63348,20.05041],[73.63345,20.05029],[73.63336,20.05019],[73.63323,20.05018],[73.63309,20.05021],[73.6329,20.05021],[73.63276,20.05018],[73.63269,20.05007],[73.63266,20.04993],[73.6327,20.04956],[73.63282,20.04922],[73.63294,20.04915],[73.63308,20.04913],[73.63325,20.04915],[73.63375,20.04938],[73.63393,20.0494],[73.63404,20.04934],[73.63412,20.04922],[73.63413,20.049],[73.63423,20.04848],[73.63429,20.04836],[73.63441,20.0481],[73.63451,20.04784],[73.6345,20.04773],[73.63444,20.04761],[73.63431,20.04747],[73.63425,20.04737],[73.63426,20.04726],[73.63428,20.0472],[73.63435,20.04719],[73.6345,20.04722],[73.63466,20.04722],[73.6348,20.04718],[73.63492,20.04706],[73.63496,20.04696],[73.63495,20.04679],[73.63491,20.04668],[73.63497,20.04661],[73.63516,20.04656],[73.63549,20.04658],[73.63563,20.04667],[73.63572,20.04688],[73.63586,20.04709],[73.63603,20.04715],[73.6362,20.04716],[73.6363,20.04711],[73.63637,20.04697],[73.63641,20.04687],[73.63648,20.04681],[73.6366,20.04679],[73.63719,20.04671],[73.63754,20.04663],[73.63782,20.04659],[73.63813,20.04647],[73.6384,20.04635],[73.6386,20.04625],[73.63872,20.04616],[73.63888,20.04605],[73.63911,20.04593],[73.63938,20.04573],[73.6395,20.04555],[73.63961,20.04534],[73.63977,20.04517],[73.63996,20.04512],[73.64027,20.04509],[73.64045,20.04503],[73.64065,20.04484],[73.64084,20.04438],[73.64101,20.04418],[73.64119,20.04408],[73.6414,20.04406],[73.64153,20.04402],[73.6417,20.04402],[73.64191,20.04407],[73.64218,20.04412],[73.64238,20.04417],[73.64262,20.04423],[73.64273,20.04434],[73.64278,20.04445],[73.64289,20.04454],[73.64306,20.04457],[73.64324,20.04459],[73.6435,20.04453],[73.64369,20.04441],[73.64377,20.04432],[73.64381,20.04418],[73.64383,20.044],[73.64387,20.04376],[73.64391,20.04364],[73.64398,20.04345],[73.64406,20.0432],[73.64408,20.04306],[73.64408,20.04292],[73.64401,20.04277],[73.64371,20.04259],[73.6435,20.04247],[73.64334,20.04233],[73.6433,20.04223],[73.64329,20.04212],[73.64335,20.04205],[73.64351,20.04204],[73.64366,20.04209],[73.64423,20.04229],[73.64451,20.04238],[73.64477,20.04243],[73.64495,20.04252],[73.6452,20.04258],[73.6454,20.04261],[73.64563,20.04261],[73.64579,20.04268],[73.64595,20.04268],[73.6461,20.04262],[73.64658,20.04182],[73.64697,20.04157],[73.6477,20.04127],[73.64798,20.04112],[73.64831,20.04092],[73.6487,20.04076],[73.64894,20.0406],[73.6492,20.04036],[73.6493,20.03998],[73.64923,20.03961],[73.6491,20.03917],[73.64899,20.03877],[73.64879,20.03848],[73.64859,20.03816],[73.64851,20.03785],[73.64843,20.0377],[73.64843,20.03751],[73.64851,20.03729],[73.64874,20.03713],[73.6492,20.03702],[73.64969,20.03701],[73.65004,20.03702],[73.65054,20.03714],[73.65081,20.03728],[73.65105,20.03747],[73.65125,20.03767],[73.65154,20.03777],[73.65174,20.03782],[73.65189,20.03779],[73.65209,20.03766],[73.65229,20.03751],[73.65248,20.03749],[73.65312,20.03759],[73.65351,20.03774],[73.65377,20.03793],[73.65409,20.03812],[73.65441,20.03827],[73.65479,20.03826],[73.65505,20.03813],[73.65536,20.03803],[73.65572,20.03803],[73.65595,20.03806],[73.65613,20.03816],[73.65654,20.03845],[73.6567,20.0387],[73.65687,20.039],[73.65708,20.03922],[73.65731,20.03928],[73.65769,20.03921],[73.65813,20.03906],[73.65843,20.03912],[73.65865,20.03906],[73.65881,20.03901],[73.6589,20.0388],[73.65893,20.03852],[73.65886,20.0382],[73.65881,20.03794],[73.6587,20.03772],[73.65856,20.03749],[73.65839,20.03731],[73.65808,20.03716],[73.65752,20.03706],[73.65694,20.03686],[73.65674,20.0367],[73.65638,20.03621],[73.65591,20.03578],[73.65566,20.03561],[73.65506,20.03523],[73.65497,20.03517],[73.65477,20.03492],[73.65447,20.03475],[73.65422,20.03465],[73.65399,20.03459],[73.65357,20.03448],[73.65342,20.03438],[73.65327,20.03435],[73.65305,20.03441],[73.65261,20.03461],[73.6523,20.03472],[73.65209,20.03471],[73.652,20.03465],[73.65195,20.03455],[73.65194,20.03423],[73.65193,20.03399],[73.6519,20.03374],[73.65183,20.0333],[73.65178,20.03281],[73.65166,20.03205],[73.65139,20.03135],[73.65101,20.03055],[73.65078,20.03033],[73.65078,20.03025],[73.65055,20.03008],[73.65028,20.02991],[73.65014,20.02967],[73.64992,20.02912],[73.64985,20.02863],[73.64988,20.02811],[73.64983,20.02765],[73.64982,20.02713],[73.64976,20.0268],[73.64954,20.02648],[73.64932,20.02628],[73.649,20.02606],[73.64857,20.02575],[73.64807,20.02539],[73.64775,20.02495],[73.64743,20.02458],[73.64713,20.02416],[73.64683,20.02368],[73.6464,20.02319],[73.64608,20.02237],[73.64604,20.02185],[73.64595,20.02089],[73.64593,20.02082],[73.64589,20.0208],[73.64577,20.02081],[73.64542,20.02088],[73.64533,20.02086],[73.64524,20.02077],[73.64514,20.02035],[73.6451,20.02027],[73.64502,20.02025],[73.64476,20.02027],[73.64447,20.02028],[73.64431,20.02018],[73.64425,20.02001],[73.64438,20.01981],[73.64446,20.01957],[73.64447,20.0194],[73.64438,20.01928],[73.64428,20.01918],[73.64415,20.01914],[73.64408,20.01904],[73.64416,20.01886],[73.64411,20.01868],[73.64402,20.01854],[73.64388,20.01852],[73.64317,20.01855],[73.643,20.01851],[73.64288,20.01839],[73.6428,20.01803],[73.64269,20.01753],[73.64268,20.01673],[73.64268,20.01633],[73.64264,20.01601],[73.64257,20.01585],[73.64243,20.01577],[73.64213,20.01576],[73.64125,20.01597],[73.64109,20.01602],[73.64101,20.01609],[73.64097,20.01624],[73.64077,20.01646],[73.64058,20.0166],[73.64042,20.01665],[73.64025,20.01664],[73.64015,20.01653],[73.64015,20.01647],[73.64026,20.01635],[73.64056,20.0163],[73.6407,20.01626],[73.64081,20.01614],[73.64082,20.01598],[73.6408,20.01577],[73.64085,20.01565],[73.64104,20.01557],[73.64123,20.01556],[73.64137,20.01551],[73.64158,20.01522],[73.64182,20.015],[73.64212,20.01487],[73.64223,20.01479],[73.64226,20.01454],[73.64222,20.0144],[73.64208,20.01432],[73.64163,20.01426],[73.64122,20.0142],[73.6408,20.0141],[73.64048,20.01389],[73.64041,20.01373],[73.64048,20.01361],[73.64078,20.01348],[73.64138,20.01357],[73.64164,20.01369],[73.64187,20.01371],[73.64207,20.01368],[73.64221,20.01355],[73.64232,20.01329],[73.64255,20.01298],[73.64288,20.01272],[73.64354,20.01245],[73.64391,20.01215],[73.64466,20.01202],[73.64502,20.01192],[73.64531,20.01169],[73.6454,20.01149],[73.64541,20.0111],[73.64527,20.01091],[73.64502,20.01082],[73.64388,20.01039],[73.64346,20.01019],[73.64307,20.01014],[73.64268,20.01025],[73.64236,20.01042],[73.64199,20.01058],[73.64118,20.01134],[73.64077,20.01144],[73.64045,20.01133],[73.64025,20.01104],[73.64034,20.01075],[73.6407,20.01054],[73.64092,20.01039],[73.64152,20.00994],[73.64173,20.00982],[73.64186,20.0096],[73.64199,20.00933],[73.64198,20.00906],[73.642,20.0088],[73.64197,20.0086],[73.64184,20.00848],[73.64164,20.00841],[73.64149,20.0084],[73.64097,20.00862],[73.64046,20.00884],[73.64035,20.00897],[73.64027,20.00918],[73.64015,20.00936],[73.63993,20.0095],[73.63967,20.00956],[73.63918,20.0097],[73.63895,20.00973],[73.63868,20.00972],[73.63851,20.00964],[73.63846,20.00952],[73.63846,20.00944],[73.63853,20.00938],[73.63888,20.00933],[73.63906,20.00929],[73.63926,20.00921],[73.63946,20.00909],[73.63961,20.00897],[73.63971,20.00877],[73.64016,20.00828],[73.64024,20.00813],[73.64022,20.008],[73.64017,20.00789],[73.64005,20.00779],[73.6398,20.00766],[73.63973,20.00763],[73.63969,20.00755],[73.63975,20.00739],[73.63983,20.00725],[73.63989,20.00711],[73.63987,20.00691],[73.63979,20.00678],[73.63972,20.00666],[73.63974,20.00659],[73.63985,20.00655],[73.6405,20.00661],[73.64067,20.00659],[73.64076,20.00654],[73.64078,20.00638],[73.64079,20.00588],[73.64081,20.00557],[73.64079,20.00543],[73.64076,20.00535],[73.64066,20.00532],[73.6401,20.00528],[73.64003,20.00523],[73.63999,20.00516],[73.64002,20.00503],[73.64009,20.00492],[73.64025,20.00479],[73.64043,20.00461],[73.64068,20.00441],[73.64075,20.00432],[73.64082,20.0042],[73.64109,20.00326],[73.64134,20.00243],[73.64152,20.00204],[73.64158,20.00195],[73.6417,20.00193],[73.64196,20.00194],[73.64254,20.00194],[73.64278,20.00194],[73.64294,20.00187],[73.643,20.00178],[73.64304,20.00161],[73.6431,20.0011],[73.64306,20.00079],[73.64296,20.00063],[73.64277,20.00047],[73.6426,20.00022],[73.6424,20.00016],[73.64224,20.00019],[73.64196,20.00035],[73.64171,20.00039],[73.64148,20.00036],[73.64133,20.0003],[73.64129,20.00024],[73.64118,20.00021],[73.64106,20.00023],[73.64079,20.00031],[73.64013,20.00046],[73.63985,20.00049],[73.63964,20.00048],[73.63945,20.00046],[73.63925,20.00054],[73.63914,20.00064],[73.63912,20.0008],[73.63905,20.00091],[73.63895,20.00096],[73.6388,20.00097],[73.63856,20.00098],[73.63828,20.0011],[73.63788,20.00133],[73.63776,20.00149],[73.63773,20.00178],[73.63765,20.00199],[73.63756,20.00209],[73.63743,20.00218],[73.63728,20.00232],[73.63716,20.00261],[73.63716,20.00283],[73.63722,20.00307],[73.63724,20.00328],[73.63722,20.00342],[73.63714,20.00349],[73.63694,20.00355],[73.63682,20.00353],[73.63661,20.00344],[73.63641,20.00346],[73.63622,20.0035],[73.63607,20.00365],[73.636,20.00378],[73.63599,20.00403],[73.63593,20.00439],[73.63583,20.00461],[73.63557,20.0048],[73.6354,20.00483],[73.63527,20.00479],[73.63522,20.00469],[73.63521,20.00444],[73.63513,20.00432],[73.63499,20.00424],[73.63479,20.00418],[73.63443,20.00421],[73.63422,20.0043],[73.63413,20.00448],[73.6341,20.00473],[73.63411,20.00494],[73.63408,20.005],[73.63399,20.00505],[73.63369,20.00512],[73.63351,20.00512],[73.63336,20.00505],[73.63323,20.00492],[73.63311,20.00478],[73.63297,20.00472],[73.63282,20.00471],[73.63257,20.00471],[73.63246,20.00474],[73.63228,20.00491],[73.63175,20.0055],[73.63143,20.0058],[73.63119,20.00594],[73.63104,20.00598],[73.63086,20.00601],[73.63068,20.00601],[73.63035,20.00606],[73.63011,20.00612],[73.63003,20.00612]]]},"properties":{"id":"water_r1924386","type":"water_body","name":"Gangapur Baadh Sagar","name_local":null,"category":"reservoir","source":"openstreetmap","source_id":"relation/1924386","updated_at":"2018-11-13T04:36:43Z","tags":{}}},{"type":"Feature","geometry":{"type":"Polygon","coordinates":[[[73.55852,19.80266],[73.55846,19.80272],[73.55842,19.80305],[73.55847,19.80328],[73.55842,19.80334],[73.5584,19.80358],[73.55835,19.80384],[73.55835,19.80412],[73.55841,19.80483],[73.55845,19.80493],[73.5585,19.80496],[73.55873,19.80496],[73.55906,19.80488],[73.55914,19.80482],[73.55939,19.80469],[73.55943,19.80464],[73.55951,19.8046],[73.55963,19.80458],[73.55968,19.80453],[73.55968,19.80441],[73.55973,19.80443],[73.55976,19.80454],[73.5598,19.80455],[73.55992,19.80452],[73.55994,19.80448],[73.56011,19.80448],[73.56035,19.80442],[73.56076,19.80437],[73.56091,19.80437],[73.56148,19.80423],[73.56165,19.80416],[73.56198,19.80396],[73.56244,19.80385],[73.56256,19.80387],[73.56273,19.80396],[73.56303,19.80395],[73.56334,19.80403],[73.56337,19.80402],[73.56337,19.804],[73.56342,19.80393],[73.56389,19.8039],[73.5639,19.80395],[73.56387,19.80404],[73.56391,19.80409],[73.56413,19.80419],[73.5642,19.8043],[73.5642,19.80435],[73.56419,19.80437],[73.56416,19.80437],[73.56416,19.8044],[73.56419,19.80448],[73.56421,19.80448],[73.56428,19.8048],[73.5644,19.80489],[73.56446,19.80499],[73.56452,19.80513],[73.5646,19.80552],[73.56462,19.80554],[73.56467,19.80555],[73.56472,19.80563],[73.56461,19.80567],[73.56454,19.80575],[73.5645,19.80609],[73.56449,19.80612],[73.56446,19.80612],[73.5644,19.8062],[73.56433,19.80635],[73.56424,19.80672],[73.56417,19.80681],[73.56402,19.80694],[73.56398,19.80701],[73.56394,19.80717],[73.56396,19.80717],[73.56398,19.80722],[73.564,19.80733],[73.56406,19.80742],[73.56416,19.8075],[73.5642,19.80751],[73.56423,19.80747],[73.56443,19.80745],[73.56449,19.80747],[73.56447,19.8075],[73.5645,19.80757],[73.5646,19.8075],[73.56477,19.8075],[73.56489,19.80759],[73.56498,19.80769],[73.56505,19.80785],[73.56506,19.80798],[73.56498,19.80879],[73.56504,19.80889],[73.56517,19.80885],[73.5653,19.80875],[73.56542,19.8086],[73.56557,19.80847],[73.56578,19.80841],[73.56599,19.80838],[73.566,19.80834],[73.56583,19.80832],[73.56583,19.8082],[73.56589,19.80814],[73.56622,19.80803],[73.56636,19.80802],[73.56642,19.80804],[73.56643,19.80808],[73.56641,19.8081],[73.56629,19.80809],[73.56625,19.80819],[73.56629,19.80823],[73.56646,19.80824],[73.56658,19.80816],[73.56664,19.80813],[73.5667,19.80813],[73.56689,19.80803],[73.5672,19.80782],[73.56741,19.80772],[73.56752,19.80772],[73.56757,19.80768],[73.56753,19.80751],[73.56757,19.80745],[73.56775,19.80748],[73.56782,19.80754],[73.56787,19.80763],[73.56794,19.80766],[73.56821,19.80764],[73.56827,19.80767],[73.56835,19.8078],[73.56834,19.80794],[73.56835,19.80799],[73.5684,19.80799],[73.56849,19.80807],[73.56882,19.80874],[73.56878,19.80894],[73.56884,19.809],[73.56898,19.80902],[73.56904,19.80899],[73.56905,19.80888],[73.56912,19.80886],[73.56921,19.80902],[73.56924,19.80913],[73.5693,19.80916],[73.56939,19.80914],[73.5695,19.80916],[73.56953,19.80913],[73.56956,19.80902],[73.56961,19.80904],[73.56964,19.80912],[73.56964,19.80918],[73.56969,19.8092],[73.5698,19.80919],[73.56983,19.80913],[73.5699,19.80912],[73.57007,19.80931],[73.57016,19.80948],[73.57021,19.80951],[73.57039,19.80952],[73.57053,19.80955],[73.57055,19.80969],[73.57059,19.80972],[73.57066,19.80972],[73.57072,19.80975],[73.5714,19.81053],[73.57132,19.81111],[73.57139,19.81228],[73.5716,19.81344],[73.5718,19.81382],[73.57348,19.81534],[73.57782,19.81913],[73.57792,19.81928],[73.57788,19.81958],[73.5777,19.81991],[73.57776,19.82009],[73.57783,19.82017],[73.57784,19.82023],[73.57794,19.82029],[73.57796,19.82035],[73.57807,19.82048],[73.57817,19.8207],[73.57825,19.82069],[73.5783,19.82072],[73.57847,19.82075],[73.57856,19.82081],[73.57864,19.82083],[73.57869,19.82087],[73.57864,19.82111],[73.57862,19.82112],[73.57854,19.82108],[73.57854,19.82105],[73.5786,19.82107],[73.57857,19.821],[73.57855,19.82097],[73.57851,19.82098],[73.57849,19.82104],[73.57856,19.82116],[73.57859,19.82118],[73.57865,19.82116],[73.57869,19.82117],[73.57864,19.82128],[73.57876,19.82145],[73.57882,19.8215],[73.57892,19.82152],[73.57893,19.82148],[73.57896,19.82147],[73.57899,19.82152],[73.57914,19.82158],[73.57916,19.82162],[73.57918,19.82162],[73.57917,19.82145],[73.57921,19.82142],[73.57925,19.82148],[73.57931,19.82187],[73.57927,19.82207],[73.57926,19.8223],[73.57931,19.82242],[73.57928,19.82261],[73.57929,19.82273],[73.57936,19.82297],[73.57938,19.82324],[73.57936,19.82334],[73.57926,19.82348],[73.57925,19.82366],[73.57929,19.82397],[73.5794,19.82407],[73.57934,19.82414],[73.57931,19.82423],[73.57931,19.82428],[73.57933,19.82429],[73.57932,19.82434],[73.57926,19.82437],[73.57917,19.82435],[73.57898,19.82444],[73.57879,19.82449],[73.57873,19.82449],[73.5786,19.82443],[73.57858,19.82442],[73.5786,19.82436],[73.57851,19.82437],[73.57841,19.82423],[73.57835,19.82401],[73.57811,19.82373],[73.5781,19.82369],[73.57811,19.82366],[73.57803,19.82347],[73.57792,19.8233],[73.57767,19.82318],[73.57734,19.82312],[73.57729,19.82319],[73.57727,19.8233],[73.5773,19.82346],[73.57732,19.82379],[73.57736,19.82385],[73.57741,19.82384],[73.57746,19.82387],[73.57746,19.82389],[73.57742,19.8239],[73.57742,19.82391],[73.57747,19.82399],[73.57748,19.82407],[73.57746,19.82409],[73.57741,19.82408],[73.57739,19.82412],[73.57745,19.82416],[73.57745,19.82421],[73.57752,19.8243],[73.57744,19.8243],[73.57742,19.82432],[73.5774,19.82438],[73.57732,19.82438],[73.57729,19.82441],[73.57726,19.82442],[73.57716,19.82438],[73.57712,19.82432],[73.57706,19.82432],[73.57705,19.82427],[73.5767,19.82432],[73.57658,19.82436],[73.57649,19.82454],[73.57651,19.82462],[73.5762,19.82483],[73.57617,19.825],[73.57609,19.8251],[73.57608,19.82514],[73.57608,19.82517],[73.57611,19.82518],[73.57612,19.82521],[73.57607,19.82522],[73.57607,19.82524],[73.57615,19.82536],[73.57618,19.82551],[73.57622,19.82556],[73.57622,19.82563],[73.57621,19.82566],[73.57601,19.82589],[73.57596,19.82591],[73.57594,19.82594],[73.57595,19.82607],[73.57592,19.82612],[73.57596,19.82616],[73.57595,19.82623],[73.57591,19.8263],[73.57583,19.82626],[73.57582,19.82631],[73.57594,19.82636],[73.57592,19.82648],[73.57595,19.82662],[73.57595,19.82683],[73.5759,19.82683],[73.57586,19.82705],[73.5758,19.82711],[73.57577,19.82711],[73.57583,19.82716],[73.5758,19.82731],[73.57583,19.82732],[73.57583,19.82735],[73.5758,19.82753],[73.57571,19.82762],[73.57571,19.82774],[73.57555,19.82762],[73.57547,19.82758],[73.57539,19.82747],[73.57536,19.82745],[73.5753,19.82747],[73.57525,19.82745],[73.57524,19.82746],[73.57525,19.82753],[73.57532,19.82761],[73.57531,19.82765],[73.57527,19.82765],[73.57522,19.82762],[73.57517,19.82756],[73.57514,19.82739],[73.57523,19.82738],[73.57525,19.82738],[73.57525,19.8274],[73.57527,19.8274],[73.57536,19.82734],[73.57534,19.82728],[73.57529,19.82724],[73.57529,19.8272],[73.57514,19.82721],[73.57508,19.82711],[73.57486,19.82696],[73.57477,19.82698],[73.57475,19.82705],[73.57446,19.82717],[73.57423,19.82767],[73.57416,19.82775],[73.57417,19.82783],[73.57406,19.82799],[73.57408,19.82803],[73.57402,19.8281],[73.57404,19.82821],[73.57401,19.82823],[73.57395,19.82824],[73.57409,19.82828],[73.57408,19.82832],[73.574,19.82837],[73.57395,19.82847],[73.57386,19.82849],[73.57384,19.82845],[73.57382,19.82845],[73.57378,19.82863],[73.57372,19.82864],[73.57368,19.82868],[73.57371,19.82875],[73.57369,19.8288],[73.57364,19.82881],[73.57365,19.82904],[73.57361,19.82922],[73.57348,19.82936],[73.57347,19.82938],[73.57339,19.82937],[73.57336,19.82939],[73.57336,19.82964],[73.57332,19.82968],[73.57336,19.82974],[73.57335,19.82978],[73.57329,19.82989],[73.57322,19.82991],[73.57322,19.83007],[73.57314,19.83007],[73.57308,19.83002],[73.57305,19.82996],[73.57294,19.82998],[73.57259,19.82999],[73.57251,19.83002],[73.57247,19.83005],[73.57241,19.83025],[73.57234,19.8303],[73.57229,19.8303],[73.57228,19.83025],[73.57225,19.83025],[73.57216,19.83038],[73.57212,19.83052],[73.5721,19.83055],[73.57206,19.83056],[73.57203,19.83066],[73.57199,19.83069],[73.57192,19.83069],[73.57191,19.83072],[73.57185,19.83075],[73.57185,19.83079],[73.57192,19.83085],[73.57192,19.83088],[73.57184,19.83102],[73.57179,19.83106],[73.57175,19.83106],[73.57173,19.83103],[73.57173,19.83097],[73.5717,19.83095],[73.57149,19.83103],[73.57142,19.83111],[73.57136,19.83135],[73.5713,19.83145],[73.57124,19.83175],[73.57125,19.832],[73.57127,19.83202],[73.57162,19.83204],[73.57162,19.8321],[73.57155,19.8324],[73.57139,19.83272],[73.5713,19.83283],[73.57116,19.83292],[73.57112,19.83292],[73.5711,19.83295],[73.5711,19.83304],[73.57113,19.83304],[73.57115,19.83308],[73.57103,19.83309],[73.57099,19.83305],[73.57099,19.83297],[73.57094,19.83297],[73.57076,19.83315],[73.57069,19.83316],[73.57065,19.83312],[73.57059,19.83297],[73.57054,19.83268],[73.57043,19.83263],[73.57008,19.83266],[73.57001,19.83269],[73.56998,19.83274],[73.56996,19.83286],[73.56993,19.83293],[73.56987,19.83299],[73.56977,19.83303],[73.56943,19.83307],[73.5693,19.83306],[73.56912,19.83294],[73.56909,19.83288],[73.56911,19.83275],[73.5692,19.83268],[73.56933,19.83265],[73.5693,19.83244],[73.56935,19.83235],[73.56944,19.83227],[73.56955,19.83222],[73.56956,19.83214],[73.56955,19.83187],[73.56958,19.83182],[73.56961,19.83182],[73.56962,19.83175],[73.56961,19.83155],[73.56957,19.83152],[73.56946,19.83151],[73.56917,19.8315],[73.56913,19.83153],[73.5688,19.83154],[73.56868,19.83157],[73.56865,19.83164],[73.56857,19.83166],[73.56835,19.83164],[73.56829,19.83162],[73.56825,19.83138],[73.56828,19.83132],[73.56827,19.83105],[73.56818,19.83092],[73.56813,19.83091],[73.56801,19.83092],[73.56806,19.83083],[73.56812,19.83081],[73.56815,19.83053],[73.56813,19.83042],[73.5681,19.83037],[73.56804,19.83035],[73.56792,19.83035],[73.56789,19.83023],[73.56784,19.83023],[73.56762,19.83032],[73.5676,19.83038],[73.56761,19.83041],[73.56765,19.83042],[73.56765,19.83044],[73.56755,19.83062],[73.56733,19.8306],[73.56726,19.83065],[73.56721,19.83078],[73.56715,19.83113],[73.56711,19.83113],[73.56711,19.8311],[73.56683,19.8311],[73.56681,19.83095],[73.56663,19.83083],[73.56653,19.83067],[73.56649,19.83024],[73.56651,19.82991],[73.56649,19.82981],[73.56638,19.82966],[73.56633,19.8295],[73.56626,19.82945],[73.5661,19.82943],[73.56609,19.82946],[73.566,19.82947],[73.56583,19.82943],[73.56578,19.82946],[73.56565,19.82982],[73.5656,19.82989],[73.56557,19.82989],[73.56554,19.82977],[73.56552,19.82975],[73.56547,19.82978],[73.56543,19.82994],[73.56545,19.82998],[73.56555,19.82996],[73.56557,19.83014],[73.56555,19.83028],[73.56556,19.83032],[73.5656,19.83032],[73.56563,19.83035],[73.56563,19.83039],[73.56558,19.83047],[73.56552,19.83049],[73.56535,19.8305],[73.56532,19.83057],[73.56532,19.83067],[73.56529,19.83069],[73.56532,19.83073],[73.56535,19.83098],[73.5654,19.83124],[73.56535,19.83137],[73.56528,19.83137],[73.56526,19.83142],[73.56537,19.83147],[73.56539,19.83151],[73.56538,19.83159],[73.56543,19.83163],[73.56544,19.83171],[73.56533,19.83174],[73.56538,19.8318],[73.56537,19.83182],[73.56533,19.83183],[73.5653,19.83201],[73.56526,19.83203],[73.56529,19.83232],[73.56536,19.83231],[73.56545,19.83247],[73.56557,19.8325],[73.56576,19.83249],[73.56581,19.83235],[73.56583,19.83231],[73.56587,19.8323],[73.56588,19.83242],[73.56598,19.83248],[73.56626,19.83255],[73.56629,19.83258],[73.56629,19.83263],[73.56619,19.83265],[73.56617,19.83268],[73.56623,19.83271],[73.56626,19.83274],[73.56633,19.833],[73.56629,19.83312],[73.56633,19.83325],[73.56639,19.83333],[73.56635,19.83335],[73.56633,19.83345],[73.56626,19.83353],[73.5662,19.83355],[73.56606,19.83357],[73.56603,19.83351],[73.56601,19.8335],[73.56599,19.83353],[73.56603,19.83357],[73.56601,19.83369],[73.56604,19.83399],[73.5661,19.8341],[73.56616,19.83428],[73.5662,19.83453],[73.5663,19.83474],[73.5663,19.83485],[73.56634,19.83495],[73.56635,19.83502],[73.56641,19.83508],[73.5664,19.83519],[73.5663,19.83549],[73.56628,19.83547],[73.56628,19.83542],[73.56631,19.83523],[73.56628,19.83525],[73.56625,19.83535],[73.56612,19.83545],[73.56604,19.83548],[73.56572,19.83546],[73.56567,19.83546],[73.56565,19.83548],[73.56558,19.83592],[73.56555,19.83597],[73.56558,19.8361],[73.56553,19.83621],[73.56558,19.8362],[73.56563,19.83614],[73.5657,19.83621],[73.56576,19.83621],[73.56577,19.83625],[73.56587,19.83628],[73.56591,19.83632],[73.56595,19.83643],[73.56603,19.83649],[73.56616,19.83653],[73.56622,19.83662],[73.56619,19.83672],[73.56608,19.83676],[73.56607,19.83682],[73.56603,19.83687],[73.56589,19.83696],[73.56579,19.83698],[73.56575,19.83706],[73.56566,19.83712],[73.56563,19.83718],[73.56565,19.83742],[73.56561,19.83758],[73.56564,19.83759],[73.56566,19.83763],[73.56562,19.83775],[73.56569,19.83781],[73.56579,19.83798],[73.56574,19.83801],[73.56579,19.83806],[73.56583,19.8382],[73.56589,19.83817],[73.56584,19.83811],[73.56586,19.83801],[73.56591,19.83796],[73.56596,19.83799],[73.56601,19.83798],[73.56602,19.83796],[73.56606,19.83796],[73.56612,19.83805],[73.56614,19.83814],[73.56618,19.83816],[73.56634,19.83817],[73.56642,19.83811],[73.56647,19.83811],[73.56649,19.83813],[73.5665,19.83819],[73.56643,19.83822],[73.56642,19.8383],[73.56645,19.83833],[73.56651,19.83833],[73.56652,19.83842],[73.56649,19.83851],[73.56652,19.83865],[73.56658,19.83868],[73.5666,19.83876],[73.56645,19.83882],[73.56617,19.83904],[73.5661,19.83908],[73.56606,19.83908],[73.56607,19.83915],[73.56615,19.83921],[73.56619,19.83931],[73.56609,19.83932],[73.56603,19.8393],[73.56595,19.83917],[73.5659,19.83914],[73.56591,19.83906],[73.56584,19.83903],[73.56583,19.83897],[73.56578,19.83889],[73.56577,19.8388],[73.56575,19.83878],[73.56572,19.83878],[73.56571,19.83874],[73.56559,19.83875],[73.56558,19.83881],[73.56554,19.83882],[73.56537,19.83874],[73.56537,19.83872],[73.56544,19.83872],[73.56547,19.83869],[73.56527,19.83865],[73.56526,19.83861],[73.56515,19.8386],[73.56506,19.83853],[73.565,19.83854],[73.56501,19.83857],[73.56494,19.83856],[73.56492,19.83851],[73.56489,19.8385],[73.56414,19.8387],[73.56406,19.83876],[73.56407,19.8388],[73.56411,19.83881],[73.56413,19.83904],[73.5641,19.83907],[73.56394,19.83909],[73.56375,19.83899],[73.56359,19.83896],[73.56351,19.83905],[73.56347,19.83921],[73.5634,19.8393],[73.56342,19.83936],[73.56355,19.83938],[73.56318,19.83938],[73.5632,19.83931],[73.5633,19.83925],[73.56329,19.83918],[73.56352,19.83884],[73.56355,19.83876],[73.56349,19.83862],[73.56333,19.83852],[73.56326,19.83844],[73.56326,19.83834],[73.56331,19.83829],[73.5633,19.83827],[73.56318,19.8383],[73.56318,19.83828],[73.56309,19.83829],[73.56305,19.83824],[73.56302,19.83823],[73.56287,19.83822],[73.56273,19.83823],[73.56271,19.8382],[73.56258,19.83816],[73.56258,19.83819],[73.56263,19.8382],[73.56264,19.83824],[73.56258,19.83825],[73.56257,19.83836],[73.56251,19.83837],[73.56248,19.83839],[73.56247,19.83844],[73.56244,19.83845],[73.56241,19.83834],[73.56238,19.83834],[73.56237,19.83835],[73.56238,19.83841],[73.56233,19.83846],[73.56229,19.83847],[73.56185,19.8384],[73.56179,19.83836],[73.5617,19.83836],[73.56165,19.83832],[73.56165,19.83829],[73.56157,19.83827],[73.56164,19.83812],[73.56164,19.83798],[73.56163,19.83794],[73.56159,19.83793],[73.56161,19.83784],[73.56157,19.83783],[73.56157,19.83779],[73.56155,19.83778],[73.56149,19.8378],[73.56148,19.83778],[73.56149,19.83774],[73.56165,19.83769],[73.56171,19.83765],[73.56172,19.83758],[73.56162,19.8376],[73.56159,19.83758],[73.56158,19.83755],[73.56161,19.83747],[73.56165,19.83743],[73.56162,19.83716],[73.56175,19.83694],[73.56174,19.83692],[73.56147,19.83673],[73.56145,19.83669],[73.56139,19.83663],[73.56133,19.83661],[73.56124,19.83661],[73.5612,19.83662],[73.56121,19.83671],[73.56114,19.83675],[73.56114,19.83677],[73.56099,19.83675],[73.56092,19.83682],[73.56088,19.83678],[73.56079,19.83678],[73.56076,19.83671],[73.56067,19.83668],[73.56062,19.83662],[73.56058,19.83662],[73.56058,19.83669],[73.56069,19.83674],[73.5607,19.83679],[73.56068,19.83687],[73.5607,19.83689],[73.56058,19.83693],[73.56047,19.83694],[73.5603,19.83692],[73.56023,19.83688],[73.56021,19.83683],[73.56023,19.83667],[73.56033,19.83664],[73.56031,19.83661],[73.56028,19.83661],[73.56026,19.83656],[73.56028,19.83638],[73.56027,19.83633],[73.5603,19.83627],[73.56025,19.83628],[73.56023,19.83624],[73.56021,19.836],[73.56023,19.83593],[73.56032,19.83588],[73.56032,19.83579],[73.56025,19.8357],[73.56022,19.83573],[73.56017,19.83574],[73.56012,19.8357],[73.55994,19.83538],[73.55978,19.83529],[73.55974,19.83521],[73.55971,19.83519],[73.55973,19.83504],[73.55986,19.83504],[73.55995,19.83498],[73.55998,19.83486],[73.56001,19.83485],[73.56013,19.8349],[73.56015,19.83487],[73.56031,19.83477],[73.56038,19.83461],[73.56043,19.83458],[73.56046,19.83453],[73.56051,19.8345],[73.56048,19.83421],[73.56045,19.83419],[73.5604,19.83404],[73.56037,19.83401],[73.56029,19.83398],[73.56031,19.83394],[73.56027,19.83388],[73.56026,19.83378],[73.5601,19.8336],[73.55998,19.83351],[73.55995,19.83348],[73.55983,19.83342],[73.55964,19.8334],[73.55923,19.83342],[73.5592,19.83344],[73.55918,19.83355],[73.55927,19.8336],[73.55932,19.83359],[73.55932,19.83357],[73.55935,19.83359],[73.55931,19.83375],[73.55927,19.8338],[73.55922,19.83381],[73.55925,19.83388],[73.55924,19.83392],[73.55921,19.83393],[73.55916,19.83387],[73.55915,19.83384],[73.55918,19.83381],[73.55917,19.8338],[73.55911,19.8338],[73.55905,19.83389],[73.55904,19.83399],[73.55897,19.83402],[73.55897,19.83406],[73.55901,19.83408],[73.55892,19.83421],[73.55889,19.8342],[73.55887,19.83415],[73.55878,19.83414],[73.5587,19.83426],[73.55856,19.83428],[73.55842,19.83437],[73.55824,19.83466],[73.55822,19.83466],[73.5582,19.83457],[73.55754,19.83424],[73.55752,19.83414],[73.55742,19.83389],[73.5574,19.83388],[73.55729,19.83389],[73.55727,19.83387],[73.5574,19.83339],[73.55728,19.8334],[73.55715,19.83332],[73.55711,19.83327],[73.55713,19.83313],[73.55716,19.83309],[73.55724,19.83303],[73.55722,19.83299],[73.55723,19.8327],[73.55719,19.83252],[73.55721,19.83248],[73.55726,19.83247],[73.55744,19.83253],[73.55745,19.83251],[73.55757,19.83245],[73.55764,19.83237],[73.55776,19.83188],[73.55779,19.83154],[73.55779,19.83143],[73.55773,19.83135],[73.55773,19.83111],[73.55773,19.83106],[73.55776,19.83105],[73.55777,19.83094],[73.55761,19.83065],[73.55753,19.83025],[73.55744,19.83006],[73.55718,19.82966],[73.55675,19.82916],[73.55653,19.82906],[73.55596,19.82907],[73.5559,19.8291],[73.5559,19.82915],[73.55584,19.82918],[73.55548,19.82921],[73.55537,19.82928],[73.55528,19.82928],[73.55524,19.82931],[73.55523,19.8294],[73.55518,19.82938],[73.55512,19.82933],[73.55509,19.82926],[73.55515,19.8292],[73.55521,19.82919],[73.55522,19.82916],[73.5552,19.82909],[73.55506,19.82903],[73.555,19.82892],[73.55497,19.8288],[73.55487,19.82854],[73.55469,19.82838],[73.55449,19.82828],[73.55439,19.82816],[73.55437,19.82807],[73.55442,19.82803],[73.55438,19.82789],[73.55436,19.82786],[73.55429,19.82784],[73.55422,19.82766],[73.55419,19.82766],[73.55416,19.82763],[73.55409,19.82749],[73.55389,19.82731],[73.55386,19.82721],[73.55388,19.82712],[73.55387,19.8271],[73.55382,19.82708],[73.55383,19.82693],[73.55381,19.8269],[73.55372,19.82687],[73.55372,19.82679],[73.55369,19.82677],[73.55366,19.82677],[73.55355,19.8265],[73.55352,19.82649],[73.55351,19.82646],[73.5535,19.8264],[73.55346,19.82636],[73.55336,19.82634],[73.55334,19.82632],[73.55312,19.82604],[73.553,19.82592],[73.55277,19.82583],[73.55262,19.8258],[73.55253,19.82585],[73.5524,19.82606],[73.55231,19.82633],[73.55223,19.82666],[73.55212,19.82696],[73.55213,19.82715],[73.55223,19.82748],[73.55265,19.82823],[73.55264,19.8283],[73.55257,19.82841],[73.55248,19.82861],[73.5523,19.82871],[73.55226,19.82876],[73.55206,19.82884],[73.55176,19.82887],[73.55155,19.82885],[73.55123,19.82887],[73.55111,19.8289],[73.55099,19.82895],[73.55091,19.82896],[73.55067,19.82894],[73.55037,19.82894],[73.55022,19.82899],[73.54997,19.82913],[73.54994,19.82919],[73.54996,19.82934],[73.55047,19.82956],[73.55059,19.82956],[73.55072,19.82949],[73.55078,19.82952],[73.55079,19.82959],[73.55074,19.82968],[73.55075,19.8297],[73.5508,19.8297],[73.55083,19.82975],[73.55088,19.82991],[73.55086,19.83],[73.55087,19.83003],[73.5509,19.83003],[73.55092,19.8301],[73.55093,19.83034],[73.55097,19.83044],[73.55097,19.83048],[73.55105,19.83065],[73.55116,19.83063],[73.55119,19.83063],[73.5512,19.83065],[73.55118,19.83072],[73.55114,19.83073],[73.55112,19.83085],[73.55113,19.83127],[73.55117,19.83147],[73.55126,19.83161],[73.55131,19.83164],[73.5515,19.83161],[73.55171,19.83174],[73.55173,19.83177],[73.55181,19.83178],[73.5518,19.8319],[73.55183,19.8319],[73.55185,19.83192],[73.55191,19.83194],[73.55195,19.83199],[73.55204,19.832],[73.55211,19.83205],[73.55212,19.83208],[73.55202,19.83207],[73.55192,19.83203],[73.55174,19.83192],[73.55168,19.83195],[73.55166,19.83209],[73.55171,19.83215],[73.552,19.8322],[73.55216,19.83232],[73.55222,19.83243],[73.55226,19.83244],[73.55227,19.83247],[73.55222,19.83248],[73.55219,19.83268],[73.55214,19.8328],[73.55199,19.83295],[73.55196,19.83296],[73.55192,19.83294],[73.55188,19.83296],[73.55186,19.83301],[73.5518,19.83303],[73.55166,19.83321],[73.55154,19.83346],[73.55154,19.83347],[73.55161,19.83345],[73.55161,19.83354],[73.55163,19.83356],[73.55162,19.83358],[73.55155,19.83358],[73.55154,19.83368],[73.55152,19.83368],[73.5515,19.83364],[73.55146,19.83365],[73.55143,19.83371],[73.55143,19.83373],[73.55147,19.83375],[73.55146,19.83379],[73.5514,19.83378],[73.55136,19.83388],[73.55117,19.834],[73.55116,19.83408],[73.55112,19.83412],[73.55102,19.83415],[73.55087,19.83414],[73.55085,19.83405],[73.55083,19.83404],[73.55074,19.83412],[73.55067,19.83412],[73.55065,19.83409],[73.55066,19.83394],[73.55028,19.83383],[73.55018,19.83374],[73.55004,19.83372],[73.5499,19.83366],[73.54966,19.83346],[73.54962,19.83337],[73.54945,19.8333],[73.54941,19.83325],[73.54936,19.83324],[73.54932,19.83305],[73.54938,19.83251],[73.54938,19.83244],[73.54934,19.83239],[73.54927,19.83241],[73.54923,19.83265],[73.54917,19.83269],[73.54917,19.83272],[73.54922,19.83269],[73.54923,19.83271],[73.54922,19.83279],[73.54917,19.83288],[73.54904,19.83283],[73.549,19.83285],[73.54889,19.83275],[73.54881,19.83271],[73.54871,19.8327],[73.54847,19.8328],[73.54844,19.83286],[73.54835,19.8329],[73.54829,19.83299],[73.54826,19.83319],[73.54821,19.83323],[73.54816,19.83346],[73.54812,19.8335],[73.54811,19.83374],[73.54805,19.83401],[73.548,19.83409],[73.54804,19.83413],[73.54803,19.83422],[73.54789,19.83444],[73.54793,19.83451],[73.54802,19.83454],[73.54804,19.83451],[73.54806,19.83443],[73.54807,19.83443],[73.54812,19.83453],[73.54812,19.83462],[73.54796,19.8346],[73.54796,19.83462],[73.54794,19.83462],[73.54789,19.8346],[73.54786,19.8346],[73.54785,19.83462],[73.54786,19.83468],[73.54796,19.83472],[73.54813,19.83489],[73.54812,19.83493],[73.54803,19.83498],[73.54802,19.83506],[73.54813,19.83511],[73.54812,19.83515],[73.54808,19.83515],[73.54807,19.83518],[73.54806,19.83527],[73.5481,19.83527],[73.54812,19.83533],[73.54814,19.83547],[73.54819,19.83546],[73.54821,19.83549],[73.54819,19.83554],[73.54816,19.83553],[73.54812,19.8355],[73.54809,19.83544],[73.54806,19.83544],[73.54809,19.83557],[73.54814,19.83557],[73.54811,19.83558],[73.54809,19.83562],[73.54809,19.83571],[73.54812,19.83573],[73.54817,19.83585],[73.54821,19.83587],[73.54821,19.83592],[73.54826,19.83599],[73.54827,19.83595],[73.54823,19.8358],[73.54828,19.8358],[73.54834,19.83584],[73.54836,19.83589],[73.54836,19.83607],[73.54845,19.83615],[73.54837,19.83626],[73.54829,19.83644],[73.54825,19.83647],[73.54819,19.83649],[73.54818,19.83656],[73.54814,19.83661],[73.54818,19.83663],[73.5482,19.83671],[73.54817,19.83678],[73.54809,19.83682],[73.54811,19.83686],[73.54818,19.83691],[73.54814,19.83699],[73.54806,19.83701],[73.54802,19.83698],[73.54801,19.83694],[73.54797,19.83694],[73.54789,19.83694],[73.54785,19.83699],[73.54784,19.83717],[73.54787,19.83719],[73.54782,19.83735],[73.54781,19.83752],[73.54778,19.83754],[73.54779,19.83761],[73.54776,19.83768],[73.54777,19.83777],[73.54773,19.83798],[73.54774,19.838],[73.54777,19.83802],[73.54772,19.83806],[73.54769,19.83828],[73.54766,19.83832],[73.54763,19.8384],[73.54762,19.83841],[73.54761,19.83838],[73.54755,19.83836],[73.54731,19.83831],[73.54688,19.83834],[73.54689,19.83839],[73.54693,19.83845],[73.5469,19.83851],[73.5469,19.83868],[73.54686,19.8387],[73.54678,19.83868],[73.54676,19.83853],[73.54671,19.83843],[73.54665,19.83838],[73.5465,19.83834],[73.54653,19.83832],[73.54653,19.83829],[73.54651,19.83816],[73.54648,19.83813],[73.54647,19.83803],[73.5464,19.83791],[73.54626,19.83761],[73.54624,19.83747],[73.54625,19.83702],[73.54619,19.83699],[73.54608,19.83699],[73.54592,19.83706],[73.54588,19.83704],[73.54585,19.83714],[73.5458,19.83719],[73.54582,19.83724],[73.54573,19.83754],[73.54571,19.83756],[73.54563,19.83733],[73.54526,19.83721],[73.54509,19.83711],[73.54507,19.83708],[73.54489,19.83719],[73.54476,19.83723],[73.54451,19.83718],[73.5445,19.83722],[73.54439,19.83722],[73.54435,19.83721],[73.54432,19.83707],[73.5443,19.83704],[73.54425,19.83702],[73.54426,19.83695],[73.54419,19.83685],[73.5442,19.83674],[73.54421,19.83671],[73.54425,19.83671],[73.54426,19.83666],[73.54418,19.83663],[73.54417,19.83659],[73.54408,19.83655],[73.54408,19.83653],[73.54401,19.83657],[73.54395,19.83669],[73.54404,19.83668],[73.54408,19.83663],[73.54411,19.83663],[73.54413,19.8367],[73.54409,19.83676],[73.54404,19.83676],[73.54399,19.83686],[73.54393,19.83685],[73.54392,19.83683],[73.54393,19.83675],[73.54388,19.83674],[73.5437,19.83678],[73.54359,19.83677],[73.54354,19.83669],[73.54356,19.83663],[73.5436,19.8366],[73.54357,19.83654],[73.54374,19.83585],[73.54377,19.83584],[73.54377,19.83579],[73.54373,19.83561],[73.54364,19.83538],[73.54357,19.83526],[73.54314,19.83478],[73.54302,19.83456],[73.54295,19.83453],[73.54291,19.83434],[73.54288,19.83433],[73.54284,19.83434],[73.54281,19.83432],[73.54257,19.83422],[73.54236,19.83404],[73.54224,19.83369],[73.54217,19.83356],[73.54213,19.83355],[73.54207,19.83357],[73.54205,19.8336],[73.54207,19.83366],[73.54205,19.83367],[73.542,19.83365],[73.54199,19.83361],[73.54189,19.83356],[73.54195,19.83351],[73.54202,19.8335],[73.54206,19.83346],[73.54206,19.83334],[73.54212,19.83328],[73.54214,19.83325],[73.54212,19.83313],[73.54214,19.83308],[73.54232,19.83289],[73.54268,19.83275],[73.54368,19.83248],[73.54436,19.83103],[73.54385,19.83022],[73.5423,19.82957],[73.54265,19.82877],[73.5423,19.82764],[73.54144,19.82764],[73.5411,19.82683],[73.54162,19.82586],[73.54093,19.82538],[73.53938,19.82538],[73.53938,19.82441],[73.53973,19.82328],[73.54127,19.82231],[73.54144,19.82021],[73.54024,19.82005],[73.53904,19.82102],[73.53818,19.82231],[73.5375,19.82344],[73.53647,19.82473],[73.53544,19.82408],[73.53526,19.82295],[73.53338,19.82328],[73.53269,19.82328],[73.53252,19.82263],[73.53286,19.82118],[73.532,19.82037],[73.53132,19.82198],[73.53046,19.82295],[73.52891,19.82231],[73.52634,19.82295],[73.5272,19.82408],[73.5296,19.82425],[73.53149,19.82538],[73.53132,19.82667],[73.53132,19.82909],[73.53235,19.83151],[73.5308,19.83022],[73.5284,19.82909],[73.52737,19.83022],[73.52617,19.83054],[73.52479,19.83022],[73.52462,19.83119],[73.52651,19.83232],[73.52531,19.83313],[73.52702,19.8341],[73.52754,19.83523],[73.52771,19.83684],[73.52737,19.83829],[73.52685,19.83975],[73.5272,19.84152],[73.52634,19.84265],[73.52479,19.84136],[73.52256,19.84088],[73.52222,19.84233],[73.52273,19.84314],[73.52325,19.84443],[73.52393,19.84572],[73.5229,19.84524],[73.52239,19.84701],[73.52153,19.84685],[73.52119,19.84604],[73.51999,19.84653],[73.5193,19.84621],[73.51775,19.84588],[73.5181,19.84782],[73.52016,19.84944],[73.52239,19.8504],[73.52273,19.85283],[73.52016,19.85202],[73.51947,19.85234],[73.51964,19.85363],[73.5193,19.85476],[73.5181,19.85315],[73.51775,19.8546],[73.51844,19.85589],[73.51775,19.85735],[73.51638,19.85848],[73.51638,19.85874],[73.51659,19.85913],[73.51713,19.85927],[73.51733,19.85936],[73.51741,19.85961],[73.51698,19.85976],[73.51668,19.86003],[73.51673,19.86029],[73.51756,19.86116],[73.51885,19.86104],[73.51957,19.86094],[73.52057,19.86051],[73.52062,19.86084],[73.52084,19.86104],[73.52117,19.86111],[73.52136,19.86097],[73.52144,19.86041],[73.52184,19.86049],[73.5219,19.86085],[73.52199,19.86091],[73.52151,19.86179],[73.5222,19.8622],[73.52207,19.86259],[73.52194,19.86255],[73.52158,19.86239],[73.52138,19.86247],[73.52132,19.86261],[73.52128,19.86282],[73.5213,19.86303],[73.52124,19.86318],[73.52107,19.86312],[73.52059,19.86277],[73.5203,19.86268],[73.51979,19.86268],[73.5196,19.86302],[73.51956,19.86326],[73.51941,19.86336],[73.51931,19.86383],[73.51946,19.86427],[73.51908,19.86428],[73.51888,19.86416],[73.51879,19.86379],[73.51847,19.86312],[73.51814,19.8633],[73.51768,19.8633],[73.51745,19.86319],[73.51742,19.86296],[73.51724,19.86274],[73.51705,19.86265],[73.51693,19.86275],[73.5167,19.86272],[73.51649,19.86257],[73.5164,19.86235],[73.51638,19.86218],[73.51631,19.86213],[73.51615,19.86223],[73.51595,19.86229],[73.51555,19.8619],[73.51551,19.86184],[73.51541,19.8618],[73.51489,19.85997],[73.51493,19.85983],[73.51494,19.85971],[73.51486,19.85968],[73.51481,19.85973],[73.51476,19.85975],[73.51471,19.85994],[73.51479,19.86006],[73.51499,19.86075],[73.5149,19.86088],[73.51462,19.86093],[73.51457,19.8611],[73.51458,19.8613],[73.51479,19.86148],[73.5149,19.86156],[73.51505,19.86162],[73.5151,19.86168],[73.51508,19.86179],[73.51486,19.86196],[73.51481,19.86224],[73.51476,19.8624],[73.51488,19.86244],[73.51486,19.8626],[73.51466,19.86322],[73.51471,19.86331],[73.51486,19.86351],[73.5148,19.86356],[73.51463,19.86356],[73.51449,19.8636],[73.51446,19.86372],[73.51414,19.86385],[73.51408,19.86392],[73.51413,19.86408],[73.51427,19.86426],[73.51431,19.86437],[73.51403,19.8645],[73.51399,19.86462],[73.5141,19.86508],[73.51405,19.86526],[73.5139,19.8652],[73.51376,19.86474],[73.51349,19.86416],[73.51336,19.86406],[73.51308,19.86399],[73.51276,19.86397],[73.51254,19.864],[73.51224,19.86428],[73.51206,19.86447],[73.51206,19.86465],[73.51244,19.8649],[73.51258,19.86509],[73.51269,19.86535],[73.51271,19.86569],[73.51274,19.86585],[73.51289,19.86606],[73.51301,19.86629],[73.51293,19.8668],[73.51299,19.86715],[73.51306,19.86731],[73.51318,19.86746],[73.5133,19.86755],[73.51346,19.86763],[73.51354,19.86784],[73.51345,19.86793],[73.5132,19.86789],[73.51304,19.86794],[73.51297,19.86817],[73.51304,19.86883],[73.51298,19.86888],[73.51285,19.86882],[73.51263,19.86864],[73.51258,19.86844],[73.51243,19.86816],[73.51232,19.86804],[73.51224,19.86788],[73.51221,19.86769],[73.51205,19.86766],[73.51176,19.86773],[73.51149,19.86789],[73.5114,19.8681],[73.51136,19.86823],[73.51136,19.86829],[73.51138,19.86839],[73.51134,19.86845],[73.51129,19.86843],[73.51125,19.86849],[73.51123,19.86846],[73.51122,19.8683],[73.51122,19.86804],[73.51121,19.86788],[73.51108,19.86781],[73.51099,19.86779],[73.51091,19.86784],[73.51079,19.86792],[73.51066,19.86809],[73.51057,19.86813],[73.51055,19.86802],[73.51056,19.86789],[73.51059,19.8678],[73.51074,19.86753],[73.51071,19.86747],[73.51063,19.86749],[73.51055,19.86724],[73.51033,19.86677],[73.50994,19.86656],[73.5099,19.86643],[73.50984,19.86633],[73.50976,19.86632],[73.50966,19.86638],[73.50953,19.86641],[73.50942,19.86634],[73.50941,19.86621],[73.50947,19.86614],[73.5096,19.86611],[73.50971,19.86595],[73.50973,19.86571],[73.50966,19.86553],[73.50937,19.86524],[73.50929,19.8651],[73.50922,19.86491],[73.50912,19.86476],[73.50889,19.86448],[73.50871,19.8644],[73.50849,19.86439],[73.50819,19.86453],[73.50748,19.86498],[73.50718,19.86516],[73.50701,19.86523],[73.50692,19.86539],[73.50685,19.86532],[73.50668,19.8655],[73.50606,19.86592],[73.50569,19.86599],[73.50519,19.86624],[73.50498,19.86625],[73.50494,19.86619],[73.50466,19.86636],[73.50464,19.86629],[73.50425,19.86678],[73.50415,19.8671],[73.5037,19.86681],[73.50366,19.86678],[73.50368,19.8667],[73.50383,19.86666],[73.50428,19.86616],[73.50481,19.86581],[73.50546,19.86553],[73.50593,19.86536],[73.50603,19.86522],[73.50646,19.8651],[73.50701,19.86487],[73.50705,19.86478],[73.50695,19.86458],[73.50695,19.8645],[73.50741,19.86418],[73.50809,19.86381],[73.50823,19.86379],[73.50834,19.86383],[73.50851,19.86381],[73.50876,19.86383],[73.50914,19.86396],[73.50948,19.86413],[73.50997,19.86455],[73.51036,19.86523],[73.51048,19.86535],[73.51057,19.8655],[73.5108,19.86635],[73.51085,19.86646],[73.51094,19.86655],[73.511,19.86658],[73.51118,19.86659],[73.51141,19.86657],[73.51162,19.86652],[73.51176,19.86644],[73.51189,19.86628],[73.51191,19.86612],[73.51167,19.86577],[73.51142,19.86546],[73.51139,19.86533],[73.51139,19.86516],[73.51134,19.86504],[73.51137,19.86489],[73.51134,19.86482],[73.51143,19.86413],[73.51162,19.86365],[73.51152,19.8636],[73.51142,19.8636],[73.51137,19.86356],[73.51136,19.86347],[73.51184,19.86346],[73.51195,19.86342],[73.51197,19.86333],[73.51183,19.86321],[73.5118,19.86306],[73.5119,19.86303],[73.51197,19.86295],[73.51206,19.86294],[73.5122,19.86298],[73.51239,19.86288],[73.51255,19.86283],[73.51268,19.86274],[73.51312,19.86283],[73.5133,19.86275],[73.51344,19.8626],[73.51352,19.86236],[73.51353,19.862],[73.5136,19.86202],[73.51354,19.86177],[73.51324,19.86179],[73.51318,19.86182],[73.51312,19.86194],[73.51285,19.86197],[73.5127,19.8619],[73.51254,19.86174],[73.51222,19.86195],[73.51207,19.86198],[73.51193,19.86196],[73.51188,19.86186],[73.51194,19.86169],[73.51211,19.86156],[73.51213,19.86143],[73.51202,19.86127],[73.51189,19.86118],[73.51175,19.86098],[73.51179,19.86074],[73.51192,19.86067],[73.51211,19.86067],[73.5123,19.86063],[73.51256,19.86065],[73.51263,19.86072],[73.51264,19.8609],[73.51268,19.86103],[73.51277,19.86107],[73.5129,19.86097],[73.51287,19.86075],[73.51276,19.86049],[73.51274,19.86039],[73.51258,19.86014],[73.51236,19.86],[73.51223,19.85994],[73.51216,19.85976],[73.51211,19.8597],[73.51207,19.85941],[73.51216,19.85919],[73.51229,19.85909],[73.51265,19.85889],[73.51272,19.85852],[73.51279,19.85832],[73.51313,19.85824],[73.51326,19.85816],[73.5133,19.85798],[73.51323,19.85783],[73.51299,19.85756],[73.51277,19.85726],[73.51275,19.85712],[73.51285,19.85703],[73.51323,19.85697],[73.51348,19.85704],[73.51367,19.85716],[73.5138,19.85716],[73.51391,19.85707],[73.51397,19.857],[73.51399,19.85691],[73.51395,19.85677],[73.51352,19.85651],[73.51365,19.85622],[73.51367,19.85615],[73.51382,19.85609],[73.51396,19.85592],[73.51394,19.85574],[73.51374,19.85557],[73.51335,19.85539],[73.51327,19.85528],[73.51278,19.85506],[73.51245,19.85512],[73.51234,19.85502],[73.51223,19.85498],[73.51196,19.85497],[73.51184,19.85494],[73.51177,19.85485],[73.5118,19.85477],[73.51229,19.85443],[73.51262,19.85417],[73.51263,19.8539],[73.51252,19.85373],[73.51249,19.85361],[73.51252,19.85354],[73.5126,19.85349],[73.51248,19.853],[73.51264,19.85258],[73.51283,19.85261],[73.51294,19.85255],[73.51298,19.85243],[73.51312,19.8522],[73.51327,19.85186],[73.51319,19.85152],[73.51317,19.85118],[73.51287,19.85084],[73.51279,19.85068],[73.51276,19.85055],[73.51275,19.8502],[73.51284,19.84978],[73.51293,19.84964],[73.51303,19.84955],[73.51359,19.84954],[73.51452,19.84991],[73.51669,19.85106],[73.51677,19.85091],[73.5167,19.85069],[73.51644,19.8504],[73.51616,19.85014],[73.51616,19.85004],[73.51602,19.85007],[73.51593,19.84999],[73.51614,19.84958],[73.51542,19.8494],[73.51531,19.84939],[73.51506,19.84948],[73.51484,19.84939],[73.51469,19.84899],[73.51453,19.84878],[73.51352,19.84824],[73.51298,19.84799],[73.51257,19.84777],[73.51244,19.84773],[73.51215,19.84779],[73.51187,19.84775],[73.51174,19.84765],[73.51143,19.84728],[73.51105,19.84723],[73.51084,19.84723],[73.51072,19.84713],[73.51074,19.847],[73.51102,19.84667],[73.51126,19.84661],[73.5115,19.84652],[73.51173,19.84636],[73.51199,19.84634],[73.51217,19.84627],[73.51229,19.84614],[73.51209,19.84559],[73.51227,19.84551],[73.5127,19.8455],[73.51287,19.84543],[73.51334,19.84475],[73.51355,19.8445],[73.51346,19.84426],[73.51325,19.84389],[73.51318,19.84373],[73.51327,19.84359],[73.51337,19.84353],[73.51352,19.84355],[73.51378,19.84366],[73.51391,19.84365],[73.51396,19.84335],[73.51412,19.84313],[73.51432,19.84305],[73.51491,19.84303],[73.51483,19.84278],[73.51444,19.84261],[73.51411,19.84264],[73.51388,19.84277],[73.51358,19.84281],[73.51342,19.84281],[73.51313,19.84306],[73.51287,19.84309],[73.51268,19.84321],[73.51238,19.84311],[73.51219,19.84308],[73.51205,19.84313],[73.51184,19.84314],[73.51176,19.84312],[73.51177,19.843],[73.51187,19.84289],[73.5121,19.8428],[73.51228,19.84261],[73.51225,19.84249],[73.5121,19.84243],[73.51182,19.84244],[73.51164,19.84251],[73.51157,19.84272],[73.51148,19.8428],[73.51137,19.84279],[73.5114,19.84243],[73.51134,19.84224],[73.51167,19.84209],[73.5121,19.84177],[73.51225,19.84156],[73.51228,19.84138],[73.51238,19.84128],[73.51257,19.84133],[73.51265,19.84143],[73.51274,19.84139],[73.51275,19.84117],[73.51261,19.84093],[73.51214,19.84063],[73.51238,19.84049],[73.51243,19.84036],[73.51247,19.84012],[73.5123,19.83951],[73.51238,19.8394],[73.51263,19.83959],[73.5129,19.8399],[73.51316,19.84025],[73.51351,19.84052],[73.51373,19.84045],[73.51397,19.84002],[73.51391,19.83973],[73.514,19.83938],[73.51398,19.83904],[73.5141,19.83876],[73.51426,19.83878],[73.51439,19.83885],[73.51452,19.83875],[73.51463,19.83871],[73.51475,19.83875],[73.51485,19.83886],[73.51497,19.83894],[73.51505,19.83895],[73.51539,19.8387],[73.51547,19.8386],[73.51548,19.83841],[73.51551,19.83826],[73.51562,19.83795],[73.51572,19.83746],[73.51582,19.83728],[73.51604,19.83706],[73.5162,19.83693],[73.51645,19.83682],[73.51668,19.83663],[73.51682,19.83656],[73.51696,19.83654],[73.51714,19.83648],[73.51729,19.83637],[73.51743,19.83637],[73.51759,19.8367],[73.5178,19.83687],[73.51829,19.83681],[73.51856,19.83695],[73.519,19.83695],[73.51915,19.8371],[73.51943,19.83728],[73.51978,19.83743],[73.52007,19.83745],[73.52042,19.83736],[73.52077,19.83711],[73.52116,19.83704],[73.52118,19.83688],[73.52107,19.83635],[73.52131,19.83604],[73.52142,19.83548],[73.5214,19.83532],[73.52114,19.83491],[73.52097,19.83478],[73.52071,19.8347],[73.52034,19.83473],[73.52018,19.83467],[73.52005,19.83458],[73.51981,19.83456],[73.51964,19.83462],[73.51941,19.8348],[73.51927,19.83495],[73.51912,19.83493],[73.51901,19.83484],[73.51897,19.83459],[73.51875,19.83446],[73.51859,19.83441],[73.51863,19.83422],[73.51894,19.8342],[73.51906,19.83416],[73.51934,19.83355],[73.5195,19.83337],[73.51971,19.83349],[73.51977,19.83348],[73.52007,19.8333],[73.52052,19.83253],[73.52042,19.83205],[73.52012,19.83197],[73.51989,19.83179],[73.51982,19.83164],[73.51962,19.83155],[73.51945,19.83154],[73.51938,19.83152],[73.51893,19.83119],[73.51879,19.83104],[73.51876,19.83093],[73.51879,19.83081],[73.51905,19.83059],[73.51921,19.83041],[73.5192,19.83012],[73.51913,19.82991],[73.51889,19.82953],[73.51884,19.82926],[73.51901,19.82916],[73.51923,19.82913],[73.5194,19.82902],[73.51992,19.8288],[73.52023,19.82873],[73.52049,19.82819],[73.52023,19.82777],[73.51993,19.82757],[73.51952,19.82742],[73.51902,19.82751],[73.51878,19.82861],[73.51862,19.82892],[73.51867,19.82915],[73.5185,19.82933],[73.51834,19.82944],[73.5182,19.83004],[73.51829,19.83055],[73.51828,19.83077],[73.51817,19.83101],[73.5179,19.8311],[73.51675,19.8307],[73.51653,19.83074],[73.51572,19.83164],[73.51563,19.83183],[73.51552,19.83195],[73.5155,19.83212],[73.51537,19.83226],[73.51534,19.83232],[73.51533,19.83245],[73.51526,19.83244],[73.51517,19.83229],[73.51488,19.83227],[73.5145,19.83254],[73.51435,19.83274],[73.51435,19.83298],[73.5145,19.83319],[73.51452,19.83334],[73.51446,19.83357],[73.51439,19.83363],[73.5142,19.83367],[73.51421,19.83388],[73.51456,19.83402],[73.51455,19.83424],[73.51443,19.83424],[73.51404,19.83402],[73.51389,19.83402],[73.51379,19.83429],[73.51352,19.83432],[73.51302,19.83426],[73.51279,19.83431],[73.51264,19.83447],[73.51261,19.83466],[73.51235,19.83518],[73.51246,19.83534],[73.51225,19.83535],[73.51196,19.83533],[73.51172,19.83542],[73.5117,19.83569],[73.5114,19.83594],[73.51122,19.83599],[73.51111,19.83595],[73.51113,19.83562],[73.51139,19.83517],[73.51136,19.83496],[73.51118,19.83482],[73.51107,19.8348],[73.51082,19.83485],[73.51029,19.83487],[73.51009,19.83435],[73.51054,19.83436],[73.51098,19.83435],[73.51137,19.8343],[73.51151,19.83408],[73.51135,19.83384],[73.51132,19.83372],[73.51133,19.83363],[73.5115,19.83355],[73.51158,19.83338],[73.51148,19.83315],[73.51162,19.83302],[73.51168,19.8329],[73.51165,19.83261],[73.51154,19.83226],[73.51151,19.83173],[73.51177,19.8317],[73.51198,19.83161],[73.51215,19.83135],[73.51233,19.83081],[73.51238,19.83058],[73.51238,19.83052],[73.51339,19.8277],[73.51175,19.82909],[73.51072,19.8307],[73.51037,19.82925],[73.50917,19.82844],[73.51055,19.82828],[73.51106,19.82683],[73.5102,19.82683],[73.51037,19.8257],[73.51089,19.82473],[73.51022,19.82393],[73.51026,19.82369],[73.51031,19.82272],[73.51029,19.82221],[73.50982,19.82186],[73.50969,19.82173],[73.50963,19.82162],[73.50964,19.82143],[73.50989,19.82049],[73.50992,19.82032],[73.50976,19.82032],[73.50966,19.82053],[73.5095,19.82099],[73.50942,19.82137],[73.50943,19.82159],[73.50951,19.82179],[73.50959,19.82195],[73.50985,19.82221],[73.51003,19.82241],[73.51012,19.82254],[73.5101,19.82296],[73.51003,19.82363],[73.51001,19.82393],[73.50982,19.82403],[73.50977,19.82433],[73.50974,19.8244],[73.50957,19.82463],[73.50949,19.82467],[73.5092,19.82466],[73.50877,19.82473],[73.50867,19.82478],[73.5085,19.82495],[73.50843,19.82497],[73.50841,19.82505],[73.50843,19.82519],[73.5085,19.82546],[73.50843,19.82565],[73.5082,19.82594],[73.50822,19.82602],[73.50835,19.82624],[73.5083,19.8264],[73.50822,19.82646],[73.50794,19.8266],[73.50777,19.82671],[73.50767,19.82676],[73.50761,19.82676],[73.50758,19.82678],[73.50757,19.82685],[73.50748,19.82688],[73.50736,19.82688],[73.50732,19.8269],[73.5073,19.82695],[73.50727,19.82695],[73.50717,19.82684],[73.50712,19.82662],[73.50708,19.82662],[73.50691,19.82654],[73.50684,19.82653],[73.50683,19.82657],[73.50677,19.82656],[73.50672,19.82652],[73.50672,19.82648],[73.50667,19.82646],[73.50645,19.82645],[73.50643,19.82646],[73.50645,19.82657],[73.50639,19.82659],[73.50639,19.82662],[73.50643,19.82687],[73.50646,19.82693],[73.50654,19.82691],[73.5066,19.82692],[73.5066,19.82695],[73.50651,19.82696],[73.50649,19.82699],[73.5065,19.82706],[73.50656,19.8271],[73.50667,19.82712],[73.50672,19.82715],[73.50673,19.82721],[73.5067,19.82722],[73.5066,19.82721],[73.50657,19.82724],[73.50654,19.82751],[73.50651,19.82756],[73.50646,19.82756],[73.50644,19.82753],[73.50644,19.82748],[73.50638,19.82745],[73.50621,19.82744],[73.50619,19.8275],[73.50613,19.82753],[73.50617,19.82772],[73.50617,19.82778],[73.50614,19.82783],[73.50608,19.82783],[73.50608,19.82779],[73.50602,19.82777],[73.50582,19.82776],[73.50579,19.82785],[73.5056,19.82816],[73.50557,19.82832],[73.50557,19.82847],[73.50559,19.82853],[73.50572,19.8285],[73.50574,19.82858],[73.5058,19.82861],[73.50595,19.82858],[73.50595,19.82855],[73.506,19.82852],[73.50603,19.82847],[73.50606,19.82837],[73.50605,19.82832],[73.50595,19.82831],[73.50595,19.82828],[73.50602,19.82826],[73.50622,19.82827],[73.50619,19.82831],[73.50615,19.82833],[73.50613,19.82838],[73.50615,19.82846],[73.50613,19.82863],[73.50622,19.82869],[73.50639,19.82875],[73.50651,19.82886],[73.50662,19.82912],[73.50639,19.82911],[73.5062,19.82904],[73.50605,19.82906],[73.50602,19.82909],[73.50601,19.82913],[73.50605,19.82928],[73.50615,19.82941],[73.50639,19.82957],[73.50645,19.82958],[73.50648,19.82955],[73.50648,19.82951],[73.5065,19.82948],[73.50659,19.82946],[73.5066,19.8295],[73.50656,19.82956],[73.50675,19.82958],[73.50686,19.82963],[73.50689,19.82963],[73.50691,19.82955],[73.50694,19.82955],[73.50708,19.82963],[73.50716,19.82969],[73.50726,19.82985],[73.50726,19.82988],[73.50722,19.82989],[73.50702,19.82983],[73.50704,19.82987],[73.50726,19.82998],[73.50727,19.83001],[73.50729,19.83007],[73.50728,19.83021],[73.50723,19.83029],[73.50718,19.83032],[73.50702,19.83034],[73.50693,19.83031],[73.50677,19.83018],[73.50647,19.83015],[73.50639,19.83012],[73.50635,19.83008],[73.50605,19.82996],[73.50574,19.82993],[73.50563,19.82993],[73.5056,19.82996],[73.50555,19.82997],[73.50541,19.82988],[73.50529,19.82987],[73.50498,19.82993],[73.50487,19.82989],[73.50456,19.82986],[73.50432,19.82981],[73.50423,19.82972],[73.50419,19.8297],[73.50415,19.82972],[73.50418,19.83],[73.50421,19.8301],[73.50435,19.83023],[73.50466,19.83025],[73.5054,19.83038],[73.5055,19.83045],[73.50553,19.83052],[73.50556,19.83077],[73.50563,19.83104],[73.50563,19.83121],[73.5056,19.83127],[73.50555,19.83126],[73.50553,19.83123],[73.50541,19.83128],[73.50536,19.83139],[73.50535,19.83158],[73.50543,19.83171],[73.5056,19.83176],[73.5057,19.83184],[73.50573,19.832],[73.50571,19.83206],[73.50568,19.83206],[73.50567,19.83211],[73.5057,19.83241],[73.50572,19.83248],[73.5058,19.83254],[73.5058,19.83259],[73.50591,19.8326],[73.50632,19.83256],[73.50636,19.83264],[73.50639,19.8328],[73.50643,19.8328],[73.50646,19.83283],[73.50646,19.83288],[73.50648,19.83291],[73.50654,19.83291],[73.50654,19.83295],[73.50649,19.83298],[73.50643,19.83298],[73.50639,19.83295],[73.50639,19.8329],[73.50637,19.83287],[73.50633,19.83287],[73.50629,19.83285],[73.50626,19.83274],[73.50623,19.83272],[73.50601,19.8327],[73.50595,19.83271],[73.50595,19.83276],[73.50598,19.83279],[73.50606,19.8328],[73.5061,19.83284],[73.5061,19.83287],[73.506,19.83295],[73.50604,19.833],[73.50602,19.83304],[73.50597,19.83304],[73.50595,19.83307],[73.50595,19.83313],[73.50599,19.83316],[73.50609,19.83317],[73.50613,19.8332],[73.50613,19.83324],[73.50596,19.8333],[73.50589,19.83327],[73.50572,19.83311],[73.50567,19.83308],[73.5056,19.83296],[73.50551,19.83288],[73.50537,19.83279],[73.50524,19.83273],[73.50507,19.83271],[73.50494,19.83284],[73.50488,19.83295],[73.50471,19.83306],[73.5047,19.83311],[73.50477,19.83319],[73.50484,19.83322],[73.50498,19.83323],[73.50498,19.83326],[73.50487,19.8333],[73.50472,19.83331],[73.5046,19.83324],[73.50457,19.83314],[73.50462,19.83297],[73.50463,19.83273],[73.5046,19.83272],[73.50457,19.83252],[73.50453,19.83246],[73.50449,19.83246],[73.50446,19.83242],[73.50446,19.83235],[73.50447,19.83231],[73.50461,19.83228],[73.50451,19.83215],[73.50432,19.83209],[73.50414,19.83198],[73.50409,19.83193],[73.50409,19.8319],[73.50404,19.83187],[73.50394,19.83184],[73.50388,19.83184],[73.50384,19.83189],[73.5038,19.83185],[73.50381,19.83178],[73.50376,19.83175],[73.50365,19.83176],[73.50346,19.83182],[73.50338,19.83187],[73.5033,19.83195],[73.50314,19.83216],[73.50306,19.83217],[73.50291,19.83217],[73.50265,19.83209],[73.50257,19.83202],[73.50246,19.83176],[73.50242,19.83171],[73.50219,19.83169],[73.50212,19.83171],[73.50204,19.83181],[73.50188,19.83185],[73.50184,19.83187],[73.50184,19.83192],[73.50177,19.83193],[73.50174,19.83192],[73.50174,19.83188],[73.50179,19.83181],[73.50177,19.83179],[73.50171,19.83179],[73.50167,19.83176],[73.50163,19.83163],[73.50163,19.83158],[73.50165,19.83156],[73.50172,19.83155],[73.50172,19.8315],[73.50169,19.83147],[73.50161,19.83146],[73.50158,19.83141],[73.50157,19.83128],[73.5015,19.83117],[73.50146,19.83115],[73.5014,19.83115],[73.50103,19.83053],[73.50094,19.83049],[73.50084,19.83048],[73.50074,19.83052],[73.50064,19.83059],[73.5006,19.83066],[73.5006,19.83071],[73.50063,19.83078],[73.50077,19.83095],[73.50079,19.83112],[73.50087,19.83126],[73.50089,19.83138],[73.50077,19.83136],[73.50073,19.83136],[73.5007,19.83141],[73.50061,19.83144],[73.5005,19.83144],[73.50025,19.83128],[73.50018,19.83126],[73.50005,19.83128],[73.5,19.8313],[73.49998,19.83134],[73.50001,19.83137],[73.50003,19.83144],[73.49995,19.83145],[73.49992,19.83149],[73.49991,19.83156],[73.49994,19.8316],[73.49998,19.8316],[73.50001,19.83163],[73.50001,19.83168],[73.50005,19.8317],[73.50014,19.8317],[73.50021,19.83178],[73.50024,19.83192],[73.50037,19.83196],[73.50042,19.83205],[73.50046,19.83209],[73.50067,19.83217],[73.50074,19.83225],[73.50077,19.83232],[73.50082,19.83233],[73.50098,19.83232],[73.50108,19.83238],[73.50122,19.83249],[73.50143,19.83276],[73.50162,19.83292],[73.5017,19.83296],[73.50208,19.83306],[73.50212,19.8331],[73.50211,19.83318],[73.50208,19.83324],[73.50209,19.8333],[73.50214,19.83335],[73.5022,19.83337],[73.50229,19.83337],[73.50235,19.8334],[73.50239,19.83346],[73.50245,19.83349],[73.50253,19.83349],[73.50257,19.83351],[73.50257,19.83355],[73.50251,19.83363],[73.50252,19.83371],[73.50283,19.83395],[73.50283,19.834],[73.5028,19.83404],[73.50253,19.83391],[73.50243,19.83394],[73.50239,19.83402],[73.50232,19.83401],[73.50229,19.8339],[73.50219,19.83384],[73.50215,19.83378],[73.50213,19.8337],[73.50206,19.83362],[73.50184,19.83351],[73.50172,19.83352],[73.50163,19.83355],[73.50158,19.83358],[73.50158,19.83362],[73.50139,19.83365],[73.50127,19.83359],[73.50124,19.83354],[73.50119,19.8335],[73.50101,19.83343],[73.50091,19.83344],[73.50083,19.83347],[73.50076,19.83359],[73.50076,19.83366],[73.50081,19.8337],[73.50105,19.83373],[73.50107,19.83376],[73.50105,19.83384],[73.50098,19.83396],[73.50091,19.83395],[73.50076,19.83389],[73.50063,19.83389],[73.50053,19.83392],[73.50046,19.83397],[73.50036,19.83418],[73.50029,19.83419],[73.50025,19.83416],[73.50017,19.83395],[73.50011,19.83388],[73.49991,19.83372],[73.49985,19.83347],[73.49977,19.83337],[73.49967,19.83332],[73.49954,19.83329],[73.49932,19.83328],[73.49925,19.83326],[73.49909,19.83311],[73.49899,19.83307],[73.49871,19.83307],[73.49859,19.83305],[73.4985,19.83307],[73.49844,19.83319],[73.49849,19.83322],[73.49851,19.83332],[73.49851,19.83351],[73.49846,19.83365],[73.49837,19.8337],[73.49832,19.83377],[73.49836,19.83391],[73.4984,19.83396],[73.49845,19.83399],[73.4985,19.83399],[73.49853,19.83402],[73.49852,19.83415],[73.4985,19.83419],[73.49852,19.83423],[73.49867,19.83439],[73.49889,19.8347],[73.49884,19.83483],[73.49874,19.83494],[73.49866,19.83506],[73.49861,19.83554],[73.4987,19.83572],[73.49889,19.8359],[73.49903,19.836],[73.49911,19.83602],[73.49919,19.83607],[73.49925,19.83614],[73.4993,19.83618],[73.49935,19.83618],[73.49944,19.83626],[73.4995,19.83629],[73.49958,19.83629],[73.49961,19.83626],[73.4996,19.83618],[73.49942,19.83596],[73.49933,19.83578],[73.4993,19.83569],[73.4993,19.83554],[73.49932,19.8355],[73.4995,19.83539],[73.49958,19.83528],[73.49972,19.83499],[73.4999,19.83496],[73.49996,19.83497],[73.49998,19.83504],[73.49995,19.8351],[73.4999,19.83513],[73.49987,19.83518],[73.49981,19.83536],[73.49977,19.83561],[73.49979,19.8357],[73.49985,19.83573],[73.49988,19.83578],[73.4999,19.83588],[73.49996,19.83586],[73.50005,19.83588],[73.50018,19.83605],[73.50034,19.83618],[73.5004,19.83621],[73.50058,19.83617],[73.50073,19.83619],[73.50079,19.83614],[73.50093,19.83594],[73.50107,19.8358],[73.50116,19.83573],[73.50119,19.83573],[73.50139,19.83557],[73.50139,19.83554],[73.5015,19.83536],[73.50153,19.83527],[73.50151,19.83512],[73.50159,19.83497],[73.50163,19.835],[73.50161,19.83516],[73.50164,19.83523],[73.50178,19.83537],[73.50188,19.83539],[73.50184,19.83546],[73.50176,19.83553],[73.50168,19.83557],[73.50165,19.83564],[73.50163,19.83589],[73.50169,19.836],[73.5018,19.83607],[73.50192,19.83611],[73.50207,19.83611],[73.50216,19.83615],[73.50225,19.83625],[73.5023,19.83626],[73.50226,19.83631],[73.50218,19.83634],[73.50217,19.83637],[73.50226,19.83643],[73.50226,19.83649],[73.50231,19.83652],[73.50266,19.8365],[73.50277,19.83658],[73.50288,19.83661],[73.503,19.83656],[73.50306,19.83643],[73.50315,19.83638],[73.50328,19.83648],[73.50384,19.83648],[73.50406,19.83657],[73.5041,19.83672],[73.50407,19.83682],[73.50401,19.83684],[73.50362,19.83684],[73.50356,19.83687],[73.50346,19.83699],[73.50338,19.83721],[73.50319,19.83732],[73.50313,19.83741],[73.50287,19.83754],[73.50296,19.83782],[73.50302,19.8379],[73.50317,19.83839],[73.50313,19.8385],[73.50305,19.83856],[73.50298,19.83855],[73.503,19.83841],[73.50295,19.83833],[73.50289,19.83832],[73.50258,19.83842],[73.50254,19.83841],[73.50246,19.83822],[73.50213,19.83766],[73.50183,19.83736],[73.50166,19.83728],[73.50158,19.83734],[73.50154,19.83746],[73.50135,19.83753],[73.50077,19.83733],[73.50058,19.83734],[73.50041,19.83744],[73.5003,19.83762],[73.5005,19.83783],[73.50074,19.83797],[73.50082,19.83806],[73.50037,19.8382],[73.50016,19.83816],[73.49994,19.83801],[73.49981,19.83783],[73.49962,19.83747],[73.49944,19.83748],[73.49921,19.83758],[73.49917,19.83762],[73.49917,19.83773],[73.49919,19.83786],[73.49928,19.83806],[73.49941,19.83815],[73.49982,19.83819],[73.49989,19.83823],[73.5,19.83842],[73.50015,19.83844],[73.50017,19.83859],[73.50023,19.83869],[73.50048,19.83877],[73.5009,19.83882],[73.50096,19.83886],[73.50103,19.83908],[73.50143,19.83919],[73.50168,19.83918],[73.50172,19.83919],[73.5018,19.83928],[73.50195,19.83933],[73.50195,19.83937],[73.50184,19.83942],[73.50173,19.83942],[73.50164,19.83936],[73.50146,19.83936],[73.50136,19.8394],[73.50122,19.83953],[73.50118,19.83973],[73.50113,19.83975],[73.501,19.8397],[73.50076,19.83948],[73.50056,19.83944],[73.50013,19.83956],[73.49986,19.83958],[73.49979,19.83968],[73.49979,19.83976],[73.49987,19.83992],[73.5001,19.84008],[73.50015,19.84015],[73.50012,19.84043],[73.50017,19.8405],[73.50027,19.84054],[73.50074,19.84058],[73.5011,19.84076],[73.50118,19.84069],[73.50126,19.84068],[73.50176,19.84081],[73.50178,19.84096],[73.50125,19.84122],[73.50084,19.84161],[73.50081,19.84167],[73.50083,19.84171],[73.50091,19.84174],[73.50123,19.84176],[73.50184,19.84194],[73.50202,19.84192],[73.50215,19.842],[73.50218,19.84209],[73.50205,19.84215],[73.50143,19.84226],[73.50102,19.84238],[73.50064,19.84254],[73.50052,19.84263],[73.50029,19.84246],[73.49973,19.84196],[73.49969,19.84194],[73.49966,19.84197],[73.49955,19.84209],[73.49953,19.8422],[73.4996,19.84222],[73.5002,19.84286],[73.50048,19.84321],[73.50037,19.84362],[73.50025,19.84395],[73.49981,19.84338],[73.4997,19.84337],[73.49899,19.84352],[73.49898,19.84356],[73.49905,19.84369],[73.49908,19.84388],[73.49908,19.84393],[73.499,19.84407],[73.499,19.84418],[73.49907,19.84429],[73.49916,19.84435],[73.49951,19.84451],[73.49998,19.84491],[73.49961,19.84509],[73.4996,19.84516],[73.49951,19.84526],[73.49949,19.84543],[73.49947,19.84543],[73.49944,19.84538],[73.49944,19.84477],[73.49929,19.84479],[73.49859,19.84506],[73.49852,19.84511],[73.49854,19.84565],[73.49839,19.84566],[73.49784,19.8456],[73.49786,19.8453],[73.49781,19.84516],[73.49771,19.84509],[73.49753,19.84503],[73.49717,19.84497],[73.497,19.84461],[73.497,19.84457],[73.49713,19.84444],[73.49748,19.8443],[73.49755,19.84414],[73.49758,19.84393],[73.49767,19.84376],[73.49767,19.84353],[73.49757,19.84336],[73.49739,19.8433],[73.49708,19.84329],[73.49703,19.84328],[73.49702,19.84322],[73.49709,19.8431],[73.49737,19.84292],[73.49746,19.84282],[73.49748,19.84272],[73.49756,19.84272],[73.49759,19.84268],[73.49763,19.84258],[73.49765,19.84229],[73.49762,19.84222],[73.49748,19.84212],[73.49749,19.84198],[73.49763,19.84185],[73.49766,19.84177],[73.49777,19.84171],[73.49782,19.84155],[73.49784,19.84138],[73.49778,19.84127],[73.49754,19.8412],[73.4975,19.84116],[73.49744,19.84095],[73.49742,19.84073],[73.49739,19.84067],[73.49722,19.84067],[73.49689,19.84078],[73.49684,19.84069],[73.49682,19.84052],[73.49684,19.84025],[73.49686,19.84021],[73.49715,19.84015],[73.49707,19.84004],[73.49706,19.83995],[73.4971,19.83985],[73.49722,19.83976],[73.49729,19.83965],[73.49734,19.83951],[73.49737,19.83927],[73.49734,19.83908],[73.49727,19.839],[73.49717,19.83895],[73.49689,19.83895],[73.49631,19.83901],[73.49628,19.83898],[73.49626,19.83886],[73.4963,19.83879],[73.49654,19.83866],[73.49675,19.83843],[73.4971,19.83817],[73.49719,19.83806],[73.4972,19.83794],[73.49717,19.83776],[73.49725,19.83754],[73.49724,19.83741],[73.49702,19.83724],[73.49688,19.83703],[73.49677,19.837],[73.49666,19.83703],[73.49672,19.83743],[73.49673,19.83761],[73.4967,19.83767],[73.49662,19.83767],[73.49642,19.83755],[73.49635,19.83755],[73.49631,19.83763],[73.49629,19.8379],[73.49584,19.83798],[73.49578,19.83796],[73.49575,19.83794],[73.49575,19.83775],[73.49578,19.83757],[73.49577,19.83739],[73.49563,19.83693],[73.49546,19.83651],[73.49539,19.83625],[73.4953,19.83606],[73.49519,19.83603],[73.49509,19.83606],[73.49502,19.83627],[73.49502,19.83645],[73.49506,19.83673],[73.49514,19.8369],[73.49513,19.83741],[73.49546,19.83828],[73.49537,19.83848],[73.4952,19.83854],[73.49508,19.83854],[73.49505,19.83851],[73.49508,19.83838],[73.49506,19.83827],[73.49498,19.83814],[73.49482,19.83802],[73.4946,19.83777],[73.49433,19.83795],[73.49413,19.83798],[73.49396,19.83796],[73.49397,19.83783],[73.49408,19.83777],[73.4942,19.83763],[73.49429,19.83746],[73.49429,19.83742],[73.49426,19.83736],[73.49411,19.83722],[73.49393,19.83712],[73.49376,19.8371],[73.49354,19.83667],[73.4934,19.83665],[73.49286,19.8368],[73.49268,19.83679],[73.49261,19.8366],[73.49264,19.83627],[73.49263,19.83613],[73.49259,19.83604],[73.49245,19.83591],[73.49224,19.83583],[73.49212,19.8358],[73.49198,19.83583],[73.4919,19.83604],[73.49178,19.83618],[73.49175,19.8363],[73.49145,19.83645],[73.49142,19.83651],[73.49171,19.83666],[73.49196,19.83673],[73.49227,19.83688],[73.49244,19.83701],[73.49248,19.83718],[73.4926,19.83725],[73.49274,19.8373],[73.49325,19.83735],[73.49338,19.83739],[73.49352,19.83747],[73.49366,19.83763],[73.49369,19.83773],[73.49368,19.83779],[73.49356,19.83791],[73.49355,19.83817],[73.49335,19.83818],[73.49314,19.83796],[73.49299,19.83792],[73.49292,19.83793],[73.49284,19.83798],[73.49274,19.8381],[73.49274,19.83817],[73.49318,19.83838],[73.49347,19.83844],[73.49372,19.83867],[73.49389,19.83876],[73.4943,19.83886],[73.49425,19.83897],[73.49429,19.83906],[73.49429,19.83921],[73.49425,19.83928],[73.49404,19.83932],[73.49386,19.83924],[73.49371,19.83927],[73.49352,19.83926],[73.49333,19.83946],[73.49332,19.83958],[73.49346,19.83978],[73.4935,19.83995],[73.49413,19.84008],[73.49456,19.84007],[73.49465,19.83996],[73.49485,19.83984],[73.49484,19.83973],[73.49489,19.83971],[73.49495,19.83972],[73.49501,19.83982],[73.495,19.83991],[73.49483,19.84006],[73.49481,19.84015],[73.49484,19.84021],[73.49484,19.84028],[73.49467,19.84036],[73.49466,19.84054],[73.4946,19.84057],[73.49435,19.84056],[73.49417,19.84061],[73.49409,19.8407],[73.49408,19.84084],[73.49417,19.84093],[73.49416,19.841],[73.4942,19.84105],[73.49461,19.84124],[73.49487,19.8414],[73.49509,19.84144],[73.4953,19.84143],[73.49543,19.8415],[73.49531,19.84161],[73.49524,19.84217],[73.49509,19.84228],[73.49495,19.84231],[73.49482,19.8423],[73.49452,19.84205],[73.49436,19.84197],[73.4942,19.84196],[73.49401,19.84207],[73.49391,19.84221],[73.49375,19.8427],[73.49361,19.84293],[73.49362,19.84347],[73.49346,19.84353],[73.49347,19.84383],[73.4933,19.84384],[73.49335,19.84378],[73.49334,19.84362],[73.49311,19.8433],[73.49308,19.84319],[73.493,19.84318],[73.49286,19.84291],[73.49273,19.84252],[73.49279,19.8424],[73.49282,19.84225],[73.493,19.842],[73.49304,19.84189],[73.49301,19.84167],[73.49298,19.84163],[73.49287,19.8416],[73.49289,19.84152],[73.49287,19.84142],[73.4928,19.84135],[73.49265,19.84129],[73.49255,19.8412],[73.49248,19.84093],[73.49244,19.84088],[73.49238,19.84087],[73.49228,19.84087],[73.49213,19.84094],[73.49193,19.84112],[73.49191,19.84136],[73.49176,19.84138],[73.49153,19.84127],[73.49148,19.84122],[73.49134,19.84085],[73.49138,19.84058],[73.49137,19.84031],[73.49119,19.84032],[73.49108,19.83993],[73.49093,19.83982],[73.49081,19.83977],[73.49078,19.84013],[73.49088,19.84052],[73.491,19.84068],[73.49109,19.84102],[73.491,19.8411],[73.49097,19.84141],[73.49101,19.84177],[73.49108,19.84194],[73.49115,19.84236],[73.49128,19.84254],[73.49166,19.84278],[73.49178,19.84281],[73.49189,19.84278],[73.49195,19.84281],[73.49196,19.84284],[73.49173,19.84299],[73.49161,19.84315],[73.49156,19.84332],[73.49155,19.8435],[73.49159,19.84406],[73.49158,19.84443],[73.49164,19.84455],[73.49172,19.84488],[73.49192,19.84521],[73.49193,19.84538],[73.49188,19.84541],[73.49183,19.8454],[73.49168,19.84527],[73.49155,19.84522],[73.49145,19.84503],[73.49131,19.84491],[73.49083,19.84495],[73.49068,19.84489],[73.49066,19.84483],[73.49076,19.84476],[73.49078,19.84461],[73.49059,19.84428],[73.49051,19.84407],[73.49042,19.84401],[73.49005,19.84404],[73.48999,19.84402],[73.48988,19.84392],[73.48989,19.84348],[73.49001,19.84341],[73.49017,19.84318],[73.49015,19.84293],[73.48995,19.84271],[73.48973,19.84267],[73.48953,19.84259],[73.48942,19.84247],[73.48931,19.84223],[73.48911,19.84223],[73.48896,19.84227],[73.48896,19.84258],[73.4888,19.84272],[73.48876,19.84281],[73.48879,19.8431],[73.48894,19.84324],[73.48898,19.84336],[73.48909,19.84341],[73.48918,19.84354],[73.48918,19.84377],[73.48925,19.84392],[73.48924,19.84407],[73.48914,19.84409],[73.489,19.84407],[73.48846,19.84383],[73.48839,19.84382],[73.48798,19.84387],[73.48794,19.84393],[73.48801,19.84426],[73.48809,19.84439],[73.48823,19.8445],[73.48834,19.84454],[73.48885,19.84457],[73.48887,19.84468],[73.48917,19.84463],[73.48931,19.84466],[73.48932,19.84475],[73.48919,19.84495],[73.48916,19.84511],[73.48913,19.8452],[73.48911,19.8452],[73.4892,19.84546],[73.4892,19.84551],[73.48923,19.84554],[73.48928,19.84556],[73.48949,19.8456],[73.48955,19.84558],[73.48956,19.84553],[73.48962,19.84542],[73.48966,19.84539],[73.4898,19.84536],[73.48986,19.84539],[73.4899,19.84546],[73.49001,19.84548],[73.49006,19.84551],[73.4901,19.8456],[73.49014,19.8456],[73.49017,19.84562],[73.49015,19.84572],[73.49012,19.84576],[73.4894,19.84588],[73.48933,19.84596],[73.48934,19.84606],[73.4894,19.84621],[73.48943,19.84623],[73.48957,19.84627],[73.48971,19.84633],[73.48987,19.84644],[73.4899,19.8465],[73.48987,19.84664],[73.48982,19.84668],[73.48974,19.84669],[73.48971,19.84681],[73.48968,19.84681],[73.48967,19.84672],[73.48963,19.84667],[73.48954,19.84666],[73.48948,19.84671],[73.4894,19.84707],[73.4894,19.84726],[73.48943,19.84742],[73.48956,19.84768],[73.48963,19.84771],[73.49005,19.84773],[73.49013,19.84778],[73.49018,19.84788],[73.49018,19.84793],[73.49023,19.848],[73.49034,19.84812],[73.49061,19.84829],[73.49059,19.84835],[73.49051,19.84835],[73.49029,19.84829],[73.49001,19.8483],[73.48995,19.84834],[73.48988,19.84834],[73.48981,19.84828],[73.48975,19.84829],[73.4896,19.84841],[73.48951,19.84845],[73.48949,19.84853],[73.48959,19.84874],[73.48959,19.84879],[73.48963,19.84886],[73.48976,19.84899],[73.48985,19.849],[73.48989,19.84894],[73.48991,19.84894],[73.49017,19.84901],[73.49037,19.84911],[73.49037,19.84914],[73.49034,19.84915],[73.49013,19.84916],[73.49001,19.84921],[73.48988,19.84931],[73.48982,19.84942],[73.48979,19.84979],[73.48982,19.84986],[73.48987,19.84991],[73.4899,19.85001],[73.4899,19.85025],[73.48985,19.85035],[73.48983,19.85051],[73.48979,19.8506],[73.48974,19.85061],[73.48958,19.8506],[73.48953,19.85062],[73.48949,19.85082],[73.48958,19.85112],[73.48957,19.85116],[73.48951,19.85116],[73.4895,19.85115],[73.48948,19.85102],[73.48942,19.85099],[73.4894,19.85095],[73.48932,19.8507],[73.48927,19.85025],[73.48921,19.85003],[73.48914,19.84998],[73.48893,19.84988],[73.48888,19.84987],[73.4888,19.84988],[73.48872,19.84992],[73.48859,19.85002],[73.4883,19.84998],[73.48821,19.84995],[73.48817,19.8499],[73.48814,19.84944],[73.48805,19.84938],[73.48805,19.84929],[73.48811,19.84914],[73.48818,19.84909],[73.4882,19.84904],[73.48817,19.84881],[73.48809,19.84869],[73.48793,19.8486],[73.48787,19.84853],[73.48792,19.84817],[73.48795,19.84807],[73.48799,19.84806],[73.488,19.84801],[73.48793,19.84778],[73.48786,19.84766],[73.48757,19.84737],[73.48754,19.84727],[73.48747,19.84725],[73.48746,19.84719],[73.48746,19.84709],[73.4874,19.84698],[73.48728,19.84688],[73.48717,19.84684],[73.48709,19.84686],[73.48699,19.84694],[73.48686,19.84709],[73.48673,19.84721],[73.48663,19.84722],[73.48644,19.84717],[73.48636,19.84719],[73.48628,19.84727],[73.48625,19.84736],[73.48624,19.84752],[73.48632,19.84753],[73.48639,19.84761],[73.48664,19.84796],[73.48662,19.84803],[73.48653,19.84809],[73.48607,19.84802],[73.48589,19.84805],[73.48576,19.84817],[73.48571,19.84831],[73.48571,19.84864],[73.48548,19.84871],[73.48541,19.84877],[73.48542,19.84896],[73.48539,19.8492],[73.48539,19.84936],[73.48542,19.84949],[73.4855,19.84964],[73.48554,19.84965],[73.48557,19.84974],[73.48552,19.84975],[73.48546,19.84974],[73.48537,19.84969],[73.48528,19.84962],[73.48521,19.84954],[73.48513,19.84949],[73.48506,19.84947],[73.48499,19.84949],[73.48494,19.84954],[73.4849,19.84963],[73.48489,19.84976],[73.4849,19.84983],[73.48495,19.84986],[73.48506,19.85005],[73.48508,19.85013],[73.48507,19.85023],[73.48506,19.85029],[73.48502,19.85032],[73.48495,19.8503],[73.4849,19.8501],[73.4848,19.85004],[73.48475,19.85004],[73.48473,19.85006],[73.48476,19.85021],[73.48456,19.85042],[73.48454,19.85052],[73.48447,19.85051],[73.4844,19.85043],[73.48436,19.85033],[73.48434,19.85013],[73.48432,19.85006],[73.48426,19.85005],[73.48422,19.8501],[73.48418,19.85023],[73.4841,19.85033],[73.48392,19.85046],[73.48382,19.85047],[73.48381,19.85045],[73.48383,19.85034],[73.48387,19.85024],[73.48389,19.84999],[73.48386,19.8499],[73.48379,19.84979],[73.48378,19.84967],[73.48381,19.84962],[73.48388,19.84957],[73.48397,19.84954],[73.4841,19.84937],[73.48414,19.84926],[73.48413,19.84906],[73.48424,19.84899],[73.48431,19.8489],[73.48438,19.84877],[73.48444,19.84849],[73.48443,19.8484],[73.48438,19.84834],[73.48438,19.84828],[73.48453,19.84808],[73.48457,19.84798],[73.48456,19.84763],[73.4846,19.84755],[73.48467,19.84755],[73.48472,19.84749],[73.48479,19.8473],[73.48487,19.84725],[73.48508,19.84725],[73.48514,19.84723],[73.48515,19.84719],[73.48532,19.84693],[73.48544,19.84683],[73.48548,19.84675],[73.48569,19.84649],[73.48605,19.8462],[73.48617,19.84606],[73.48626,19.84586],[73.48628,19.84585],[73.4863,19.84581],[73.48634,19.84534],[73.48629,19.84531],[73.48628,19.84507],[73.48609,19.84473],[73.48598,19.84465],[73.48586,19.8446],[73.48555,19.84459],[73.48552,19.84461],[73.4855,19.84474],[73.48543,19.84483],[73.48539,19.84486],[73.48531,19.84487],[73.48529,19.84483],[73.48529,19.84476],[73.48539,19.84458],[73.48533,19.84458],[73.48531,19.84448],[73.48539,19.84438],[73.48545,19.84435],[73.48552,19.84435],[73.48557,19.8443],[73.48557,19.84419],[73.48571,19.84413],[73.48575,19.84406],[73.48575,19.84389],[73.48577,19.84384],[73.48587,19.84376],[73.48605,19.84367],[73.4862,19.84361],[73.48632,19.84359],[73.48641,19.84354],[73.4865,19.84339],[73.48652,19.8433],[73.48648,19.84326],[73.4864,19.84328],[73.48608,19.84328],[73.48603,19.84324],[73.48597,19.84314],[73.48587,19.84284],[73.48581,19.84279],[73.48581,19.84274],[73.48584,19.84269],[73.48597,19.84259],[73.48604,19.84255],[73.4862,19.84254],[73.48626,19.84249],[73.48628,19.84231],[73.48623,19.84231],[73.48619,19.84201],[73.48621,19.84183],[73.48651,19.84163],[73.48669,19.84144],[73.48673,19.8413],[73.48671,19.84126],[73.48661,19.84117],[73.48653,19.84107],[73.48647,19.8409],[73.4865,19.84053],[73.48658,19.84038],[73.48659,19.84031],[73.48658,19.84017],[73.48653,19.84007],[73.48628,19.84021],[73.48619,19.84029],[73.48615,19.8404],[73.48612,19.84042],[73.48571,19.84057],[73.48565,19.84071],[73.4856,19.84088],[73.48557,19.84117],[73.48543,19.84162],[73.48504,19.84166],[73.4849,19.84168],[73.48487,19.84171],[73.48486,19.84195],[73.48502,19.84284],[73.48496,19.84287],[73.4849,19.84287],[73.48475,19.84283],[73.48469,19.84276],[73.48462,19.84279],[73.48449,19.84289],[73.48442,19.84299],[73.48439,19.84316],[73.48429,19.84329],[73.48406,19.84335],[73.48399,19.84335],[73.48395,19.84338],[73.48392,19.84346],[73.48377,19.8436],[73.48353,19.8438],[73.48351,19.84392],[73.48356,19.84412],[73.48362,19.84427],[73.48379,19.84451],[73.48385,19.8449],[73.48379,19.84519],[73.48373,19.84528],[73.48365,19.84528],[73.48358,19.84534],[73.48345,19.84557],[73.4834,19.84575],[73.48344,19.84583],[73.48344,19.84612],[73.48345,19.84621],[73.48347,19.84621],[73.48348,19.84633],[73.48355,19.84637],[73.48379,19.84642],[73.48387,19.84647],[73.48385,19.84658],[73.48383,19.84661],[73.4838,19.84661],[73.48379,19.84663],[73.48379,19.84671],[73.48371,19.84672],[73.48364,19.84682],[73.48359,19.84685],[73.48341,19.84691],[73.4833,19.84697],[73.48323,19.84705],[73.48317,19.84722],[73.48312,19.8473],[73.48306,19.84733],[73.48279,19.8473],[73.48271,19.84725],[73.48265,19.84717],[73.48262,19.8471],[73.48263,19.84705],[73.48261,19.84703],[73.48251,19.84707],[73.48244,19.84707],[73.48238,19.8471],[73.48233,19.84715],[73.48201,19.84763],[73.48181,19.84774],[73.48172,19.84781],[73.48167,19.84788],[73.48161,19.848],[73.48156,19.84818],[73.48154,19.84828],[73.48157,19.84829],[73.48157,19.84832],[73.4815,19.84838],[73.48106,19.84838],[73.48104,19.84837],[73.48104,19.8483],[73.48108,19.8481],[73.48106,19.84804],[73.48102,19.84801],[73.48098,19.84801],[73.48096,19.84795],[73.48097,19.84783],[73.48094,19.84767],[73.48103,19.84756],[73.48112,19.84727],[73.48133,19.84687],[73.48137,19.84682],[73.48138,19.84667],[73.48139,19.84662],[73.48141,19.84662],[73.48136,19.84637],[73.48137,19.84607],[73.48133,19.84578],[73.4813,19.84578],[73.48127,19.84566],[73.48124,19.84566],[73.48117,19.84558],[73.48104,19.84541],[73.481,19.84529],[73.48096,19.84527],[73.48077,19.84524],[73.48064,19.84532],[73.48059,19.84539],[73.48042,19.84548],[73.48034,19.84557],[73.48022,19.84563],[73.48003,19.8458],[73.47995,19.84581],[73.47989,19.84604],[73.47981,19.84618],[73.47968,19.8462],[73.47951,19.84627],[73.47934,19.84627],[73.47932,19.84626],[73.47933,19.84621],[73.47921,19.84615],[73.47917,19.84608],[73.4791,19.84606],[73.47912,19.84604],[73.47911,19.84599],[73.47895,19.84601],[73.47887,19.84607],[73.47857,19.84653],[73.47851,19.84676],[73.47852,19.84685],[73.47856,19.8469],[73.47858,19.8469],[73.47861,19.84695],[73.47868,19.84726],[73.47867,19.84734],[73.47859,19.84735],[73.47852,19.84733],[73.47828,19.84732],[73.47823,19.84731],[73.47822,19.84733],[73.47803,19.84735],[73.47796,19.84744],[73.47784,19.84745],[73.47781,19.84747],[73.47783,19.84759],[73.47777,19.84761],[73.47776,19.84766],[73.4776,19.84786],[73.4776,19.84787],[73.47763,19.84789],[73.47763,19.84791],[73.47757,19.84804],[73.47757,19.84817],[73.47753,19.84831],[73.4776,19.84831],[73.47759,19.84836],[73.47752,19.8484],[73.4775,19.84847],[73.4774,19.84852],[73.47741,19.84858],[73.47731,19.84859],[73.47726,19.84863],[73.47724,19.84873],[73.47725,19.84894],[73.4773,19.84902],[73.47747,19.84912],[73.47761,19.84909],[73.47783,19.84899],[73.47847,19.84838],[73.47858,19.84836],[73.4787,19.84839],[73.47879,19.84848],[73.4789,19.84863],[73.47891,19.84871],[73.47888,19.84875],[73.47882,19.84878],[73.47878,19.8488],[73.47864,19.84875],[73.47859,19.84878],[73.47859,19.84891],[73.47862,19.84893],[73.47859,19.84899],[73.47852,19.84903],[73.47855,19.84908],[73.47852,19.84909],[73.47852,19.84911],[73.47851,19.84931],[73.47856,19.8494],[73.47869,19.84946],[73.47874,19.84953],[73.47875,19.84962],[73.47867,19.84964],[73.47856,19.84963],[73.47852,19.84968],[73.47846,19.84969],[73.47841,19.84977],[73.47843,19.84983],[73.47857,19.84984],[73.47859,19.84992],[73.47863,19.84993],[73.47884,19.8501],[73.47895,19.85013],[73.47894,19.85024],[73.47901,19.8502],[73.47905,19.8502],[73.47905,19.85028],[73.47912,19.85026],[73.47914,19.85034],[73.47921,19.85033],[73.47939,19.85038],[73.4794,19.8505],[73.47949,19.85064],[73.47953,19.85064],[73.4796,19.85061],[73.4797,19.85068],[73.47975,19.85069],[73.47985,19.85066],[73.47988,19.85073],[73.47993,19.85076],[73.48002,19.85074],[73.48007,19.85063],[73.4801,19.85062],[73.48012,19.85064],[73.48007,19.85079],[73.48005,19.85083],[73.47998,19.85087],[73.47996,19.85092],[73.4799,19.85095],[73.47987,19.85107],[73.47983,19.85109],[73.4798,19.85106],[73.47967,19.85107],[73.47956,19.85098],[73.47938,19.85089],[73.47922,19.85088],[73.47913,19.85089],[73.47903,19.85098],[73.47894,19.85098],[73.47887,19.85095],[73.4787,19.8507],[73.47858,19.85065],[73.4784,19.85064],[73.47824,19.85069],[73.47819,19.85076],[73.47808,19.8508],[73.47795,19.85079],[73.47782,19.85082],[73.47782,19.85122],[73.4779,19.85118],[73.47805,19.85122],[73.4781,19.85129],[73.47822,19.85138],[73.47845,19.85149],[73.47852,19.85169],[73.4785,19.85183],[73.47846,19.85187],[73.47843,19.85187],[73.47834,19.85193],[73.47828,19.85201],[73.4783,19.85212],[73.47834,19.85211],[73.47836,19.85213],[73.47832,19.85229],[73.47834,19.85232],[73.47846,19.85233],[73.47849,19.85238],[73.47847,19.85249],[73.47866,19.85259],[73.4787,19.85254],[73.47872,19.85255],[73.47887,19.85251],[73.47898,19.85245],[73.47911,19.8523],[73.47911,19.85224],[73.47906,19.85224],[73.47904,19.85219],[73.47897,19.85217],[73.47896,19.85214],[73.47899,19.85212],[73.47915,19.8521],[73.47922,19.85203],[73.47928,19.85206],[73.4794,19.85207],[73.4794,19.85208],[73.47948,19.85196],[73.47951,19.85196],[73.47961,19.85205],[73.47963,19.85211],[73.47966,19.85212],[73.47972,19.85208],[73.47975,19.85213],[73.47985,19.85217],[73.47988,19.85217],[73.47989,19.85212],[73.47992,19.85211],[73.47994,19.85221],[73.48004,19.85223],[73.48004,19.85211],[73.48007,19.85207],[73.4801,19.85207],[73.48012,19.85211],[73.48022,19.8521],[73.48025,19.85211],[73.48025,19.85215],[73.48021,19.85218],[73.48012,19.85221],[73.48014,19.85224],[73.48017,19.85236],[73.48012,19.85245],[73.48008,19.85246],[73.47998,19.85242],[73.47983,19.85242],[73.47962,19.8525],[73.47955,19.85257],[73.47948,19.85275],[73.47948,19.85281],[73.47949,19.85289],[73.47953,19.85295],[73.47974,19.85307],[73.48007,19.85369],[73.48031,19.85384],[73.48039,19.8539],[73.48034,19.85395],[73.48006,19.85393],[73.47999,19.85384],[73.47983,19.85376],[73.47965,19.85361],[73.4796,19.85359],[73.4795,19.85359],[73.47947,19.85355],[73.47938,19.85356],[73.4793,19.85351],[73.47898,19.85352],[73.4789,19.85358],[73.47899,19.85379],[73.47905,19.85401],[73.47908,19.85404],[73.47907,19.85406],[73.47904,19.85407],[73.47904,19.85415],[73.47901,19.85417],[73.47899,19.85426],[73.47914,19.85435],[73.47914,19.85437],[73.47909,19.85437],[73.47914,19.85444],[73.47918,19.85466],[73.47915,19.8547],[73.47906,19.85468],[73.47889,19.8545],[73.47879,19.85443],[73.47841,19.85441],[73.47836,19.85438],[73.47829,19.85428],[73.47833,19.85398],[73.47822,19.85379],[73.47798,19.85356],[73.47781,19.85345],[73.47769,19.85348],[73.47761,19.85353],[73.4775,19.85366],[73.47737,19.85371],[73.47731,19.85364],[73.47715,19.85335],[73.47708,19.85325],[73.477,19.85324],[73.47694,19.85325],[73.47675,19.85336],[73.47668,19.85338],[73.47658,19.85336],[73.47655,19.85333],[73.47635,19.85336],[73.47618,19.85324],[73.47604,19.85305],[73.47597,19.853],[73.4759,19.853],[73.47589,19.85303],[73.47593,19.85316],[73.4759,19.85323],[73.47582,19.8532],[73.47578,19.85314],[73.4757,19.85312],[73.47561,19.85317],[73.47556,19.85322],[73.47556,19.8533],[73.47558,19.85333],[73.47568,19.85333],[73.4757,19.85339],[73.4757,19.85342],[73.47558,19.8535],[73.47557,19.85356],[73.47562,19.85356],[73.47574,19.85353],[73.47581,19.8535],[73.47581,19.85348],[73.47589,19.85346],[73.47603,19.85345],[73.47612,19.85348],[73.47615,19.85354],[73.47625,19.85361],[73.47641,19.85368],[73.47652,19.85377],[73.47661,19.85399],[73.47661,19.85404],[73.47637,19.85436],[73.47633,19.85449],[73.47638,19.85462],[73.47648,19.85471],[73.47664,19.85495],[73.47663,19.85514],[73.47666,19.85517],[73.47663,19.85522],[73.47665,19.85532],[73.47677,19.85551],[73.47679,19.8556],[73.47693,19.85573],[73.47695,19.85579],[73.47695,19.85587],[73.47699,19.85588],[73.47702,19.85581],[73.47703,19.85581],[73.4771,19.85585],[73.47708,19.8559],[73.47714,19.85591],[73.47721,19.8558],[73.47724,19.8558],[73.4772,19.85575],[73.47721,19.85571],[73.47729,19.8557],[73.47731,19.8557],[73.47732,19.85576],[73.4774,19.85576],[73.47741,19.85574],[73.47737,19.85566],[73.47738,19.85563],[73.47744,19.85562],[73.47754,19.85563],[73.47759,19.8557],[73.4777,19.85578],[73.47768,19.85586],[73.47764,19.85588],[73.47763,19.8559],[73.47768,19.85614],[73.47767,19.85616],[73.47762,19.85617],[73.47761,19.85622],[73.47755,19.8562],[73.47754,19.85622],[73.47755,19.85632],[73.4776,19.85647],[73.47769,19.8565],[73.47771,19.85652],[73.47767,19.85661],[73.47769,19.85662],[73.47775,19.85654],[73.47774,19.85641],[73.47787,19.85638],[73.47788,19.8562],[73.47795,19.85628],[73.47796,19.8564],[73.4778,19.85643],[73.47779,19.85645],[73.47785,19.85648],[73.47781,19.85661],[73.47776,19.8567],[73.47769,19.85672],[73.47765,19.85677],[73.47744,19.85681],[73.47742,19.85689],[73.4773,19.85695],[73.4773,19.857],[73.47715,19.85703],[73.47711,19.857],[73.47701,19.85699],[73.47707,19.85708],[73.47707,19.85716],[73.477,19.85723],[73.47694,19.85724],[73.47695,19.85715],[73.47698,19.85711],[73.47698,19.85707],[73.47695,19.85706],[73.47684,19.85707],[73.47675,19.85711],[73.47641,19.85706],[73.47637,19.85705],[73.47635,19.85702],[73.47614,19.85702],[73.47615,19.85698],[73.47621,19.85696],[73.47623,19.85692],[73.47621,19.85683],[73.47617,19.85681],[73.47614,19.85676],[73.47615,19.85673],[73.4762,19.85671],[73.47621,19.85666],[73.47601,19.85644],[73.47592,19.85642],[73.47588,19.85637],[73.47586,19.85631],[73.47581,19.85629],[73.47579,19.85626],[73.47578,19.85617],[73.47565,19.85611],[73.47562,19.85607],[73.47562,19.85604],[73.47553,19.856],[73.47547,19.85602],[73.47526,19.85627],[73.47476,19.85669],[73.47468,19.85677],[73.47457,19.85695],[73.47449,19.85698],[73.47444,19.85695],[73.47443,19.85689],[73.47432,19.85683],[73.47434,19.85681],[73.47438,19.85681],[73.4744,19.85678],[73.47442,19.85666],[73.4744,19.85663],[73.47431,19.85659],[73.4743,19.85656],[73.47442,19.85657],[73.47442,19.85651],[73.47448,19.85649],[73.47447,19.85645],[73.47444,19.85645],[73.47443,19.85643],[73.47447,19.85634],[73.47448,19.85626],[73.47457,19.85615],[73.47457,19.85611],[73.47465,19.85608],[73.47466,19.85604],[73.47457,19.85601],[73.47453,19.85599],[73.47453,19.85595],[73.47457,19.85588],[73.47466,19.85588],[73.47468,19.85585],[73.47454,19.85584],[73.47449,19.85582],[73.47449,19.85578],[73.4745,19.85573],[73.47453,19.85571],[73.47459,19.85572],[73.4746,19.85574],[73.47463,19.85567],[73.47469,19.85569],[73.4747,19.85567],[73.4747,19.85563],[73.47468,19.85563],[73.47466,19.85559],[73.47467,19.85552],[73.47474,19.85532],[73.4747,19.85524],[73.47459,19.85516],[73.47451,19.85506],[73.47442,19.85483],[73.47427,19.8547],[73.47417,19.85467],[73.47407,19.85468],[73.47398,19.85475],[73.47373,19.85516],[73.47375,19.85518],[73.47375,19.85521],[73.47365,19.85524],[73.47346,19.85543],[73.47342,19.85544],[73.47318,19.85544],[73.47313,19.85541],[73.47312,19.85529],[73.47319,19.85519],[73.47322,19.85507],[73.47324,19.85488],[73.47321,19.85477],[73.47302,19.85459],[73.473,19.8545],[73.47302,19.85441],[73.473,19.85435],[73.47295,19.8543],[73.47293,19.85422],[73.47293,19.85404],[73.47313,19.854],[73.4732,19.85393],[73.47317,19.85374],[73.47322,19.85367],[73.47352,19.85365],[73.47365,19.85362],[73.47361,19.85338],[73.47356,19.8533],[73.47346,19.85329],[73.47338,19.85325],[73.47333,19.85314],[73.47333,19.85307],[73.47321,19.85308],[73.47318,19.85312],[73.47318,19.85318],[73.47314,19.85328],[73.47307,19.85331],[73.47293,19.8533],[73.47282,19.85327],[73.47264,19.85313],[73.47258,19.85306],[73.47258,19.85298],[73.47265,19.85294],[73.47284,19.85295],[73.47293,19.85293],[73.473,19.85287],[73.47305,19.8528],[73.47306,19.8527],[73.4731,19.85262],[73.47317,19.85256],[73.47321,19.85248],[73.47325,19.85236],[73.47321,19.85228],[73.47303,19.85224],[73.47294,19.85228],[73.47279,19.8523],[73.4726,19.85235],[73.47248,19.8523],[73.47244,19.85227],[73.47244,19.85223],[73.47267,19.85219],[73.47262,19.85213],[73.47262,19.85211],[73.47265,19.8521],[73.47287,19.85211],[73.47287,19.85204],[73.4729,19.85199],[73.47298,19.85189],[73.47325,19.85186],[73.47333,19.85186],[73.47333,19.85189],[73.47337,19.85189],[73.47363,19.85185],[73.47369,19.85181],[73.4737,19.85175],[73.47368,19.85172],[73.47356,19.85168],[73.47354,19.85163],[73.47354,19.85154],[73.47349,19.8515],[73.47325,19.85147],[73.47321,19.85148],[73.4732,19.85151],[73.47313,19.85152],[73.47299,19.85152],[73.47293,19.8515],[73.47293,19.85145],[73.47305,19.85136],[73.47307,19.85131],[73.47299,19.85122],[73.47281,19.85108],[73.47264,19.85103],[73.47247,19.85106],[73.47218,19.85116],[73.47199,19.85113],[73.47188,19.85109],[73.47181,19.85096],[73.47169,19.85061],[73.47178,19.8506],[73.47183,19.85052],[73.47188,19.85036],[73.47186,19.85026],[73.47172,19.85023],[73.47159,19.85034],[73.47153,19.85047],[73.47137,19.85048],[73.47111,19.85045],[73.47095,19.85049],[73.47091,19.8506],[73.47091,19.85069],[73.47102,19.8509],[73.47102,19.85102],[73.47096,19.85107],[73.47089,19.85108],[73.4708,19.85113],[73.47076,19.85117],[73.47076,19.85122],[73.47074,19.85123],[73.47072,19.85133],[73.47064,19.85131],[73.47043,19.85109],[73.47014,19.85095],[73.47005,19.85094],[73.46988,19.85095],[73.46974,19.85098],[73.46966,19.85105],[73.46955,19.85122],[73.46952,19.85164],[73.46954,19.85171],[73.46959,19.85181],[73.46959,19.85184],[73.46957,19.85186],[73.46943,19.85183],[73.46927,19.85177],[73.469,19.85158],[73.46853,19.85154],[73.46844,19.85156],[73.46834,19.85163],[73.46815,19.85183],[73.46811,19.85191],[73.46809,19.85207],[73.46812,19.85217],[73.46818,19.8522],[73.46818,19.85223],[73.4685,19.85255],[73.46862,19.8528],[73.46873,19.85294],[73.46888,19.85298],[73.46931,19.85303],[73.46951,19.85304],[73.46962,19.85307],[73.4698,19.85307],[73.4699,19.85305],[73.47019,19.85312],[73.47056,19.85303],[73.47064,19.85303],[73.47067,19.85311],[73.47068,19.85336],[73.47077,19.85342],[73.47089,19.85346],[73.47089,19.85348],[73.47067,19.8536],[73.47062,19.85367],[73.47057,19.85386],[73.47057,19.85395],[73.47063,19.85415],[73.47057,19.85427],[73.47023,19.85418],[73.4701,19.8542],[73.47003,19.85429],[73.47,19.85438],[73.47,19.85453],[73.46996,19.85459],[73.46992,19.85461],[73.46988,19.85461],[73.4698,19.85457],[73.4696,19.8544],[73.4695,19.85435],[73.46914,19.85435],[73.469,19.85437],[73.46898,19.85454],[73.46906,19.85482],[73.46921,19.855],[73.46928,19.85514],[73.46942,19.85527],[73.46944,19.85533],[73.46952,19.85536],[73.46956,19.85541],[73.46971,19.85573],[73.46981,19.85585],[73.47001,19.85597],[73.47009,19.85603],[73.47024,19.85622],[73.47033,19.85623],[73.47034,19.85631],[73.4703,19.85633],[73.47032,19.85639],[73.4705,19.8566],[73.47061,19.85663],[73.47065,19.85667],[73.47066,19.85674],[73.4708,19.85676],[73.47085,19.85679],[73.47089,19.85692],[73.47088,19.85725],[73.47091,19.85737],[73.47103,19.85746],[73.47103,19.85749],[73.47098,19.85752],[73.47091,19.85752],[73.47034,19.85746],[73.4702,19.85735],[73.46988,19.85719],[73.46968,19.8572],[73.46971,19.85723],[73.46977,19.85726],[73.46979,19.8573],[73.46963,19.85731],[73.46956,19.85729],[73.46954,19.85725],[73.46949,19.85724],[73.46946,19.85711],[73.46949,19.8569],[73.4694,19.85665],[73.46904,19.85657],[73.46866,19.85653],[73.46853,19.85644],[73.46839,19.85624],[73.4682,19.8562],[73.46809,19.8562],[73.46793,19.85632],[73.46797,19.85635],[73.46797,19.85638],[73.46787,19.85638],[73.46782,19.85641],[73.46779,19.85649],[73.4677,19.85655],[73.46772,19.85661],[73.46778,19.85663],[73.46777,19.85684],[73.46772,19.85687],[73.46767,19.85687],[73.46762,19.85711],[73.46762,19.85718],[73.46767,19.85724],[73.4677,19.85734],[73.46767,19.85739],[73.46767,19.8576],[73.46759,19.85784],[73.4676,19.85795],[73.4677,19.85806],[73.46774,19.85808],[73.46786,19.85805],[73.46788,19.85811],[73.46785,19.8582],[73.46781,19.85826],[73.46761,19.85832],[73.46752,19.85839],[73.46747,19.85849],[73.46745,19.85859],[73.46747,19.85868],[73.46753,19.85881],[73.46772,19.85905],[73.46798,19.85911],[73.46806,19.85916],[73.46816,19.85926],[73.46825,19.85929],[73.46836,19.85929],[73.46849,19.85925],[73.46871,19.85909],[73.46875,19.85908],[73.46888,19.85943],[73.46892,19.85958],[73.46892,19.85967],[73.46896,19.85972],[73.46902,19.85972],[73.46927,19.85956],[73.46937,19.85955],[73.46951,19.85956],[73.46964,19.85954],[73.46976,19.85949],[73.46984,19.85943],[73.46999,19.85925],[73.47003,19.85919],[73.47005,19.85909],[73.47008,19.85907],[73.47015,19.85907],[73.47027,19.85934],[73.47032,19.85938],[73.47041,19.85939],[73.47061,19.85934],[73.47097,19.8592],[73.47141,19.85916],[73.47148,19.8591],[73.47155,19.85908],[73.47161,19.8591],[73.47164,19.85914],[73.47173,19.85915],[73.47195,19.85911],[73.47197,19.85905],[73.47211,19.85903],[73.47231,19.85904],[73.47244,19.85911],[73.47244,19.85919],[73.4724,19.85926],[73.47224,19.85941],[73.47214,19.85943],[73.47208,19.8594],[73.47206,19.85944],[73.47204,19.85961],[73.47194,19.85967],[73.47192,19.85972],[73.47194,19.85976],[73.47202,19.85984],[73.47208,19.85995],[73.47204,19.85996],[73.47189,19.85993],[73.47181,19.85995],[73.47166,19.86008],[73.4716,19.86011],[73.47157,19.8602],[73.47157,19.8604],[73.4715,19.86042],[73.47143,19.86028],[73.47137,19.86023],[73.47127,19.86022],[73.4712,19.86022],[73.47101,19.86029],[73.47073,19.86048],[73.47064,19.86049],[73.47059,19.86045],[73.47055,19.86044],[73.4705,19.86045],[73.47048,19.86049],[73.47049,19.86065],[73.47042,19.86073],[73.47022,19.86088],[73.47021,19.86092],[73.47029,19.8611],[73.47034,19.86131],[73.47032,19.86163],[73.47029,19.86163],[73.47026,19.86169],[73.47025,19.86183],[73.47023,19.86183],[73.47009,19.86211],[73.47003,19.8622],[73.46993,19.86218],[73.46984,19.86213],[73.46977,19.86213],[73.46969,19.86221],[73.46961,19.86224],[73.46955,19.86224],[73.4694,19.86215],[73.46931,19.86212],[73.46918,19.86212],[73.46912,19.8621],[73.46912,19.86207],[73.46908,19.86205],[73.46892,19.86202],[73.46888,19.86207],[73.46885,19.86218],[73.46869,19.86238],[73.46869,19.86243],[73.46858,19.86274],[73.46857,19.86285],[73.46863,19.86295],[73.46864,19.86304],[73.4686,19.86307],[73.46837,19.86304],[73.46831,19.86305],[73.4683,19.86312],[73.46823,19.86315],[73.4679,19.86309],[73.46779,19.86312],[73.46764,19.86323],[73.46757,19.8633],[73.46757,19.86334],[73.46761,19.86338],[73.46785,19.86348],[73.46812,19.86374],[73.46822,19.86381],[73.46827,19.86381],[73.46829,19.86385],[73.46828,19.86388],[73.46819,19.86388],[73.46807,19.8638],[73.46779,19.86374],[73.46767,19.86379],[73.46759,19.8639],[73.46755,19.86401],[73.46755,19.86413],[73.46757,19.86421],[73.46765,19.86427],[73.46767,19.86433],[73.46772,19.86436],[73.46774,19.86442],[73.46774,19.86456],[73.46758,19.86478],[73.46744,19.86485],[73.46741,19.86491],[73.46743,19.86497],[73.46753,19.86503],[73.46761,19.86506],[73.46767,19.86506],[73.46774,19.86509],[73.46778,19.86516],[73.46798,19.8653],[73.46823,19.86552],[73.46842,19.86566],[73.46854,19.86572],[73.46854,19.86574],[73.4684,19.86574],[73.46796,19.86547],[73.46781,19.86539],[73.46774,19.86539],[73.46763,19.8655],[73.46758,19.8655],[73.46748,19.86535],[73.46734,19.86532],[73.46717,19.86518],[73.46707,19.86512],[73.46697,19.86512],[73.4669,19.8651],[73.46683,19.86502],[73.46677,19.86504],[73.46671,19.86511],[73.46667,19.86511],[73.46661,19.86504],[73.46654,19.86476],[73.46651,19.86475],[73.4664,19.86477],[73.46624,19.86472],[73.46621,19.86465],[73.46619,19.86428],[73.46624,19.86403],[73.46632,19.86386],[73.46629,19.86368],[73.46629,19.86348],[73.46626,19.86335],[73.46626,19.86318],[73.46636,19.86274],[73.46636,19.86246],[73.46639,19.86238],[73.4665,19.86227],[73.46653,19.86216],[73.46647,19.86178],[73.46647,19.86168],[73.46644,19.8616],[73.46636,19.86154],[73.46595,19.86133],[73.4659,19.86125],[73.4659,19.86121],[73.46586,19.86119],[73.46576,19.8612],[73.46559,19.86131],[73.46552,19.86141],[73.46551,19.86155],[73.46553,19.86165],[73.46562,19.86183],[73.46563,19.86193],[73.46571,19.86199],[73.46576,19.86233],[73.46575,19.86239],[73.46558,19.86269],[73.46552,19.86284],[73.4655,19.86303],[73.46541,19.86319],[73.46517,19.86319],[73.46511,19.86313],[73.46503,19.86311],[73.46486,19.86312],[73.46486,19.86315],[73.46483,19.86317],[73.46478,19.86317],[73.46475,19.86315],[73.46475,19.8631],[73.46487,19.86295],[73.46494,19.86262],[73.46494,19.86251],[73.46489,19.86245],[73.46479,19.86224],[73.46468,19.86217],[73.46442,19.86218],[73.46434,19.86223],[73.46416,19.86258],[73.46416,19.86257],[73.46409,19.86258],[73.4639,19.86256],[73.46384,19.86253],[73.46387,19.86231],[73.46385,19.86224],[73.4638,19.86221],[73.46376,19.86213],[73.46379,19.86183],[73.46377,19.86172],[73.4637,19.86164],[73.4636,19.8616],[73.4632,19.86162],[73.46303,19.86166],[73.46273,19.86201],[73.46265,19.86238],[73.46271,19.86244],[73.46292,19.86253],[73.46295,19.86257],[73.46295,19.86262],[73.46263,19.86283],[73.46259,19.86291],[73.46259,19.86302],[73.46251,19.86323],[73.46249,19.86333],[73.46241,19.86345],[73.46239,19.8635],[73.4624,19.8636],[73.46243,19.86365],[73.46251,19.86368],[73.46257,19.86392],[73.46261,19.86395],[73.46276,19.86397],[73.463,19.86391],[73.46318,19.86394],[73.46342,19.86392],[73.46354,19.86395],[73.46362,19.86403],[73.46369,19.86417],[73.46379,19.86431],[73.46378,19.86436],[73.46365,19.86445],[73.46346,19.86453],[73.46325,19.86466],[73.4632,19.86474],[73.46322,19.8648],[73.4633,19.86488],[73.46358,19.86509],[73.46375,19.86511],[73.46386,19.86509],[73.46395,19.86505],[73.46402,19.86505],[73.46405,19.86509],[73.46406,19.86516],[73.4641,19.86524],[73.46417,19.86532],[73.46426,19.86535],[73.46448,19.86526],[73.46453,19.86531],[73.46461,19.86547],[73.46465,19.8655],[73.46475,19.8655],[73.46488,19.86541],[73.46493,19.86541],[73.46497,19.86543],[73.46498,19.86547],[73.46503,19.86579],[73.46512,19.86591],[73.46544,19.86606],[73.46554,19.86606],[73.4657,19.86603],[73.46576,19.86603],[73.46582,19.86605],[73.46586,19.86608],[73.46594,19.86617],[73.4659,19.86629],[73.46591,19.86632],[73.466,19.86635],[73.46609,19.86635],[73.46621,19.86628],[73.46627,19.86617],[73.46632,19.86598],[73.46639,19.86581],[73.46647,19.86578],[73.46658,19.86578],[73.46663,19.8658],[73.46662,19.86594],[73.46648,19.86629],[73.46645,19.86658],[73.46647,19.86667],[73.46662,19.86679],[73.46664,19.86689],[73.46659,19.86691],[73.46651,19.8669],[73.46642,19.86694],[73.46634,19.86704],[73.46605,19.86729],[73.46598,19.8674],[73.46597,19.86753],[73.46593,19.86757],[73.46586,19.86757],[73.46582,19.86759],[73.46582,19.86764],[73.46577,19.86764],[73.46574,19.8676],[73.4658,19.86698],[73.46579,19.86681],[73.46573,19.86676],[73.46568,19.86673],[73.46563,19.86674],[73.46562,19.86677],[73.46564,19.86688],[73.46562,19.86699],[73.46556,19.86701],[73.46539,19.86701],[73.46529,19.86696],[73.46519,19.86684],[73.46513,19.86681],[73.46508,19.86682],[73.46496,19.86691],[73.46487,19.86693],[73.46474,19.86682],[73.46471,19.86677],[73.46471,19.86664],[73.46464,19.86661],[73.46458,19.86661],[73.46452,19.86664],[73.46439,19.86677],[73.46441,19.86684],[73.46447,19.8669],[73.46447,19.86693],[73.46433,19.8672],[73.46424,19.86725],[73.46415,19.86724],[73.4641,19.86714],[73.4641,19.867],[73.46395,19.8668],[73.46388,19.86654],[73.46377,19.86645],[73.46346,19.86635],[73.46342,19.86632],[73.46322,19.86628],[73.4631,19.86632],[73.46299,19.86641],[73.46291,19.86651],[73.46288,19.86661],[73.46289,19.86667],[73.46295,19.86667],[73.46291,19.8669],[73.46295,19.86693],[73.46312,19.8669],[73.46314,19.86704],[73.46311,19.8671],[73.463,19.86716],[73.4628,19.86713],[73.46275,19.86717],[73.46269,19.86728],[73.46257,19.86727],[73.46244,19.86719],[73.46219,19.86718],[73.46207,19.86723],[73.46195,19.8673],[73.46163,19.86732],[73.4615,19.86743],[73.46147,19.86752],[73.46148,19.86769],[73.4615,19.86773],[73.46157,19.86777],[73.46173,19.86781],[73.46181,19.86799],[73.46187,19.86804],[73.462,19.86811],[73.46226,19.86814],[73.46242,19.86824],[73.46248,19.86822],[73.46268,19.86811],[73.46282,19.86807],[73.46287,19.8681],[73.46299,19.86828],[73.46305,19.86834],[73.46328,19.86827],[73.46348,19.86815],[73.46355,19.86815],[73.46357,19.86834],[73.46363,19.86841],[73.46384,19.86843],[73.46392,19.86865],[73.46422,19.86884],[73.46433,19.86889],[73.46446,19.8689],[73.46463,19.86897],[73.46477,19.86893],[73.46494,19.86884],[73.46498,19.86891],[73.46501,19.86912],[73.46488,19.86916],[73.46475,19.86916],[73.46471,19.86919],[73.4647,19.86922],[73.46479,19.86933],[73.46488,19.86957],[73.46497,19.86957],[73.46503,19.86954],[73.46504,19.86938],[73.46506,19.86932],[73.4651,19.86929],[73.46519,19.86925],[73.46527,19.86925],[73.4653,19.86934],[73.46529,19.8694],[73.46524,19.86951],[73.46515,19.86963],[73.46512,19.86963],[73.4651,19.86966],[73.46506,19.86996],[73.46502,19.87004],[73.46497,19.87003],[73.46494,19.87],[73.46488,19.87007],[73.46485,19.87027],[73.46477,19.87037],[73.46469,19.87035],[73.46457,19.87027],[73.46437,19.87031],[73.46436,19.87011],[73.46425,19.86994],[73.46422,19.86985],[73.46418,19.8696],[73.46414,19.86957],[73.46413,19.86949],[73.46393,19.86922],[73.46382,19.86913],[73.46373,19.86908],[73.46357,19.86905],[73.46345,19.8691],[73.46343,19.8692],[73.46344,19.86949],[73.46342,19.86951],[73.46338,19.86957],[73.46324,19.86969],[73.46318,19.86977],[73.46318,19.86984],[73.46322,19.8699],[73.46337,19.87001],[73.46334,19.87007],[73.46327,19.87007],[73.46319,19.87004],[73.46283,19.86962],[73.46254,19.86941],[73.46246,19.8694],[73.46237,19.86947],[73.46234,19.86955],[73.46232,19.86981],[73.46223,19.86996],[73.4622,19.87007],[73.46219,19.87027],[73.46193,19.87051],[73.46185,19.87053],[73.46183,19.8705],[73.46182,19.87043],[73.46184,19.86986],[73.46182,19.86977],[73.46172,19.86964],[73.46153,19.86957],[73.46146,19.86951],[73.46145,19.86941],[73.46148,19.86931],[73.46141,19.86915],[73.46125,19.86906],[73.46101,19.86871],[73.46092,19.86862],[73.4608,19.86857],[73.46069,19.86858],[73.4606,19.86862],[73.46052,19.86869],[73.46032,19.86904],[73.46018,19.86916],[73.46016,19.8692],[73.46015,19.86934],[73.46013,19.86938],[73.46006,19.86945],[73.46006,19.86951],[73.46002,19.86954],[73.45995,19.86955],[73.45978,19.86955],[73.45974,19.86954],[73.45964,19.86931],[73.45962,19.86913],[73.45966,19.86899],[73.45974,19.86892],[73.45976,19.86887],[73.45974,19.86881],[73.45968,19.86878],[73.45948,19.86881],[73.45947,19.86871],[73.45951,19.86843],[73.45959,19.86822],[73.45957,19.86784],[73.45951,19.86772],[73.45942,19.86773],[73.45915,19.86791],[73.45899,19.86798],[73.45879,19.86799],[73.4587,19.86802],[73.45866,19.86805],[73.45865,19.86817],[73.45872,19.86849],[73.45871,19.86855],[73.45867,19.86859],[73.45855,19.86855],[73.4583,19.86837],[73.45818,19.86836],[73.45809,19.86839],[73.458,19.86848],[73.45793,19.86869],[73.45781,19.86893],[73.45781,19.86899],[73.45783,19.86905],[73.45794,19.86914],[73.45821,19.86917],[73.45827,19.86919],[73.45839,19.86928],[73.45839,19.86931],[73.45834,19.86937],[73.45826,19.86938],[73.45813,19.86937],[73.45809,19.86942],[73.45818,19.86967],[73.45824,19.87001],[73.45823,19.87011],[73.45825,19.87018],[73.4584,19.87028],[73.45862,19.87033],[73.45862,19.87037],[73.45854,19.87048],[73.45853,19.87058],[73.45859,19.87075],[73.45876,19.87081],[73.45887,19.87075],[73.45895,19.87078],[73.45897,19.87083],[73.45893,19.87095],[73.45896,19.87101],[73.45905,19.87107],[73.45912,19.87118],[73.45926,19.87149],[73.45941,19.87152],[73.45946,19.87156],[73.45943,19.87167],[73.45933,19.87185],[73.45928,19.87181],[73.45928,19.87174],[73.45924,19.87168],[73.45914,19.87166],[73.45913,19.87169],[73.45905,19.87169],[73.45893,19.87164],[73.45883,19.87158],[73.4587,19.87139],[73.45861,19.87137],[73.45855,19.87133],[73.45844,19.87119],[73.45839,19.87116],[73.45817,19.87116],[73.45797,19.8711],[73.4579,19.87101],[73.45788,19.87071],[73.45784,19.87066],[73.45771,19.87059],[73.45763,19.87048],[73.45761,19.87039],[73.45763,19.87015],[73.45759,19.87008],[73.45721,19.86993],[73.45694,19.86976],[73.45689,19.86976],[73.4568,19.86981],[73.45669,19.86998],[73.45667,19.87007],[73.45668,19.87016],[73.45674,19.87022],[73.45694,19.87035],[73.45696,19.87045],[73.45693,19.87052],[73.45675,19.87048],[73.45671,19.87048],[73.45664,19.87051],[73.45653,19.87061],[73.45648,19.87082],[73.45643,19.87081],[73.45638,19.87074],[73.45626,19.87072],[73.45628,19.87057],[73.45626,19.87054],[73.45619,19.87054],[73.45608,19.87062],[73.45599,19.87075],[73.45579,19.87108],[73.45581,19.87116],[73.4559,19.87124],[73.456,19.87139],[73.45607,19.87143],[73.45622,19.87166],[73.45632,19.87187],[73.45638,19.87195],[73.45652,19.87207],[73.45655,19.87216],[73.45652,19.87219],[73.45645,19.8722],[73.45642,19.87216],[73.45625,19.87204],[73.45614,19.87199],[73.45602,19.87199],[73.45595,19.87201],[73.45577,19.8722],[73.45575,19.8722],[73.45549,19.8718],[73.45541,19.87173],[73.4553,19.87171],[73.45519,19.87177],[73.45518,19.87181],[73.4552,19.87191],[73.45517,19.87198],[73.45518,19.87205],[73.45521,19.87208],[73.4553,19.87209],[73.4553,19.87212],[73.45523,19.87216],[73.45522,19.87231],[73.45528,19.87246],[73.45531,19.87259],[73.45549,19.87277],[73.45558,19.87282],[73.45563,19.87282],[73.45568,19.873],[73.45576,19.87309],[73.45587,19.87331],[73.45587,19.87334],[73.45599,19.87338],[73.45604,19.87338],[73.45605,19.87332],[73.4561,19.87333],[73.45614,19.87336],[73.45617,19.87355],[73.45626,19.87357],[73.45646,19.87357],[73.45657,19.8736],[73.45658,19.87363],[73.45662,19.87365],[73.45674,19.87366],[73.45683,19.87374],[73.45696,19.8738],[73.45698,19.87385],[73.45698,19.8739],[73.45693,19.87392],[73.45682,19.87392],[73.45664,19.87381],[73.45633,19.87379],[73.45621,19.87383],[73.45602,19.87411],[73.45594,19.87417],[73.45594,19.87423],[73.45606,19.87443],[73.45633,19.87459],[73.45648,19.87465],[73.45651,19.87467],[73.45652,19.87473],[73.45659,19.87477],[73.45659,19.8748],[73.45654,19.87482],[73.45626,19.87485],[73.45621,19.87488],[73.45618,19.87494],[73.45606,19.875],[73.45604,19.87503],[73.45606,19.87508],[73.45615,19.87521],[73.45621,19.87534],[73.45647,19.87532],[73.45665,19.87535],[73.45679,19.87541],[73.45709,19.87555],[73.45724,19.8757],[73.45749,19.87585],[73.45755,19.87586],[73.45767,19.87585],[73.45768,19.87592],[73.45777,19.87596],[73.45777,19.87601],[73.45775,19.87605],[73.45775,19.8763],[73.45778,19.8764],[73.45782,19.87643],[73.45785,19.87649],[73.45789,19.87698],[73.45794,19.87708],[73.45804,19.87717],[73.45811,19.87737],[73.45825,19.87749],[73.45829,19.87763],[73.45823,19.87773],[73.45818,19.87776],[73.45813,19.87776],[73.45811,19.87771],[73.45813,19.8776],[73.45809,19.87752],[73.45789,19.87743],[73.45771,19.87737],[73.45757,19.87728],[73.45747,19.87709],[73.4574,19.87687],[73.45729,19.87677],[73.45723,19.87666],[73.45721,19.87658],[73.45725,19.87649],[73.45725,19.87636],[73.45722,19.8763],[73.45717,19.87626],[73.45668,19.87614],[73.45648,19.87607],[73.45638,19.87599],[73.45629,19.87596],[73.4562,19.87599],[73.45616,19.87602],[73.45618,19.87607],[73.45616,19.8763],[73.4561,19.87636],[73.45605,19.87637],[73.45602,19.87643],[73.45608,19.87648],[73.45625,19.87656],[73.45628,19.87661],[73.45614,19.87668],[73.45604,19.8767],[73.45583,19.87666],[73.4556,19.87652],[73.45543,19.87652],[73.45514,19.87654],[73.45503,19.8766],[73.45495,19.87675],[73.45481,19.8769],[73.45481,19.87693],[73.45473,19.87706],[73.45473,19.87713],[73.45487,19.87755],[73.45486,19.87786],[73.45489,19.87799],[73.45502,19.87813],[73.45508,19.87816],[73.45518,19.87817],[73.45522,19.87821],[73.4552,19.87831],[73.45511,19.87843],[73.45505,19.87842],[73.45461,19.87818],[73.45448,19.87809],[73.45434,19.87774],[73.45431,19.87772],[73.45423,19.87755],[73.45407,19.87712],[73.45401,19.877],[73.45396,19.87694],[73.45392,19.87693],[73.4539,19.87696],[73.45386,19.87708],[73.45378,19.87717],[73.45317,19.87756],[73.45315,19.87764],[73.45323,19.87788],[73.4533,19.87795],[73.45338,19.8781],[73.45345,19.87819],[73.45361,19.87834],[73.45365,19.87835],[73.45365,19.8784],[73.45346,19.87841],[73.45329,19.87857],[73.45324,19.87864],[73.45326,19.87872],[73.45323,19.87877],[73.45319,19.87879],[73.45315,19.87884],[73.45307,19.87938],[73.45308,19.87942],[73.45313,19.87945],[73.45323,19.87957],[73.45332,19.87954],[73.45344,19.87961],[73.4535,19.87963],[73.45361,19.87975],[73.45374,19.87983],[73.45386,19.87987],[73.45399,19.87988],[73.45404,19.87993],[73.45406,19.8801],[73.45411,19.88021],[73.45411,19.88026],[73.45419,19.8803],[73.45428,19.88042],[73.4543,19.88051],[73.4543,19.88061],[73.45435,19.88071],[73.45449,19.88088],[73.45447,19.88095],[73.45441,19.88095],[73.45425,19.88093],[73.45414,19.88088],[73.45405,19.88076],[73.45405,19.88073],[73.45395,19.88065],[73.45392,19.88059],[73.45393,19.88036],[73.45392,19.8803],[73.45373,19.88029],[73.45368,19.8803],[73.45358,19.88039],[73.45371,19.88089],[73.45371,19.88095],[73.45369,19.88098],[73.45365,19.88098],[73.45353,19.88089],[73.45348,19.88082],[73.45346,19.88068],[73.4533,19.88062],[73.45323,19.8804],[73.45315,19.88031],[73.45306,19.8803],[73.45304,19.88037],[73.453,19.88039],[73.45279,19.88039],[73.45273,19.88033],[73.45273,19.88023],[73.45272,19.88018],[73.45266,19.8802],[73.45255,19.8803],[73.45247,19.88031],[73.45233,19.88019],[73.45225,19.88016],[73.45217,19.88016],[73.45203,19.88021],[73.45195,19.88021],[73.4519,19.88024],[73.45188,19.8803],[73.45185,19.8803],[73.45169,19.87998],[73.45151,19.87979],[73.45139,19.87975],[73.45133,19.87979],[73.4513,19.87989],[73.45124,19.87996],[73.45116,19.88001],[73.45111,19.88009],[73.45077,19.88065],[73.45075,19.88077],[73.45077,19.88084],[73.45086,19.88092],[73.45086,19.88095],[73.4508,19.88104],[73.45068,19.88109],[73.45081,19.88141],[73.45087,19.88142],[73.45097,19.88148],[73.45129,19.88147],[73.45143,19.88156],[73.45147,19.88162],[73.45146,19.88176],[73.45141,19.88183],[73.45143,19.88189],[73.45149,19.88191],[73.45151,19.88197],[73.45148,19.88212],[73.45143,19.88215],[73.45138,19.88215],[73.45134,19.88231],[73.45129,19.88232],[73.45119,19.88227],[73.45115,19.8823],[73.45114,19.8824],[73.45119,19.88253],[73.45128,19.88253],[73.45151,19.88246],[73.45196,19.88249],[73.45197,19.88262],[73.45201,19.88267],[73.4521,19.88268],[73.45212,19.88272],[73.45212,19.88275],[73.45201,19.88294],[73.45186,19.88297],[73.45183,19.883],[73.45184,19.88306],[73.45187,19.88312],[73.45197,19.88322],[73.45197,19.88324],[73.4519,19.88331],[73.45185,19.88333],[73.45177,19.88333],[73.45164,19.88338],[73.45159,19.88346],[73.45155,19.88344],[73.45151,19.88341],[73.45127,19.88348],[73.4512,19.88348],[73.45098,19.88362],[73.45097,19.88369],[73.45101,19.8838],[73.45112,19.88396],[73.45112,19.88399],[73.45103,19.88411],[73.45104,19.88418],[73.45124,19.88446],[73.45126,19.88455],[73.4512,19.8846],[73.45106,19.88464],[73.45102,19.88468],[73.45096,19.88482],[73.45094,19.8849],[73.45096,19.88508],[73.45103,19.88525],[73.45114,19.88531],[73.45118,19.88536],[73.45122,19.88554],[73.45131,19.88569],[73.45148,19.88586],[73.4516,19.88594],[73.45173,19.88599],[73.45184,19.88605],[73.45185,19.88615],[73.45183,19.88625],[73.45186,19.88628],[73.45196,19.8863],[73.45201,19.88629],[73.45205,19.88623],[73.45209,19.88622],[73.45235,19.8864],[73.45235,19.88643],[73.45229,19.88646],[73.45221,19.88646],[73.45217,19.88649],[73.45216,19.88662],[73.45216,19.8867],[73.45227,19.88685],[73.45229,19.88693],[73.45222,19.88693],[73.45214,19.88686],[73.45207,19.88684],[73.45208,19.88698],[73.45213,19.88704],[73.45229,19.88711],[73.45243,19.88722],[73.45274,19.88754],[73.4528,19.88762],[73.4528,19.88765],[73.45268,19.88772],[73.45264,19.88772],[73.45259,19.8876],[73.4524,19.88737],[73.45231,19.8873],[73.45219,19.88727],[73.45208,19.88722],[73.45191,19.88702],[73.45183,19.8869],[73.45179,19.88664],[73.45175,19.88652],[73.45165,19.8864],[73.45159,19.88637],[73.45151,19.88637],[73.45144,19.88644],[73.45137,19.88664],[73.45128,19.88672],[73.451,19.88687],[73.4508,19.88693],[73.4506,19.88693],[73.45048,19.8869],[73.45026,19.88676],[73.45006,19.88668],[73.44983,19.88653],[73.44957,19.88643],[73.44948,19.88645],[73.44944,19.88649],[73.44943,19.88655],[73.44944,19.88669],[73.44936,19.88666],[73.44923,19.88655],[73.44923,19.88646],[73.44928,19.88634],[73.44933,19.88628],[73.44956,19.88628],[73.44976,19.88633],[73.45017,19.88651],[73.45043,19.88666],[73.4506,19.88673],[73.45073,19.88676],[73.45082,19.88676],[73.4509,19.88673],[73.45103,19.88663],[73.45116,19.88648],[73.45124,19.88633],[73.45122,19.88627],[73.45116,19.88619],[73.45097,19.88603],[73.45094,19.88593],[73.45081,19.88579],[73.45063,19.88565],[73.45055,19.88556],[73.45051,19.88549],[73.45055,19.88543],[73.45055,19.88539],[73.45052,19.88534],[73.45045,19.88534],[73.45042,19.88547],[73.45036,19.88547],[73.45028,19.88542],[73.45016,19.88517],[73.45004,19.88511],[73.44989,19.88508],[73.44982,19.88504],[73.44984,19.88499],[73.4499,19.88496],[73.45005,19.88494],[73.45016,19.8849],[73.45018,19.88485],[73.45018,19.88479],[73.45011,19.88467],[73.45009,19.88459],[73.45017,19.88446],[73.45017,19.88443],[73.45013,19.88432],[73.45007,19.88429],[73.44999,19.88429],[73.44995,19.88431],[73.44994,19.88437],[73.44985,19.88438],[73.44986,19.88423],[73.44985,19.88417],[73.44977,19.88415],[73.44974,19.88408],[73.44982,19.88399],[73.44987,19.88391],[73.4499,19.88374],[73.44985,19.88367],[73.44985,19.88361],[73.44982,19.88357],[73.44978,19.88354],[73.44975,19.88348],[73.44971,19.88332],[73.44964,19.88324],[73.44961,19.88323],[73.4494,19.88326],[73.44912,19.88352],[73.44893,19.88363],[73.44882,19.88367],[73.44879,19.88372],[73.4488,19.88388],[73.44877,19.88394],[73.44874,19.88414],[73.44857,19.88406],[73.44848,19.88405],[73.44841,19.88408],[73.44828,19.88416],[73.44768,19.88426],[73.44757,19.88426],[73.44749,19.88424],[73.44741,19.88417],[73.44736,19.88414],[73.44706,19.88411],[73.44699,19.88411],[73.44697,19.88414],[73.44686,19.88414],[73.44684,19.88426],[73.44686,19.88462],[73.44679,19.88467],[73.44677,19.88472],[73.4468,19.88487],[73.44684,19.88495],[73.44684,19.88516],[73.44681,19.88526],[73.44669,19.88541],[73.44664,19.88556],[73.44657,19.88565],[73.44652,19.88567],[73.44626,19.88565],[73.44615,19.88558],[73.44611,19.88541],[73.44607,19.88536],[73.44591,19.88534],[73.44565,19.88524],[73.44567,19.88518],[73.4459,19.88516],[73.44603,19.88521],[73.44613,19.88529],[73.44623,19.88531],[73.44634,19.88525],[73.44641,19.88525],[73.44644,19.88514],[73.44643,19.8848],[73.4464,19.88476],[73.4464,19.88473],[73.4463,19.88473],[73.44627,19.8847],[73.44628,19.88461],[73.44631,19.88456],[73.4463,19.88445],[73.44639,19.88443],[73.44642,19.88436],[73.4464,19.88424],[73.44636,19.88414],[73.44628,19.88408],[73.44625,19.88403],[73.44625,19.88399],[73.44627,19.88397],[73.44632,19.88397],[73.44634,19.88394],[73.44635,19.88383],[73.44647,19.88385],[73.44649,19.88381],[73.44649,19.88371],[73.44643,19.88358],[73.44634,19.88352],[73.44627,19.88343],[73.44619,19.88328],[73.44615,19.88315],[73.44607,19.88311],[73.44608,19.88304],[73.44612,19.88306],[73.44612,19.88309],[73.44621,19.88309],[73.44626,19.88323],[73.44636,19.88329],[73.4465,19.88343],[73.44663,19.88352],[73.44666,19.88356],[73.4468,19.88358],[73.44691,19.88354],[73.447,19.88357],[73.44737,19.88358],[73.44753,19.88355],[73.44774,19.88344],[73.44776,19.88338],[73.44774,19.88328],[73.44772,19.88323],[73.44765,19.88322],[73.44764,19.88314],[73.44769,19.88303],[73.44781,19.88291],[73.44785,19.88291],[73.44821,19.88317],[73.44824,19.88323],[73.44824,19.88328],[73.44826,19.8833],[73.44833,19.88329],[73.44867,19.88286],[73.44875,19.88285],[73.44882,19.88282],[73.44911,19.88264],[73.44939,19.88258],[73.44945,19.88253],[73.44955,19.8825],[73.44975,19.88232],[73.4498,19.88224],[73.44982,19.88215],[73.44981,19.88201],[73.44971,19.88169],[73.44952,19.88156],[73.44934,19.88152],[73.44887,19.88148],[73.44883,19.88145],[73.44883,19.88142],[73.44887,19.88134],[73.44897,19.88124],[73.44902,19.88115],[73.44902,19.88097],[73.44907,19.8808],[73.44913,19.88077],[73.44933,19.88075],[73.44946,19.88072],[73.44953,19.88068],[73.44953,19.88063],[73.44956,19.8806],[73.44963,19.8806],[73.4497,19.88057],[73.44975,19.88051],[73.44976,19.88045],[73.44974,19.88035],[73.44988,19.88029],[73.44993,19.88024],[73.44993,19.88019],[73.44999,19.88007],[73.45002,19.8797],[73.45007,19.8797],[73.45009,19.87966],[73.45013,19.8795],[73.4502,19.87931],[73.4502,19.87925],[73.45017,19.87916],[73.45009,19.87907],[73.45002,19.87901],[73.44994,19.879],[73.44994,19.87898],[73.45021,19.87892],[73.45036,19.87894],[73.45041,19.87887],[73.45041,19.87877],[73.45043,19.87875],[73.45062,19.87872],[73.45067,19.87867],[73.45074,19.87866],[73.45074,19.87862],[73.45078,19.87857],[73.45092,19.87856],[73.45095,19.87851],[73.45113,19.87844],[73.45124,19.87842],[73.45127,19.8784],[73.45127,19.87835],[73.45105,19.87807],[73.45097,19.87802],[73.45086,19.87801],[73.45078,19.87796],[73.4508,19.87791],[73.45085,19.87788],[73.45083,19.87781],[73.45067,19.87749],[73.45055,19.8774],[73.45051,19.8774],[73.45048,19.87743],[73.45035,19.87769],[73.45029,19.87775],[73.45017,19.87776],[73.45013,19.87778],[73.45007,19.87787],[73.45007,19.87791],[73.45,19.87793],[73.44979,19.8779],[73.44977,19.87789],[73.44976,19.8778],[73.4498,19.87778],[73.44991,19.87776],[73.44994,19.87773],[73.4499,19.87746],[73.44975,19.87723],[73.44978,19.87719],[73.44985,19.87715],[73.44985,19.87712],[73.4498,19.87709],[73.44967,19.87708],[73.44967,19.87712],[73.44947,19.87716],[73.44929,19.87726],[73.44922,19.87726],[73.4492,19.87722],[73.4492,19.8772],[73.44926,19.87717],[73.44926,19.87715],[73.44919,19.87708],[73.44919,19.87706],[73.4493,19.87705],[73.44932,19.87701],[73.44927,19.87687],[73.44935,19.87686],[73.44936,19.87684],[73.44931,19.87675],[73.44922,19.8767],[73.44927,19.87658],[73.44938,19.87649],[73.44938,19.87645],[73.44929,19.87637],[73.44926,19.87628],[73.44944,19.87627],[73.44954,19.87629],[73.44962,19.87634],[73.44971,19.87641],[73.44985,19.87664],[73.44996,19.87665],[73.45,19.87669],[73.45001,19.87681],[73.45008,19.87688],[73.4501,19.87694],[73.45016,19.87698],[73.45024,19.87699],[73.45028,19.87696],[73.45032,19.87684],[73.45036,19.87684],[73.45056,19.87698],[73.45059,19.87698],[73.4507,19.87704],[73.45084,19.87707],[73.45105,19.87708],[73.45115,19.87712],[73.45115,19.87717],[73.4512,19.87724],[73.45143,19.87738],[73.4515,19.87738],[73.45157,19.87735],[73.45163,19.87729],[73.45182,19.87718],[73.45189,19.87704],[73.45189,19.87696],[73.45195,19.87678],[73.45201,19.87671],[73.45211,19.87667],[73.45214,19.87661],[73.45211,19.87654],[73.4521,19.87641],[73.45212,19.87637],[73.45215,19.87635],[73.4522,19.87635],[73.45222,19.87632],[73.45222,19.87618],[73.45224,19.87611],[73.45237,19.87608],[73.4524,19.87606],[73.4524,19.87602],[73.45243,19.87599],[73.45248,19.87599],[73.4525,19.87596],[73.45249,19.87591],[73.45244,19.87586],[73.45235,19.87582],[73.45223,19.8758],[73.45179,19.87582],[73.45177,19.87579],[73.45178,19.87572],[73.45186,19.87567],[73.45195,19.87568],[73.452,19.87571],[73.45205,19.8757],[73.45212,19.87564],[73.45215,19.87555],[73.45216,19.8754],[73.45221,19.87543],[73.45224,19.87549],[73.45235,19.8755],[73.45266,19.87544],[73.45269,19.87542],[73.45272,19.87535],[73.45281,19.87533],[73.45285,19.87529],[73.45285,19.87518],[73.45288,19.87515],[73.4529,19.87515],[73.45294,19.87523],[73.45303,19.87526],[73.45308,19.87534],[73.45313,19.87535],[73.45326,19.87535],[73.45337,19.87532],[73.45354,19.87535],[73.4536,19.87534],[73.45365,19.87529],[73.45368,19.87529],[73.45371,19.87516],[73.45369,19.87508],[73.45351,19.87458],[73.45339,19.87442],[73.45323,19.87432],[73.45312,19.87422],[73.45305,19.87409],[73.45304,19.87381],[73.45308,19.8738],[73.45319,19.8738],[73.45324,19.87411],[73.45331,19.87415],[73.45335,19.87415],[73.45345,19.87406],[73.45348,19.87406],[73.4535,19.8741],[73.45354,19.87412],[73.45364,19.8741],[73.45372,19.87406],[73.45376,19.87412],[73.45381,19.87415],[73.45392,19.87415],[73.45397,19.87412],[73.454,19.87406],[73.45403,19.87406],[73.45417,19.87376],[73.45419,19.87366],[73.45415,19.87338],[73.45407,19.87329],[73.454,19.87327],[73.4538,19.87326],[73.45352,19.87309],[73.45354,19.87302],[73.45365,19.87291],[73.4537,19.87291],[73.4538,19.87274],[73.45386,19.87269],[73.45394,19.87269],[73.45399,19.87264],[73.45403,19.87246],[73.45411,19.87245],[73.45413,19.87242],[73.45415,19.87222],[73.45412,19.87221],[73.4541,19.87211],[73.45407,19.87211],[73.45404,19.87192],[73.45397,19.87189],[73.45399,19.87177],[73.45395,19.87174],[73.45385,19.87173],[73.45359,19.87174],[73.45347,19.8715],[73.45338,19.87148],[73.45337,19.87136],[73.4533,19.87118],[73.45335,19.87116],[73.45338,19.87118],[73.4535,19.8713],[73.45361,19.87133],[73.45375,19.87133],[73.45383,19.8713],[73.45384,19.87119],[73.45382,19.87119],[73.45381,19.87115],[73.4539,19.87112],[73.45394,19.87101],[73.45397,19.87101],[73.45407,19.87113],[73.45411,19.87113],[73.45417,19.87107],[73.45426,19.87104],[73.4543,19.87097],[73.45436,19.87093],[73.45443,19.87092],[73.45446,19.87086],[73.45461,19.87083],[73.45467,19.87069],[73.45505,19.87007],[73.45495,19.86987],[73.45491,19.86982],[73.45485,19.86981],[73.45487,19.8697],[73.45476,19.86957],[73.45473,19.86949],[73.45477,19.86947],[73.45488,19.86947],[73.45494,19.86951],[73.45514,19.86951],[73.45522,19.86949],[73.45541,19.86953],[73.45555,19.86949],[73.45558,19.86945],[73.45559,19.8694],[73.45566,19.86934],[73.45564,19.86928],[73.45558,19.86923],[73.45535,19.86881],[73.45515,19.86855],[73.45517,19.8685],[73.45525,19.86851],[73.45583,19.86875],[73.45607,19.86873],[73.45612,19.86879],[73.45616,19.86881],[73.45621,19.86881],[73.4564,19.86871],[73.45654,19.86859],[73.45661,19.86843],[73.45664,19.86814],[73.45677,19.86805],[73.4571,19.86776],[73.45717,19.8676],[73.45717,19.86746],[73.45668,19.86744],[73.45649,19.86735],[73.45608,19.86729],[73.45606,19.86728],[73.45606,19.86723],[73.45616,19.8672],[73.45637,19.86706],[73.45664,19.86694],[73.45679,19.86682],[73.4571,19.86679],[73.45713,19.86676],[73.45713,19.86667],[73.45706,19.86639],[73.4571,19.86636],[73.45713,19.86636],[73.45713,19.86635],[73.45717,19.86639],[73.45721,19.86654],[73.45725,19.86657],[73.45731,19.86658],[73.45745,19.86657],[73.45756,19.86663],[73.45769,19.86664],[73.45772,19.86661],[73.45772,19.86655],[73.45768,19.86643],[73.45757,19.86632],[73.45751,19.8662],[73.45741,19.86614],[73.45739,19.86609],[73.4574,19.866],[73.45745,19.86599],[73.45756,19.86604],[73.45775,19.86605],[73.45784,19.86599],[73.45795,19.86588],[73.45798,19.86582],[73.45799,19.86575],[73.45805,19.86566],[73.45821,19.8655],[73.45822,19.86546],[73.45836,19.86541],[73.45855,19.86546],[73.45863,19.86551],[73.45867,19.86569],[73.45867,19.86601],[73.4587,19.86613],[73.45875,19.86618],[73.45882,19.8662],[73.45905,19.86613],[73.45938,19.86593],[73.45951,19.86579],[73.45981,19.86559],[73.45998,19.86538],[73.45992,19.86518],[73.45983,19.86507],[73.45974,19.86503],[73.45962,19.86501],[73.45932,19.86503],[73.45924,19.86501],[73.45905,19.86479],[73.45905,19.86476],[73.45917,19.86468],[73.45917,19.86465],[73.45911,19.86459],[73.45892,19.8645],[73.45886,19.86434],[73.45882,19.86427],[73.4587,19.86418],[73.4587,19.86411],[73.45885,19.86394],[73.45886,19.86389],[73.45893,19.86387],[73.45897,19.86392],[73.45904,19.86392],[73.45916,19.86386],[73.45936,19.86382],[73.45943,19.86379],[73.45942,19.86375],[73.45932,19.86365],[73.45924,19.86362],[73.45912,19.86362],[73.45907,19.86357],[73.45909,19.86342],[73.45905,19.86334],[73.45912,19.86329],[73.45926,19.86327],[73.45927,19.86314],[73.45924,19.86298],[73.45929,19.86295],[73.4593,19.86289],[73.45923,19.86289],[73.45909,19.86292],[73.45893,19.86299],[73.4589,19.86298],[73.45887,19.86289],[73.45943,19.86271],[73.45949,19.86267],[73.45948,19.86262],[73.45943,19.86261],[73.45943,19.86259],[73.45957,19.86247],[73.45956,19.86242],[73.45947,19.8623],[73.45939,19.86228],[73.45939,19.86226],[73.45916,19.86227],[73.45899,19.86233],[73.45865,19.8625],[73.45857,19.86252],[73.45853,19.86258],[73.45853,19.86275],[73.45851,19.86281],[73.45847,19.86284],[73.4582,19.86288],[73.45805,19.86296],[73.45795,19.86309],[73.45784,19.86336],[73.45757,19.86365],[73.45754,19.86365],[73.4575,19.86359],[73.45753,19.86341],[73.45751,19.86323],[73.45744,19.86317],[73.45733,19.86315],[73.45728,19.86318],[73.45712,19.8633],[73.45708,19.86344],[73.45703,19.86348],[73.45683,19.86353],[73.45672,19.8636],[73.45652,19.86386],[73.45648,19.86389],[73.45645,19.86389],[73.45637,19.86381],[73.45636,19.86374],[73.45624,19.86369],[73.45622,19.86366],[73.45622,19.86353],[73.45627,19.86342],[73.45627,19.86336],[73.45623,19.86331],[73.45605,19.86327],[73.45584,19.86333],[73.45577,19.86338],[73.45564,19.86362],[73.45564,19.8637],[73.45567,19.86381],[73.45565,19.86384],[73.45563,19.86384],[73.45537,19.86362],[73.45522,19.86359],[73.45509,19.86361],[73.45503,19.86365],[73.45492,19.86367],[73.45487,19.86367],[73.45476,19.86362],[73.45465,19.86361],[73.45438,19.86384],[73.45418,19.86404],[73.45409,19.86403],[73.45403,19.86394],[73.454,19.86394],[73.45391,19.864],[73.45383,19.864],[73.4535,19.8639],[73.45327,19.86388],[73.45317,19.86385],[73.45308,19.8639],[73.45286,19.86424],[73.45283,19.86429],[73.45283,19.86439],[73.45251,19.86441],[73.45229,19.86449],[73.45225,19.86447],[73.45224,19.86444],[73.45225,19.86419],[73.45233,19.86387],[73.45229,19.86373],[73.45226,19.86368],[73.4522,19.86366],[73.45212,19.86366],[73.45182,19.86378],[73.45164,19.86381],[73.45155,19.86388],[73.45142,19.86385],[73.45138,19.86386],[73.45137,19.86389],[73.45133,19.86391],[73.45118,19.86394],[73.45114,19.8639],[73.45106,19.86374],[73.45104,19.86355],[73.45108,19.8635],[73.45136,19.86336],[73.45179,19.86322],[73.45182,19.86316],[73.45183,19.86308],[73.45179,19.86295],[73.45162,19.86258],[73.45146,19.86245],[73.45143,19.86238],[73.45129,19.86218],[73.45131,19.86207],[73.45137,19.86189],[73.45139,19.86187],[73.4517,19.86183],[73.45172,19.86188],[73.45168,19.86201],[73.45169,19.86208],[73.4518,19.86222],[73.452,19.86237],[73.45216,19.86241],[73.45246,19.8623],[73.4529,19.86252],[73.45309,19.86255],[73.45315,19.86257],[73.45318,19.8626],[73.45323,19.86259],[73.45324,19.86255],[73.45332,19.86257],[73.45342,19.86262],[73.45343,19.86268],[73.45351,19.86267],[73.45354,19.86263],[73.45365,19.86256],[73.45401,19.86241],[73.45409,19.8624],[73.45419,19.86242],[73.45423,19.86248],[73.45426,19.86249],[73.45436,19.86249],[73.45438,19.86247],[73.45447,19.86248],[73.45455,19.86249],[73.45485,19.86262],[73.45511,19.86265],[73.45528,19.86249],[73.45533,19.86242],[73.45533,19.86237],[73.45527,19.86227],[73.45496,19.86199],[73.45495,19.86195],[73.45497,19.86193],[73.45534,19.86199],[73.4557,19.86216],[73.45606,19.86219],[73.45613,19.86222],[73.45621,19.86223],[73.45639,19.86213],[73.45661,19.86193],[73.45668,19.86183],[73.45671,19.86172],[73.45653,19.86146],[73.45629,19.86117],[73.45614,19.86094],[73.45606,19.86088],[73.45599,19.86085],[73.45583,19.86083],[73.45576,19.86078],[73.45564,19.86075],[73.45543,19.86052],[73.45538,19.8605],[73.45524,19.86051],[73.45507,19.86039],[73.45499,19.86037],[73.45494,19.86022],[73.45495,19.86018],[73.45497,19.86017],[73.45497,19.86012],[73.45493,19.85994],[73.455,19.85993],[73.45504,19.8599],[73.45506,19.85984],[73.45511,19.85981],[73.4553,19.8598],[73.45534,19.85979],[73.45534,19.85976],[73.45599,19.85975],[73.45614,19.85977],[73.45633,19.85984],[73.45635,19.8599],[73.45637,19.85993],[73.45642,19.85993],[73.45648,19.85999],[73.45656,19.8601],[73.45665,19.86016],[73.457,19.86031],[73.4573,19.86028],[73.45753,19.85997],[73.45763,19.85988],[73.45771,19.85988],[73.45779,19.85992],[73.4579,19.86007],[73.45794,19.8601],[73.45803,19.86026],[73.45821,19.86034],[73.45834,19.86035],[73.45845,19.86031],[73.45851,19.86025],[73.45859,19.86016],[73.45867,19.86002],[73.45875,19.85976],[73.45876,19.85965],[73.45873,19.85939],[73.4592,19.85925],[73.45928,19.85919],[73.45928,19.85916],[73.45935,19.85913],[73.45953,19.85914],[73.45962,19.85936],[73.45975,19.85948],[73.45984,19.85953],[73.46016,19.85955],[73.46036,19.85949],[73.46043,19.85943],[73.46063,19.85918],[73.4607,19.85892],[73.46077,19.85843],[73.4607,19.85839],[73.46062,19.85829],[73.46065,19.85822],[73.46058,19.85805],[73.46058,19.85799],[73.46069,19.85798],[73.46071,19.85799],[73.46071,19.85802],[73.46074,19.85803],[73.46091,19.85802],[73.4611,19.85815],[73.46131,19.85813],[73.46169,19.85805],[73.46172,19.85799],[73.46173,19.85781],[73.46176,19.85773],[73.4618,19.85767],[73.46186,19.85763],[73.46204,19.85753],[73.46207,19.85747],[73.46205,19.8573],[73.46196,19.85704],[73.46183,19.85685],[73.46169,19.85674],[73.46169,19.85655],[73.46173,19.8565],[73.46175,19.85638],[73.46169,19.85626],[73.46168,19.85615],[73.46175,19.85609],[73.46188,19.85606],[73.46205,19.85593],[73.46207,19.85593],[73.46223,19.85608],[73.4624,19.85618],[73.46248,19.85621],[73.46256,19.8562],[73.46264,19.85615],[73.46278,19.85597],[73.46294,19.85556],[73.46287,19.85541],[73.46286,19.8553],[73.46312,19.85519],[73.46323,19.85503],[73.46332,19.855],[73.46345,19.8548],[73.46359,19.85453],[73.46371,19.85438],[73.46379,19.85437],[73.46395,19.85444],[73.46409,19.85471],[73.46433,19.8549],[73.46459,19.85497],[73.46467,19.85495],[73.46465,19.85486],[73.46462,19.85485],[73.46457,19.85457],[73.46448,19.85441],[73.46447,19.85428],[73.46443,19.85421],[73.46436,19.85415],[73.46425,19.85411],[73.46395,19.85406],[73.46371,19.85381],[73.46354,19.8537],[73.46338,19.8537],[73.4633,19.85373],[73.46324,19.85378],[73.4632,19.85385],[73.46314,19.85427],[73.46309,19.85436],[73.46269,19.85482],[73.46262,19.85489],[73.46256,19.85492],[73.46245,19.8549],[73.46239,19.85486],[73.46242,19.85469],[73.46241,19.85457],[73.46234,19.85427],[73.4621,19.85404],[73.46191,19.85403],[73.46154,19.85413],[73.46134,19.85425],[73.46121,19.85438],[73.46114,19.85453],[73.461,19.85462],[73.46097,19.85468],[73.46097,19.85475],[73.46095,19.8548],[73.46092,19.85485],[73.46085,19.85488],[73.46078,19.85506],[73.46074,19.85512],[73.46058,19.85509],[73.46031,19.85482],[73.46019,19.85475],[73.46004,19.85475],[73.45999,19.85478],[73.45989,19.85497],[73.45966,19.85505],[73.4596,19.85511],[73.4596,19.85514],[73.45956,19.85517],[73.45938,19.8552],[73.45931,19.85526],[73.45925,19.85529],[73.45918,19.85529],[73.45915,19.85532],[73.45915,19.8554],[73.45913,19.85544],[73.45909,19.85546],[73.45898,19.85544],[73.45877,19.85524],[73.45867,19.85521],[73.45863,19.85521],[73.45847,19.85526],[73.4584,19.85534],[73.45836,19.85544],[73.45822,19.85545],[73.45813,19.85549],[73.45798,19.85561],[73.45796,19.85566],[73.45794,19.85566],[73.4579,19.85562],[73.45784,19.85562],[73.45756,19.85571],[73.45749,19.85574],[73.45746,19.85578],[73.4574,19.85579],[73.45739,19.85578],[73.4574,19.85564],[73.45738,19.8556],[73.45734,19.8556],[73.45731,19.85558],[73.45728,19.85543],[73.4573,19.85538],[73.45739,19.8553],[73.45742,19.8553],[73.45751,19.85517],[73.45756,19.85512],[73.45759,19.8551],[73.45767,19.85488],[73.45771,19.85482],[73.45781,19.85475],[73.45794,19.85471],[73.45802,19.85464],[73.4581,19.85461],[73.45817,19.85453],[73.45828,19.85433],[73.45828,19.85429],[73.45832,19.85425],[73.45878,19.8541],[73.45882,19.85406],[73.45884,19.85402],[73.4588,19.85391],[73.45874,19.85384],[73.45867,19.8538],[73.45859,19.85378],[73.45851,19.85373],[73.45836,19.8536],[73.45833,19.8536],[73.45819,19.85345],[73.45812,19.85339],[73.45812,19.85334],[73.45816,19.85327],[73.45832,19.85309],[73.45851,19.85299],[73.45869,19.85293],[73.45909,19.85292],[73.45922,19.85289],[73.45924,19.85284],[73.45924,19.8528],[73.45918,19.85274],[73.4592,19.85265],[73.45948,19.85247],[73.45949,19.85243],[73.45953,19.85241],[73.45957,19.85241],[73.45962,19.85244],[73.45981,19.85265],[73.45999,19.85281],[73.46002,19.85281],[73.46011,19.85274],[73.46024,19.8526],[73.46031,19.85248],[73.46035,19.85236],[73.46043,19.85235],[73.46053,19.85248],[73.46072,19.85255],[73.4609,19.85254],[73.46099,19.85249],[73.4611,19.85221],[73.46112,19.852],[73.46119,19.85186],[73.46129,19.85172],[73.46147,19.85158],[73.4615,19.85145],[73.46145,19.85107],[73.46147,19.85095],[73.46153,19.85084],[73.46153,19.85078],[73.4615,19.85072],[73.46127,19.85054],[73.46119,19.85051],[73.461,19.85039],[73.46097,19.85036],[73.46099,19.85026],[73.46094,19.85026],[73.46068,19.85013],[73.46024,19.8501],[73.46021,19.85003],[73.46024,19.85001],[73.46026,19.84978],[73.46029,19.84974],[73.46062,19.84951],[73.46082,19.84943],[73.46096,19.84945],[73.461,19.84944],[73.461,19.84943],[73.46107,19.84942],[73.46131,19.84943],[73.46141,19.84949],[73.46141,19.84952],[73.46144,19.84954],[73.46153,19.84955],[73.46156,19.84963],[73.46158,19.84964],[73.46165,19.84961],[73.4619,19.84961],[73.46204,19.84963],[73.46209,19.84965],[73.46227,19.84963],[73.46232,19.8496],[73.46224,19.84948],[73.46198,19.84919],[73.46188,19.84913],[73.46187,19.84903],[73.46192,19.84896],[73.46203,19.84889],[73.46213,19.84891],[73.46221,19.84896],[73.46242,19.84897],[73.46252,19.84894],[73.46257,19.84889],[73.4626,19.84881],[73.46258,19.84853],[73.46275,19.84844],[73.46282,19.84837],[73.46285,19.84826],[73.46285,19.84815],[73.46282,19.84805],[73.46271,19.8478],[73.46271,19.84767],[73.46276,19.84748],[73.46272,19.8474],[73.46264,19.84734],[73.46248,19.84731],[73.4622,19.84733],[73.4621,19.84737],[73.46196,19.84745],[73.46169,19.84741],[73.46157,19.84741],[73.46151,19.84739],[73.46151,19.84736],[73.46156,19.84722],[73.46162,19.84716],[73.4618,19.84705],[73.46189,19.84694],[73.46192,19.84694],[73.46201,19.84678],[73.46203,19.84671],[73.46207,19.84666],[73.46224,19.84664],[73.46254,19.84624],[73.46257,19.84613],[73.46265,19.846],[73.46263,19.84598],[73.46263,19.84593],[73.46268,19.8459],[73.46276,19.84556],[73.4628,19.84548],[73.46284,19.84503],[73.46288,19.8449],[73.46295,19.84494],[73.46311,19.84513],[73.46329,19.8452],[73.46342,19.84532],[73.46357,19.84541],[73.46383,19.84545],[73.46397,19.84543],[73.46412,19.8452],[73.46426,19.84483],[73.46434,19.84474],[73.46445,19.8447],[73.46456,19.84464],[73.4646,19.84464],[73.46468,19.84465],[73.4648,19.84474],[73.46485,19.84474],[73.46496,19.84462],[73.46513,19.84422],[73.46528,19.8441],[73.46535,19.84402],[73.46544,19.84387],[73.46565,19.8439],[73.46577,19.84388],[73.46586,19.84378],[73.46594,19.84364],[73.46599,19.84351],[73.46602,19.84333],[73.46598,19.84305],[73.46599,19.84264],[73.46592,19.84252],[73.46576,19.8424],[73.46576,19.84235],[73.4658,19.8423],[73.46594,19.84227],[73.466,19.84228],[73.466,19.8423],[73.46614,19.84238],[73.46637,19.84259],[73.46658,19.84274],[73.46666,19.84283],[73.46673,19.84287],[73.46678,19.84287],[73.46687,19.84282],[73.46691,19.84264],[73.467,19.84253],[73.46716,19.8424],[73.46725,19.84229],[73.46734,19.84206],[73.4673,19.842],[73.46734,19.84198],[73.4674,19.84202],[73.46743,19.84201],[73.46745,19.84191],[73.46748,19.84191],[73.46762,19.84166],[73.46765,19.84165],[73.46765,19.84152],[73.46767,19.84149],[73.4679,19.84154],[73.46796,19.84157],[73.46798,19.8416],[73.46802,19.84161],[73.46807,19.84161],[73.46812,19.84156],[73.46818,19.84158],[73.46824,19.84169],[73.46812,19.84179],[73.46808,19.84186],[73.46801,19.84209],[73.46802,19.84214],[73.46807,19.84217],[73.46809,19.84223],[73.46802,19.84237],[73.46799,19.84246],[73.46801,19.84257],[73.46799,19.84264],[73.46796,19.84264],[73.46798,19.84272],[73.46803,19.84277],[73.46823,19.84312],[73.4683,19.84316],[73.46838,19.84323],[73.46849,19.84327],[73.4686,19.84327],[73.46868,19.8433],[73.46894,19.84326],[73.46909,19.84343],[73.46921,19.84347],[73.46957,19.84342],[73.4696,19.84344],[73.46994,19.84347],[73.47005,19.8434],[73.47024,19.84334],[73.47057,19.84342],[73.47061,19.84346],[73.47062,19.84354],[73.47067,19.84358],[73.47079,19.84363],[73.47085,19.84359],[73.47086,19.8433],[73.4709,19.84324],[73.47096,19.84319],[73.47108,19.84291],[73.47112,19.84287],[73.47118,19.84287],[73.47119,19.84284],[73.47119,19.84277],[73.47133,19.84259],[73.47137,19.84249],[73.47137,19.84241],[73.47134,19.84237],[73.47128,19.84235],[73.47124,19.8423],[73.47124,19.84222],[73.47125,19.84216],[73.47139,19.84203],[73.47169,19.84199],[73.47202,19.84198],[73.47221,19.84191],[73.47238,19.84174],[73.47257,19.84147],[73.4726,19.84139],[73.47262,19.84121],[73.4726,19.84113],[73.47256,19.84109],[73.4724,19.84102],[73.47237,19.84095],[73.47235,19.84084],[73.47231,19.84078],[73.4722,19.84077],[73.47187,19.84086],[73.47181,19.84086],[73.47143,19.84069],[73.47143,19.84067],[73.4716,19.84049],[73.47167,19.84039],[73.47169,19.84029],[73.47171,19.84016],[73.47163,19.84004],[73.47161,19.83992],[73.47174,19.83967],[73.47178,19.83937],[73.47196,19.83903],[73.47195,19.83893],[73.47192,19.8389],[73.47133,19.83897],[73.47118,19.83903],[73.47079,19.83904],[73.47064,19.83911],[73.47051,19.83926],[73.47042,19.83939],[73.47036,19.8396],[73.47029,19.83976],[73.47021,19.83979],[73.47012,19.83979],[73.47002,19.83976],[73.46994,19.8397],[73.46988,19.83948],[73.46982,19.83936],[73.46974,19.83927],[73.46964,19.83922],[73.46952,19.8392],[73.46946,19.83912],[73.46948,19.83888],[73.46954,19.83881],[73.46969,19.83877],[73.46985,19.83865],[73.46989,19.83858],[73.46991,19.83842],[73.46988,19.8384],[73.46988,19.83837],[73.46993,19.83836],[73.46994,19.83839],[73.46997,19.83839],[73.47002,19.83837],[73.47006,19.83834],[73.47007,19.83822],[73.47009,19.83817],[73.47046,19.83773],[73.47046,19.83769],[73.47043,19.83765],[73.46994,19.83746],[73.46989,19.83746],[73.46966,19.83758],[73.46959,19.83765],[73.46942,19.83778],[73.46929,19.83793],[73.46922,19.83796],[73.4692,19.83761],[73.46916,19.83761],[73.46902,19.83751],[73.4688,19.83741],[73.46875,19.83737],[73.46861,19.83716],[73.46853,19.8371],[73.4684,19.83708],[73.46807,19.8371],[73.46797,19.83716],[73.46764,19.83716],[73.46755,19.83718],[73.46762,19.83751],[73.46771,19.83765],[73.46768,19.83777],[73.46744,19.83801],[73.46726,19.83801],[73.46703,19.83813],[73.46696,19.83819],[73.46696,19.83833],[73.46693,19.83848],[73.4669,19.83888],[73.46693,19.83893],[73.46701,19.8392],[73.46707,19.8393],[73.46708,19.83942],[73.46706,19.83948],[73.46708,19.83952],[73.46711,19.83955],[73.46735,19.83964],[73.46728,19.8399],[73.46735,19.83998],[73.46746,19.84035],[73.46749,19.84039],[73.46748,19.84046],[73.4674,19.84055],[73.46731,19.84056],[73.46709,19.84031],[73.46704,19.84031],[73.46676,19.84007],[73.46662,19.83998],[73.46651,19.83998],[73.46639,19.83995],[73.4662,19.83981],[73.46609,19.83976],[73.46588,19.83977],[73.46578,19.8399],[73.4658,19.84039],[73.46588,19.84064],[73.46584,19.84074],[73.46582,19.84075],[73.46577,19.84074],[73.46571,19.84065],[73.46554,19.84049],[73.46531,19.84031],[73.46497,19.84015],[73.46452,19.83985],[73.46439,19.83989],[73.46427,19.84002],[73.46425,19.84017],[73.46429,19.84028],[73.4642,19.84031],[73.46403,19.84031],[73.46396,19.84028],[73.46382,19.8401],[73.46363,19.83996],[73.46349,19.83976],[73.46342,19.83969],[73.46336,19.83965],[73.4634,19.83946],[73.46337,19.83939],[73.46324,19.83929],[73.46316,19.83914],[73.46315,19.83907],[73.46327,19.83883],[73.46327,19.83873],[73.46325,19.83866],[73.46312,19.83851],[73.46298,19.83843],[73.4629,19.83842],[73.4628,19.83844],[73.46273,19.83849],[73.46258,19.83855],[73.4625,19.83854],[73.46209,19.83853],[73.46198,19.83849],[73.46184,19.83848],[73.46172,19.83845],[73.46146,19.83846],[73.46123,19.83856],[73.46116,19.83877],[73.46118,19.83908],[73.46114,19.83927],[73.46117,19.83944],[73.46121,19.83947],[73.46122,19.83964],[73.46128,19.83991],[73.46134,19.84001],[73.46137,19.84015],[73.46153,19.84039],[73.4616,19.84043],[73.46164,19.8408],[73.46161,19.84086],[73.46161,19.84115],[73.46157,19.84127],[73.46155,19.84142],[73.46158,19.84148],[73.4616,19.84166],[73.46162,19.8417],[73.46162,19.84174],[73.46159,19.84178],[73.46148,19.84182],[73.46134,19.84181],[73.4613,19.84176],[73.46128,19.84166],[73.46106,19.84146],[73.46098,19.84133],[73.46094,19.84131],[73.46083,19.8413],[73.46079,19.84132],[73.46062,19.84134],[73.46055,19.84129],[73.46035,19.84124],[73.46015,19.84112],[73.46003,19.8411],[73.45988,19.84111],[73.45969,19.84118],[73.45964,19.84116],[73.45965,19.8411],[73.45957,19.84094],[73.45974,19.8407],[73.45974,19.84052],[73.45969,19.84038],[73.45961,19.84031],[73.45937,19.84021],[73.4593,19.8402],[73.45922,19.84022],[73.45919,19.84025],[73.45903,19.84025],[73.45894,19.84009],[73.45883,19.84003],[73.45883,19.83993],[73.45888,19.83972],[73.45875,19.83944],[73.45869,19.83936],[73.45851,19.83927],[73.45813,19.8391],[73.45787,19.839],[73.45756,19.83927],[73.45745,19.83949],[73.45734,19.83965],[73.45707,19.83968],[73.45697,19.83971],[73.45688,19.8397],[73.4567,19.8396],[73.45648,19.83948],[73.45623,19.83953],[73.45601,19.8397],[73.456,19.83987],[73.45601,19.84003],[73.45595,19.84016],[73.45583,19.84016],[73.45572,19.84008],[73.45561,19.83995],[73.4555,19.83979],[73.45542,19.83963],[73.45524,19.83932],[73.45521,19.83918],[73.4552,19.83892],[73.45524,19.83873],[73.45531,19.83852],[73.45545,19.83829],[73.45557,19.83807],[73.45575,19.83785],[73.45585,19.8377],[73.45595,19.83753],[73.45607,19.83742],[73.45625,19.83732],[73.45644,19.83726],[73.45658,19.83716],[73.45664,19.83698],[73.4566,19.83683],[73.45649,19.8367],[73.45636,19.83659],[73.45621,19.83645],[73.4561,19.83628],[73.45598,19.83604],[73.45586,19.83592],[73.45578,19.83595],[73.45569,19.83611],[73.45568,19.83618],[73.45565,19.83628],[73.45563,19.8365],[73.4553,19.83685],[73.45522,19.83699],[73.45501,19.8371],[73.45487,19.83707],[73.45466,19.83695],[73.45445,19.83691],[73.45419,19.83694],[73.45394,19.83698],[73.45383,19.83708],[73.45375,19.83717],[73.45372,19.83732],[73.45372,19.83744],[73.45382,19.83752],[73.45393,19.83754],[73.45409,19.83756],[73.45424,19.83765],[73.45429,19.83785],[73.45437,19.838],[73.45445,19.83816],[73.45451,19.83846],[73.45457,19.83869],[73.45473,19.83897],[73.4548,19.83902],[73.45491,19.83914],[73.45488,19.83937],[73.4548,19.83958],[73.45481,19.83975],[73.45492,19.83988],[73.45517,19.84009],[73.45519,19.8403],[73.4551,19.84036],[73.455,19.84041],[73.45493,19.84048],[73.45492,19.8406],[73.45485,19.84069],[73.45475,19.84071],[73.45462,19.8407],[73.45452,19.84074],[73.45454,19.84083],[73.45456,19.84095],[73.45447,19.84107],[73.45438,19.84111],[73.45417,19.84122],[73.4541,19.84125],[73.45412,19.84135],[73.4542,19.84143],[73.45433,19.84151],[73.45448,19.84152],[73.45467,19.84151],[73.45474,19.84179],[73.45471,19.84186],[73.45465,19.84195],[73.45461,19.84203],[73.45482,19.84247],[73.45488,19.84256],[73.45498,19.84271],[73.45504,19.84293],[73.45506,19.8431],[73.45502,19.84329],[73.45488,19.84349],[73.45484,19.84359],[73.45475,19.84365],[73.4546,19.84373],[73.4545,19.84381],[73.45446,19.84392],[73.45445,19.84404],[73.45445,19.84408],[73.45438,19.84412],[73.45431,19.84416],[73.45432,19.84421],[73.4544,19.8443],[73.45448,19.84439],[73.45454,19.84447],[73.4545,19.84453],[73.45451,19.84461],[73.45458,19.84468],[73.45464,19.84474],[73.45464,19.84484],[73.45463,19.84488],[73.45458,19.84492],[73.45448,19.84493],[73.45441,19.84492],[73.45433,19.84488],[73.4543,19.84482],[73.45422,19.84467],[73.45415,19.84462],[73.45414,19.84456],[73.45414,19.84447],[73.4541,19.84441],[73.45405,19.84436],[73.45401,19.84428],[73.45404,19.84422],[73.45403,19.8441],[73.45401,19.84402],[73.45396,19.84394],[73.45398,19.84388],[73.45406,19.84384],[73.45411,19.84376],[73.45412,19.84368],[73.45403,19.84365],[73.45391,19.84369],[73.4539,19.84361],[73.4539,19.84348],[73.45397,19.84342],[73.45404,19.84338],[73.45422,19.84327],[73.4543,19.84313],[73.45429,19.843],[73.45424,19.84286],[73.45417,19.84273],[73.45406,19.84265],[73.45401,19.84269],[73.45402,19.84278],[73.45398,19.84289],[73.45388,19.84284],[73.45379,19.84275],[73.45374,19.84258],[73.45371,19.84244],[73.45358,19.84241],[73.45347,19.84243],[73.45339,19.84242],[73.45335,19.84228],[73.45334,19.84213],[73.45324,19.84196],[73.45309,19.84185],[73.4529,19.84182],[73.45269,19.84189],[73.45245,19.84206],[73.45236,19.84223],[73.45219,19.84227],[73.4521,19.84236],[73.45188,19.84253],[73.4517,19.84267],[73.45161,19.84261],[73.45152,19.84253],[73.45151,19.84236],[73.45169,19.84225],[73.45181,19.84221],[73.4519,19.84215],[73.45203,19.84176],[73.45214,19.84153],[73.45226,19.84144],[73.45236,19.84142],[73.4525,19.84138],[73.45261,19.84128],[73.45275,19.84115],[73.45285,19.84098],[73.45287,19.84082],[73.45288,19.84066],[73.45302,19.84054],[73.45307,19.84042],[73.45311,19.84021],[73.45317,19.84],[73.45324,19.83984],[73.45325,19.83962],[73.45318,19.83945],[73.45312,19.83933],[73.45298,19.83923],[73.45268,19.83924],[73.45248,19.83936],[73.45235,19.83943],[73.45212,19.83947],[73.45195,19.83952],[73.45185,19.8396],[73.45167,19.83953],[73.45155,19.83942],[73.45154,19.83929],[73.45164,19.83915],[73.45176,19.83901],[73.4518,19.83891],[73.45175,19.83874],[73.45178,19.8386],[73.45174,19.83853],[73.45156,19.83852],[73.45144,19.83848],[73.45134,19.83832],[73.45122,19.83824],[73.45114,19.83816],[73.45114,19.83808],[73.4512,19.83795],[73.45123,19.83785],[73.45133,19.83773],[73.45128,19.83758],[73.45117,19.83735],[73.45103,19.83709],[73.45082,19.83672],[73.45075,19.83663],[73.4507,19.83647],[73.45068,19.83623],[73.45066,19.83604],[73.4507,19.83593],[73.45081,19.83579],[73.45089,19.83572],[73.45107,19.83571],[73.45126,19.83566],[73.45132,19.83553],[73.4513,19.83539],[73.45117,19.83536],[73.45104,19.83538],[73.45095,19.83538],[73.45067,19.83536],[73.45049,19.83534],[73.45036,19.83541],[73.45033,19.8356],[73.45023,19.83572],[73.45022,19.83581],[73.45012,19.83604],[73.44977,19.83622],[73.44958,19.83629],[73.44931,19.83638],[73.44919,19.83645],[73.44908,19.83656],[73.44901,19.8367],[73.44901,19.83678],[73.44902,19.83688],[73.44891,19.83704],[73.4489,19.83715],[73.44878,19.83719],[73.44866,19.83718],[73.44847,19.83716],[73.44837,19.8371],[73.44835,19.837],[73.44837,19.83683],[73.44838,19.83669],[73.44837,19.83651],[73.44839,19.83635],[73.44842,19.83613],[73.44844,19.83592],[73.44839,19.83574],[73.4483,19.83574],[73.44823,19.83581],[73.4482,19.83592],[73.44817,19.83612],[73.44814,19.8363],[73.44809,19.8364],[73.44798,19.83646],[73.44778,19.8366],[73.44752,19.83687],[73.4474,19.83692],[73.44719,19.83689],[73.44705,19.83687],[73.44688,19.83697],[73.44683,19.83721],[73.44698,19.83742],[73.44708,19.83753],[73.44729,19.8378],[73.44764,19.83809],[73.44784,19.83819],[73.44792,19.83832],[73.44773,19.83835],[73.44753,19.83842],[73.4474,19.83844],[73.4472,19.83845],[73.44692,19.8386],[73.44678,19.83867],[73.4467,19.8388],[73.44668,19.83908],[73.44675,19.8393],[73.44689,19.83949],[73.44703,19.83963],[73.44695,19.83986],[73.44687,19.84005],[73.44685,19.84018],[73.44696,19.84041],[73.44719,19.84059],[73.4472,19.84082],[73.44711,19.84088],[73.44699,19.84092],[73.44692,19.84103],[73.44691,19.84124],[73.44702,19.84173],[73.44709,19.84192],[73.44714,19.84208],[73.44726,19.84217],[73.44744,19.84221],[73.44745,19.84235],[73.44739,19.84241],[73.44726,19.84253],[73.44726,19.84254],[73.44723,19.84292],[73.44728,19.84309],[73.44722,19.84324],[73.44721,19.84335],[73.44733,19.84353],[73.44751,19.84384],[73.44746,19.84409],[73.44747,19.84421],[73.4475,19.84435],[73.44769,19.84451],[73.44784,19.84463],[73.44814,19.84471],[73.44844,19.84487],[73.44842,19.84501],[73.4485,19.84518],[73.44856,19.84528],[73.44882,19.84529],[73.44909,19.84527],[73.44906,19.84535],[73.44892,19.84541],[73.44876,19.84557],[73.44864,19.84581],[73.44859,19.84597],[73.4485,19.84592],[73.44844,19.84579],[73.44845,19.84561],[73.44823,19.84532],[73.4482,19.84511],[73.448,19.84499],[73.44774,19.84488],[73.44748,19.84474],[73.44738,19.84457],[73.44717,19.84437],[73.44713,19.84431],[73.44727,19.84416],[73.44728,19.84396],[73.44718,19.84385],[73.44703,19.84366],[73.44697,19.84347],[73.44684,19.84321],[73.44676,19.84298],[73.44669,19.84272],[73.44663,19.84247],[73.44647,19.84211],[73.44642,19.842],[73.44641,19.84189],[73.44636,19.84178],[73.44625,19.84177],[73.44615,19.84191],[73.44591,19.842],[73.44572,19.84197],[73.44565,19.84187],[73.44561,19.8417],[73.44563,19.84157],[73.44574,19.84142],[73.44578,19.84128],[73.44563,19.84118],[73.44552,19.84116],[73.44539,19.8411],[73.44528,19.84098],[73.44531,19.84087],[73.44538,19.84077],[73.44539,19.84066],[73.44531,19.84057],[73.44534,19.84046],[73.44546,19.84028],[73.44548,19.84007],[73.44535,19.83997],[73.44521,19.84],[73.44509,19.84004],[73.44492,19.84],[73.44477,19.83998],[73.44462,19.84004],[73.44451,19.84023],[73.44426,19.84034],[73.44426,19.84056],[73.44419,19.84064],[73.44412,19.84057],[73.44406,19.84044],[73.44396,19.84032],[73.44382,19.84019],[73.44375,19.84002],[73.44363,19.8399],[73.44345,19.83991],[73.44332,19.83989],[73.44314,19.83988],[73.44297,19.83989],[73.44284,19.84003],[73.44285,19.84029],[73.44283,19.84036],[73.4428,19.84051],[73.44291,19.84075],[73.44294,19.841],[73.44288,19.84103],[73.44278,19.84103],[73.44271,19.84109],[73.44276,19.84118],[73.44295,19.8413],[73.443,19.84141],[73.44298,19.84151],[73.44283,19.84155],[73.44265,19.84149],[73.44248,19.84148],[73.44242,19.84147],[73.44242,19.84154],[73.44239,19.84198],[73.44232,19.84219],[73.44244,19.84231],[73.44257,19.84228],[73.4425,19.84237],[73.44247,19.8425],[73.44256,19.84255],[73.44266,19.84262],[73.44259,19.84268],[73.44256,19.84279],[73.44264,19.84286],[73.4428,19.84287],[73.44292,19.84295],[73.44314,19.84305],[73.44343,19.84338],[73.44342,19.84374],[73.44325,19.84394],[73.443,19.84415],[73.44294,19.84435],[73.44298,19.84461],[73.44308,19.84489],[73.44307,19.84514],[73.44286,19.84543],[73.44261,19.84556],[73.44232,19.84565],[73.4422,19.84574],[73.44211,19.84589],[73.44198,19.84592],[73.44173,19.84587],[73.44157,19.84568],[73.44166,19.84546],[73.44194,19.84539],[73.44235,19.84538],[73.44253,19.84533],[73.44261,19.84506],[73.44254,19.84484],[73.44229,19.8448],[73.44207,19.84478],[73.44196,19.84469],[73.442,19.84443],[73.44217,19.84419],[73.44233,19.84402],[73.44247,19.84389],[73.44257,19.84378],[73.44262,19.84358],[73.44253,19.84348],[73.44239,19.84348],[73.44227,19.84357],[73.4421,19.84366],[73.44199,19.84362],[73.44188,19.84348],[73.44175,19.84345],[73.44162,19.84352],[73.44146,19.84363],[73.4413,19.84357],[73.44125,19.8435],[73.44126,19.84331],[73.44117,19.84314],[73.44097,19.84313],[73.44082,19.84325],[73.44067,19.84346],[73.4406,19.84365],[73.44048,19.84389],[73.44034,19.84407],[73.44012,19.8442],[73.43994,19.84417],[73.43969,19.84438],[73.43959,19.84463],[73.43949,19.84494],[73.4391,19.84499],[73.43883,19.84495],[73.43864,19.84505],[73.43854,19.84516],[73.43837,19.84511],[73.43828,19.84495],[73.43829,19.84478],[73.43837,19.84468],[73.43843,19.84463],[73.43891,19.84438],[73.43915,19.84414],[73.43917,19.84388],[73.43926,19.84361],[73.43957,19.84318],[73.43993,19.84304],[73.44034,19.84277],[73.44061,19.84264],[73.44084,19.84265],[73.44105,19.84259],[73.44123,19.84241],[73.44124,19.84225],[73.44107,19.84188],[73.441,19.84161],[73.44101,19.84144],[73.44142,19.84095],[73.44163,19.84074],[73.44174,19.84043],[73.44171,19.84023],[73.44159,19.84008],[73.44157,19.83979],[73.4417,19.83941],[73.44182,19.83915],[73.44196,19.83901],[73.44202,19.83899],[73.44215,19.83888],[73.44228,19.8387],[73.44258,19.83859],[73.44312,19.83848],[73.44337,19.8385],[73.44366,19.83836],[73.44381,19.83834],[73.44395,19.83839],[73.44401,19.83818],[73.444,19.83795],[73.44388,19.83782],[73.44372,19.83781],[73.4435,19.83792],[73.44316,19.83803],[73.4429,19.83809],[73.44291,19.83811],[73.44275,19.83818],[73.44261,19.83818],[73.44254,19.83819],[73.44243,19.83821],[73.44217,19.83873],[73.44204,19.8388],[73.44157,19.83905],[73.44144,19.83911],[73.44126,19.83917],[73.44109,19.83922],[73.4409,19.83926],[73.44072,19.83933],[73.44063,19.83938],[73.44055,19.83929],[73.44051,19.8392],[73.44046,19.8391],[73.44039,19.83895],[73.44028,19.83886],[73.44009,19.83886],[73.44002,19.83897],[73.43992,19.83903],[73.43985,19.83913],[73.43983,19.83925],[73.43986,19.83936],[73.44001,19.83944],[73.44015,19.83959],[73.4401,19.83976],[73.43999,19.83986],[73.43985,19.83991],[73.43971,19.83992],[73.43961,19.83995],[73.43955,19.84005],[73.4395,19.8402],[73.43939,19.84033],[73.43925,19.84037],[73.43906,19.84034],[73.43881,19.84031],[73.43857,19.84057],[73.43816,19.84057],[73.43815,19.84051],[73.43817,19.8404],[73.4382,19.84025],[73.43821,19.84017],[73.43834,19.84005],[73.43851,19.83987],[73.4387,19.83965],[73.43893,19.83947],[73.43917,19.83948],[73.43932,19.83941],[73.43933,19.83922],[73.43938,19.83902],[73.43942,19.83882],[73.43954,19.83864],[73.43968,19.8386],[73.43985,19.83853],[73.44019,19.8383],[73.44037,19.83827],[73.44063,19.83826],[73.44084,19.83835],[73.441,19.83838],[73.44121,19.83827],[73.4413,19.8381],[73.44133,19.83795],[73.44135,19.83788],[73.44151,19.83783],[73.44155,19.83773],[73.44154,19.83757],[73.44148,19.83744],[73.44138,19.8374],[73.44121,19.83751],[73.4411,19.83753],[73.44101,19.83748],[73.44095,19.83743],[73.44083,19.83744],[73.4407,19.83751],[73.44054,19.83749],[73.44049,19.83739],[73.44042,19.83728],[73.44028,19.83717],[73.44007,19.8371],[73.43995,19.83704],[73.43989,19.83687],[73.43996,19.83677],[73.44015,19.83669],[73.4404,19.83657],[73.44059,19.83651],[73.44071,19.83653],[73.44078,19.83662],[73.44085,19.83677],[73.44093,19.83682],[73.44108,19.8368],[73.44119,19.83675],[73.44132,19.83674],[73.44144,19.83678],[73.44156,19.83679],[73.44161,19.83671],[73.44168,19.83658],[73.44179,19.8365],[73.44193,19.83649],[73.44204,19.83655],[73.44225,19.83667],[73.4424,19.83661],[73.44244,19.83664],[73.44262,19.8366],[73.44265,19.83645],[73.4426,19.83623],[73.44269,19.83603],[73.44283,19.83588],[73.44276,19.83579],[73.44271,19.83556],[73.44284,19.83545],[73.44295,19.83544],[73.44309,19.83539],[73.4432,19.83531],[73.44321,19.83509],[73.44335,19.83497],[73.44345,19.83493],[73.44356,19.83478],[73.44358,19.8347],[73.44339,19.83462],[73.44333,19.83456],[73.44329,19.83444],[73.4432,19.83438],[73.44313,19.8343],[73.44305,19.8341],[73.44323,19.8339],[73.44363,19.83391],[73.44394,19.83387],[73.44398,19.83395],[73.44396,19.83408],[73.44405,19.83415],[73.44413,19.83409],[73.44419,19.83398],[73.44428,19.83392],[73.44446,19.83397],[73.4446,19.8343],[73.4448,19.83444],[73.44494,19.83443],[73.44536,19.83453],[73.44544,19.83446],[73.44552,19.83391],[73.44547,19.83372],[73.4454,19.83361],[73.44557,19.83351],[73.44572,19.83355],[73.44578,19.83363],[73.446,19.83373],[73.4461,19.8338],[73.44613,19.83392],[73.44612,19.83417],[73.44621,19.83424],[73.44636,19.83431],[73.44654,19.83443],[73.44667,19.83457],[73.44666,19.83471],[73.44676,19.8348],[73.44692,19.83484],[73.44696,19.83479],[73.44696,19.83465],[73.447,19.83441],[73.44699,19.83434],[73.44665,19.83392],[73.44647,19.83378],[73.44636,19.83365],[73.44632,19.83355],[73.44649,19.83324],[73.44662,19.83323],[73.44676,19.83306],[73.44692,19.83295],[73.44696,19.83259],[73.44722,19.83262],[73.44727,19.83293],[73.44764,19.83286],[73.44764,19.83299],[73.4477,19.83318],[73.44784,19.83345],[73.44824,19.83364],[73.44839,19.83367],[73.44845,19.83363],[73.44853,19.83315],[73.44854,19.83295],[73.44861,19.83273],[73.4485,19.83254],[73.44857,19.83232],[73.44849,19.83219],[73.44833,19.83214],[73.44827,19.83208],[73.44832,19.83199],[73.44859,19.83182],[73.44945,19.83238],[73.44975,19.8325],[73.44986,19.83251],[73.44998,19.83244],[73.45004,19.83234],[73.45006,19.83202],[73.44998,19.83184],[73.44985,19.83171],[73.44969,19.83159],[73.44946,19.83151],[73.44932,19.83148],[73.44918,19.83141],[73.44918,19.8313],[73.44935,19.83105],[73.44938,19.83091],[73.44932,19.83077],[73.44915,19.83074],[73.44909,19.83069],[73.44909,19.83056],[73.44917,19.83042],[73.44946,19.83027],[73.44953,19.83015],[73.44953,19.83006],[73.44945,19.82974],[73.4492,19.82936],[73.44933,19.82919],[73.44976,19.82919],[73.44989,19.82916],[73.45007,19.82885],[73.45022,19.82872],[73.45029,19.8286],[73.45049,19.82861],[73.45066,19.82872],[73.45087,19.82885],[73.45097,19.82902],[73.45086,19.82926],[73.45079,19.82949],[73.45081,19.82963],[73.45087,19.8297],[73.45103,19.82969],[73.45124,19.82964],[73.45191,19.82934],[73.45201,19.82923],[73.45221,19.82925],[73.45232,19.82932],[73.45235,19.82959],[73.45225,19.82984],[73.45218,19.83011],[73.45204,19.83026],[73.45188,19.83038],[73.45174,19.83044],[73.45143,19.83069],[73.45135,19.83084],[73.45141,19.83098],[73.45155,19.83109],[73.45192,19.83133],[73.45203,19.83138],[73.45215,19.83138],[73.45217,19.83127],[73.45217,19.83117],[73.45223,19.83105],[73.45243,19.83093],[73.45266,19.83086],[73.45296,19.83081],[73.45316,19.83085],[73.45323,19.83098],[73.45288,19.83123],[73.45291,19.83137],[73.45295,19.8315],[73.45296,19.83165],[73.45276,19.83188],[73.45274,19.83202],[73.45276,19.83218],[73.45282,19.83237],[73.45291,19.83242],[73.45303,19.83244],[73.45331,19.83237],[73.45342,19.8324],[73.45351,19.83277],[73.45361,19.83292],[73.45378,19.83302],[73.45397,19.83305],[73.45419,19.83299],[73.45429,19.83276],[73.45452,19.83274],[73.45468,19.83267],[73.45474,19.83257],[73.4548,19.83252],[73.4549,19.83257],[73.45503,19.83259],[73.45523,19.83258],[73.45536,19.83255],[73.45542,19.8324],[73.45542,19.83213],[73.45516,19.83175],[73.45506,19.83119],[73.4551,19.83079],[73.45506,19.8305],[73.45507,19.83023],[73.45515,19.83008],[73.45518,19.82991],[73.45534,19.82951],[73.45548,19.82947],[73.45556,19.82949],[73.45574,19.82948],[73.45619,19.82905],[73.45632,19.82897],[73.45636,19.82885],[73.45635,19.82872],[73.4564,19.82867],[73.45669,19.82873],[73.45674,19.82877],[73.45675,19.82882],[73.45664,19.82934],[73.45644,19.82966],[73.45624,19.82983],[73.4562,19.83016],[73.45631,19.8304],[73.45638,19.83059],[73.45679,19.83092],[73.45682,19.83136],[73.4571,19.83191],[73.45731,19.83215],[73.45741,19.83255],[73.45774,19.83315],[73.45827,19.83382],[73.45854,19.83408],[73.45892,19.8343],[73.45906,19.83395],[73.45918,19.83301],[73.45916,19.83271],[73.4591,19.83258],[73.45908,19.83247],[73.45908,19.83234],[73.45912,19.83222],[73.45919,19.83213],[73.45922,19.83203],[73.45922,19.83192],[73.45927,19.83187],[73.45936,19.83187],[73.45942,19.83189],[73.45944,19.83192],[73.45945,19.83214],[73.45943,19.83232],[73.45951,19.83252],[73.45972,19.83271],[73.45983,19.83286],[73.45986,19.83297],[73.45992,19.83307],[73.4601,19.83321],[73.4601,19.83324],[73.46015,19.83329],[73.46029,19.83338],[73.46053,19.83344],[73.46067,19.83337],[73.46081,19.83318],[73.46104,19.83311],[73.46134,19.83313],[73.46152,19.83311],[73.4617,19.83298],[73.4618,19.83294],[73.46191,19.8329],[73.46217,19.83289],[73.4624,19.83294],[73.46252,19.83303],[73.46276,19.8331],[73.46282,19.83314],[73.46284,19.83318],[73.46293,19.8337],[73.46295,19.83372],[73.46336,19.83366],[73.46339,19.83357],[73.46336,19.8334],[73.46312,19.83272],[73.46312,19.83263],[73.46314,19.83258],[73.46318,19.83256],[73.46321,19.83248],[73.46318,19.8322],[73.46321,19.83207],[73.46324,19.83201],[73.46329,19.83201],[73.46332,19.83198],[73.46332,19.83191],[73.46336,19.83186],[73.46344,19.83179],[73.46348,19.83172],[73.46348,19.83161],[73.46342,19.83149],[73.46332,19.83136],[73.46328,19.83124],[73.46328,19.83116],[73.46329,19.83111],[73.46334,19.83107],[73.46345,19.83104],[73.46346,19.83095],[73.46349,19.83089],[73.46355,19.83085],[73.46363,19.83085],[73.46368,19.83078],[73.4637,19.8306],[73.46361,19.83046],[73.4634,19.83036],[73.46323,19.83023],[73.46298,19.82996],[73.46298,19.82977],[73.46294,19.82969],[73.46287,19.82962],[73.46285,19.82955],[73.46285,19.82944],[73.46283,19.82935],[73.46278,19.82929],[73.46276,19.82918],[73.46275,19.82905],[73.46276,19.82897],[73.46279,19.82897],[73.46279,19.8289],[73.46272,19.82863],[73.46274,19.82861],[73.46278,19.82861],[73.46306,19.82873],[73.46339,19.82883],[73.46339,19.82921],[73.46341,19.82927],[73.46351,19.82938],[73.46377,19.82964],[73.46392,19.82972],[73.46403,19.82975],[73.4643,19.82978],[73.46432,19.82983],[73.46448,19.82989],[73.46457,19.82998],[73.46465,19.83001],[73.46479,19.83],[73.46486,19.82996],[73.46496,19.82985],[73.46518,19.82956],[73.4652,19.82949],[73.46518,19.82944],[73.4651,19.82941],[73.46504,19.82931],[73.46504,19.82915],[73.46516,19.82889],[73.4652,19.82872],[73.46519,19.82867],[73.46513,19.82863],[73.46513,19.82859],[73.46533,19.82833],[73.4654,19.82826],[73.46554,19.82825],[73.46554,19.82821],[73.46572,19.82812],[73.46581,19.82805],[73.46593,19.82791],[73.46601,19.82792],[73.46609,19.82797],[73.46609,19.82801],[73.46603,19.82818],[73.466,19.82822],[73.466,19.8283],[73.46602,19.82842],[73.46613,19.82867],[73.46616,19.8288],[73.46633,19.82908],[73.46641,19.82911],[73.46652,19.82911],[73.46659,19.82914],[73.46659,19.8292],[73.46644,19.82924],[73.46621,19.82923],[73.46605,19.82925],[73.46596,19.82932],[73.46593,19.82942],[73.46593,19.82957],[73.4659,19.82969],[73.46586,19.82981],[73.46609,19.82984],[73.46649,19.82971],[73.46664,19.8297],[73.46668,19.82972],[73.46671,19.82978],[73.4667,19.82987],[73.46658,19.83008],[73.46655,19.83021],[73.46655,19.83036],[73.46658,19.8305],[73.46668,19.83069],[73.46668,19.83076],[73.46662,19.83089],[73.46664,19.83094],[73.46671,19.83097],[73.46678,19.83104],[73.46695,19.83107],[73.46704,19.83116],[73.46711,19.83132],[73.46722,19.83149],[73.46738,19.83168],[73.46772,19.83199],[73.46774,19.83209],[73.4678,19.83214],[73.46792,19.83217],[73.46804,19.83223],[73.46849,19.83281],[73.46867,19.83297],[73.46895,19.83308],[73.46901,19.83309],[73.46912,19.83317],[73.46916,19.8332],[73.46922,19.8332],[73.4693,19.83325],[73.46942,19.83326],[73.46962,19.83324],[73.46973,19.83301],[73.46971,19.83231],[73.46968,19.83209],[73.46959,19.83193],[73.46953,19.83168],[73.46909,19.83113],[73.46878,19.83094],[73.46867,19.83083],[73.46862,19.83073],[73.46867,19.83054],[73.46897,19.83006],[73.46901,19.82992],[73.46899,19.82984],[73.46888,19.82968],[73.46885,19.82959],[73.46885,19.8295],[73.46891,19.82923],[73.46897,19.8291],[73.46905,19.829],[73.46911,19.82894],[73.46914,19.82894],[73.46916,19.8289],[73.46917,19.82877],[73.46921,19.82869],[73.46943,19.82846],[73.46943,19.82835],[73.4694,19.82828],[73.46936,19.82828],[73.46922,19.82815],[73.46904,19.82808],[73.46904,19.82803],[73.46954,19.82771],[73.46963,19.82766],[73.46968,19.82766],[73.46968,19.8276],[73.46965,19.82752],[73.46963,19.82734],[73.46955,19.82729],[73.46942,19.82727],[73.46934,19.82721],[73.46937,19.82701],[73.46935,19.82696],[73.46929,19.82693],[73.46924,19.82685],[73.4692,19.82653],[73.46927,19.82651],[73.46931,19.8266],[73.46935,19.82662],[73.4695,19.82659],[73.46958,19.8267],[73.46971,19.82673],[73.46994,19.82672],[73.47008,19.82665],[73.47014,19.82652],[73.47036,19.82616],[73.47039,19.8258],[73.47033,19.82571],[73.47012,19.82562],[73.47009,19.82567],[73.47001,19.82565],[73.46994,19.82557],[73.46994,19.82552],[73.4702,19.8255],[73.47061,19.8255],[73.47084,19.82552],[73.47092,19.82556],[73.47103,19.82556],[73.47109,19.82559],[73.47109,19.82566],[73.47095,19.82605],[73.47099,19.82607],[73.47107,19.82633],[73.47113,19.82638],[73.47113,19.82643],[73.47117,19.82649],[73.47126,19.82658],[73.47137,19.82662],[73.47149,19.8266],[73.4716,19.82654],[73.47178,19.82634],[73.47192,19.82606],[73.47207,19.82596],[73.47225,19.8259],[73.47235,19.82574],[73.4724,19.82559],[73.47246,19.82552],[73.47284,19.82552],[73.47293,19.82574],[73.47293,19.82617],[73.47287,19.82638],[73.47278,19.82638],[73.47273,19.8264],[73.47273,19.82645],[73.47266,19.8265],[73.47255,19.8268],[73.47251,19.82697],[73.47251,19.82712],[73.47246,19.82728],[73.47253,19.82732],[73.47277,19.82735],[73.47277,19.8274],[73.47256,19.8274],[73.4725,19.82746],[73.47256,19.82771],[73.47263,19.82775],[73.47266,19.8278],[73.47266,19.82783],[73.47262,19.82785],[73.47253,19.82785],[73.47239,19.82781],[73.47229,19.8278],[73.47204,19.82783],[73.47198,19.82787],[73.47192,19.82796],[73.47188,19.82811],[73.47188,19.8282],[73.47192,19.82824],[73.47198,19.82825],[73.47204,19.82825],[73.47227,19.82812],[73.47237,19.82813],[73.47242,19.82819],[73.47247,19.8283],[73.47242,19.82838],[73.47235,19.82842],[73.47233,19.82881],[73.47231,19.82886],[73.47219,19.82888],[73.47199,19.82888],[73.47183,19.82894],[73.4716,19.82915],[73.47155,19.82915],[73.47136,19.8294],[73.47136,19.82949],[73.47139,19.8296],[73.47154,19.82962],[73.47184,19.82962],[73.47202,19.82965],[73.47214,19.82978],[73.47219,19.8299],[73.47224,19.83008],[73.47222,19.83017],[73.47218,19.83024],[73.47199,19.83043],[73.47191,19.83054],[73.47187,19.83064],[73.47191,19.8308],[73.47186,19.83098],[73.47187,19.83101],[73.47192,19.83104],[73.47193,19.8312],[73.47195,19.83125],[73.47202,19.83128],[73.47202,19.83133],[73.47192,19.83136],[73.47188,19.83139],[73.47189,19.83145],[73.47193,19.83147],[73.472,19.83147],[73.4721,19.83152],[73.47214,19.83163],[73.47217,19.83166],[73.47222,19.83166],[73.47227,19.83177],[73.47232,19.8318],[73.47239,19.8318],[73.47243,19.83184],[73.47246,19.8319],[73.47249,19.83192],[73.47282,19.83196],[73.47353,19.83136],[73.47407,19.83094],[73.47435,19.83031],[73.47446,19.82997],[73.47445,19.82955],[73.47492,19.8298],[73.47514,19.83051],[73.47525,19.83073],[73.47541,19.83084],[73.47555,19.83084],[73.47569,19.8308],[73.47542,19.82993],[73.47557,19.82983],[73.47576,19.82954],[73.47589,19.82922],[73.47597,19.82921],[73.47618,19.82966],[73.47659,19.82986],[73.47705,19.82987],[73.47733,19.82977],[73.4775,19.82943],[73.47754,19.82925],[73.47785,19.82964],[73.47812,19.82976],[73.47852,19.82969],[73.47842,19.82994],[73.47842,19.83014],[73.47834,19.83052],[73.47842,19.83064],[73.47845,19.83073],[73.47846,19.8309],[73.47849,19.83096],[73.47859,19.83096],[73.47863,19.83101],[73.47866,19.83109],[73.47871,19.83114],[73.4788,19.83114],[73.47918,19.83128],[73.47922,19.83152],[73.47924,19.83179],[73.47944,19.83198],[73.48004,19.83211],[73.48018,19.83203],[73.48037,19.832],[73.48045,19.83194],[73.4804,19.83181],[73.4804,19.83172],[73.48048,19.83169],[73.48057,19.83169],[73.4806,19.83166],[73.48057,19.83157],[73.48057,19.83149],[73.48059,19.83137],[73.48063,19.8313],[73.48077,19.83122],[73.48101,19.83128],[73.48107,19.83124],[73.48107,19.83111],[73.48111,19.83098],[73.48121,19.83086],[73.48125,19.83073],[73.48125,19.83061],[73.48133,19.83051],[73.48149,19.83045],[73.48161,19.83038],[73.48169,19.83029],[73.48175,19.83013],[73.4818,19.8299],[73.48167,19.82959],[73.48138,19.82921],[73.48116,19.82898],[73.48101,19.82886],[73.48093,19.82877],[73.4809,19.8287],[73.4809,19.82866],[73.48094,19.82856],[73.48105,19.8285],[73.48122,19.82837],[73.48144,19.82816],[73.48156,19.82799],[73.48158,19.82784],[73.48147,19.82768],[73.48122,19.82748],[73.48101,19.82737],[73.48084,19.82737],[73.48076,19.82727],[73.48076,19.82704],[73.48065,19.82669],[73.48054,19.82654],[73.48039,19.82641],[73.48025,19.82634],[73.48012,19.82634],[73.48004,19.82628],[73.48001,19.82616],[73.47995,19.82606],[73.47984,19.82597],[73.47973,19.82593],[73.47963,19.82593],[73.47952,19.82599],[73.47935,19.82612],[73.47921,19.82606],[73.47911,19.82594],[73.47901,19.8259],[73.47888,19.8259],[73.47874,19.82587],[73.47848,19.82577],[73.47845,19.82573],[73.47843,19.82561],[73.47848,19.82558],[73.47866,19.82557],[73.47893,19.82561],[73.48021,19.82559],[73.48053,19.82562],[73.48071,19.82568],[73.4809,19.82577],[73.48108,19.82589],[73.48149,19.82605],[73.48211,19.82622],[73.48243,19.82627],[73.48246,19.82618],[73.48243,19.82609],[73.48234,19.82603],[73.48203,19.82597],[73.48194,19.82593],[73.48194,19.82584],[73.4818,19.82577],[73.48153,19.82571],[73.48133,19.82561],[73.48111,19.82543],[73.48116,19.82523],[73.48125,19.82517],[73.48138,19.82514],[73.48144,19.8251],[73.48146,19.82495],[73.48159,19.8246],[73.48166,19.82449],[73.48175,19.82441],[73.48167,19.8243],[73.4813,19.824],[73.48121,19.8238],[73.48121,19.82374],[73.48125,19.82368],[73.48133,19.82365],[73.48139,19.82357],[73.48144,19.82345],[73.48152,19.82339],[73.48161,19.82338],[73.48167,19.82332],[73.48172,19.82291],[73.48166,19.82285],[73.48163,19.82276],[73.48164,19.82246],[73.4818,19.82241],[73.48208,19.82241],[73.48225,19.82247],[73.48228,19.82259],[73.48235,19.82265],[73.48251,19.82265],[73.48259,19.82262],[73.48259,19.82253],[73.48276,19.8219],[73.48271,19.82173],[73.48271,19.82134],[73.48263,19.82122],[73.48257,19.82106],[73.48254,19.8209],[73.48256,19.82075],[73.4828,19.82068],[73.48327,19.82068],[73.48352,19.82071],[73.48361,19.82085],[73.48367,19.82112],[73.48378,19.8212],[73.48394,19.82122],[73.484,19.82128],[73.484,19.82139],[73.48391,19.8217],[73.48389,19.82189],[73.48391,19.82201],[73.48394,19.82206],[73.48395,19.82218],[73.48401,19.82227],[73.48412,19.82237],[73.48418,19.82247],[73.48418,19.82258],[73.48422,19.82263],[73.48428,19.82263],[73.48431,19.82268],[73.48431,19.82276],[73.48434,19.82281],[73.48442,19.82282],[73.48454,19.82294],[73.48465,19.82297],[73.48493,19.82297],[73.48505,19.82301],[73.48542,19.82295],[73.48553,19.82297],[73.48563,19.82303],[73.48563,19.82309],[73.48547,19.82338],[73.48541,19.82355],[73.48538,19.82373],[73.48539,19.82383],[73.48546,19.82389],[73.48561,19.82389],[73.48606,19.82377],[73.48612,19.82377],[73.48618,19.82373],[73.48635,19.82351],[73.48653,19.82349],[73.48713,19.82359],[73.48758,19.82343],[73.48763,19.82352],[73.48749,19.82376],[73.48719,19.82395],[73.4868,19.82434],[73.48665,19.82454],[73.48649,19.82485],[73.48649,19.825],[73.48645,19.82513],[73.48626,19.82539],[73.48618,19.82545],[73.48617,19.82554],[73.4862,19.82564],[73.48629,19.82571],[73.48642,19.82574],[73.48649,19.82578],[73.48649,19.82584],[73.48646,19.8259],[73.48637,19.82596],[73.48604,19.82608],[73.48587,19.82619],[73.48573,19.82634],[73.48567,19.8265],[73.48575,19.82676],[73.48584,19.82685],[73.48595,19.82691],[73.48608,19.82694],[73.48618,19.82691],[73.48628,19.82683],[73.48651,19.82672],[73.48662,19.82664],[73.48679,19.82647],[73.48688,19.82657],[73.48691,19.82675],[73.48699,19.82691],[73.48711,19.82705],[73.48719,19.82718],[73.48721,19.8273],[73.48719,19.82736],[73.48698,19.82733],[73.48671,19.82724],[73.48659,19.82727],[73.48659,19.82739],[73.48663,19.82749],[73.48679,19.82767],[73.48682,19.82775],[73.48688,19.82784],[73.48698,19.82791],[73.48705,19.82802],[73.48715,19.82822],[73.48715,19.82831],[73.48666,19.82847],[73.48656,19.82857],[73.4866,19.8287],[73.48682,19.82901],[73.48694,19.82912],[73.48707,19.82918],[73.48713,19.82926],[73.48716,19.82933],[73.48721,19.82936],[73.48733,19.82931],[73.48851,19.82975],[73.48862,19.82977],[73.48868,19.82972],[73.4887,19.82961],[73.4886,19.82946],[73.4884,19.82928],[73.48817,19.82912],[73.48789,19.82901],[73.48773,19.82892],[73.48767,19.82885],[73.48722,19.82854],[73.48725,19.82842],[73.48738,19.82831],[73.48789,19.82815],[73.48798,19.82809],[73.48806,19.828],[73.48818,19.82778],[73.48826,19.82769],[73.48836,19.82748],[73.48845,19.82714],[73.48853,19.82695],[73.48862,19.82691],[73.48888,19.82692],[73.48905,19.82699],[73.48938,19.82701],[73.48949,19.82694],[73.48958,19.82691],[73.48987,19.82689],[73.48998,19.82698],[73.49008,19.82713],[73.49015,19.8272],[73.49022,19.8272],[73.49026,19.82726],[73.49029,19.82734],[73.49034,19.82739],[73.4904,19.82739],[73.49043,19.82698],[73.49046,19.82692],[73.49056,19.82688],[73.49084,19.82686],[73.49096,19.82682],[73.49119,19.82678],[73.49152,19.82675],[73.49169,19.82667],[73.49172,19.82656],[73.4916,19.82646],[73.49132,19.82637],[73.49115,19.82621],[73.49108,19.82594],[73.49094,19.82583],[73.49074,19.82583],[73.4906,19.82586],[73.49051,19.8259],[73.49046,19.82596],[73.49046,19.82608],[73.49029,19.82605],[73.49015,19.82596],[73.49008,19.82586],[73.49006,19.82571],[73.49009,19.82558],[73.49015,19.82545],[73.49003,19.82538],[73.48969,19.82538],[73.48936,19.82548],[73.48908,19.8257],[73.4889,19.8258],[73.48874,19.82577],[73.48865,19.82568],[73.48853,19.82564],[73.48831,19.82562],[73.48823,19.82557],[73.48822,19.82539],[73.48834,19.8253],[73.4886,19.82519],[73.48884,19.82503],[73.48893,19.82493],[73.48916,19.82469],[73.48933,19.82463],[73.48963,19.82457],[73.48979,19.82466],[73.49006,19.82478],[73.49039,19.82465],[73.49042,19.82428],[73.49021,19.8241],[73.48957,19.82424],[73.48888,19.82427],[73.4888,19.82421],[73.48878,19.82409],[73.48874,19.82402],[73.48863,19.8239],[73.48874,19.82373],[73.48896,19.82354],[73.48902,19.82344],[73.48905,19.82336],[73.48904,19.82323],[73.48911,19.82314],[73.48925,19.82314],[73.48955,19.82319],[73.48963,19.82313],[73.48963,19.82308],[73.48957,19.82289],[73.48949,19.82279],[73.48851,19.82221],[73.48843,19.82215],[73.4884,19.82209],[73.48842,19.82202],[73.48885,19.82208],[73.48904,19.82206],[73.4891,19.82198],[73.48925,19.82193],[73.4895,19.82193],[73.48969,19.82199],[73.48982,19.82213],[73.49001,19.82225],[73.49029,19.82239],[73.49053,19.82246],[73.49084,19.82249],[73.49096,19.82287],[73.4911,19.82309],[73.49132,19.82354],[73.49145,19.82375],[73.49176,19.82406],[73.49183,19.82411],[73.49191,19.82413],[73.49195,19.82412],[73.49197,19.82408],[73.49197,19.8237],[73.49195,19.82351],[73.49191,19.82329],[73.49191,19.82314],[73.49195,19.82303],[73.49214,19.82282],[73.49223,19.82275],[73.49242,19.82275],[73.49254,19.82278],[73.49265,19.82274],[73.49268,19.82265],[73.49265,19.82255],[73.49259,19.82249],[73.49245,19.82246],[73.49223,19.82247],[73.49203,19.82253],[73.49186,19.82263],[73.49174,19.82268],[73.4916,19.82268],[73.49141,19.82259],[73.4913,19.82252],[73.49124,19.82231],[73.49093,19.82195],[73.49074,19.82185],[73.49056,19.82185],[73.49034,19.82179],[73.49011,19.82167],[73.48963,19.82138],[73.48944,19.82123],[73.48916,19.82097],[73.48904,19.82094],[73.48899,19.8209],[73.48899,19.82085],[73.48902,19.82082],[73.48908,19.82081],[73.48925,19.82081],[73.48932,19.82078],[73.48946,19.82084],[73.48958,19.82094],[73.48967,19.82099],[73.48977,19.82099],[73.48984,19.82094],[73.48998,19.8208],[73.49003,19.8208],[73.49018,19.82097],[73.49028,19.82103],[73.49043,19.82104],[73.49056,19.82091],[73.49067,19.82068],[73.49073,19.8205],[73.49073,19.82039],[73.49076,19.82033],[73.49082,19.82033],[73.49094,19.8204],[73.49124,19.82065],[73.49127,19.82071],[73.4913,19.82085],[73.49133,19.82119],[73.49139,19.82125],[73.49147,19.82125],[73.49156,19.8212],[73.49167,19.82112],[73.4918,19.82097],[73.49189,19.8209],[73.49195,19.8209],[73.4922,19.82099],[73.49225,19.82099],[73.49245,19.82082],[73.49285,19.82077],[73.49288,19.82069],[73.49284,19.82061],[73.49274,19.82052],[73.49265,19.82049],[73.49246,19.82053],[73.49231,19.82053],[73.49215,19.82046],[73.49208,19.82039],[73.49197,19.82037],[73.49183,19.8204],[73.49156,19.82042],[73.49147,19.82036],[73.49144,19.82024],[73.49113,19.81998],[73.49104,19.81975],[73.49105,19.81918],[73.4911,19.81903],[73.49118,19.81896],[73.49127,19.81896],[73.49135,19.81888],[73.49141,19.8187],[73.49147,19.81864],[73.49147,19.81855],[73.49144,19.81843],[73.4913,19.81836],[73.49108,19.81833],[73.4909,19.81839],[73.49074,19.81853],[73.49051,19.81887],[73.49036,19.81905],[73.49026,19.81925],[73.49025,19.81948],[73.49022,19.8196],[73.49004,19.81956],[73.48986,19.81945],[73.48969,19.81931],[73.48941,19.81897],[73.48942,19.81867],[73.48939,19.81849],[73.4893,19.81835],[73.48921,19.81832],[73.48915,19.81839],[73.48908,19.81852],[73.48896,19.81896],[73.48891,19.81919],[73.48885,19.81932],[73.48879,19.81932],[73.48871,19.81928],[73.48848,19.81902],[73.48839,19.81899],[73.48826,19.81905],[73.48786,19.81915],[73.48772,19.81922],[73.48749,19.81954],[73.48739,19.81959],[73.48732,19.81959],[73.4873,19.81942],[73.48735,19.81913],[73.48746,19.81891],[73.48763,19.8188],[73.48777,19.81864],[73.48786,19.81846],[73.48789,19.81829],[73.48784,19.81813],[73.48775,19.81802],[73.4876,19.818],[73.48742,19.81807],[73.48713,19.81833],[73.48707,19.81832],[73.48708,19.8182],[73.48719,19.81794],[73.48733,19.81773],[73.48752,19.81757],[73.48773,19.81744],[73.48786,19.81734],[73.48786,19.81728],[73.48729,19.81718],[73.48708,19.81712],[73.48708,19.81694],[73.48711,19.81674],[73.48705,19.81658],[73.4869,19.81645],[73.48676,19.81635],[73.48663,19.81629],[73.48648,19.81616],[73.48623,19.81588],[73.48623,19.81584],[73.48637,19.81582],[73.48679,19.81601],[73.48698,19.81606],[73.48715,19.816],[73.48719,19.816],[73.48732,19.81611],[73.48752,19.81611],[73.48786,19.81606],[73.48801,19.81591],[73.48798,19.81568],[73.488,19.81554],[73.48808,19.8155],[73.48814,19.8155],[73.48817,19.81559],[73.48818,19.81588],[73.48825,19.81594],[73.48831,19.81595],[73.4884,19.81592],[73.48846,19.81582],[73.48851,19.81565],[73.48856,19.81556],[73.48862,19.81556],[73.4889,19.81563],[73.48902,19.8156],[73.48915,19.8154],[73.48918,19.81528],[73.48919,19.81489],[73.48924,19.81476],[73.48939,19.8147],[73.4895,19.81468],[73.48969,19.81463],[73.48994,19.81451],[73.49015,19.81445],[73.49034,19.81445],[73.49046,19.81441],[73.4906,19.81423],[73.49161,19.81382],[73.49203,19.81381],[73.49211,19.81382],[73.49222,19.81388],[73.49245,19.81407],[73.49265,19.81432],[73.49284,19.81461],[73.49293,19.81479],[73.49294,19.81487],[73.4931,19.81493],[73.49338,19.81495],[73.4936,19.81492],[73.49375,19.81484],[73.49414,19.81473],[73.49426,19.81465],[73.4946,19.81454],[73.49505,19.81449],[73.4962,19.81433],[73.49632,19.81434],[73.4966,19.81445],[73.49769,19.81493],[73.49775,19.81494],[73.49797,19.81487],[73.49819,19.81473],[73.49858,19.81463],[73.49892,19.81465],[73.49953,19.81486],[73.50034,19.81532],[73.50076,19.81569],[73.50103,19.81634],[73.50133,19.81737],[73.50156,19.81755],[73.50195,19.81767],[73.50279,19.81786],[73.50298,19.81791],[73.50406,19.81836],[73.50705,19.81811],[73.50787,19.81834],[73.50828,19.81886],[73.50901,19.81869],[73.50973,19.81915],[73.50988,19.81948],[73.5099,19.81968],[73.51005,19.81979],[73.51016,19.81953],[73.51106,19.81682],[73.51448,19.81129],[73.51481,19.80981],[73.5149,19.80887],[73.51489,19.80704],[73.51621,19.80551],[73.51691,19.80454],[73.51548,19.80233],[73.51621,19.80083],[73.51724,19.80099],[73.5181,19.80164],[73.51844,19.80083],[73.51793,19.79937],[73.51844,19.79776],[73.51947,19.79598],[73.51999,19.79695],[73.52119,19.79727],[73.52256,19.7976],[73.52342,19.79824],[73.52205,19.79937],[73.52411,19.79954],[73.52428,19.8005],[73.52606,19.80237],[73.52557,19.80297],[73.52271,19.80317],[73.52238,19.80422],[73.52434,19.80506],[73.52239,19.80583],[73.52376,19.8068],[73.52445,19.80793],[73.52445,19.8089],[73.5272,19.80939],[73.52737,19.80858],[73.52805,19.80777],[73.52926,19.80858],[73.53029,19.80971],[73.53132,19.80906],[73.53097,19.80777],[73.53235,19.80745],[73.53372,19.80664],[73.53406,19.8081],[73.53561,19.80906],[73.53715,19.8089],[73.53767,19.8081],[73.53732,19.80729],[73.53647,19.80632],[73.53767,19.80567],[73.53956,19.80503],[73.54162,19.8047],[73.54127,19.80567],[73.54162,19.80729],[73.54316,19.80713],[73.54471,19.80648],[73.54419,19.80487],[73.54436,19.80325],[73.54556,19.80212],[73.54762,19.80131],[73.549,19.80196],[73.5502,19.80341],[73.55157,19.80406],[73.5526,19.80293],[73.55329,19.80212],[73.55346,19.80083],[73.55552,19.80067],[73.5581,19.79986],[73.55998,19.7997],[73.55964,19.80131],[73.5591,19.80169],[73.55862,19.80225],[73.55852,19.80266]],[[73.48675,19.83885],[73.48676,19.8388],[73.48672,19.83872],[73.48669,19.83869],[73.4866,19.83868],[73.48645,19.83875],[73.48624,19.83895],[73.48619,19.8391],[73.48619,19.83942],[73.48625,19.83964],[73.48629,19.83968],[73.48648,19.83961],[73.48665,19.83941],[73.48675,19.83885]],[[73.47592,19.83852],[73.47604,19.8384],[73.47591,19.83826],[73.47563,19.83822],[73.47553,19.83826],[73.47545,19.83834],[73.47567,19.83853],[73.47592,19.83852]],[[73.47388,19.83799],[73.47418,19.83815],[73.47439,19.83815],[73.47442,19.83812],[73.47441,19.83798],[73.47417,19.83768],[73.47409,19.83752],[73.47408,19.83738],[73.47399,19.83723],[73.47389,19.83714],[73.47375,19.83714],[73.47357,19.83706],[73.47347,19.83707],[73.47329,19.83715],[73.47323,19.8372],[73.47322,19.83736],[73.47337,19.83772],[73.47331,19.83777],[73.47296,19.83779],[73.47287,19.83783],[73.47276,19.8381],[73.47268,19.83843],[73.47246,19.8385],[73.47241,19.83854],[73.47249,19.83899],[73.47257,19.83905],[73.47305,19.83902],[73.47315,19.83907],[73.47323,19.83907],[73.47332,19.83898],[73.47345,19.83862],[73.47345,19.83858],[73.47336,19.8385],[73.47331,19.8384],[73.47339,19.83816],[73.47352,19.83804],[73.47364,19.83799],[73.47388,19.83799]],[[73.47805,19.84342],[73.4781,19.84329],[73.47808,19.84307],[73.47791,19.84278],[73.47776,19.84264],[73.47774,19.84238],[73.47765,19.84229],[73.47763,19.84216],[73.47759,19.8421],[73.47751,19.84206],[73.47742,19.84207],[73.47735,19.84211],[73.47726,19.84226],[73.47721,19.84292],[73.47715,19.84299],[73.4769,19.84319],[73.47676,19.84324],[73.47652,19.84326],[73.47649,19.8433],[73.47649,19.84349],[73.47641,19.84371],[73.47648,19.84399],[73.47647,19.84417],[73.47671,19.84455],[73.47678,19.8446],[73.47712,19.8446],[73.47727,19.84453],[73.47768,19.84422],[73.47797,19.84394],[73.47793,19.8437],[73.47805,19.84342]],[[73.47229,19.8476],[73.47232,19.84752],[73.47226,19.84744],[73.47213,19.84744],[73.47208,19.84742],[73.47202,19.84743],[73.47193,19.84749],[73.47186,19.84757],[73.47185,19.8477],[73.47187,19.84777],[73.47194,19.84784],[73.47206,19.84783],[73.47215,19.84778],[73.47229,19.8476]],[[73.4699,19.84891],[73.46998,19.84891],[73.47025,19.84883],[73.47075,19.84883],[73.47075,19.84875],[73.47069,19.84863],[73.47044,19.84843],[73.47035,19.84827],[73.47025,19.84819],[73.47006,19.84822],[73.46986,19.84831],[73.46964,19.84828],[73.46954,19.84818],[73.46942,19.8478],[73.46925,19.84763],[73.46918,19.84763],[73.46912,19.84767],[73.46912,19.84774],[73.4692,19.84795],[73.46922,19.84829],[73.46963,19.84854],[73.46972,19.84863],[73.46979,19.84883],[73.4699,19.84891]],[[73.46664,19.85035],[73.46634,19.8505],[73.46635,19.85069],[73.46645,19.8509],[73.46708,19.85099],[73.46741,19.85099],[73.4676,19.85095],[73.46761,19.85086],[73.46755,19.85073],[73.46728,19.85052],[73.46705,19.85042],[73.46676,19.85039],[73.46664,19.85035]],[[73.4656,19.85767],[73.46537,19.85767],[73.46524,19.85775],[73.46509,19.85796],[73.46507,19.85807],[73.46521,19.85825],[73.46536,19.85836],[73.46563,19.85837],[73.46574,19.8584],[73.46585,19.85849],[73.46587,19.85857],[73.46576,19.85884],[73.46579,19.85921],[73.4659,19.85929],[73.46622,19.8593],[73.46627,19.85924],[73.46632,19.85909],[73.46635,19.8588],[73.46618,19.85863],[73.46613,19.85848],[73.46614,19.85827],[73.46611,19.85813],[73.4656,19.85767]],[[73.50594,19.82602],[73.50598,19.82598],[73.50598,19.82589],[73.50588,19.82583],[73.50583,19.82577],[73.5058,19.82576],[73.50568,19.82578],[73.50547,19.82589],[73.5054,19.82596],[73.50539,19.826],[73.50541,19.82611],[73.50546,19.82615],[73.50553,19.82616],[73.50574,19.82614],[73.50588,19.82609],[73.50594,19.82602]],[[73.50492,19.82417],[73.50493,19.82411],[73.50489,19.82406],[73.50478,19.8239],[73.50466,19.82381],[73.50444,19.8238],[73.50434,19.8239],[73.50432,19.82396],[73.50439,19.82416],[73.50437,19.82437],[73.50439,19.82454],[73.50436,19.82464],[73.50423,19.82485],[73.50424,19.82497],[73.50429,19.82505],[73.50457,19.8249],[73.50492,19.82417]],[[73.49636,19.81935],[73.49619,19.81929],[73.49605,19.8195],[73.49605,19.81961],[73.49613,19.81997],[73.49611,19.82019],[73.49613,19.8203],[73.49622,19.82027],[73.4963,19.82015],[73.49626,19.81979],[73.49627,19.81963],[73.49636,19.81935]],[[73.54969,19.81561],[73.5495,19.81549],[73.54934,19.81528],[73.54892,19.81494],[73.54871,19.81463],[73.54844,19.81464],[73.5484,19.81471],[73.54839,19.81542],[73.54821,19.81611],[73.54825,19.81634],[73.54846,19.81665],[73.54859,19.81713],[73.54856,19.81775],[73.54865,19.8181],[73.54868,19.8185],[73.54859,19.8187],[73.54871,19.81885],[73.54914,19.8189],[73.54942,19.81862],[73.54976,19.81846],[73.54994,19.81826],[73.54993,19.81759],[73.55003,19.81717],[73.54989,19.81657],[73.54991,19.81635],[73.54969,19.81561]],[[73.55359,19.81498],[73.55331,19.81488],[73.55299,19.81498],[73.55273,19.81495],[73.55257,19.81492],[73.55191,19.81458],[73.55133,19.81451],[73.55088,19.815],[73.55083,19.81515],[73.55086,19.81533],[73.55136,19.81603],[73.55176,19.81609],[73.55202,19.81621],[73.55248,19.81661],[73.55292,19.81725],[73.55338,19.81773],[73.5541,19.81813],[73.55501,19.81812],[73.55512,19.81803],[73.55529,19.81769],[73.55559,19.81742],[73.55573,19.81717],[73.55579,19.81687],[73.55564,19.81644],[73.55542,19.81621],[73.5547,19.81593],[73.55399,19.81519],[73.55359,19.81498]],[[73.55977,19.81065],[73.55979,19.81061],[73.55973,19.81059],[73.55957,19.81059],[73.55945,19.81064],[73.55916,19.81102],[73.55909,19.81124],[73.55909,19.81151],[73.5592,19.81179],[73.55934,19.8119],[73.55955,19.81199],[73.55968,19.81199],[73.55985,19.81195],[73.55996,19.81186],[73.56002,19.81175],[73.56005,19.81145],[73.56001,19.81113],[73.55992,19.81102],[73.5599,19.81093],[73.5598,19.81079],[73.55977,19.81065]],[[73.56314,19.81581],[73.56309,19.81565],[73.56278,19.81548],[73.56272,19.81548],[73.56257,19.81551],[73.56247,19.8156],[73.5622,19.81574],[73.56204,19.81592],[73.562,19.81604],[73.56203,19.81647],[73.56201,19.8168],[73.56208,19.8173],[73.56211,19.81738],[73.5622,19.81735],[73.56229,19.81728],[73.56249,19.81699],[73.56273,19.81673],[73.56286,19.81665],[73.56292,19.81639],[73.56303,19.8162],[73.56307,19.81592],[73.56314,19.81581]],[[73.56329,19.82693],[73.56327,19.82686],[73.56323,19.82683],[73.56305,19.82696],[73.56291,19.82714],[73.56284,19.82729],[73.56285,19.8276],[73.56294,19.82775],[73.56306,19.82785],[73.56321,19.82752],[73.5633,19.82712],[73.56329,19.82693]],[[73.56233,19.82089],[73.56211,19.82053],[73.56202,19.82047],[73.56192,19.82045],[73.56184,19.82066],[73.56157,19.82084],[73.56147,19.82087],[73.56141,19.82094],[73.56137,19.82108],[73.56127,19.82117],[73.56119,19.82142],[73.56102,19.82182],[73.561,19.82199],[73.56105,19.82207],[73.56139,19.82222],[73.56161,19.82237],[73.56173,19.82254],[73.56177,19.82255],[73.56188,19.8225],[73.56192,19.82257],[73.56203,19.82299],[73.56222,19.8234],[73.56231,19.82348],[73.56245,19.82351],[73.56249,19.8235],[73.56249,19.82293],[73.56262,19.82253],[73.56263,19.82242],[73.56258,19.82223],[73.56236,19.82179],[73.5623,19.8216],[73.56231,19.82119],[73.56233,19.82089]]]},"properties":{"id":"water_r11799235","type":"water_body","name":"Upper Vaitarna","name_local":null,"category":"reservoir","source":"openstreetmap","source_id":"relation/11799235","updated_at":"2023-03-12T20:47:55Z","tags":{}}},{"type":"Feature","geometry":{"type":"Polygon","coordinates":[[[73.79045,20.00796],[73.79042,20.00793],[73.79065,20.00765],[73.79072,20.00761],[73.79084,20.00755],[73.79089,20.00753],[73.79116,20.00741],[73.79134,20.00736],[73.79151,20.00732],[73.79159,20.0073],[73.79164,20.00731],[73.79168,20.00728],[73.79175,20.00726],[73.79198,20.0074],[73.79204,20.00774],[73.79134,20.00808],[73.79091,20.00831],[73.79082,20.00836],[73.79075,20.00847],[73.79036,20.00806],[73.79045,20.00796]],[[73.79173,20.00758],[73.79172,20.00759],[73.79173,20.00761],[73.79174,20.00762],[73.79176,20.00761],[73.79177,20.0076],[73.79177,20.00759],[73.79177,20.00757],[73.79175,20.00757],[73.79174,20.00757],[73.79173,20.00758]]]},"properties":{"id":"water_r20140840","type":"water_body","name":"Ram Kund","name_local":null,"category":"water","source":"openstreetmap","source_id":"relation/20140840","updated_at":"2026-01-26T19:31:14Z","tags":{}}},{"type":"Feature","geometry":{"type":"Polygon","coordinates":[[[73.71779,19.91375],[73.71813,19.91363],[73.71811,19.91345],[73.71821,19.91343],[73.71852,19.91354],[73.71876,19.91347],[73.71896,19.91349],[73.71959,19.9143],[73.7202,19.91506],[73.72047,19.91621],[73.72055,19.9162],[73.72058,19.91655],[73.72064,19.91686],[73.72029,19.91694],[73.7201,19.91684],[73.7201,19.91663],[73.71967,19.91665],[73.72041,19.91714],[73.72044,19.9172],[73.7204,19.91721],[73.72038,19.91717],[73.71955,19.91668],[73.71925,19.91655],[73.71828,19.91718],[73.71738,19.91756],[73.71625,19.91742],[73.71466,19.91914],[73.71402,19.91896],[73.71403,19.91835],[73.7145,19.91765],[73.7145,19.91709],[73.71522,19.91624],[73.71497,19.91508],[73.71515,19.91498],[73.71515,19.91476],[73.71525,19.91469],[73.71523,19.91456],[73.71537,19.91447],[73.71556,19.91456],[73.71578,19.91441],[73.7158,19.91429],[73.7162,19.9142],[73.71632,19.91428],[73.71665,19.91423],[73.71708,19.91394],[73.71762,19.91398],[73.71779,19.91375]]]},"properties":{"id":"water_w126138645","type":"water_body","name":"Vilholi Dam","name_local":null,"category":"water","source":"openstreetmap","source_id":"way/126138645","updated_at":"2022-08-22T06:53:17Z","tags":{}}},{"type":"Feature","geometry":{"type":"Polygon","coordinates":[[[73.67623,19.89528],[73.67651,19.89534],[73.67672,19.89534],[73.67676,19.89538],[73.67698,19.89534],[73.67711,19.89538],[73.67743,19.89577],[73.67747,19.89589],[73.67762,19.89603],[73.67784,19.89615],[73.67788,19.89611],[73.67809,19.89619],[73.67816,19.89609],[73.67803,19.89601],[73.67807,19.89597],[73.67811,19.89561],[73.67803,19.89464],[73.67816,19.89452],[73.67816,19.89435],[73.67824,19.89427],[73.67833,19.89407],[73.67833,19.89395],[73.67837,19.89391],[73.67833,19.89387],[73.67833,19.89363],[73.67839,19.89361],[73.67844,19.89353],[73.67852,19.89353],[73.67867,19.89363],[73.67854,19.89375],[73.67859,19.89383],[73.67848,19.89405],[73.67857,19.89405],[73.67869,19.89393],[73.67882,19.89401],[73.67904,19.89409],[73.67906,19.89395],[73.67932,19.89375],[73.67936,19.89359],[73.67953,19.89343],[73.67962,19.89327],[73.67968,19.89308],[73.68002,19.89304],[73.68024,19.89296],[73.68058,19.89291],[73.68065,19.89354],[73.68041,19.89357],[73.6802,19.89361],[73.68002,19.89373],[73.67983,19.89399],[73.67987,19.89431],[73.67992,19.89435],[73.67983,19.89476],[73.68,19.89488],[73.68,19.89504],[73.67987,19.89532],[73.67998,19.89551],[73.68024,19.89555],[73.68043,19.89536],[73.68047,19.89512],[73.68054,19.89506],[73.6806,19.89512],[73.68065,19.89577],[73.68069,19.89581],[73.68069,19.89621],[73.68073,19.89625],[73.68073,19.8967],[73.68078,19.89674],[73.68078,19.89718],[73.68082,19.89722],[73.68082,19.89754],[73.68086,19.89774],[73.6809,19.89779],[73.6809,19.89791],[73.68099,19.89819],[73.68116,19.89851],[73.6812,19.89875],[73.68133,19.89891],[73.6815,19.89928],[73.68168,19.89976],[73.68181,19.89996],[73.68185,19.90021],[73.68198,19.90045],[73.68198,19.90057],[73.68202,19.90061],[73.68198,19.90073],[73.68206,19.90085],[73.68219,19.90162],[73.68219,19.90218],[73.68215,19.90222],[73.68211,19.90251],[73.6821,19.90258],[73.68206,19.90275],[73.68202,19.90279],[73.68202,19.90299],[73.68198,19.90303],[73.68198,19.90323],[73.68193,19.90327],[73.68193,19.90343],[73.68185,19.90368],[73.68181,19.90412],[73.68172,19.90432],[73.68168,19.90481],[73.68163,19.90485],[73.68163,19.90501],[73.68159,19.90505],[73.68159,19.90521],[73.68155,19.90545],[73.68146,19.90565],[73.68146,19.9059],[73.68142,19.90594],[73.68133,19.9063],[73.68129,19.90682],[73.68116,19.90695],[73.6812,19.90699],[73.68116,19.90719],[73.68103,19.90731],[73.68108,19.90743],[73.68099,19.90751],[73.68095,19.90783],[73.6809,19.90787],[73.68095,19.90803],[73.68082,19.90824],[73.68082,19.90844],[73.68078,19.90848],[73.68082,19.90876],[73.68075,19.90882],[73.6805,19.90882],[73.68032,19.90874],[73.68024,19.90882],[73.68011,19.90882],[73.68005,19.90896],[73.67994,19.90906],[73.67985,19.90902],[73.67983,19.90908],[73.67953,19.90933],[73.67949,19.90941],[73.67949,19.90957],[73.67957,19.90969],[73.67949,19.90973],[73.67955,19.90975],[73.6796,19.90971],[73.67966,19.90977],[73.67966,19.91005],[73.67938,19.91011],[73.67925,19.91003],[73.67914,19.91013],[73.67919,19.91021],[73.6791,19.91033],[73.67906,19.91062],[73.6791,19.9107],[73.67904,19.911],[73.67887,19.91096],[73.6788,19.9109],[73.6788,19.91082],[73.67893,19.91062],[73.67878,19.91064],[73.67869,19.91052],[73.67857,19.9106],[73.67854,19.91054],[73.67837,19.91042],[73.67831,19.91019],[73.67822,19.91019],[73.67816,19.91029],[73.67822,19.91044],[73.67796,19.91044],[73.67792,19.91039],[73.67779,19.91044],[73.67749,19.91011],[73.67743,19.91021],[73.67747,19.91042],[73.67738,19.91054],[73.67743,19.91058],[73.67738,19.91074],[73.67732,19.9108],[73.67719,19.91076],[73.677,19.91094],[73.677,19.91122],[73.67691,19.91142],[73.67691,19.91163],[73.677,19.91179],[73.67693,19.91177],[73.67689,19.91181],[73.67683,19.91179],[73.67683,19.91191],[73.67691,19.91203],[73.67691,19.91219],[73.67678,19.91231],[73.67683,19.91251],[73.67676,19.91253],[73.67678,19.91263],[73.67651,19.91278],[73.67635,19.91276],[73.6764,19.91263],[73.67631,19.91255],[73.67644,19.91247],[73.67638,19.91245],[73.67633,19.91249],[73.67625,19.91241],[73.67612,19.91241],[73.67601,19.91231],[73.67601,19.91211],[73.6761,19.91199],[73.6761,19.91187],[73.67601,19.91179],[73.6761,19.91167],[73.67601,19.91159],[73.67608,19.91152],[73.67614,19.91154],[73.67605,19.91142],[73.67623,19.91138],[73.67627,19.9111],[73.6764,19.91098],[73.67635,19.9109],[73.67644,19.91078],[73.67644,19.91066],[73.6764,19.91062],[73.6764,19.91042],[73.67635,19.91025],[73.6764,19.91013],[73.67653,19.91005],[73.67661,19.90985],[73.67657,19.90981],[73.67657,19.90953],[73.6767,19.90916],[73.67676,19.90914],[73.67693,19.90894],[73.67698,19.90898],[73.67715,19.90882],[73.67747,19.90864],[73.67734,19.90844],[73.67734,19.90836],[73.67726,19.90824],[73.67766,19.9081],[73.67773,19.90799],[73.67788,19.90789],[73.67801,19.90789],[73.67807,19.90775],[73.67824,19.90755],[73.6782,19.90751],[73.6782,19.90731],[73.67811,19.90715],[73.67811,19.90686],[73.6782,19.90674],[73.67816,19.90662],[73.6782,19.90654],[73.67837,19.90642],[73.6785,19.90606],[73.67841,19.9059],[73.67814,19.90563],[73.67792,19.90559],[73.67749,19.9058],[73.67743,19.90586],[73.67743,19.90602],[73.67732,19.90612],[73.67711,19.90604],[73.67698,19.90612],[73.67681,19.90612],[73.67676,19.90608],[73.67638,19.90612],[73.67625,19.90624],[73.67616,19.90624],[73.6761,19.9063],[73.6761,19.90638],[73.67599,19.90648],[73.6759,19.90648],[73.67567,19.9067],[73.67567,19.90682],[73.6755,19.90695],[73.6755,19.90723],[73.67569,19.90741],[73.67582,19.90741],[73.67599,19.90753],[73.67603,19.90749],[73.67616,19.90749],[73.67629,19.90753],[73.67635,19.90775],[73.6762,19.90789],[73.67608,19.90793],[73.67582,19.90818],[73.67537,19.90824],[73.67524,19.90844],[73.67509,19.90898],[73.67496,19.90898],[73.67492,19.9089],[73.67487,19.90898],[73.6747,19.90898],[73.67449,19.90914],[73.67445,19.9091],[73.67419,19.90914],[73.67414,19.90902],[73.67404,19.90904],[73.67404,19.90896],[73.6741,19.90894],[73.67421,19.9088],[73.67417,19.90864],[73.67429,19.90852],[73.67425,19.90803],[73.67438,19.90791],[73.67432,19.90785],[73.67423,19.90801],[73.67412,19.90795],[73.67408,19.90787],[73.67417,19.90775],[73.6741,19.90769],[73.67399,19.90767],[73.67395,19.90759],[73.67399,19.90739],[73.67342,19.90688],[73.67307,19.90688],[73.67305,19.90703],[73.67296,19.90711],[73.67286,19.90729],[73.67279,19.90711],[73.67258,19.90686],[73.67258,19.90678],[73.67243,19.90668],[73.67226,19.90668],[73.67213,19.9066],[73.67206,19.90666],[73.67211,19.9067],[73.67204,19.90688],[73.67191,19.90688],[73.67187,19.90692],[73.67161,19.90688],[73.67159,19.90695],[73.67168,19.90703],[73.6714,19.90717],[73.67131,19.90705],[73.67114,19.90701],[73.67093,19.90721],[73.67071,19.90729],[73.67067,19.90741],[73.6706,19.90739],[73.67058,19.90725],[73.6705,19.90737],[73.67033,19.90733],[73.67024,19.90741],[73.67015,19.90741],[73.67007,19.90753],[73.66951,19.90753],[73.66934,19.90749],[73.66925,19.90753],[73.66921,19.90761],[73.66878,19.90765],[73.66876,19.90755],[73.66882,19.90749],[73.66895,19.90745],[73.66925,19.90749],[73.66927,19.90739],[73.66919,19.90731],[73.66942,19.90721],[73.66966,19.90686],[73.6697,19.90666],[73.66983,19.90654],[73.66983,19.90638],[73.66992,19.9063],[73.66992,19.9061],[73.67,19.90602],[73.66996,19.90598],[73.67,19.90565],[73.66996,19.90557],[73.66985,19.90551],[73.66968,19.90559],[73.66955,19.90559],[73.66942,19.90551],[73.6693,19.90559],[73.66895,19.90559],[73.66876,19.90545],[73.66876,19.90537],[73.66863,19.90517],[73.66867,19.90509],[73.66867,19.90493],[73.66872,19.90489],[73.66872,19.90473],[73.66863,19.9046],[73.66867,19.90448],[73.66863,19.90444],[73.66859,19.9042],[73.66846,19.90396],[73.66788,19.90349],[73.66766,19.90345],[73.66754,19.90354],[73.66711,19.90354],[73.66691,19.90368],[73.66685,19.90386],[73.66676,19.90386],[73.66668,19.90378],[73.66655,19.90386],[73.66648,19.9038],[73.66653,19.90376],[73.6664,19.90372],[73.66644,19.90364],[73.66636,19.90352],[73.66631,19.90327],[73.66623,19.90319],[73.66623,19.90311],[73.66636,19.90307],[73.66636,19.90299],[73.66627,19.90291],[73.66631,19.90275],[73.66623,19.90267],[73.66623,19.90243],[73.66636,19.9023],[73.66636,19.90222],[73.66653,19.90206],[73.66657,19.90178],[73.66648,19.90166],[73.66648,19.90154],[73.66644,19.90146],[73.66627,19.90126],[73.66627,19.90109],[73.66616,19.90107],[73.66614,19.90097],[73.66601,19.90081],[73.66565,19.90067],[73.6656,19.90071],[73.66543,19.90071],[73.66537,19.90077],[73.66533,19.90089],[73.66535,19.90107],[73.66518,19.90107],[73.665,19.90136],[73.66468,19.9015],[73.66468,19.90162],[73.6646,19.90174],[73.66455,19.90194],[73.66434,19.90214],[73.66434,19.9023],[73.66425,19.90243],[73.66419,19.90261],[73.6641,19.90265],[73.6638,19.90265],[73.66333,19.90289],[73.66329,19.90301],[73.66312,19.90301],[73.6629,19.90325],[73.66271,19.90331],[73.66266,19.90396],[73.66239,19.90426],[73.66219,19.90436],[73.66224,19.90456],[73.66217,19.90462],[73.66209,19.90462],[73.66211,19.90469],[73.66194,19.90489],[73.66194,19.90521],[73.66185,19.90529],[73.66189,19.90545],[73.66181,19.90553],[73.66189,19.90561],[73.66189,19.90569],[73.66181,19.90577],[73.66194,19.90602],[73.66183,19.90608],[73.66174,19.90604],[73.66166,19.90592],[73.66157,19.90592],[73.66153,19.906],[73.66146,19.90594],[73.66142,19.90577],[73.66155,19.90565],[73.66144,19.90555],[73.66123,19.90547],[73.66112,19.90549],[73.66112,19.90565],[73.66121,19.90577],[73.66112,19.90582],[73.6611,19.90592],[73.66088,19.90588],[73.66063,19.90563],[73.66028,19.90571],[73.66013,19.90586],[73.66009,19.90602],[73.65975,19.9063],[73.65975,19.90646],[73.65966,19.9065],[73.65966,19.90658],[73.65958,19.90666],[73.65951,19.90688],[73.65921,19.90688],[73.659,19.9068],[73.65861,19.90697],[73.6585,19.90707],[73.6585,19.90719],[73.65844,19.90725],[73.65831,19.90725],[73.65818,19.90733],[73.65797,19.90757],[73.65754,19.90777],[73.65747,19.90783],[73.65743,19.90799],[73.65732,19.9081],[73.65724,19.90805],[73.65704,19.90816],[73.65709,19.9082],[73.65704,19.90824],[73.65704,19.9084],[73.657,19.90852],[73.65706,19.90854],[73.65709,19.90864],[73.65706,19.90866],[73.65702,19.90858],[73.65694,19.90858],[73.65691,19.9088],[73.65676,19.90882],[73.65666,19.909],[73.65674,19.90912],[73.65674,19.90933],[73.65666,19.90945],[73.65651,19.90967],[73.65644,19.90961],[73.65644,19.90949],[73.65653,19.90937],[73.65653,19.9092],[73.65644,19.90912],[73.65666,19.90892],[73.6567,19.90876],[73.65668,19.90866],[73.65659,19.90866],[73.65655,19.90874],[73.65649,19.90864],[73.65653,19.90836],[73.65668,19.90818],[73.65681,19.90818],[73.65687,19.90812],[73.65696,19.90787],[73.65696,19.90763],[73.65715,19.90757],[73.65717,19.90747],[73.65734,19.90735],[73.65743,19.90719],[73.65775,19.90688],[73.65792,19.90688],[73.65799,19.90682],[73.65799,19.9067],[73.65812,19.90658],[73.6582,19.90634],[73.6585,19.90618],[73.65893,19.90565],[73.65897,19.90553],[73.65936,19.90521],[73.65936,19.90489],[73.65962,19.90469],[73.65962,19.90448],[73.6594,19.90432],[73.65945,19.9042],[73.65936,19.90404],[73.6596,19.90386],[73.65981,19.90386],[73.65988,19.90376],[73.6599,19.90358],[73.6602,19.90358],[73.6603,19.90347],[73.6603,19.90319],[73.66056,19.90299],[73.66056,19.90255],[73.66078,19.9023],[73.66078,19.9021],[73.66103,19.90182],[73.66116,19.90138],[73.66112,19.90109],[73.66103,19.90105],[73.66095,19.90077],[73.66078,19.90049],[73.66024,19.90019],[73.6599,19.90015],[73.65981,19.90011],[73.6597,19.9],[73.65966,19.89992],[73.6597,19.89984],[73.65951,19.89962],[73.6593,19.89958],[73.65925,19.89962],[73.65895,19.89962],[73.65878,19.8997],[73.65857,19.8997],[73.65852,19.89966],[73.65839,19.8997],[73.6582,19.8996],[73.65829,19.89948],[73.65824,19.89936],[73.65824,19.89908],[73.65842,19.89879],[73.65842,19.89863],[73.65837,19.89859],[73.65837,19.89831],[73.65814,19.89793],[73.65801,19.89797],[73.65788,19.89781],[73.65779,19.89785],[73.65719,19.89789],[73.65715,19.89785],[73.65702,19.89785],[73.65685,19.89768],[73.65586,19.89772],[73.65576,19.89783],[73.65571,19.89795],[73.65576,19.89815],[73.65558,19.89835],[73.65554,19.89859],[73.65528,19.89891],[73.65528,19.89908],[73.65524,19.89912],[73.65528,19.8992],[73.65528,19.89944],[73.65518,19.89954],[73.65496,19.89954],[73.65483,19.89958],[73.6546,19.8998],[73.65449,19.89998],[73.6544,19.89998],[73.65427,19.90007],[73.65397,19.90002],[73.65382,19.90017],[73.65387,19.90021],[73.65387,19.90049],[73.6538,19.90055],[73.65376,19.90051],[73.6537,19.90061],[73.65352,19.90073],[73.65337,19.90107],[73.65335,19.90097],[73.6532,19.90087],[73.65316,19.90087],[73.65312,19.90095],[73.6529,19.90091],[73.65284,19.90085],[73.65292,19.90073],[73.65284,19.90065],[73.65284,19.90057],[73.65271,19.90053],[73.65279,19.90037],[73.6526,19.90027],[73.65247,19.90031],[73.65239,19.90019],[73.6523,19.90023],[73.652,19.90019],[73.65187,19.90027],[73.65174,19.90027],[73.65172,19.90037],[73.65176,19.90045],[73.65161,19.90051],[73.65151,19.90041],[73.65155,19.90021],[73.65164,19.90009],[73.65185,19.89992],[73.65181,19.8998],[73.65194,19.89964],[73.65183,19.89962],[73.65179,19.89966],[73.65153,19.8995],[73.65136,19.89954],[73.65123,19.89942],[73.6511,19.89946],[73.65095,19.89928],[73.65084,19.89902],[73.65054,19.89902],[73.65046,19.8991],[73.65024,19.89914],[73.64994,19.89881],[73.64985,19.89881],[73.64973,19.89869],[73.64947,19.89865],[73.64943,19.89865],[73.64925,19.89885],[73.64891,19.89881],[73.64865,19.89889],[73.64848,19.89885],[73.64835,19.89894],[73.64827,19.89885],[73.64822,19.89885],[73.64818,19.89894],[73.64801,19.89894],[73.64788,19.89881],[73.64762,19.89894],[73.64752,19.89883],[73.64752,19.89863],[73.6476,19.89855],[73.64756,19.89847],[73.64713,19.89811],[73.64709,19.89803],[73.64713,19.89787],[73.647,19.8977],[73.64676,19.89752],[73.64642,19.89748],[73.64612,19.89732],[73.64604,19.89732],[73.64591,19.8974],[73.64573,19.8974],[73.64556,19.89728],[73.64543,19.89728],[73.64535,19.89736],[73.64513,19.89736],[73.64501,19.89744],[73.64475,19.89744],[73.64458,19.89756],[73.64432,19.89756],[73.64406,19.89732],[73.64398,19.89736],[73.64372,19.89736],[73.64363,19.89728],[73.64333,19.89724],[73.64325,19.89728],[73.64312,19.89744],[73.64299,19.89744],[73.6429,19.89752],[73.64277,19.89748],[73.64264,19.8976],[73.64256,19.89756],[73.64239,19.8976],[73.6423,19.89752],[73.64213,19.89764],[73.64215,19.89754],[73.64211,19.8975],[73.64219,19.89738],[73.64215,19.89734],[73.64219,19.89718],[73.64204,19.89704],[73.64192,19.89704],[73.6417,19.89688],[73.6414,19.89688],[73.64127,19.89684],[73.64097,19.89655],[73.64089,19.89655],[73.64076,19.89647],[73.64074,19.89641],[73.64048,19.89621],[73.64039,19.89613],[73.64031,19.89589],[73.64031,19.89524],[73.64026,19.8952],[73.64031,19.895],[73.64013,19.89468],[73.63998,19.89458],[73.63988,19.89444],[73.63983,19.89415],[73.63992,19.89403],[73.63981,19.89393],[73.63964,19.89397],[73.63958,19.89391],[73.63951,19.89369],[73.63938,19.89369],[73.63925,19.89377],[73.63921,19.89373],[73.63908,19.89373],[73.63904,19.89377],[73.63865,19.89377],[73.63857,19.89369],[73.63831,19.89369],[73.63827,19.89373],[73.63805,19.89365],[73.63797,19.89365],[73.6378,19.89369],[73.63773,19.89387],[73.63767,19.89393],[73.63737,19.89397],[73.63722,19.89419],[73.63692,19.8944],[73.63677,19.89462],[73.63636,19.89456],[73.63653,19.89431],[73.63672,19.89413],[73.63677,19.89413],[73.63683,19.89419],[73.63679,19.89403],[73.63689,19.89393],[73.63707,19.89381],[73.63724,19.89381],[73.6375,19.89369],[73.63758,19.89357],[73.63775,19.89353],[73.63777,19.89359],[73.63773,19.89363],[73.63784,19.89365],[73.63786,19.89355],[73.63792,19.89349],[73.63805,19.89345],[73.63818,19.89349],[73.63827,19.89345],[73.63848,19.89345],[73.63853,19.89341],[73.63874,19.89341],[73.639,19.89345],[73.63913,19.89341],[73.63925,19.89329],[73.63938,19.89329],[73.63951,19.89316],[73.63964,19.89325],[73.6399,19.89312],[73.64013,19.89339],[73.64013,19.89359],[73.64009,19.89363],[73.64013,19.89387],[73.64005,19.89399],[73.6402,19.89413],[73.64037,19.89417],[73.64067,19.89442],[73.6408,19.89446],[73.64114,19.89442],[73.64125,19.89452],[73.64125,19.8946],[73.64134,19.89464],[73.64134,19.89508],[73.64125,19.8952],[73.64131,19.89526],[73.64142,19.89528],[73.64142,19.89536],[73.64153,19.89551],[73.64174,19.89551],[73.64211,19.89565],[73.64215,19.89573],[73.64213,19.89583],[73.64209,19.89579],[73.642,19.89587],[73.64172,19.89593],[73.64179,19.89603],[73.64192,19.89607],[73.64209,19.89595],[73.64226,19.89595],[73.64234,19.89591],[73.64245,19.89581],[73.64247,19.89571],[73.64269,19.89575],[73.64299,19.89591],[73.64329,19.89587],[73.64337,19.89579],[73.64355,19.89579],[73.64372,19.89591],[73.64385,19.89591],[73.64406,19.89583],[73.64436,19.89587],[73.6444,19.89583],[73.64453,19.89583],[73.64462,19.89575],[73.64466,19.89575],[73.64479,19.89587],[73.64496,19.89575],[73.64513,19.89587],[73.64531,19.89587],[73.64535,19.89591],[73.64543,19.89587],[73.64556,19.89599],[73.64578,19.89591],[73.64591,19.89599],[73.64608,19.89599],[73.64621,19.89591],[73.64659,19.89595],[73.64666,19.89589],[73.64666,19.89577],[73.64661,19.89573],[73.64666,19.89557],[73.64649,19.89536],[73.64664,19.89522],[73.64672,19.89526],[73.64719,19.89526],[73.64732,19.89534],[73.64737,19.89542],[73.64758,19.89555],[73.64767,19.89551],[73.64779,19.89555],[73.64788,19.89563],[73.64797,19.89563],[73.64805,19.89571],[73.6484,19.89579],[73.649,19.89583],[73.64913,19.89591],[73.64943,19.89591],[73.64951,19.89587],[73.6496,19.89595],[73.65016,19.89591],[73.65022,19.89581],[73.65011,19.89575],[73.65005,19.89561],[73.65035,19.89536],[73.65035,19.89528],[73.65048,19.89512],[73.65039,19.89488],[73.65067,19.8947],[73.65076,19.89474],[73.65088,19.8947],[73.65095,19.89476],[73.65095,19.89496],[73.65099,19.89504],[73.65106,19.89506],[73.65123,19.89526],[73.65136,19.89526],[73.65142,19.89532],[73.65142,19.89544],[73.65157,19.89559],[73.65191,19.89567],[73.65209,19.89579],[73.6523,19.89603],[73.65264,19.89607],[73.65301,19.89577],[73.65301,19.89565],[73.65309,19.89553],[73.65318,19.89548],[73.65325,19.89526],[73.65333,19.89526],[73.65376,19.89494],[73.6544,19.89494],[73.65458,19.89486],[73.65468,19.89476],[73.65468,19.89468],[73.65496,19.8945],[73.65548,19.8945],[73.65565,19.89433],[73.65586,19.89446],[73.65603,19.8945],[73.65612,19.8945],[73.65625,19.89438],[73.65646,19.89438],[73.65651,19.89442],[73.65664,19.89442],[73.65681,19.89458],[73.65702,19.8945],[73.65726,19.89427],[73.6573,19.89411],[73.65739,19.89403],[73.65743,19.89367],[73.65782,19.89343],[73.65794,19.89327],[73.65799,19.8931],[73.65814,19.89296],[73.65827,19.89296],[73.65833,19.8929],[73.65844,19.89268],[73.65878,19.89268],[73.65885,19.89274],[73.65891,19.89292],[73.65912,19.89296],[73.65919,19.89306],[73.65936,19.89318],[73.65942,19.89333],[73.65962,19.89339],[73.65962,19.89351],[73.6597,19.89367],[73.6599,19.89385],[73.66011,19.89385],[73.66015,19.89381],[73.66026,19.89391],[73.66035,19.89435],[73.66054,19.89442],[73.66069,19.89456],[73.66078,19.89484],[73.66118,19.89522],[73.66127,19.89526],[73.66148,19.8951],[73.66161,19.8951],[73.66172,19.89516],[73.66194,19.89544],[73.66194,19.89561],[73.66202,19.89573],[73.66202,19.89593],[73.66215,19.89609],[73.66211,19.89653],[73.66215,19.89657],[73.66215,19.8967],[73.6623,19.8968],[73.6626,19.89676],[73.66262,19.89661],[73.66269,19.89655],[73.66277,19.89655],[73.66284,19.89645],[73.66303,19.89631],[73.66329,19.89631],[73.66333,19.89635],[73.66365,19.89617],[73.66374,19.89601],[73.66378,19.89569],[73.664,19.89532],[73.66417,19.8952],[73.66417,19.89504],[73.66421,19.895],[73.66421,19.89456],[73.6643,19.89448],[73.6643,19.89431],[73.66425,19.89427],[73.6643,19.89407],[73.66434,19.89395],[73.66457,19.89369],[73.6647,19.89369],[73.66485,19.89383],[73.66485,19.89391],[73.66494,19.89403],[73.66494,19.89423],[73.66513,19.89442],[73.66539,19.89446],[73.66558,19.89431],[73.66563,19.89419],[73.66582,19.89397],[73.66608,19.89377],[73.66625,19.89365],[73.66631,19.89375],[73.66627,19.89415],[73.66636,19.89431],[73.66663,19.89462],[73.66693,19.89478],[73.66706,19.89478],[73.66732,19.8949],[73.66749,19.89494],[73.66754,19.8949],[73.66775,19.89486],[73.66805,19.89502],[73.66818,19.89518],[73.66822,19.89514],[73.66835,19.89514],[73.66839,19.89518],[73.66852,19.89514],[73.66878,19.89514],[73.66882,19.89518],[73.66927,19.8952],[73.66932,19.89528],[73.66932,19.89569],[73.66936,19.89573],[73.66936,19.89621],[73.66949,19.89637],[73.66949,19.89653],[73.66957,19.89661],[73.66957,19.89694],[73.66949,19.89706],[73.66951,19.89728],[73.66968,19.89732],[73.66987,19.89714],[73.66987,19.89694],[73.67009,19.89661],[73.67009,19.89645],[73.67018,19.89633],[73.67022,19.89605],[73.6705,19.89575],[73.67056,19.89581],[73.67056,19.89593],[73.67065,19.89613],[73.67075,19.89623],[73.6709,19.89629],[73.6709,19.89641],[73.67086,19.89645],[73.6709,19.8967],[73.67099,19.89682],[73.67121,19.89698],[73.67121,19.89738],[73.67125,19.89754],[73.67133,19.89766],[73.67133,19.89774],[73.67151,19.89811],[73.67168,19.89831],[73.67168,19.89839],[73.67191,19.89869],[73.67217,19.89869],[73.67258,19.89843],[73.67284,19.89803],[73.67279,19.89791],[73.67292,19.89774],[73.67296,19.8975],[73.67318,19.89734],[73.67318,19.89726],[73.67331,19.89714],[73.67331,19.89678],[73.67335,19.89661],[73.67331,19.89657],[73.67327,19.89633],[73.67327,19.89589],[73.67342,19.89563],[73.67363,19.89563],[73.6738,19.89555],[73.67391,19.89544],[73.67395,19.89532],[73.67406,19.89526],[73.67429,19.89544],[73.67429,19.89553],[73.67466,19.89591],[73.67483,19.89591],[73.67492,19.89599],[73.67509,19.89595],[73.6753,19.89603],[73.6755,19.89585],[73.6755,19.89577],[73.67567,19.89553],[73.67563,19.89548],[73.67573,19.89534],[73.67586,19.89534],[73.67599,19.89518],[73.67623,19.89528]]]},"properties":{"id":"water_w130894815","type":"water_body","name":"Waldevi","name_local":null,"category":"water","source":"openstreetmap","source_id":"way/130894815","updated_at":"2023-04-15T23:09:50Z","tags":{}}},{"type":"Feature","geometry":{"type":"Polygon","coordinates":[[[73.52945,19.93149],[73.52936,19.9313],[73.52939,19.93054],[73.52964,19.93041],[73.53002,19.93035],[73.53047,19.93034],[73.53066,19.93038],[73.53094,19.9306],[73.53102,19.93095],[73.53091,19.93115],[73.53055,19.9313],[73.53027,19.93148],[73.53004,19.93159],[73.5296,19.93157],[73.52945,19.93149]]]},"properties":{"id":"water_w198890515","type":"water_body","name":"Gautam talav","name_local":"गौतम तलाव","category":"lake","source":"openstreetmap","source_id":"way/198890515","updated_at":"2022-09-25T16:43:23Z","tags":{"name:en":"Gautam talav","name:mr":"गौतम तलाव"}}},{"type":"Feature","geometry":{"type":"Polygon","coordinates":[[[73.52377,19.93295],[73.5237,19.93275],[73.52366,19.93236],[73.52369,19.93181],[73.52427,19.93179],[73.52494,19.93188],[73.52533,19.93205],[73.52541,19.93221],[73.52538,19.93248],[73.52524,19.93266],[73.52493,19.93285],[73.52447,19.93291],[73.52377,19.93295]]]},"properties":{"id":"water_w198890522","type":"water_body","name":"Gangasagar Lake","name_local":null,"category":"water","source":"openstreetmap","source_id":"way/198890522","updated_at":"2026-06-28T10:50:03Z","tags":{}}},{"type":"Feature","geometry":{"type":"Polygon","coordinates":[[[73.52541,19.92898],[73.52525,19.92896],[73.52517,19.92877],[73.52494,19.92873],[73.52483,19.92879],[73.52465,19.92866],[73.52449,19.92846],[73.52429,19.9286],[73.52427,19.92828],[73.52455,19.92825],[73.52471,19.92808],[73.52446,19.92794],[73.52424,19.92771],[73.52445,19.92767],[73.52461,19.92781],[73.52486,19.92781],[73.52497,19.92791],[73.52512,19.92784],[73.52534,19.92761],[73.52519,19.92758],[73.52509,19.92744],[73.52513,19.92718],[73.52537,19.9272],[73.52574,19.92733],[73.52591,19.92729],[73.52592,19.92704],[73.52598,19.92684],[73.52624,19.92674],[73.52623,19.92644],[73.52615,19.92605],[73.52621,19.926],[73.5263,19.92597],[73.52661,19.92604],[73.52656,19.92629],[73.52659,19.92648],[73.5272,19.92661],[73.52703,19.9271],[73.52696,19.92738],[73.52605,19.92883],[73.52591,19.92877],[73.52562,19.92877],[73.52547,19.92886],[73.52541,19.92898]]]},"properties":{"id":"water_w198890535","type":"water_body","name":"Ahilya Talav","name_local":null,"category":"reservoir","source":"openstreetmap","source_id":"way/198890535","updated_at":"2026-07-29T15:54:53Z","tags":{}}},{"type":"Feature","geometry":{"type":"Polygon","coordinates":[[[73.5285,19.93267],[73.52836,19.93253],[73.52836,19.93233],[73.52851,19.9322],[73.52872,19.9322],[73.52887,19.93235],[73.52886,19.93254],[73.52871,19.93268],[73.5285,19.93267]]]},"properties":{"id":"water_w199009723","type":"water_body","name":"Indra Kund","name_local":null,"category":"lake","source":"openstreetmap","source_id":"way/199009723","updated_at":"2026-06-28T10:50:03Z","tags":{}}},{"type":"Feature","geometry":{"type":"Polygon","coordinates":[[[73.53033,19.93208],[73.53035,19.93192],[73.53051,19.93192],[73.53051,19.93208],[73.53033,19.93208]]]},"properties":{"id":"water_w431774965","type":"water_body","name":"Amrut Kund","name_local":null,"category":"water","source":"openstreetmap","source_id":"way/431774965","updated_at":"2026-06-28T10:50:03Z","tags":{}}},{"type":"Feature","geometry":{"type":"Polygon","coordinates":[[[73.66968,20.12824],[73.67037,20.1284],[73.67105,20.1284],[73.67157,20.12759],[73.67208,20.12759],[73.67311,20.12824],[73.67346,20.12807],[73.67432,20.12807],[73.67466,20.12824],[73.67509,20.12783],[73.67526,20.12735],[73.67612,20.12654],[73.67595,20.12558],[73.6762,20.12533],[73.67723,20.12517],[73.67784,20.12445],[73.67749,20.12389],[73.67895,20.12405],[73.67955,20.12332],[73.68015,20.12276],[73.68032,20.12276],[73.68067,20.12227],[73.68084,20.12243],[73.68093,20.12203],[73.6805,20.12179],[73.67998,20.12179],[73.67981,20.12147],[73.67964,20.12098],[73.67998,20.12098],[73.68015,20.12082],[73.68135,20.12082],[73.68144,20.12106],[73.68187,20.12131],[73.68213,20.12106],[73.6811,20.11913],[73.68075,20.11881],[73.68075,20.11832],[73.68041,20.11768],[73.68067,20.11744],[73.68135,20.11728],[73.68144,20.11687],[73.68118,20.11679],[73.68084,20.11711],[73.68015,20.11711],[73.67947,20.11663],[73.67929,20.11679],[73.67921,20.11655],[73.67981,20.11599],[73.68032,20.11631],[73.68093,20.11591],[73.68093,20.11494],[73.68075,20.11478],[73.68075,20.11445],[73.6811,20.11397],[73.68075,20.11349],[73.68127,20.11284],[73.68127,20.1122],[73.68161,20.11139],[73.68221,20.11083],[73.68324,20.11067],[73.68393,20.11002],[73.6841,20.11002],[73.68462,20.11067],[73.68547,20.11083],[73.6865,20.11147],[73.68977,20.1147],[73.68985,20.11494],[73.69414,20.11865],[73.69457,20.11889],[73.69503,20.11915],[73.69595,20.11921],[73.69738,20.11934],[73.69738,20.11968],[73.69721,20.12063],[73.69725,20.12156],[73.69768,20.12228],[73.69826,20.123],[73.69826,20.12348],[73.6988,20.1242],[73.69996,20.12408],[73.6989,20.1251],[73.69892,20.12541],[73.69965,20.12635],[73.69996,20.12707],[73.69932,20.12716],[73.69916,20.12663],[73.69817,20.12603],[73.69768,20.12532],[73.69817,20.12519],[73.69823,20.12505],[73.69799,20.12463],[73.69768,20.12353],[73.6974,20.12348],[73.69735,20.12382],[73.69684,20.12503],[73.69675,20.12536],[73.69687,20.12646],[73.69653,20.12616],[73.69612,20.12532],[73.69552,20.12521],[73.69466,20.12464],[73.69371,20.12453],[73.69294,20.12525],[73.6926,20.1259],[73.69234,20.12598],[73.69217,20.1263],[73.69165,20.1263],[73.69131,20.12598],[73.69114,20.12598],[73.69097,20.1263],[73.69011,20.12614],[73.69011,20.12646],[73.68959,20.12646],[73.68951,20.1267],[73.68874,20.12711],[73.68856,20.12743],[73.68805,20.12743],[73.68796,20.12751],[73.68822,20.12759],[73.68831,20.12783],[73.68788,20.12824],[73.68753,20.12824],[73.68702,20.12856],[73.68685,20.1284],[73.68676,20.12864],[73.68608,20.12912],[73.68608,20.12944],[73.68539,20.12993],[73.68565,20.13001],[73.68582,20.12985],[73.68616,20.12985],[73.68642,20.13009],[73.68625,20.13025],[73.68625,20.13073],[73.68659,20.13122],[73.68608,20.13154],[73.68582,20.1321],[73.68547,20.1321],[73.68539,20.13186],[73.68496,20.13162],[73.68479,20.13178],[73.68444,20.13178],[73.68436,20.13154],[73.68453,20.13138],[73.68453,20.13106],[73.68427,20.13081],[73.6841,20.13098],[73.68367,20.1309],[73.68402,20.13025],[73.68359,20.13017],[73.6835,20.12977],[73.68324,20.12969],[73.6829,20.13001],[73.68256,20.13001],[73.68153,20.13114],[73.68118,20.13114],[73.68075,20.13154],[73.68058,20.13202],[73.68093,20.13235],[73.6811,20.13299],[73.68067,20.13339],[73.68058,20.13299],[73.68015,20.13291],[73.67981,20.13243],[73.67878,20.13243],[73.67775,20.1313],[73.67741,20.1313],[73.67732,20.13154],[73.67749,20.13186],[73.67715,20.13218],[73.67698,20.13283],[73.67663,20.13315],[73.67663,20.13364],[73.67655,20.13372],[73.67638,20.13355],[73.6762,20.13372],[73.67595,20.13331],[73.67646,20.13251],[73.67646,20.13218],[73.67612,20.13186],[73.67646,20.13122],[73.6762,20.13114],[73.67595,20.13138],[73.67595,20.13186],[73.67552,20.13227],[73.67517,20.13227],[73.675,20.1321],[73.67466,20.13243],[73.67397,20.13227],[73.67372,20.13202],[73.67389,20.1317],[73.67346,20.13162],[73.67329,20.13178],[73.67303,20.13106],[73.67363,20.13049],[73.6744,20.13009],[73.6738,20.12953],[73.67294,20.12936],[73.67277,20.12953],[73.67243,20.12953],[73.6714,20.13065],[73.67131,20.13041],[73.67054,20.13001],[73.67037,20.12969],[73.66951,20.12953],[73.66925,20.12977],[73.66857,20.13122],[73.66745,20.13259],[73.66693,20.13227],[73.66642,20.13227],[73.66608,20.13259],[73.66548,20.13283],[73.66548,20.13315],[73.66599,20.13364],[73.66573,20.13404],[73.66453,20.13404],[73.66427,20.1338],[73.66427,20.13364],[73.66496,20.13315],[73.66453,20.13259],[73.66419,20.13259],[73.6641,20.13299],[73.66367,20.13339],[73.66333,20.13355],[73.66264,20.13355],[73.66247,20.13372],[73.66204,20.13315],[73.66204,20.13267],[73.66273,20.13202],[73.66273,20.13186],[73.66316,20.13178],[73.66333,20.13146],[73.66402,20.1313],[73.6647,20.13081],[73.66522,20.13081],[73.6653,20.13041],[73.66513,20.13009],[73.66539,20.12985],[73.66573,20.12985],[73.6659,20.12969],[73.66642,20.13001],[73.66728,20.13001],[73.66779,20.12953],[73.66839,20.12944],[73.66822,20.12896],[73.66848,20.12872],[73.66968,20.12824]]]},"properties":{"id":"water_w555938964","type":"water_body","name":"Alandi Dam Reservoir","name_local":null,"category":"reservoir","source":"openstreetmap","source_id":"way/555938964","updated_at":"2026-01-11T10:02:20Z","tags":{}}},{"type":"Feature","geometry":{"type":"Polygon","coordinates":[[[73.59009,19.93882],[73.58998,19.93878],[73.58988,19.9387],[73.58769,19.93694],[73.58771,19.93675],[73.58782,19.93663],[73.58821,19.9365],[73.58834,19.93629],[73.58826,19.93612],[73.58812,19.93595],[73.58801,19.93586],[73.58784,19.93585],[73.58753,19.93573],[73.58748,19.93558],[73.58743,19.93537],[73.58752,19.93526],[73.58759,19.93515],[73.58808,19.93513],[73.58833,19.93508],[73.58846,19.93496],[73.58849,19.93482],[73.58839,19.9347],[73.58791,19.93453],[73.58773,19.93445],[73.58768,19.93432],[73.58766,19.9342],[73.58765,19.9341],[73.58774,19.934],[73.58804,19.93395],[73.58828,19.93396],[73.58856,19.93373],[73.58855,19.93361],[73.58823,19.93351],[73.58807,19.93329],[73.58804,19.93315],[73.58822,19.93278],[73.58819,19.93249],[73.58815,19.93191],[73.58827,19.93174],[73.58843,19.93189],[73.58922,19.9319],[73.5893,19.93201],[73.58974,19.93235],[73.59002,19.9322],[73.5902,19.93217],[73.59041,19.9322],[73.59075,19.93274],[73.59088,19.93322],[73.5913,19.93375],[73.59243,19.93446],[73.5928,19.93474],[73.59261,19.93487],[73.59209,19.93551],[73.59198,19.93583],[73.59197,19.93661],[73.59215,19.93684],[73.59229,19.93687],[73.59242,19.93681],[73.59257,19.93674],[73.59266,19.93655],[73.59283,19.93619],[73.59322,19.9356],[73.59341,19.9356],[73.59356,19.93572],[73.5937,19.9359],[73.59411,19.93664],[73.59497,19.93651],[73.59504,19.93657],[73.59508,19.93665],[73.59497,19.93684],[73.59509,19.93697],[73.59492,19.93747],[73.59465,19.9376],[73.59401,19.93774],[73.59403,19.93802],[73.59396,19.93813],[73.59387,19.93826],[73.59377,19.93862],[73.59347,19.93882],[73.59009,19.93882]]]},"properties":{"id":"water_w864132249","type":"water_body","name":"Anjaneri Lake","name_local":null,"category":"reservoir","source":"openstreetmap","source_id":"way/864132249","updated_at":"2020-10-27T11:54:42Z","tags":{}}},{"type":"Feature","geometry":{"type":"Polygon","coordinates":[[[73.55059,19.946],[73.55033,19.94573],[73.55032,19.94536],[73.5506,19.94507],[73.55125,19.94509],[73.55153,19.94535],[73.55154,19.94573],[73.55118,19.94602],[73.55059,19.946]]]},"properties":{"id":"water_w981035055","type":"water_body","name":"Prayag Tirth","name_local":null,"category":"water","source":"openstreetmap","source_id":"way/981035055","updated_at":"2026-06-28T11:02:16Z","tags":{}}},{"type":"Feature","geometry":{"type":"Polygon","coordinates":[[[73.52748,19.93287],[73.52746,19.93261],[73.52775,19.93262],[73.52777,19.93287],[73.52748,19.93287]]]},"properties":{"id":"water_w1533200243","type":"water_body","name":"Kushawart Tirth","name_local":null,"category":"water","source":"openstreetmap","source_id":"way/1533200243","updated_at":"2026-06-28T10:50:03Z","tags":{}}},{"type":"Feature","geometry":{"type":"Polygon","coordinates":[[[73.53206,19.93224],[73.53209,19.93218],[73.53216,19.93221],[73.53213,19.93227],[73.53206,19.93224]]]},"properties":{"id":"water_w1533200245","type":"water_body","name":"Old Kushawart Tirtha","name_local":null,"category":"water","source":"openstreetmap","source_id":"way/1533200245","updated_at":"2026-06-28T10:50:03Z","tags":{}}},{"type":"Feature","geometry":{"type":"LineString","coordinates":[[73.52316,19.92274],[73.52351,19.92294],[73.52378,19.92311],[73.52402,19.92328],[73.52418,19.92342],[73.52438,19.92354],[73.52446,19.92367],[73.5247,19.92411],[73.52485,19.92422],[73.5251,19.92434],[73.52531,19.92439],[73.52547,19.92446],[73.52562,19.92457],[73.52578,19.92464],[73.52592,19.9247],[73.52595,19.92471],[73.52633,19.92496],[73.52646,19.92507],[73.52655,19.92525],[73.52653,19.92541],[73.52639,19.92555],[73.52636,19.92574],[73.52623,19.92591],[73.52621,19.926],[73.52628,19.92624],[73.52636,19.92655],[73.52718,19.92677],[73.52761,19.92688],[73.52788,19.92706],[73.52796,19.92723],[73.52801,19.92756],[73.528,19.92789],[73.52793,19.92816],[73.52791,19.92842],[73.528,19.9285]]},"properties":{"id":"water_w50839146","type":"river","name":"Godavari River","name_local":null,"category":"river","source":"openstreetmap","source_id":"way/50839146","updated_at":"2026-06-28T10:50:03Z","tags":{}}},{"type":"Feature","geometry":{"type":"LineString","coordinates":[[73.88793,20.18972],[73.88915,20.18906],[73.88994,20.18864],[73.89183,20.19056],[73.89301,20.19177],[73.8952,20.19136],[73.89716,20.18976],[73.89761,20.18939],[73.89876,20.18709],[73.89915,20.18355],[73.90185,20.18174],[73.90466,20.18116],[73.90665,20.18029],[73.90875,20.17967],[73.91037,20.17896],[73.91171,20.17844],[73.91263,20.17808],[73.91372,20.17753],[73.91444,20.17704],[73.91509,20.17656],[73.91551,20.1761],[73.91563,20.17555],[73.91548,20.17483],[73.91531,20.17394],[73.91513,20.17305],[73.91524,20.17228],[73.91526,20.17128],[73.91554,20.17048],[73.91643,20.16979],[73.91768,20.16954],[73.91859,20.16946],[73.91967,20.16899],[73.92094,20.16811],[73.92256,20.1664],[73.92285,20.16521],[73.92293,20.16397],[73.92283,20.16247],[73.9228,20.16103],[73.92294,20.15959],[73.92451,20.15777],[73.92642,20.15626],[73.92905,20.15505],[73.92989,20.15443],[73.93052,20.15359],[73.93188,20.1526],[73.93276,20.15193],[73.93388,20.15142],[73.9348,20.15097],[73.9354,20.15049],[73.93582,20.14997],[73.93625,20.14918],[73.93694,20.14875],[73.93764,20.14854],[73.9385,20.14861],[73.93904,20.14888],[73.93971,20.14942],[73.94023,20.14971],[73.94112,20.14997],[73.94193,20.15004],[73.94281,20.15],[73.94653,20.14882],[73.94756,20.14835],[73.94834,20.14754],[73.94846,20.14688],[73.94868,20.14563],[73.94928,20.1442],[73.94982,20.1435],[73.95114,20.14272],[73.95169,20.14263],[73.95439,20.14319],[73.95616,20.14376],[73.95763,20.14483],[73.95926,20.14642],[73.95984,20.14687],[73.9606,20.14716],[73.96138,20.14721],[73.96507,20.14625],[73.96876,20.14532],[73.97124,20.14448],[73.97206,20.14383],[73.97279,20.14181],[73.97352,20.13972],[73.97481,20.13827],[73.97816,20.1369],[73.98078,20.13682],[73.98258,20.13827],[73.9846,20.14081],[73.9861,20.14274],[73.98781,20.14423],[73.98979,20.14423],[73.99219,20.14359],[73.99248,20.14249],[73.99271,20.14052],[73.99455,20.13823],[74.00026,20.13335],[74.00206,20.13182],[74.00382,20.1315],[74.00764,20.1315],[74.01082,20.13126],[74.01339,20.13017],[74.01485,20.12856],[74.01712,20.12739],[74.01912,20.12779],[74.02056,20.12912],[74.02296,20.13085],[74.02506,20.13432],[74.02639,20.13613],[74.02738,20.13666],[74.02961,20.13706],[74.03197,20.13553],[74.03283,20.13452],[74.03222,20.13121],[74.03215,20.12791],[74.0336,20.12521],[74.04026,20.11937],[74.04408,20.118],[74.04704,20.11582],[74.05026,20.11232],[74.05184,20.1103],[74.05489,20.10885],[74.05869,20.10695],[74.06,20.10639],[74.06296,20.10478],[74.0645,20.1014],[74.06669,20.09785],[74.06862,20.09817],[74.07343,20.09789],[74.07343,20.0968],[74.07618,20.09539],[74.07905,20.09249],[74.08004,20.09193],[74.08352,20.08838],[74.08613,20.08608],[74.09085,20.08427],[74.09472,20.08302],[74.09759,20.08052],[74.10017,20.0781],[74.10244,20.07589],[74.10371,20.07449],[74.10328,20.07308],[74.10413,20.07243],[74.10516,20.07308],[74.10654,20.07372],[74.10757,20.07308],[74.10946,20.07243],[74.11152,20.07114],[74.11306,20.07001],[74.11495,20.06759],[74.11667,20.06469],[74.1177,20.0626],[74.11855,20.06131],[74.11993,20.06114],[74.12182,20.06082],[74.12336,20.06066],[74.12491,20.06034],[74.12748,20.05953],[74.12868,20.05872],[74.12936,20.05731],[74.12954,20.05575],[74.12908,20.05353],[74.12865,20.05197],[74.12807,20.05021],[74.12885,20.04808],[74.13074,20.04712],[74.13332,20.04679],[74.13589,20.04679],[74.13778,20.04679],[74.13932,20.04615],[74.1407,20.04502],[74.14115,20.04398],[74.14087,20.04179],[74.14018,20.03967],[74.13923,20.03679],[74.1383,20.0347],[74.13624,20.03244],[74.1343,20.03134],[74.13246,20.02987],[74.12989,20.02809],[74.12824,20.02635],[74.12674,20.02423],[74.12632,20.02189],[74.12657,20.0199],[74.12731,20.01873],[74.1292,20.01647],[74.13091,20.01518],[74.13169,20.01482],[74.13188,20.0148],[74.13198,20.01478],[74.13254,20.01468],[74.13298,20.01459],[74.13371,20.01454],[74.13444,20.01453],[74.13472,20.01457],[74.13489,20.01466],[74.13499,20.01468],[74.13516,20.01468],[74.13539,20.01472],[74.13632,20.01503],[74.13729,20.01542],[74.13768,20.01564],[74.13783,20.01574],[74.13797,20.01579],[74.13812,20.01578],[74.1383,20.0157],[74.13885,20.01527],[74.13927,20.01506],[74.14,20.01481],[74.14028,20.01469],[74.14055,20.01449],[74.141,20.0142],[74.14132,20.01405],[74.14168,20.01394],[74.1421,20.01389],[74.1437,20.01396],[74.14414,20.01389],[74.14452,20.01377],[74.14507,20.0135],[74.14561,20.01316],[74.14624,20.01272],[74.14764,20.01145],[74.14849,20.01036]]},"properties":{"id":"water_w50840558","type":"river","name":"Kadva River","name_local":null,"category":"river","source":"openstreetmap","source_id":"way/50840558","updated_at":"2021-11-19T04:11:16Z","tags":{}}},{"type":"Feature","geometry":{"type":"LineString","coordinates":[[73.95074,19.97448],[73.95208,19.9743],[73.95328,19.97398],[73.95674,19.97242],[73.95873,19.97157],[73.96084,19.97073],[73.96268,19.97021],[73.96466,19.96991],[73.96605,19.96996],[73.96743,19.9702],[73.96875,19.97062],[73.96935,19.97093],[73.96973,19.97113],[73.97256,19.97298],[73.97384,19.97382],[73.97554,19.97482],[73.97809,19.97624],[73.97894,19.97684],[73.97969,19.97754],[73.98017,19.97828],[73.98055,19.97912],[73.98072,19.98019],[73.98081,19.98151],[73.98054,19.98459],[73.98042,19.98616],[73.98,19.98825],[73.97916,19.99207],[73.97864,19.99441],[73.97867,19.99496],[73.97876,19.9956],[73.97896,19.99617],[73.97932,19.99676],[73.97959,19.99722],[73.98003,19.99772],[73.98067,19.9982],[73.98159,19.99865],[73.98253,19.99897],[73.9832,19.9991],[73.98408,19.99914],[73.98511,19.99908],[73.98598,19.99889],[73.98706,19.99851],[73.98871,19.99772],[73.99094,19.99656],[73.99169,19.99631],[73.99242,19.99627],[73.99315,19.99635],[73.9938,19.99666],[73.99422,19.99717],[73.99446,19.9977],[73.99455,19.99804],[73.99454,19.99831],[73.99448,19.99947],[73.99451,19.99985],[73.99461,20.00018],[73.99498,20.00091],[73.99548,20.00153],[73.99626,20.0022],[73.99818,20.00364],[74.00103,20.0056],[74.00197,20.00624],[74.00329,20.00724],[74.00407,20.00801],[74.00468,20.00893],[74.00487,20.00973],[74.00489,20.01088],[74.00475,20.0118],[74.0044,20.01357],[74.00411,20.0143],[74.00377,20.01478],[74.00312,20.01527],[74.00169,20.0159],[74.00082,20.01624],[73.99987,20.01668],[73.99916,20.01724],[73.99875,20.01771],[73.99852,20.01816],[73.99849,20.01863],[73.99862,20.0191],[73.99895,20.01952],[73.99941,20.01981],[74.00003,20.01997],[74.00078,20.02002],[74.00248,20.01998],[74.00843,20.0201],[74.00923,20.02013],[74.00993,20.02021],[74.01073,20.02033],[74.0116,20.02053],[74.01233,20.02076],[74.01324,20.02117],[74.01407,20.02165],[74.0145,20.02199],[74.01487,20.02237],[74.01527,20.02301],[74.01551,20.02358],[74.01595,20.02502],[74.01627,20.02584],[74.01663,20.02662],[74.01724,20.02764],[74.01855,20.02961],[74.01967,20.03093],[74.02033,20.03168],[74.02201,20.03351],[74.02304,20.0345],[74.0239,20.03524],[74.02483,20.03592],[74.02552,20.03631],[74.02613,20.03653],[74.02672,20.03663],[74.02716,20.03668],[74.02753,20.03666],[74.02784,20.03661],[74.0282,20.03646],[74.02861,20.03619],[74.02914,20.03576],[74.02959,20.03527],[74.03089,20.03366],[74.03121,20.03336],[74.03152,20.03316],[74.03184,20.03308],[74.03209,20.03306],[74.03237,20.03307],[74.03267,20.03312],[74.03296,20.03325],[74.03334,20.03353],[74.03364,20.03382],[74.03395,20.03426],[74.03418,20.03475],[74.03503,20.03676],[74.03595,20.03907],[74.03694,20.04172],[74.03716,20.0422],[74.03808,20.04389],[74.03843,20.04444],[74.03911,20.0453],[74.03985,20.04606],[74.04038,20.04653],[74.04234,20.04792],[74.04404,20.04905],[74.04515,20.04969],[74.04604,20.05009],[74.04754,20.05074],[74.04852,20.05105],[74.04968,20.05135],[74.05041,20.05144],[74.05102,20.05149],[74.05198,20.0515],[74.05318,20.05147],[74.05384,20.05142],[74.05444,20.05133],[74.05505,20.05115],[74.05555,20.05092],[74.05588,20.0507],[74.0565,20.05019],[74.05676,20.04993],[74.05731,20.04926],[74.05769,20.0488],[74.05783,20.04855],[74.05796,20.04823],[74.05808,20.04783],[74.05835,20.04667],[74.0586,20.04554],[74.05882,20.04488],[74.05905,20.0444],[74.05928,20.04409],[74.05955,20.04386],[74.05978,20.04374],[74.06002,20.04368],[74.06052,20.04366],[74.06274,20.04381],[74.06357,20.04382],[74.06521,20.04375],[74.06631,20.04361],[74.06736,20.04342],[74.06826,20.04316],[74.06859,20.04302],[74.06892,20.04283],[74.0694,20.04244],[74.06975,20.04204],[74.06989,20.04183],[74.07001,20.04153],[74.07008,20.04122],[74.07009,20.0408],[74.06995,20.03985],[74.06956,20.03847],[74.06867,20.03585],[74.06808,20.03389],[74.06754,20.03201],[74.06741,20.03135],[74.06732,20.02992],[74.06734,20.02911],[74.06747,20.02812],[74.06776,20.02653],[74.06797,20.02565],[74.06853,20.0242],[74.06911,20.02317],[74.06941,20.02279],[74.06974,20.02243],[74.0702,20.02205],[74.07065,20.02184],[74.07115,20.02173],[74.07179,20.02167],[74.07219,20.02167],[74.07252,20.02172],[74.07298,20.02186],[74.0749,20.02255],[74.07607,20.02306],[74.07713,20.02365],[74.07968,20.02507],[74.08562,20.0285],[74.0876,20.02971],[74.08831,20.03022],[74.08891,20.03077],[74.08955,20.03179],[74.0905,20.0331],[74.09103,20.03365],[74.09157,20.03402],[74.09219,20.03432],[74.09269,20.03446],[74.09371,20.03464],[74.09426,20.03467],[74.09488,20.03467],[74.09554,20.03453],[74.09741,20.03401],[74.09872,20.03352],[74.09946,20.03312],[74.1003,20.03257],[74.1013,20.03176],[74.10207,20.03099],[74.10351,20.02922],[74.10463,20.02766],[74.10672,20.02504],[74.10839,20.02355],[74.11063,20.02175],[74.11285,20.02003],[74.11507,20.01816],[74.11723,20.01638],[74.11915,20.01476],[74.12045,20.01381],[74.12179,20.01302],[74.12308,20.01236],[74.12402,20.01198],[74.12458,20.01186],[74.12559,20.01175],[74.12725,20.01163],[74.12859,20.01162],[74.12947,20.01159],[74.12987,20.01154],[74.13015,20.01147],[74.13052,20.01125],[74.13161,20.01017],[74.13187,20.00995],[74.13217,20.00975],[74.13241,20.00963],[74.13265,20.00956]]},"properties":{"id":"water_w51035221","type":"river","name":"Godavari","name_local":"गोदावरी","category":"river","source":"openstreetmap","source_id":"way/51035221","updated_at":"2023-12-22T19:33:02Z","tags":{"name:mr":"गोदावरी"}}},{"type":"Feature","geometry":{"type":"LineString","coordinates":[[73.87013,19.93251],[73.8716,19.93226],[73.87372,19.93141],[73.87631,19.93105],[73.87802,19.93154],[73.8793,19.93206],[73.88111,19.93331],[73.88195,19.93454],[73.88235,19.93536],[73.88232,19.93694],[73.88209,19.93863],[73.88171,19.94005],[73.88101,19.94226],[73.88062,19.94355],[73.88038,19.94495],[73.88106,19.94647],[73.88172,19.9478],[73.88237,19.94905],[73.88353,19.95023],[73.88413,19.95047],[73.88501,19.95009],[73.88576,19.94974],[73.88699,19.94949],[73.8879,19.95034],[73.88901,19.9509],[73.89107,19.95235],[73.8936,19.95293],[73.89608,19.95337],[73.89811,19.95316],[73.8996,19.95241],[73.90137,19.9509],[73.90343,19.94897],[73.90515,19.94751],[73.90613,19.9466],[73.90994,19.94752],[73.91217,19.94801],[73.91382,19.94895],[73.91676,19.95023],[73.91888,19.95171],[73.92097,19.9536],[73.92292,19.95551],[73.92397,19.95677],[73.92506,19.95816],[73.92695,19.95994],[73.92726,19.96045],[73.92749,19.96167],[73.92692,19.96296],[73.92609,19.96494],[73.92574,19.96688],[73.92626,19.96881],[73.92676,19.96993],[73.92796,19.97112],[73.93032,19.97284],[73.93204,19.97387],[73.93357,19.97463],[73.93435,19.97492],[73.93519,19.97508],[73.93679,19.97519],[73.93843,19.97517],[73.9399,19.97504],[73.94188,19.97462],[73.94377,19.97399],[73.94467,19.97362],[73.94536,19.97344],[73.94632,19.97346],[73.94744,19.97365],[73.94884,19.97409],[73.95029,19.97441],[73.95074,19.97448]]},"properties":{"id":"water_w166036697","type":"river","name":"Darna","name_local":null,"category":"river","source":"openstreetmap","source_id":"way/166036697","updated_at":"2018-11-14T09:25:13Z","tags":{}}},{"type":"Feature","geometry":{"type":"LineString","coordinates":[[73.85826,19.9312],[73.86156,19.93279],[73.86277,19.93317],[73.8652,19.93328],[73.86723,19.93329],[73.86834,19.93317],[73.87013,19.93251]]},"properties":{"id":"water_w197566772","type":"river","name":"Darna","name_local":null,"category":"river","source":"openstreetmap","source_id":"way/197566772","updated_at":"2013-11-14T21:59:52Z","tags":{}}},{"type":"Feature","geometry":{"type":"LineString","coordinates":[[73.83208,20.11219],[73.83224,20.11233],[73.83247,20.11249],[73.83291,20.11255],[73.83343,20.1125],[73.8343,20.11239],[73.83472,20.11233],[73.8352,20.11216],[73.83593,20.11194],[73.83705,20.11199],[73.83797,20.11252],[73.83963,20.11315],[73.84026,20.11334],[73.84055,20.11352],[73.84095,20.11391],[73.84106,20.11418],[73.84115,20.11449],[73.84157,20.11535],[73.84167,20.11554],[73.84196,20.11582],[73.84226,20.11604],[73.8428,20.11659],[73.84323,20.1172],[73.84344,20.11756],[73.84376,20.11802],[73.84401,20.11827],[73.84478,20.1184],[73.84602,20.11865],[73.84717,20.11902],[73.84797,20.1193],[73.84821,20.11953],[73.84846,20.11977],[73.84876,20.11992],[73.8492,20.11999],[73.84958,20.12001],[73.8502,20.11993],[73.85061,20.11989],[73.8517,20.11963],[73.85247,20.11953],[73.85317,20.11926],[73.85377,20.11905],[73.85465,20.11873],[73.85532,20.1185],[73.85631,20.11821],[73.85698,20.11818],[73.8573,20.11815],[73.85767,20.11805],[73.85788,20.11793],[73.85805,20.11769],[73.85807,20.11719],[73.85801,20.11693],[73.85802,20.11654],[73.85807,20.11643],[73.85826,20.11631],[73.8585,20.11622],[73.85874,20.11614],[73.85896,20.11622],[73.85906,20.11636],[73.85943,20.11662],[73.85983,20.11677],[73.86014,20.11685],[73.86034,20.117],[73.86051,20.11725],[73.86069,20.11786],[73.86075,20.1181],[73.86101,20.11852],[73.86171,20.11889],[73.86211,20.11896],[73.86231,20.11899],[73.86256,20.11898],[73.86293,20.11894],[73.86325,20.11884],[73.86375,20.11854],[73.86448,20.11787],[73.86477,20.11741],[73.86528,20.11671],[73.86595,20.11603],[73.86617,20.11588],[73.86676,20.11571],[73.86707,20.1157],[73.86795,20.11582],[73.86878,20.11556],[73.8695,20.11532],[73.87105,20.1142],[73.87146,20.11379],[73.87247,20.11315],[73.87329,20.11329],[73.87414,20.1135],[73.8751,20.11381],[73.87568,20.1142],[73.87635,20.1144],[73.87694,20.11448],[73.87718,20.11449],[73.87751,20.1143],[73.87767,20.11369],[73.87766,20.11317],[73.87779,20.11269],[73.87808,20.11229],[73.87854,20.11169],[73.87887,20.11125],[73.87909,20.1108],[73.87919,20.11037],[73.87911,20.10966],[73.87926,20.10923],[73.87944,20.10894],[73.87999,20.10833],[73.8808,20.10746],[73.88109,20.10715],[73.88154,20.10667],[73.88187,20.1063],[73.88224,20.10602],[73.88264,20.10595],[73.88288,20.10604],[73.88304,20.10626],[73.88323,20.10643],[73.88349,20.10659],[73.88386,20.10674],[73.88441,20.10672],[73.88545,20.10674],[73.88611,20.10668],[73.88641,20.10674],[73.8867,20.10688],[73.88693,20.10714],[73.88711,20.10744],[73.88729,20.10777],[73.88754,20.10825],[73.88834,20.10873],[73.88883,20.10902],[73.88917,20.10911],[73.88967,20.10927],[73.88983,20.10934],[73.89007,20.10938],[73.89035,20.10941],[73.89063,20.10934],[73.89096,20.10921],[73.89154,20.10903],[73.8919,20.10904],[73.89239,20.10904],[73.89305,20.10904],[73.89345,20.10888],[73.89386,20.10862],[73.89417,20.10812],[73.89483,20.10754],[73.89606,20.10738],[73.89651,20.10737],[73.8968,20.10729],[73.89746,20.10702],[73.89762,20.10677],[73.89775,20.1065],[73.89825,20.10606],[73.89944,20.10511],[73.90021,20.10444],[73.90039,20.10379],[73.90091,20.10333],[73.90141,20.10283],[73.90182,20.10228],[73.90247,20.1013],[73.9027,20.10099],[73.90276,20.10079],[73.90273,20.10049],[73.90229,20.1],[73.90215,20.09951],[73.90214,20.09909],[73.90246,20.09864],[73.90271,20.09842],[73.9031,20.09829],[73.90359,20.09827],[73.90394,20.09824],[73.9051,20.0979],[73.90601,20.09763],[73.90669,20.09746],[73.90692,20.09745],[73.9075,20.0971],[73.90778,20.09707],[73.90834,20.0969],[73.9089,20.09682],[73.90927,20.09678],[73.91011,20.09657],[73.91069,20.09635],[73.91133,20.09619],[73.91232,20.09594],[73.91278,20.09583],[73.91306,20.09569],[73.9139,20.09527],[73.9148,20.09442],[73.91525,20.09406],[73.91591,20.09346],[73.91672,20.09285],[73.91699,20.09264],[73.9173,20.09233],[73.91786,20.09222],[73.91826,20.09219],[73.91903,20.09215],[73.91999,20.0921],[73.92033,20.09219],[73.9209,20.09234],[73.92141,20.09248],[73.9224,20.0926],[73.92319,20.09263],[73.92414,20.09258],[73.92473,20.09244],[73.92515,20.09229],[73.92574,20.09216],[73.9265,20.09171],[73.92676,20.09157],[73.92684,20.09142],[73.92693,20.09106],[73.92723,20.09079],[73.92752,20.09061],[73.92799,20.0906],[73.92827,20.09061],[73.9286,20.09069],[73.92898,20.09084],[73.92939,20.09109],[73.93029,20.09158],[73.93108,20.09201],[73.93142,20.09219],[73.93188,20.09232],[73.93263,20.09232],[73.9332,20.09229],[73.93362,20.09232],[73.93415,20.09241],[73.93439,20.09253],[73.93459,20.09283],[73.93491,20.09345],[73.93507,20.09376],[73.9353,20.09403],[73.93562,20.09421],[73.93612,20.09428],[73.93634,20.09427],[73.93687,20.09405],[73.93705,20.09384],[73.93724,20.09324],[73.93737,20.09256],[73.93747,20.09215],[73.93787,20.0921],[73.93821,20.09216],[73.93856,20.09227],[73.93887,20.09241],[73.93923,20.09242],[73.93979,20.09225],[73.94036,20.09173],[73.94115,20.09119],[73.94121,20.09046],[73.9416,20.08963],[73.94198,20.08932],[73.94249,20.08872],[73.94297,20.08842],[73.94434,20.08824],[73.94501,20.08823],[73.94563,20.08829],[73.94601,20.08839],[73.94641,20.08857],[73.94665,20.08875],[73.94693,20.08906],[73.94768,20.08956],[73.94844,20.0899],[73.94966,20.09026],[73.95007,20.09038],[73.95039,20.09058],[73.95059,20.09078],[73.95067,20.09097],[73.95081,20.0913],[73.9509,20.09164],[73.951,20.09189],[73.95121,20.09212],[73.95168,20.09228],[73.952,20.0923],[73.9523,20.09222],[73.95274,20.09192],[73.95284,20.0919],[73.95346,20.0912],[73.95357,20.09107],[73.95372,20.09082],[73.954,20.09065],[73.95424,20.09066],[73.95445,20.09071],[73.95482,20.09083],[73.95513,20.09098],[73.95568,20.09142],[73.95591,20.09159],[73.95614,20.09167],[73.95639,20.09161],[73.95661,20.09148],[73.9569,20.09131],[73.95712,20.09109],[73.95736,20.09084],[73.95763,20.09054],[73.95797,20.09034],[73.95823,20.09024],[73.95865,20.09016],[73.95934,20.09014],[73.95988,20.09015],[73.96025,20.09011],[73.96051,20.09004],[73.96097,20.08981],[73.96133,20.08946],[73.96197,20.08873],[73.96257,20.08841],[73.96327,20.08838],[73.96362,20.08837],[73.96397,20.0883],[73.96471,20.08807],[73.96539,20.08779],[73.96588,20.0876],[73.96637,20.08723],[73.96709,20.08693],[73.96803,20.08655],[73.96835,20.08644],[73.96898,20.08628],[73.96976,20.08637],[73.97022,20.08638],[73.97048,20.08641],[73.97076,20.08638],[73.97112,20.08616],[73.97148,20.0858],[73.97169,20.0855],[73.9719,20.08506],[73.97221,20.08448],[73.9724,20.08417],[73.9725,20.08394],[73.97253,20.08369],[73.97262,20.0833],[73.9729,20.0831],[73.97315,20.08298],[73.97377,20.08288],[73.97405,20.08292],[73.97465,20.08303],[73.975,20.08309],[73.97528,20.08317],[73.97564,20.08326],[73.97591,20.08327],[73.97615,20.08321],[73.97637,20.08296],[73.9769,20.08207],[73.97746,20.08167],[73.97776,20.08154],[73.97804,20.08149],[73.97845,20.08139],[73.97886,20.08136],[73.97943,20.08125],[73.97952,20.08121],[73.97981,20.08103],[73.98045,20.08048],[73.98075,20.0802],[73.98099,20.08003],[73.98126,20.07993],[73.98164,20.08007],[73.9823,20.0804],[73.98283,20.08076],[73.983,20.08097],[73.98336,20.08115],[73.98369,20.08125],[73.98422,20.0813],[73.98462,20.08118],[73.985,20.08094],[73.98521,20.0808],[73.98589,20.08049],[73.98637,20.0804],[73.98654,20.0804],[73.98682,20.08042],[73.98717,20.08047],[73.98751,20.08054],[73.98784,20.08057],[73.98818,20.08046],[73.98829,20.0803],[73.98835,20.08],[73.9883,20.07973],[73.98836,20.07952],[73.9886,20.07939],[73.9888,20.07928],[73.989,20.07926],[73.98928,20.07935],[73.98951,20.07951],[73.98971,20.07968],[73.99,20.0799],[73.99023,20.07999],[73.99044,20.08],[73.99082,20.0797],[73.99106,20.07955],[73.99138,20.07954],[73.99159,20.07963],[73.9918,20.07977],[73.99196,20.0799],[73.9923,20.08009],[73.99305,20.07998],[73.99357,20.07942],[73.99404,20.07882],[73.99428,20.07871],[73.99463,20.07858],[73.99497,20.07855],[73.99531,20.07861],[73.99608,20.0787],[73.99656,20.07872],[73.99706,20.07867],[73.99747,20.07867],[73.99782,20.0786],[73.99827,20.07841],[73.99855,20.07826],[73.99894,20.07822],[73.99939,20.07838],[73.99977,20.07846],[74.00048,20.0783],[74.00079,20.07811],[74.0008,20.07785],[74.00069,20.07748],[74.00062,20.07716],[74.00068,20.07686],[74.00082,20.07668],[74.00127,20.07653],[74.00168,20.07667],[74.00188,20.07692],[74.00207,20.07717],[74.00223,20.0774],[74.00266,20.07747],[74.00334,20.07741],[74.00405,20.07712],[74.00496,20.07658],[74.00546,20.07644],[74.00585,20.07632],[74.00621,20.07623],[74.0068,20.07615],[74.00737,20.07615],[74.00779,20.07603],[74.00822,20.07587],[74.00862,20.0758],[74.0091,20.07583],[74.00941,20.07589],[74.01011,20.07584],[74.01108,20.07559],[74.01157,20.07544],[74.01191,20.07539],[74.01228,20.07539],[74.01285,20.07547],[74.01361,20.07562],[74.01384,20.07585],[74.01401,20.07607],[74.01426,20.0762],[74.01469,20.07618],[74.01502,20.07608],[74.01552,20.0757],[74.01582,20.07543],[74.0162,20.07526],[74.01654,20.07524],[74.01682,20.0754],[74.01706,20.07565],[74.0172,20.07592],[74.01731,20.0762],[74.01749,20.07644],[74.01774,20.07659],[74.01804,20.07669],[74.01866,20.0766],[74.01918,20.07652],[74.01971,20.07638],[74.02054,20.07603],[74.02095,20.0758],[74.02123,20.0754],[74.02161,20.07479],[74.02249,20.07404],[74.0232,20.0735],[74.0238,20.07306],[74.02447,20.07275],[74.02576,20.07267],[74.02667,20.07256],[74.02748,20.07206],[74.02814,20.07158],[74.02882,20.07049],[74.02908,20.07008],[74.02964,20.06966],[74.03025,20.06913],[74.03051,20.06874],[74.03068,20.06773],[74.03075,20.06669],[74.03097,20.06548],[74.03106,20.0646],[74.03153,20.06315],[74.03193,20.06223],[74.03254,20.06095],[74.03292,20.06045],[74.03321,20.06002],[74.03344,20.05955],[74.03367,20.05912],[74.03384,20.05891],[74.03407,20.05862],[74.03459,20.05838],[74.03474,20.05835],[74.03501,20.05835],[74.0353,20.05835],[74.03565,20.05838],[74.03611,20.0585],[74.03627,20.05865],[74.03648,20.05875],[74.03674,20.05883],[74.03701,20.05885],[74.0373,20.05884],[74.03763,20.05873],[74.03818,20.0585],[74.03881,20.05826],[74.03965,20.05786],[74.04014,20.05753],[74.04042,20.05731],[74.04075,20.05695],[74.04095,20.0566],[74.04117,20.05621],[74.04127,20.05591],[74.0413,20.05568],[74.0413,20.0555],[74.04125,20.0553],[74.04122,20.05509],[74.04122,20.05478],[74.04125,20.05461],[74.04141,20.05424],[74.04155,20.05396],[74.04167,20.05377],[74.04228,20.05304],[74.04247,20.05286],[74.04307,20.05239],[74.04328,20.05229],[74.04342,20.05227],[74.04357,20.05228],[74.04375,20.05234],[74.04411,20.05251],[74.04446,20.05264],[74.04483,20.05273],[74.04509,20.05278],[74.04538,20.05278],[74.04559,20.05277],[74.04574,20.05273],[74.04586,20.05266],[74.04599,20.05255],[74.04616,20.0523],[74.04648,20.05182],[74.04678,20.05146],[74.04701,20.05125],[74.04717,20.05111],[74.04754,20.05074]]},"properties":{"id":"water_w246142389","type":"river","name":"Banganga River","name_local":null,"category":"river","source":"openstreetmap","source_id":"way/246142389","updated_at":"2018-11-15T02:36:48Z","tags":{"wikipedia":"en:Banganga River (Maharashtra)"}}},{"type":"Feature","geometry":{"type":"LineString","coordinates":[[73.74876,19.8117],[73.74981,19.81201],[73.75103,19.81281],[73.75267,19.81402],[73.75329,19.81453],[73.75509,19.81541],[73.75629,19.81544],[73.75917,19.81484],[73.76016,19.81374],[73.7614,19.81156],[73.76213,19.81075],[73.764,19.80971],[73.76574,19.80861],[73.76829,19.80636],[73.76933,19.80539],[73.77089,19.80455],[73.77249,19.80424],[73.77503,19.8043],[73.77616,19.80466],[73.78054,19.80901],[73.7815,19.80988],[73.78265,19.81175],[73.78379,19.81353],[73.78476,19.815],[73.78589,19.81593],[73.78848,19.81756],[73.79101,19.81886],[73.79241,19.82031],[73.79298,19.82149],[73.79407,19.82327],[73.79544,19.82477],[73.79675,19.82571],[73.79734,19.82607],[73.79811,19.82624],[73.79872,19.826],[73.79945,19.8263],[73.80171,19.82683],[73.8034,19.82665],[73.8045,19.82626],[73.80704,19.82455],[73.80868,19.82243],[73.81094,19.81815],[73.81161,19.81701],[73.81259,19.81646],[73.81393,19.81644],[73.81583,19.81674],[73.81773,19.81752],[73.81985,19.81901],[73.82175,19.82074],[73.82638,19.82201],[73.82716,19.82263],[73.82809,19.82408],[73.82941,19.82663],[73.82934,19.8274],[73.82858,19.82795],[73.82749,19.82864],[73.8274,19.82986],[73.82747,19.83262],[73.82764,19.83478],[73.82815,19.83667],[73.82988,19.8391],[73.83101,19.84044],[73.83217,19.84127],[73.83469,19.84222],[73.83521,19.84242],[73.83656,19.84262],[73.83853,19.84368],[73.84016,19.8444],[73.84046,19.84527],[73.84036,19.84582],[73.84004,19.8466],[73.83879,19.84787],[73.83718,19.84867],[73.83659,19.84934],[73.8361,19.85068],[73.83433,19.85461],[73.83272,19.85591],[73.83007,19.85648],[73.82847,19.85665],[73.82648,19.85671],[73.82527,19.85711],[73.82424,19.85813],[73.82264,19.86234],[73.82244,19.8637],[73.82266,19.86433],[73.82313,19.86468],[73.82475,19.86581],[73.82597,19.86641],[73.82758,19.86766],[73.83083,19.87057],[73.83218,19.87222],[73.83314,19.87259],[73.83434,19.87248],[73.83699,19.87152],[73.84089,19.87016],[73.84347,19.86937],[73.84457,19.86942],[73.8453,19.86971],[73.84769,19.87123],[73.84869,19.87129],[73.85085,19.87062],[73.85299,19.87072],[73.85443,19.87094],[73.85501,19.87146],[73.85598,19.87284],[73.85624,19.87404],[73.85576,19.87486],[73.85562,19.87548],[73.85588,19.87653],[73.85688,19.87809],[73.858,19.87977],[73.85815,19.88113],[73.8578,19.88226],[73.85635,19.88427],[73.85439,19.88647],[73.85293,19.88706],[73.8513,19.88795],[73.84756,19.89295],[73.84553,19.89673],[73.84353,19.90016],[73.84202,19.9039],[73.84228,19.90517],[73.84443,19.90814],[73.84684,19.91109],[73.84729,19.91245],[73.84686,19.91541],[73.8475,19.91807],[73.84899,19.91957],[73.85186,19.92019],[73.8537,19.92095],[73.85437,19.92228],[73.85545,19.92583],[73.85631,19.92944],[73.85707,19.93049],[73.85826,19.9312]]},"properties":{"id":"water_w246224174","type":"river","name":"Darna","name_local":null,"category":"river","source":"openstreetmap","source_id":"way/246224174","updated_at":"2026-02-10T13:32:40Z","tags":{}}},{"type":"Feature","geometry":{"type":"LineString","coordinates":[[73.87625,19.98736],[73.87701,19.98749],[73.8787,19.98775],[73.88081,19.98791],[73.88306,19.98812],[73.88343,19.98813],[73.88385,19.98809],[73.88464,19.98799],[73.88538,19.98783],[73.88691,19.98738],[73.88835,19.98684],[73.88914,19.98665],[73.88945,19.98661],[73.88987,19.98658],[73.89032,19.98661],[73.8908,19.98673],[73.89151,19.98698],[73.89231,19.9873],[73.89287,19.98756],[73.89323,19.9878],[73.89344,19.98801],[73.89489,19.98987],[73.89693,19.99245],[73.89777,19.99351],[73.89827,19.9941],[73.89863,19.99439],[73.89896,19.9946],[73.89943,19.99477],[73.89991,19.99488],[73.90137,19.99502],[73.90159,19.99501],[73.9019,19.99492],[73.9023,19.99469],[73.90263,19.99436],[73.90306,19.99382],[73.90329,19.99362],[73.90348,19.99353],[73.90366,19.99348],[73.90389,19.99346],[73.90422,19.99351],[73.90504,19.99381],[73.90554,19.99397],[73.90622,19.99413],[73.90704,19.9943],[73.908,19.99458],[73.90894,19.99491],[73.90929,19.99496],[73.90977,19.99496],[73.91014,19.99492],[73.91068,19.99484],[73.91105,19.99474],[73.9128,19.99416],[73.914,19.99364],[73.91504,19.99308],[73.91596,19.99266],[73.91633,19.99253],[73.91715,19.99233],[73.91871,19.99211],[73.91949,19.9921],[73.92023,19.9922],[73.92084,19.99241],[73.92122,19.99263],[73.92159,19.99296],[73.92185,19.99329],[73.92202,19.99363],[73.92213,19.99415],[73.92219,19.99562],[73.92219,19.99629],[73.92223,19.99661],[73.9223,19.9968],[73.92244,19.99691],[73.92265,19.99701],[73.92288,19.99701],[73.92313,19.99695],[73.92364,19.99674],[73.92427,19.99649],[73.92448,19.99643],[73.92476,19.99642],[73.92735,19.99621],[73.92821,19.99616],[73.92877,19.9961],[73.93017,19.99588],[73.93081,19.99569],[73.93115,19.99567],[73.93189,19.99572],[73.9326,19.99584],[73.933,19.99593],[73.93343,19.99611],[73.93411,19.99649],[73.93493,19.99704],[73.93534,19.99723],[73.93611,19.99761],[73.93657,19.99781],[73.9371,19.99794],[73.93755,19.99798],[73.93808,19.99792],[73.93973,19.9977],[73.94079,19.99748],[73.94182,19.9972],[73.94208,19.99708],[73.94226,19.99695],[73.94238,19.99676],[73.94281,19.99592],[73.94289,19.99563],[73.94288,19.99535],[73.94282,19.99516],[73.94273,19.99506],[73.94255,19.995],[73.94175,19.99479],[73.94146,19.99466],[73.94122,19.9945],[73.94102,19.99427],[73.94078,19.99386],[73.94066,19.99352],[73.94067,19.99325],[73.94074,19.9929],[73.94097,19.99247],[73.94119,19.99221],[73.94198,19.99175],[73.9426,19.99146],[73.94281,19.9913],[73.94355,19.99049],[73.94459,19.98971],[73.94485,19.98936],[73.94503,19.98905],[73.94514,19.98875],[73.94517,19.98843],[73.94513,19.98824],[73.94504,19.98811],[73.94463,19.98773],[73.94428,19.98748],[73.944,19.9872],[73.94369,19.98681],[73.94346,19.98645],[73.9428,19.98509],[73.94264,19.98467],[73.94253,19.98426],[73.94253,19.98345],[73.94259,19.98317],[73.94267,19.98303],[73.94308,19.98259],[73.94341,19.98236],[73.94434,19.98189],[73.94489,19.9817],[73.94674,19.98138],[73.94814,19.98119],[73.95061,19.98097],[73.95112,19.98082],[73.95144,19.98062],[73.95169,19.98039],[73.95188,19.98013],[73.9521,19.97978],[73.95215,19.97955],[73.95213,19.97933],[73.95207,19.97913],[73.95186,19.97894],[73.95154,19.9788],[73.95052,19.97865],[73.95014,19.97847],[73.94994,19.9783],[73.94979,19.97803],[73.94974,19.97774],[73.94982,19.97742],[73.95002,19.97697],[73.95015,19.97667],[73.9506,19.97489],[73.95074,19.97448]]},"properties":{"id":"water_w246281265","type":"river","name":"Godavari","name_local":"गोदावरी","category":"river","source":"openstreetmap","source_id":"way/246281265","updated_at":"2023-12-22T19:33:02Z","tags":{"name:mr":"गोदावरी"}}},{"type":"Feature","geometry":{"type":"LineString","coordinates":[[73.49959,20.0543],[73.49786,20.06098],[73.4988,20.06284],[73.49971,20.06426],[73.50027,20.06498],[73.50058,20.06523],[73.50091,20.0652],[73.50135,20.06467],[73.50176,20.06426],[73.50189,20.06394],[73.50252,20.06344],[73.50332,20.06303],[73.50383,20.06256],[73.50414,20.0621],[73.50437,20.06172],[73.50467,20.06147],[73.50522,20.06154],[73.50551,20.06163],[73.50567,20.06189],[73.50646,20.0619],[73.50676,20.06193],[73.50717,20.06178],[73.50769,20.06163],[73.50803,20.06174],[73.50826,20.06213],[73.50833,20.06225],[73.50862,20.06211],[73.50899,20.06203],[73.50958,20.06269],[73.50983,20.06308],[73.50968,20.06357],[73.50989,20.06401],[73.51031,20.06439],[73.51137,20.06476],[73.51208,20.06477],[73.51261,20.06447],[73.51295,20.06399],[73.51341,20.06416],[73.51433,20.06524],[73.51451,20.06559],[73.51463,20.06582],[73.51451,20.0663],[73.51435,20.06664],[73.51456,20.06685],[73.51514,20.06694],[73.51583,20.06693],[73.51616,20.06662],[73.51668,20.06636],[73.51784,20.0667],[73.51791,20.06464],[73.51799,20.06393],[73.51932,20.06221],[73.52609,20.06403],[73.52486,20.06858],[73.52496,20.0701],[73.5255,20.07101],[73.52701,20.07304],[73.52713,20.07399],[73.52777,20.07531],[73.52867,20.07584],[73.52924,20.07624],[73.52979,20.07615],[73.5304,20.0764],[73.53111,20.07658],[73.5315,20.07653],[73.53173,20.076],[73.532,20.07573],[73.53356,20.07601],[73.53422,20.0762],[73.53473,20.07622],[73.53537,20.07665],[73.53629,20.07722],[73.53674,20.07733],[73.53714,20.0771],[73.5383,20.07705],[73.53938,20.07768],[73.54071,20.07847],[73.54076,20.07907],[73.54099,20.0801],[73.54134,20.08041],[73.542,20.08052],[73.54254,20.08034],[73.54284,20.08071],[73.54354,20.08099],[73.54503,20.08134],[73.54566,20.08207],[73.54622,20.08222],[73.54733,20.08221],[73.5475,20.08285],[73.54778,20.08335],[73.54845,20.08342],[73.55037,20.0836],[73.55111,20.08412],[73.55106,20.08494],[73.55061,20.08576],[73.55101,20.08616],[73.55173,20.08621],[73.55304,20.08596],[73.55431,20.08639],[73.55469,20.08682],[73.55412,20.08733],[73.5524,20.08716],[73.55107,20.08739],[73.55089,20.08791],[73.55226,20.08866],[73.5537,20.08942],[73.55543,20.09014],[73.55629,20.08989],[73.55655,20.08923],[73.55675,20.08782],[73.55732,20.08747],[73.55804,20.08763],[73.55894,20.08843],[73.56007,20.08909],[73.56069,20.08878],[73.56125,20.08908],[73.5612,20.08988],[73.56108,20.09054],[73.56144,20.091],[73.56262,20.09094],[73.56299,20.09052],[73.56339,20.08948],[73.56334,20.08843],[73.56357,20.0872],[73.56486,20.08694],[73.56637,20.08692],[73.5682,20.08702],[73.56987,20.08626],[73.57019,20.08505],[73.56867,20.08335],[73.56642,20.08187],[73.56689,20.08107],[73.56799,20.08055],[73.56988,20.08036],[73.57169,20.07992],[73.57232,20.07778],[73.57402,20.07678],[73.57896,20.07773],[73.58348,20.08108],[73.58662,20.08493],[73.58926,20.08465],[73.59907,20.07662],[73.60963,20.0741],[73.61092,20.07308],[73.61087,20.0726],[73.61086,20.07258],[73.61052,20.07085],[73.60953,20.0692],[73.60954,20.06836],[73.60995,20.067],[73.6107,20.06633],[73.61291,20.06562],[73.61328,20.06517],[73.6134,20.0648],[73.61362,20.06428],[73.61404,20.06402],[73.6151,20.06463],[73.61559,20.06475],[73.61641,20.06452],[73.617,20.06452],[73.61786,20.0646],[73.61817,20.06434],[73.61819,20.0639],[73.61796,20.06297],[73.61767,20.0619],[73.61769,20.06091],[73.6183,20.06053],[73.61908,20.06001],[73.61994,20.05925],[73.62,20.05838],[73.61982,20.05763],[73.62031,20.05683],[73.62121,20.05581],[73.62215,20.05463],[73.62249,20.05437],[73.62301,20.05433],[73.62501,20.05453],[73.62571,20.05459],[73.62614,20.05453],[73.62674,20.05437],[73.62709,20.0541],[73.62728,20.05364],[73.6278,20.05271],[73.6281,20.05243],[73.62846,20.05238],[73.62898,20.05241],[73.63073,20.05334],[73.6322,20.05424],[73.63288,20.05438],[73.63365,20.05424],[73.63434,20.05382],[73.6348,20.05315],[73.63667,20.05144],[73.63889,20.05015],[73.6411,20.04916],[73.64631,20.04763],[73.64889,20.04708],[73.65222,20.04696],[73.6746,20.04837]]},"properties":{"id":"water_w258501401","type":"river","name":"Kashyapi Dam","name_local":null,"category":"river","source":"openstreetmap","source_id":"way/258501401","updated_at":"2023-11-24T09:02:18Z","tags":{}}},{"type":"Feature","geometry":{"type":"LineString","coordinates":[[73.493,19.924],[73.49463,19.93424],[73.49622,19.93616],[73.49634,19.937],[73.49755,19.93717],[73.49826,19.93734],[73.49892,19.93781],[73.49926,19.93838],[73.49948,19.93914],[73.49961,19.93983],[73.49978,19.9408],[73.49978,19.9414],[73.49961,19.94198],[73.49961,19.94258],[73.49981,19.94288],[73.50007,19.94325],[73.50029,19.94356],[73.50038,19.94394],[73.50038,19.94427],[73.5004,19.94457],[73.50056,19.9449],[73.50056,19.94516],[73.50043,19.94551],[73.50043,19.94587],[73.50066,19.9462],[73.5009,19.94635],[73.50152,19.94659],[73.50169,19.94693],[73.50152,19.94751],[73.50161,19.94817],[73.50193,19.94869],[73.50202,19.94912],[73.50202,19.94988],[73.50212,19.95068],[73.50225,19.95112],[73.50231,19.95153],[73.50236,19.95204],[73.50249,19.95255],[73.50253,19.95294],[73.50225,19.95316],[73.50199,19.95324],[73.50182,19.95357],[73.50192,19.95405],[73.50235,19.95427],[73.50263,19.95441],[73.50303,19.95454],[73.50315,19.95486],[73.50318,19.9552],[73.5031,19.95547],[73.50287,19.95598],[73.5027,19.95642],[73.50268,19.95682],[73.50262,19.95704],[73.50234,19.95716],[73.50169,19.95721],[73.50137,19.95728],[73.50115,19.95745],[73.50091,19.95776],[73.50055,19.9584],[73.50026,19.95895],[73.50006,19.95951],[73.49991,19.96008],[73.49969,19.96031],[73.49921,19.96059],[73.4988,19.96086],[73.49868,19.96102],[73.49865,19.96125],[73.49871,19.96146],[73.49888,19.96158],[73.49929,19.96168],[73.49986,19.96171],[73.50038,19.96173],[73.50104,19.96177],[73.50143,19.96185],[73.50184,19.96197],[73.50278,19.96268],[73.50343,19.96356],[73.50358,19.96371],[73.50398,19.96413],[73.50446,19.96473],[73.50465,19.965],[73.50509,19.9658],[73.50545,19.96616],[73.50566,19.96629],[73.50596,19.96613],[73.50622,19.96583],[73.50641,19.96542],[73.50667,19.96526],[73.50703,19.96532],[73.50762,19.96555],[73.50821,19.96583],[73.50937,19.96601],[73.51001,19.96617],[73.51081,19.96637],[73.5116,19.96669],[73.51186,19.96698],[73.51188,19.9676],[73.51177,19.96806],[73.51164,19.96871],[73.51167,19.96923],[73.5121,19.96987],[73.51261,19.97028],[73.51349,19.97026],[73.5142,19.97012],[73.51452,19.97],[73.51493,19.97002],[73.51538,19.97048],[73.51577,19.97106],[73.51586,19.97213],[73.5153,19.97277],[73.51516,19.97339],[73.51511,19.97421],[73.51504,19.9746],[73.51555,19.97486],[73.51609,19.97482],[73.51679,19.97464],[73.5172,19.97446],[73.5175,19.97409],[73.51778,19.97359],[73.5186,19.9735],[73.51887,19.97358],[73.51905,19.97373],[73.51939,19.97413],[73.52016,19.97472],[73.52096,19.97515],[73.52143,19.97542],[73.5219,19.97555],[73.52249,19.97548],[73.52278,19.97522],[73.52303,19.97484],[73.52364,19.974],[73.52417,19.97373],[73.52486,19.97356],[73.5254,19.97327],[73.52582,19.97332],[73.52616,19.97356],[73.52688,19.9742],[73.52748,19.97494],[73.52806,19.97565],[73.52913,19.97555],[73.52958,19.97537],[73.53001,19.9746],[73.53018,19.97424],[73.53018,19.97396],[73.53009,19.9737],[73.52953,19.9728],[73.52932,19.97233],[73.52923,19.97202],[73.52911,19.97151],[73.52907,19.97128],[73.52908,19.97105],[73.52918,19.97052],[73.52926,19.97034],[73.52948,19.97011],[73.5298,19.96984],[73.53002,19.96975],[73.53029,19.96968],[73.53064,19.96963],[73.53106,19.96965],[73.53137,19.9697],[73.53163,19.96979],[73.53181,19.9699],[73.53203,19.97013],[73.53214,19.97034],[73.53219,19.97064],[73.53216,19.97115],[73.53199,19.97218],[73.53198,19.97248],[73.53203,19.97273],[73.53216,19.97291],[73.53231,19.97301],[73.53251,19.97305],[73.53277,19.97304],[73.53316,19.97299],[73.53345,19.973],[73.53363,19.97305],[73.53376,19.97315],[73.53387,19.97329],[73.53391,19.97354],[73.53394,19.97436],[73.53375,19.97466],[73.53298,19.97506],[73.5322,19.97543],[73.53034,19.97683],[73.53032,19.9774],[73.53032,19.97799],[73.53066,19.97856],[73.53094,19.97889],[73.53152,19.9796],[73.5321,19.97994],[73.53255,19.9801],[73.5331,19.98043],[73.53388,19.98121],[73.53438,19.98159],[73.53407,19.982],[73.53431,19.98271],[73.53463,19.98307],[73.53534,19.98317],[73.53572,19.98307],[73.53628,19.98259],[73.53675,19.98218],[73.53735,19.98162],[73.53823,19.98121],[73.53875,19.98115],[73.53941,19.98192],[73.54025,19.9825],[73.54081,19.98307],[73.54124,19.98333],[73.54156,19.98303],[73.5416,19.98248],[73.54145,19.98188],[73.54106,19.98135],[73.54059,19.98075],[73.54016,19.9801],[73.5396,19.97949],[73.53917,19.97887],[73.53898,19.97821],[73.53898,19.97766],[73.53924,19.9772],[73.53934,19.97717],[73.54001,19.977],[73.54096,19.97704],[73.54149,19.97716],[73.54197,19.97766],[73.54237,19.97845],[73.54237,19.97998],[73.54248,19.98047],[73.54267,19.98099],[73.54321,19.98194],[73.5437,19.98309],[73.54319,19.9846],[73.54302,19.98507],[73.54312,19.98539],[73.54383,19.98577],[73.54441,19.98581],[73.5454,19.98611],[73.54626,19.98617],[73.54656,19.9863],[73.54679,19.9867],[73.54675,19.98761],[73.54667,19.98833],[73.54649,19.9887],[73.54589,19.989],[73.54512,19.98922],[73.54389,19.9896],[73.54267,19.99011],[73.54261,19.99122],[73.54343,19.99142],[73.54379,19.99164],[73.54488,19.99176],[73.54568,19.99184],[73.54669,19.99222],[73.54716,19.99273],[73.54759,19.99349],[73.54804,19.99503],[73.54791,19.99537],[73.54748,19.99573],[73.54707,19.99599],[73.54664,19.99613],[73.54617,19.99613],[73.5457,19.99608],[73.54518,19.99612],[73.54475,19.99623],[73.54413,19.99628],[73.54366,19.99612],[73.54315,19.99581],[73.54262,19.99541],[73.54232,19.99506],[73.54188,19.99511],[73.54154,19.99537],[73.54096,19.99608],[73.5407,19.99682],[73.54068,19.99729],[73.54081,19.99767],[73.54109,19.99821],[73.54184,19.99864],[73.54231,19.999],[73.5432,19.99942],[73.54412,19.9994],[73.54518,19.99883],[73.54663,19.99971],[73.54729,19.99948],[73.54806,19.99817],[73.54918,19.99762],[73.54952,19.99757],[73.5498,19.99761],[73.55021,19.99781],[73.55061,19.9981],[73.55095,19.99853],[73.55113,19.99899],[73.55141,19.99988],[73.55166,20.00044],[73.55187,20.00069],[73.55212,20.00076],[73.55246,20.00076],[73.55272,20.00064],[73.55293,20.00046],[73.55311,20.00013],[73.55346,19.99889],[73.55357,19.99774],[73.55341,19.99563],[73.5532,19.99496],[73.5532,19.99466],[73.55333,19.99432],[73.55359,19.99401],[73.55388,19.9938],[73.55424,19.99376],[73.55465,19.99383],[73.55517,19.994],[73.55585,19.99423],[73.55702,19.99506],[73.55767,19.99552],[73.55806,19.99573],[73.55872,19.99599]]},"properties":{"id":"water_w284796258","type":"river","name":"Kikvi Nadi","name_local":null,"category":"river","source":"openstreetmap","source_id":"way/284796258","updated_at":"2020-05-27T19:51:49Z","tags":{}}},{"type":"Feature","geometry":{"type":"LineString","coordinates":[[73.99374,20.17733],[73.99397,20.17706],[73.99406,20.17671],[73.99402,20.17578],[73.99436,20.17549],[73.99531,20.1747],[73.99566,20.17434],[73.99606,20.17393],[73.99595,20.17328],[73.99587,20.17288],[73.99597,20.17254],[73.99612,20.17228],[73.99639,20.17206],[73.99684,20.17199],[73.99736,20.17202],[73.99779,20.17192],[73.99826,20.17167],[73.99875,20.17128],[73.99924,20.17067],[73.99956,20.17013],[73.9997,20.16957],[73.99983,20.16849],[73.99992,20.16779],[73.9999,20.16744],[73.99973,20.1673],[73.99927,20.16717],[73.99821,20.16712],[73.99794,20.16706],[73.99775,20.16696],[73.99764,20.16677],[73.99766,20.16658],[73.99786,20.16642],[73.99829,20.16616],[73.99948,20.16553],[73.9998,20.16522],[74,20.16494],[74.0001,20.16465],[74.00043,20.16307],[74.00081,20.16209],[74.00125,20.16117],[74.00131,20.16004],[74.00118,20.15921],[74.00131,20.1587],[74.00153,20.15844],[74.00203,20.15848],[74.00276,20.15862],[74.00358,20.15831],[74.004,20.15785],[74.00416,20.15744],[74.00411,20.15687],[74.00402,20.15669],[74.004,20.15635],[74.004,20.15596],[74.00404,20.15546],[74.00404,20.15504],[74.00392,20.15445],[74.00372,20.1538],[74.0035,20.15304],[74.00317,20.15242],[74.00279,20.15185],[74.00257,20.15144],[74.00252,20.15115],[74.00262,20.15039],[74.00285,20.14994],[74.00312,20.14964],[74.00369,20.14924],[74.00414,20.14908],[74.00451,20.14884],[74.00465,20.14848],[74.00466,20.14798],[74.00437,20.14762],[74.00411,20.14748],[74.0038,20.14732],[74.00368,20.14714],[74.0036,20.14695],[74.0036,20.14677],[74.00369,20.14658],[74.00376,20.14636],[74.00385,20.14624],[74.00404,20.14605],[74.00424,20.14593],[74.00454,20.14557],[74.00466,20.14507],[74.00466,20.14433],[74.0046,20.14385],[74.00441,20.14341],[74.00442,20.14307],[74.00448,20.1427],[74.00447,20.14239],[74.00445,20.14216],[74.00447,20.14188],[74.00448,20.14167],[74.00465,20.14138],[74.00506,20.14124],[74.00537,20.14131],[74.00553,20.14164],[74.00569,20.14177],[74.00595,20.14185],[74.00633,20.1419],[74.00664,20.14182],[74.00688,20.14163],[74.00695,20.14142],[74.00675,20.14108],[74.00674,20.14057],[74.00684,20.14013],[74.00707,20.13953],[74.00745,20.13902],[74.00847,20.13845],[74.00892,20.13819],[74.00938,20.13835],[74.00967,20.13891],[74.00996,20.13901],[74.01031,20.13913],[74.01092,20.13926],[74.01146,20.13895],[74.01191,20.13838],[74.01207,20.13775],[74.01215,20.13701],[74.01223,20.13622],[74.01227,20.13575],[74.01226,20.13552],[74.01217,20.13521],[74.01196,20.13496],[74.01147,20.13478],[74.01095,20.13502],[74.01073,20.13579],[74.01053,20.13614],[74.00963,20.13589],[74.00931,20.13484],[74.00983,20.13424],[74.01047,20.13368],[74.01133,20.13368],[74.01261,20.13366],[74.01365,20.13356],[74.01451,20.13331],[74.01524,20.13303],[74.0154,20.13265],[74.01549,20.13223],[74.01549,20.13158],[74.01549,20.1311],[74.01721,20.12985],[74.01794,20.12896],[74.01912,20.12779]]},"properties":{"id":"water_w284823177","type":"river","name":"Parashari","name_local":null,"category":"river","source":"openstreetmap","source_id":"way/284823177","updated_at":"2021-04-18T20:46:05Z","tags":{}}},{"type":"Feature","geometry":{"type":"LineString","coordinates":[[73.6095,20.15055],[73.61031,20.14988],[73.61142,20.14907],[73.61157,20.14901],[73.61165,20.14908],[73.61175,20.14919],[73.61184,20.14927],[73.61208,20.14945],[73.61221,20.1495],[73.61236,20.14957],[73.61257,20.14964],[73.61292,20.1496],[73.61309,20.14946],[73.61322,20.14939],[73.61337,20.14939],[73.61357,20.14939],[73.61391,20.14948],[73.6143,20.14931],[73.6147,20.14908],[73.61492,20.14894],[73.61516,20.14879],[73.61536,20.14869],[73.61575,20.1486],[73.61625,20.14845],[73.6166,20.14844],[73.61686,20.14836],[73.6171,20.14814],[73.61729,20.14786],[73.61758,20.14773],[73.61791,20.14753],[73.61841,20.14738],[73.61872,20.14747],[73.61905,20.14756],[73.61931,20.14764],[73.61956,20.14773],[73.61967,20.1476],[73.61965,20.14742],[73.61956,20.14735],[73.61957,20.14707],[73.62024,20.14694],[73.62049,20.14685],[73.621,20.14662],[73.62116,20.14644],[73.62153,20.14627],[73.6217,20.14638],[73.62194,20.14646],[73.6222,20.14626],[73.62242,20.14611],[73.62279,20.14582],[73.62311,20.14564],[73.62368,20.14561],[73.62398,20.14566],[73.62457,20.14551],[73.62472,20.1453],[73.62488,20.14525],[73.6252,20.14526],[73.62559,20.14521],[73.62591,20.14517],[73.62626,20.14505],[73.62656,20.14487],[73.62703,20.14466],[73.62785,20.14442],[73.62826,20.14443],[73.62859,20.14443],[73.62896,20.14449],[73.62931,20.14449],[73.62965,20.14444],[73.62987,20.14429],[73.63005,20.1441],[73.63031,20.14397],[73.63064,20.14389],[73.63095,20.14379],[73.63133,20.14355],[73.6322,20.14316],[73.63253,20.14354],[73.63271,20.14364],[73.63303,20.14365],[73.63344,20.14353],[73.63371,20.14341],[73.63401,20.14329],[73.63441,20.14306],[73.63461,20.14291],[73.63512,20.14291],[73.6354,20.1431],[73.63553,20.14332],[73.63566,20.14353],[73.63603,20.14358],[73.6364,20.14358],[73.63673,20.14352],[73.63694,20.14338],[73.63717,20.14312],[73.63721,20.1429],[73.63733,20.1426],[73.63751,20.14235],[73.63762,20.14223],[73.63789,20.14202],[73.63797,20.1418],[73.63818,20.1412],[73.63841,20.14128],[73.6387,20.14124],[73.6388,20.14111],[73.63883,20.1408],[73.63875,20.1406],[73.63845,20.13989],[73.63843,20.13972],[73.63877,20.13944],[73.63898,20.1393],[73.63921,20.13929],[73.63953,20.13942],[73.63996,20.13946],[73.64016,20.13944],[73.64047,20.13937],[73.64079,20.13915],[73.64093,20.13897],[73.64108,20.13869],[73.64111,20.13842],[73.64118,20.13811],[73.64123,20.13781],[73.64146,20.13757],[73.64178,20.1375],[73.6421,20.13749],[73.64242,20.13751],[73.6426,20.13763],[73.64281,20.13793],[73.6431,20.13842],[73.64315,20.13853],[73.64333,20.13868],[73.64348,20.13874],[73.64369,20.1387],[73.64399,20.13862],[73.6448,20.13813],[73.64573,20.13792],[73.64607,20.13792],[73.64637,20.13799],[73.6469,20.13827],[73.64716,20.13821],[73.64742,20.13809],[73.64779,20.1379],[73.6483,20.13766],[73.64921,20.13727],[73.6499,20.13705],[73.65013,20.13698],[73.65062,20.13686],[73.65105,20.13692],[73.6513,20.13702],[73.65162,20.13714],[73.65177,20.1373],[73.65178,20.13746],[73.65172,20.13765],[73.6518,20.13774],[73.6523,20.13775],[73.65295,20.13815],[73.65395,20.13857],[73.65464,20.13891],[73.65509,20.13916],[73.65546,20.13946],[73.6558,20.13966],[73.65621,20.13986],[73.65661,20.14006],[73.65702,20.14034],[73.65777,20.14018],[73.6581,20.13891],[73.65897,20.13802],[73.66751,20.13067],[73.67858,20.12725],[73.68527,20.11755],[73.68658,20.11443]]},"properties":{"id":"water_w288915420","type":"river","name":"Alandi","name_local":null,"category":"river","source":"openstreetmap","source_id":"way/288915420","updated_at":"2026-01-11T10:02:20Z","tags":{}}},{"type":"Feature","geometry":{"type":"LineString","coordinates":[[73.71827,19.89946],[73.71861,19.89936],[73.71917,19.89933],[73.72003,19.89936],[73.72056,19.89953],[73.72095,19.89956],[73.72153,19.89957],[73.72197,19.89958],[73.72298,19.89944],[73.72323,19.89918],[73.72358,19.8989],[73.72393,19.8986],[73.72425,19.89863],[73.7245,19.8987],[73.7248,19.89877],[73.72512,19.89879],[73.72539,19.89887],[73.7256,19.89918],[73.72574,19.89964],[73.72568,19.89997],[73.72554,19.90028],[73.72554,19.90041],[73.72609,19.90077],[73.72738,19.90111],[73.72873,19.90147],[73.73077,19.90169],[73.73237,19.90196],[73.73334,19.90199],[73.734,19.90183],[73.735,19.90168],[73.73566,19.9017],[73.73638,19.90187],[73.73777,19.90242],[73.73874,19.9028],[73.7396,19.9031],[73.74013,19.90354],[73.74042,19.90377],[73.74084,19.9038],[73.74122,19.90368],[73.74164,19.90356],[73.74217,19.90347],[73.74327,19.90363],[73.74447,19.90384],[73.7454,19.9039],[73.74596,19.9039],[73.74664,19.90404],[73.7474,19.9044],[73.74822,19.90487],[73.74871,19.90556],[73.74939,19.90625],[73.74945,19.90645],[73.74942,19.9067],[73.74922,19.90697],[73.74917,19.90712],[73.74919,19.90733],[73.7493,19.9076],[73.74964,19.90816],[73.75027,19.90885],[73.75028,19.90893],[73.75052,19.90947],[73.75035,19.91003],[73.75025,19.91044],[73.7503,19.91086],[73.75024,19.91141],[73.75026,19.91174],[73.75042,19.91207],[73.75092,19.91209],[73.75133,19.91207],[73.7517,19.9119],[73.75211,19.9116],[73.75242,19.91133],[73.7527,19.91109],[73.75299,19.91096],[73.75325,19.91091],[73.75345,19.91092],[73.75361,19.91116],[73.75357,19.91139],[73.75354,19.91159],[73.75354,19.91186],[73.7535,19.91219],[73.75369,19.91241],[73.75414,19.91263],[73.75502,19.91305],[73.75572,19.91334],[73.7561,19.91354],[73.7562,19.91391],[73.75609,19.91416],[73.75596,19.91452],[73.75578,19.91504],[73.75572,19.91548],[73.75591,19.91579],[73.75633,19.9159],[73.75682,19.91586],[73.75726,19.91572],[73.75768,19.91558],[73.75792,19.91549],[73.75839,19.91538],[73.75974,19.91535],[73.76046,19.91527],[73.76107,19.91527],[73.76155,19.91531],[73.76191,19.91554],[73.7622,19.91577],[73.76274,19.91624],[73.7632,19.91697],[73.76404,19.91764],[73.76442,19.91799],[73.7646,19.91836],[73.76468,19.91859],[73.7646,19.91878],[73.76445,19.91903],[73.76412,19.91927],[73.76353,19.91951],[73.76324,19.91982],[73.76308,19.9203],[73.76285,19.92107],[73.76288,19.92131],[73.76313,19.92149],[73.76338,19.92169],[73.76407,19.9222],[73.76472,19.92284],[73.76505,19.92319],[73.76573,19.92319],[73.76675,19.92305],[73.76734,19.92298],[73.76744,19.92302],[73.76802,19.92312],[73.76845,19.92345],[73.7689,19.92414],[73.76904,19.9245],[73.76944,19.92465],[73.76973,19.92469],[73.77013,19.92461],[73.77035,19.92447],[73.77048,19.92418],[73.77069,19.92344],[73.77098,19.92313],[73.77133,19.92286],[73.77153,19.92283],[73.77183,19.92289],[73.77195,19.9231],[73.77205,19.92336],[73.77218,19.92397],[73.7724,19.92467],[73.77257,19.92495],[73.77281,19.92524],[73.77322,19.92588],[73.77346,19.92605],[73.77375,19.92596],[73.77416,19.92575],[73.77434,19.92551],[73.77453,19.92501],[73.77486,19.92481],[73.77513,19.92481],[73.77546,19.92486],[73.77609,19.92496],[73.77701,19.92517],[73.77776,19.92557],[73.77845,19.92601],[73.77899,19.92623],[73.77958,19.92646],[73.78015,19.92656],[73.78049,19.92657],[73.78086,19.92646],[73.78114,19.92627],[73.78151,19.92613],[73.78171,19.92604],[73.78199,19.92602],[73.78237,19.92611],[73.78281,19.92623],[73.78304,19.9264],[73.78334,19.92687],[73.78351,19.92738],[73.78363,19.92777],[73.78378,19.92806],[73.78397,19.92832],[73.78425,19.92847],[73.78499,19.92861],[73.78547,19.92872],[73.78618,19.9287],[73.78659,19.9285],[73.78692,19.92826],[73.78728,19.92802],[73.78757,19.9278],[73.78775,19.9277],[73.78817,19.92786],[73.78839,19.92805],[73.78868,19.92855],[73.78957,19.92925],[73.79028,19.92973],[73.79117,19.93004],[73.79187,19.93001],[73.79248,19.92985],[73.79315,19.92962],[73.79376,19.92945],[73.79479,19.92945],[73.79563,19.9295],[73.79625,19.92966],[73.79685,19.92986],[73.79746,19.92975],[73.79804,19.92961],[73.79833,19.92954],[73.79866,19.9296],[73.79885,19.92988],[73.79909,19.93001],[73.79968,19.93016],[73.8005,19.93038],[73.80117,19.93051],[73.80146,19.9305],[73.80183,19.93044],[73.80264,19.93023],[73.80311,19.93014],[73.80357,19.93015],[73.80419,19.93028],[73.80458,19.93053],[73.80508,19.93094],[73.80515,19.93117],[73.80512,19.93145],[73.80501,19.93172],[73.80499,19.93198],[73.80502,19.93231],[73.80512,19.93258],[73.80528,19.93271],[73.80569,19.93288],[73.80595,19.93292],[73.80676,19.93286],[73.80741,19.9328],[73.8081,19.93259],[73.80862,19.93249],[73.80887,19.9325],[73.80905,19.93258],[73.80939,19.93298],[73.80948,19.93323],[73.80936,19.93362],[73.80892,19.93388],[73.80862,19.93411],[73.80832,19.9345],[73.80833,19.93476],[73.80845,19.93501],[73.80871,19.93522],[73.80907,19.9354],[73.81005,19.9356],[73.81053,19.93557],[73.81097,19.93559],[73.81138,19.93564],[73.81171,19.93587],[73.81181,19.93617],[73.81197,19.93654],[73.81206,19.9369],[73.81241,19.93714],[73.81285,19.93718],[73.81322,19.9371],[73.81362,19.93698],[73.81385,19.9367],[73.81415,19.93612],[73.81428,19.93555],[73.81428,19.93511],[73.81435,19.93469],[73.81441,19.93449],[73.81474,19.9344],[73.81507,19.93445],[73.81533,19.93459],[73.81552,19.9348],[73.81581,19.93516],[73.81591,19.93583],[73.81628,19.93658],[73.81648,19.93709],[73.81655,19.9377],[73.81669,19.93848],[73.81705,19.9386],[73.81766,19.93864],[73.81816,19.93848],[73.81858,19.93827],[73.81918,19.93803],[73.81987,19.93792],[73.82016,19.93805],[73.82042,19.93833],[73.82082,19.93887],[73.82134,19.93952],[73.82178,19.94007],[73.82201,19.94037],[73.82251,19.94059],[73.82331,19.94108],[73.82382,19.94149],[73.82436,19.94172],[73.82497,19.94188],[73.82573,19.94212],[73.82655,19.94231],[73.82723,19.94242],[73.82793,19.94259],[73.82873,19.94268],[73.82924,19.94275],[73.83005,19.94276],[73.83054,19.94272],[73.83082,19.9427],[73.8312,19.94256],[73.83159,19.9423],[73.8318,19.94202],[73.83193,19.94175],[73.83212,19.94129],[73.83211,19.94093],[73.83212,19.94045],[73.83214,19.94016],[73.83217,19.93991],[73.83238,19.93956],[73.83254,19.93947],[73.83273,19.93944],[73.8329,19.93946],[73.83312,19.93955],[73.83334,19.9397],[73.83353,19.93986],[73.83376,19.93999],[73.83395,19.94006],[73.83419,19.94002],[73.83471,19.93991],[73.83489,19.93981],[73.83514,19.93948],[73.83541,19.93916],[73.83575,19.93884],[73.83604,19.93864],[73.83628,19.93856],[73.83645,19.93858],[73.83665,19.93863],[73.83692,19.93868],[73.83764,19.93877],[73.8381,19.93872],[73.8383,19.93861],[73.83863,19.93849],[73.83872,19.9384],[73.83881,19.93823],[73.83882,19.93812],[73.8388,19.93781],[73.83878,19.93752],[73.83877,19.93733],[73.83882,19.93686],[73.83885,19.93665],[73.839,19.93639],[73.83927,19.93602],[73.83944,19.93584],[73.83969,19.93563],[73.84035,19.93525],[73.8407,19.93489],[73.84121,19.93428],[73.84137,19.93403],[73.84169,19.93374],[73.84193,19.93347],[73.84214,19.93322],[73.84232,19.933],[73.8425,19.93267],[73.84264,19.93229],[73.8428,19.93194],[73.84303,19.93158],[73.84361,19.93095],[73.84379,19.93081],[73.84408,19.93061],[73.8443,19.93052],[73.84447,19.9305],[73.84482,19.93053],[73.84496,19.93055],[73.84528,19.93052],[73.84585,19.93044],[73.84622,19.93036],[73.84663,19.93033],[73.8469,19.93038],[73.84719,19.93043],[73.84739,19.93053],[73.84761,19.93068],[73.84793,19.93101],[73.84818,19.93149],[73.84849,19.93201],[73.84894,19.93254],[73.84935,19.93302],[73.84946,19.93309],[73.85004,19.93338],[73.85087,19.93356],[73.85128,19.93365],[73.85163,19.93363],[73.85214,19.93347],[73.85241,19.93335],[73.85272,19.93315],[73.8531,19.93278],[73.85333,19.9325],[73.8535,19.93201],[73.85366,19.93184],[73.85378,19.93163],[73.85413,19.93126],[73.85451,19.93109],[73.85503,19.93084],[73.85584,19.93064],[73.85694,19.9305],[73.85707,19.93049]]},"properties":{"id":"water_w302132867","type":"river","name":"Waldi","name_local":null,"category":"river","source":"openstreetmap","source_id":"way/302132867","updated_at":"2020-05-27T19:51:49Z","tags":{}}},{"type":"Feature","geometry":{"type":"LineString","coordinates":[[73.67894,19.8945],[73.68007,19.89334],[73.68102,19.89332],[73.68187,19.89412],[73.68427,19.89684],[73.6853,19.89812],[73.68594,19.89856],[73.68659,19.89876],[73.6873,19.89856],[73.68776,19.89821],[73.6882,19.89798],[73.68875,19.89793],[73.68919,19.89796],[73.6897,19.89821],[73.69019,19.89846],[73.69078,19.89878],[73.69098,19.89886],[73.69165,19.89864],[73.69238,19.89844],[73.69357,19.89822],[73.69441,19.8981],[73.69517,19.898],[73.69643,19.89819],[73.69711,19.89833],[73.69868,19.89895],[73.69914,19.89932],[73.69947,19.89993],[73.69967,19.90039],[73.70014,19.90064],[73.70072,19.90102],[73.70115,19.90128],[73.70154,19.90142],[73.70195,19.90136],[73.70223,19.90117],[73.70234,19.90086],[73.70238,19.90036],[73.70231,19.89995],[73.70206,19.89943],[73.70166,19.8985],[73.70169,19.8982],[73.70198,19.898],[73.70238,19.89793],[73.70322,19.89777],[73.70402,19.89763],[73.70448,19.89749],[73.70497,19.8972],[73.70536,19.89718],[73.7057,19.89737],[73.70603,19.89767],[73.70619,19.89796],[73.70624,19.89846],[73.70638,19.89892],[73.70669,19.89943],[73.70697,19.8997],[73.70846,19.90076],[73.70933,19.90156],[73.70975,19.90199],[73.71002,19.90236],[73.71012,19.90275],[73.71038,19.90322],[73.71081,19.90332],[73.71132,19.9034],[73.7117,19.90335],[73.71195,19.90313],[73.71235,19.90272],[73.71258,19.90246],[73.71285,19.90216],[73.71318,19.90189],[73.7137,19.90179],[73.71426,19.90179],[73.71516,19.90184],[73.71578,19.90198],[73.71622,19.90209],[73.71682,19.902],[73.71716,19.90176],[73.71738,19.90146],[73.71764,19.90088],[73.71796,19.90028],[73.71819,19.89987],[73.71827,19.89946]]},"properties":{"id":"water_w302132868","type":"river","name":"Waldi","name_local":null,"category":"stream","source":"openstreetmap","source_id":"way/302132868","updated_at":"2020-05-27T19:51:49Z","tags":{}}},{"type":"Feature","geometry":{"type":"LineString","coordinates":[[74.01515,20.29871],[74.01497,20.29767],[74.015,20.29755],[74.01506,20.2974],[74.01516,20.29716],[74.01522,20.29693],[74.01527,20.29669],[74.01532,20.29651],[74.01533,20.29633],[74.01533,20.29602],[74.01533,20.2958],[74.01533,20.29556],[74.01538,20.29526],[74.01606,20.29491],[74.01588,20.29489],[74.01564,20.29476],[74.01545,20.29467],[74.01522,20.29467],[74.01504,20.29466],[74.0148,20.29452],[74.01461,20.29447],[74.01444,20.29446],[74.01433,20.29438],[74.01406,20.29403],[74.01391,20.29378],[74.01384,20.29366],[74.0138,20.29352],[74.01381,20.29339],[74.01383,20.29327],[74.01391,20.29316],[74.01402,20.29303],[74.01414,20.29283],[74.01421,20.29265],[74.0142,20.29251],[74.01419,20.29231],[74.01411,20.2922],[74.01397,20.29209],[74.01382,20.29204],[74.0137,20.29199],[74.01335,20.29181],[74.01308,20.29152],[74.01304,20.2914],[74.01301,20.29119],[74.01298,20.29099],[74.01294,20.29073],[74.01294,20.29053],[74.013,20.29035],[74.01315,20.29025],[74.01337,20.29012],[74.01356,20.29001],[74.01374,20.2899],[74.01394,20.28975],[74.01402,20.28959],[74.01406,20.28944],[74.0141,20.28925],[74.01412,20.28905],[74.01419,20.2888],[74.01433,20.28851],[74.01438,20.28833],[74.01439,20.28812],[74.01457,20.28762],[74.01464,20.28694],[74.01464,20.28681],[74.01469,20.2866],[74.01486,20.28633],[74.01508,20.28609],[74.01529,20.28604],[74.01557,20.28602],[74.01575,20.28586],[74.01582,20.2856],[74.01581,20.28535],[74.01582,20.28507],[74.01583,20.28485],[74.01584,20.28471],[74.01586,20.28453],[74.0159,20.2844],[74.01596,20.28428],[74.01605,20.28418],[74.01616,20.28407],[74.01624,20.28393],[74.01631,20.28381],[74.01636,20.28367],[74.01636,20.28352],[74.01639,20.28338],[74.01647,20.28325],[74.0166,20.28324],[74.01674,20.28329],[74.01684,20.28336],[74.01695,20.28346],[74.01707,20.28352],[74.01724,20.28356],[74.01738,20.28355],[74.01751,20.28351],[74.01784,20.28333],[74.01787,20.28294],[74.01774,20.28245],[74.01734,20.28206],[74.01725,20.28193],[74.01707,20.2817],[74.01694,20.28146],[74.01687,20.28128],[74.01682,20.28104],[74.01685,20.28081],[74.01697,20.28052],[74.0171,20.28039],[74.01728,20.28029],[74.01742,20.28034],[74.01753,20.28045],[74.01767,20.28048],[74.01787,20.28047],[74.01801,20.28041],[74.0181,20.2803],[74.01809,20.28012],[74.01802,20.28],[74.01796,20.27988],[74.01786,20.27974],[74.01777,20.27962],[74.01769,20.27951],[74.01762,20.27941],[74.01756,20.27927],[74.01756,20.27914],[74.01758,20.27902],[74.01765,20.27891],[74.01773,20.27881],[74.01783,20.27871],[74.01802,20.2782],[74.01845,20.2775],[74.01852,20.27739],[74.01858,20.27727],[74.01867,20.27718],[74.01884,20.27713],[74.01899,20.27709],[74.0192,20.27698],[74.01939,20.27685],[74.0195,20.2767],[74.01956,20.27655],[74.0196,20.27638],[74.01965,20.2762],[74.01971,20.27607],[74.01977,20.27595],[74.01986,20.27578],[74.01996,20.27557],[74.02003,20.27543],[74.02012,20.27534],[74.02021,20.27525],[74.02033,20.27517],[74.02074,20.27489],[74.02114,20.27459],[74.02128,20.27449],[74.02138,20.27438],[74.02148,20.27421],[74.02153,20.27409],[74.02158,20.27397],[74.02168,20.27383],[74.02184,20.27371],[74.02202,20.2736],[74.02222,20.27348],[74.02245,20.27331],[74.02267,20.2732],[74.02286,20.27312],[74.02304,20.27304],[74.02328,20.27294],[74.02351,20.27282],[74.02366,20.27273],[74.02385,20.27256],[74.02397,20.27243],[74.02403,20.2723],[74.02405,20.27217],[74.02412,20.272],[74.02421,20.27181],[74.02427,20.27168],[74.02434,20.27156],[74.02486,20.27149],[74.02525,20.27113],[74.0253,20.27101],[74.02535,20.27089],[74.02541,20.27076],[74.02549,20.27059],[74.02557,20.27045],[74.02567,20.27025],[74.0258,20.27006],[74.0259,20.26991],[74.02595,20.26975],[74.02601,20.2696],[74.02604,20.26945],[74.02607,20.26932],[74.02612,20.26916],[74.02613,20.26899],[74.02613,20.26884],[74.02614,20.26867],[74.02617,20.26854],[74.0262,20.26842],[74.02624,20.26827],[74.02627,20.26814],[74.02632,20.26796],[74.02634,20.26778],[74.02634,20.26763],[74.02632,20.26748],[74.02628,20.26678],[74.02629,20.26624],[74.02623,20.26612],[74.02616,20.26602],[74.02605,20.26592],[74.02597,20.26581],[74.02589,20.26572],[74.02581,20.26561],[74.02543,20.26504],[74.02503,20.26426],[74.02549,20.26368],[74.02567,20.26308],[74.0256,20.26269],[74.0254,20.26229],[74.02532,20.26196],[74.02567,20.26169],[74.02586,20.26171],[74.02619,20.26186],[74.02657,20.2623],[74.02688,20.26247],[74.02733,20.26206],[74.02719,20.26024],[74.02713,20.2598],[74.02719,20.25935],[74.02719,20.2591],[74.02722,20.25881],[74.02722,20.25848],[74.02717,20.25823],[74.02708,20.25797],[74.02682,20.25773],[74.02651,20.25755],[74.02616,20.25735],[74.02575,20.25708],[74.0256,20.25697],[74.02538,20.25673],[74.02505,20.25644],[74.02465,20.25624],[74.02431,20.25628],[74.02399,20.25637],[74.02362,20.25646],[74.02339,20.25634],[74.02325,20.25606],[74.02338,20.25581],[74.02349,20.25565],[74.02394,20.25529],[74.02426,20.25511],[74.02445,20.25505],[74.02467,20.25502],[74.02504,20.25498],[74.0253,20.25491],[74.02551,20.25475],[74.02559,20.25455],[74.02564,20.25434],[74.02574,20.25398],[74.02567,20.25369],[74.0256,20.25343],[74.02588,20.2531],[74.02622,20.25267],[74.02633,20.25244],[74.02643,20.25215],[74.02641,20.25173],[74.02627,20.25144],[74.02601,20.2512],[74.02582,20.25108],[74.02567,20.25088],[74.02585,20.25069],[74.02607,20.25058],[74.02651,20.25053],[74.02741,20.25036],[74.02776,20.25024],[74.02831,20.24981],[74.02866,20.24935],[74.02918,20.24871],[74.02925,20.24829],[74.02924,20.24801],[74.02922,20.24777],[74.02909,20.24753],[74.02885,20.2474],[74.0287,20.24718],[74.02918,20.24584],[74.02931,20.24536],[74.02998,20.24511],[74.03019,20.2451],[74.03047,20.24502],[74.03054,20.24479],[74.03044,20.24451],[74.03029,20.2434],[74.03061,20.24285],[74.0307,20.24268],[74.03113,20.2422],[74.03137,20.2421],[74.03178,20.24205],[74.03223,20.24148],[74.03231,20.24118],[74.03238,20.24085],[74.0324,20.2405],[74.03195,20.23944],[74.03169,20.23883],[74.03172,20.23844],[74.03175,20.23827],[74.03174,20.2381],[74.03169,20.23797],[74.03156,20.23783],[74.03139,20.23797],[74.03125,20.23819],[74.03114,20.23861],[74.03087,20.23886],[74.03071,20.23901],[74.0304,20.239],[74.0303,20.23889],[74.03025,20.23876],[74.03018,20.23847],[74.03005,20.2379],[74.02992,20.23754],[74.02975,20.23701],[74.02969,20.23684],[74.02963,20.23656],[74.02932,20.23605],[74.02911,20.23568],[74.02898,20.23527],[74.02896,20.23487],[74.02897,20.23407],[74.02894,20.23352],[74.0291,20.23323],[74.02932,20.2331],[74.02965,20.23289],[74.02986,20.23275],[74.03001,20.23255],[74.03005,20.23228],[74.02992,20.23195],[74.0292,20.23144],[74.02822,20.23119],[74.02741,20.23104],[74.02713,20.23097],[74.02687,20.23064],[74.02676,20.2304],[74.02676,20.22966],[74.02673,20.22918],[74.0266,20.22888],[74.02596,20.22804],[74.02571,20.22759],[74.02537,20.22736],[74.02491,20.22718],[74.02454,20.22701],[74.02411,20.22683],[74.02394,20.22677],[74.02369,20.2268],[74.02341,20.22692],[74.02314,20.227],[74.0228,20.22699],[74.02267,20.22673],[74.02255,20.22632],[74.02225,20.22602],[74.02145,20.22567],[74.02087,20.22553],[74.02061,20.22556],[74.02039,20.22557],[74.02006,20.22559],[74.01964,20.2256],[74.01948,20.2255],[74.01937,20.22529],[74.01948,20.225],[74.01977,20.22461],[74.0199,20.22441],[74.01981,20.22346],[74.01988,20.22252],[74.01962,20.2217],[74.01954,20.22115],[74.01968,20.22015],[74.01979,20.21977],[74.02012,20.21884],[74.02022,20.2184],[74.02029,20.21784],[74.02041,20.21761],[74.02023,20.21709],[74.01994,20.21696],[74.01978,20.2168],[74.01965,20.21613],[74.01948,20.21572],[74.01924,20.21528],[74.01891,20.21421],[74.01872,20.21375],[74.01836,20.21349],[74.01783,20.21321],[74.01738,20.21291],[74.01713,20.21238],[74.01661,20.21151],[74.01626,20.21114],[74.01573,20.21104],[74.01555,20.21101],[74.01542,20.21097],[74.01525,20.21087],[74.0151,20.21078],[74.01497,20.21067],[74.01483,20.21052],[74.0146,20.21031],[74.01439,20.21021],[74.01411,20.21005],[74.01379,20.20985],[74.01354,20.20971],[74.01341,20.20965],[74.0133,20.20957],[74.01297,20.20946],[74.01284,20.20938],[74.01265,20.20926],[74.01244,20.20908],[74.01235,20.20897],[74.01232,20.20881],[74.01234,20.20867],[74.0124,20.20845],[74.01261,20.20805],[74.01267,20.20782],[74.01272,20.20764],[74.01276,20.20748],[74.01284,20.20719],[74.01284,20.20692],[74.01276,20.20657],[74.01259,20.2063],[74.01228,20.20579],[74.01213,20.20551],[74.01208,20.20524],[74.01213,20.20505],[74.01217,20.20487],[74.01216,20.20475],[74.01206,20.20459],[74.01181,20.20443],[74.01138,20.20426],[74.01102,20.20414],[74.01065,20.20399],[74.01029,20.20376],[74.01014,20.20358],[74.0101,20.20341],[74.01011,20.20324],[74.01027,20.20303],[74.01044,20.20287],[74.01053,20.20258],[74.01051,20.20233],[74.01052,20.20203],[74.0105,20.2016],[74.0106,20.20124],[74.01075,20.20099],[74.01087,20.20079],[74.01098,20.20062],[74.01113,20.20044],[74.01131,20.20019],[74.01145,20.20007],[74.01174,20.19978],[74.01197,20.19875],[74.01258,20.19731],[74.01316,20.19662],[74.0135,20.19563],[74.01356,20.19538],[74.01348,20.19483],[74.0131,20.19361],[74.01271,20.19275],[74.0122,20.19191],[74.0124,20.19154],[74.01289,20.19128],[74.01336,20.191],[74.01358,20.19075],[74.01375,20.19037],[74.01379,20.19011],[74.01383,20.18981],[74.01386,20.18947],[74.01388,20.18922],[74.01401,20.189],[74.01418,20.18882],[74.01444,20.18864],[74.01476,20.18856],[74.01501,20.1885],[74.01532,20.1884],[74.01615,20.18812],[74.01669,20.18771],[74.01701,20.18733],[74.0172,20.18701],[74.01727,20.18665],[74.0174,20.18626],[74.01759,20.18606],[74.01795,20.18586],[74.01854,20.18554],[74.01878,20.18547],[74.01928,20.18499],[74.01938,20.18443],[74.01931,20.18398],[74.01951,20.18334],[74.01981,20.18272],[74.01992,20.18226],[74.01988,20.18174],[74.01964,20.18114],[74.01947,20.18067],[74.01947,20.18045],[74.0197,20.18011],[74.02011,20.17982],[74.02041,20.17961],[74.02059,20.17935],[74.02076,20.17888],[74.02098,20.17849],[74.02125,20.17824],[74.02138,20.17786],[74.0213,20.17764],[74.02103,20.17752],[74.02079,20.17737],[74.02067,20.1772],[74.02069,20.17693],[74.02073,20.17663],[74.02067,20.1763],[74.02054,20.17624],[74.02031,20.17626],[74.01986,20.17661],[74.0194,20.17663],[74.01889,20.1764],[74.01838,20.17605],[74.01798,20.17567],[74.01773,20.17529],[74.01756,20.17505],[74.01758,20.17481],[74.0179,20.17464],[74.01831,20.17465],[74.01848,20.17464],[74.01871,20.17449],[74.019,20.1743],[74.01931,20.17408],[74.01943,20.17386],[74.01957,20.17345],[74.01957,20.17297],[74.01963,20.17279],[74.01981,20.1725],[74.02003,20.17223],[74.02019,20.17204],[74.0204,20.17185],[74.02056,20.17173],[74.02074,20.17159],[74.02106,20.17143],[74.02137,20.1713],[74.0217,20.17125],[74.02204,20.1712],[74.02229,20.17111],[74.02252,20.17086],[74.0225,20.17065],[74.02232,20.17046],[74.02213,20.17032],[74.02191,20.17016],[74.02163,20.16994],[74.02145,20.16976],[74.02131,20.16958],[74.02121,20.1692],[74.02123,20.16874],[74.02134,20.16861],[74.02169,20.16836],[74.02213,20.16811],[74.02272,20.16798],[74.02305,20.16803],[74.02339,20.16817],[74.0237,20.16806],[74.02388,20.1678],[74.02385,20.16761],[74.02373,20.16738],[74.02361,20.16712],[74.02357,20.1669],[74.02358,20.16669],[74.02367,20.16652],[74.02384,20.16642],[74.02405,20.16642],[74.02473,20.16638],[74.02531,20.16628],[74.02574,20.16618],[74.02621,20.16607],[74.02637,20.16595],[74.02647,20.1658],[74.02644,20.16558],[74.0263,20.16535],[74.02617,20.16519],[74.02606,20.16512],[74.02598,20.16521],[74.02588,20.16529],[74.02571,20.16533],[74.02558,20.16525],[74.02554,20.16511],[74.02556,20.16499],[74.02568,20.16473],[74.02571,20.16419],[74.02574,20.16404],[74.02599,20.16361],[74.02642,20.16307],[74.02656,20.16278],[74.02663,20.16263],[74.02672,20.16238],[74.02679,20.16214],[74.0268,20.1619],[74.02681,20.16166],[74.02684,20.16138],[74.02687,20.16116],[74.02698,20.16091],[74.0271,20.16074],[74.02717,20.16058],[74.02718,20.16034],[74.02713,20.16007],[74.02707,20.15982],[74.02704,20.15959],[74.027,20.15937],[74.02687,20.15908],[74.02667,20.1588],[74.0266,20.15862],[74.02631,20.15798],[74.02596,20.1571],[74.02596,20.15691],[74.02597,20.15668],[74.02603,20.15645],[74.02614,20.15619],[74.02626,20.15599],[74.0264,20.1558],[74.02655,20.15559],[74.02665,20.15538],[74.02673,20.15523],[74.02688,20.15499],[74.02701,20.15475],[74.02705,20.15453],[74.02704,20.15428],[74.027,20.15408],[74.02687,20.15386],[74.02677,20.15369],[74.02659,20.15349],[74.02634,20.15331],[74.02611,20.15322],[74.02587,20.15313],[74.0256,20.15307],[74.0254,20.153],[74.02514,20.15287],[74.02437,20.15218],[74.02401,20.15182],[74.02395,20.15169],[74.02384,20.15153],[74.02372,20.15132],[74.02364,20.15118],[74.02356,20.15107],[74.02343,20.1509],[74.02325,20.15068],[74.02297,20.15026],[74.02283,20.15009],[74.02266,20.14988],[74.02251,20.14967],[74.02245,20.14949],[74.02238,20.14932],[74.02235,20.14914],[74.02237,20.14897],[74.02238,20.14885],[74.02247,20.14821],[74.02259,20.14762],[74.02273,20.14742],[74.02286,20.1473],[74.02301,20.14723],[74.02321,20.14718],[74.0234,20.14718],[74.0236,20.1472],[74.02379,20.14718],[74.02402,20.14708],[74.02423,20.14697],[74.0244,20.14687],[74.02454,20.14669],[74.02463,20.14649],[74.02464,20.14636],[74.02457,20.14623],[74.02446,20.14614],[74.02434,20.14606],[74.02416,20.14598],[74.02398,20.1459],[74.0238,20.1458],[74.02363,20.14574],[74.02342,20.14561],[74.0232,20.14543],[74.02306,20.14526],[74.02298,20.14513],[74.02291,20.14498],[74.02287,20.14483],[74.02288,20.14469],[74.02295,20.14457],[74.02304,20.14448],[74.02318,20.1444],[74.02372,20.14442],[74.02394,20.14452],[74.02459,20.14464],[74.02521,20.14473],[74.02588,20.14442],[74.02622,20.14404],[74.02689,20.14367],[74.02746,20.14287],[74.02961,20.13706]]},"properties":{"id":"water_w304800541","type":"river","name":"Kajali Village","name_local":null,"category":"river","source":"openstreetmap","source_id":"way/304800541","updated_at":"2020-05-27T19:51:49Z","tags":{}}},{"type":"Feature","geometry":{"type":"LineString","coordinates":[[73.53224,19.93238],[73.53243,19.93281],[73.53259,19.9331],[73.5328,19.93319],[73.53295,19.93322],[73.5333,19.93331],[73.53344,19.93347],[73.53352,19.93352],[73.53362,19.93356],[73.53381,19.93357],[73.53393,19.93368],[73.53407,19.93382],[73.53424,19.93395],[73.5345,19.93411],[73.53501,19.93433],[73.53533,19.93457],[73.53554,19.93488],[73.5356,19.93509],[73.53559,19.93526],[73.53554,19.93538],[73.53549,19.9355],[73.5354,19.93559],[73.5353,19.93566],[73.53524,19.93574],[73.53528,19.9359],[73.53542,19.93605],[73.53546,19.93608],[73.53574,19.93628],[73.53595,19.93648],[73.53609,19.93665],[73.53617,19.93679],[73.5363,19.9369],[73.53661,19.93703],[73.53679,19.93708],[73.537,19.93716],[73.53717,19.93725],[73.53743,19.93757],[73.53753,19.93789],[73.53756,19.93807],[73.53752,19.93826],[73.53743,19.93859],[73.53745,19.93873],[73.53756,19.93889],[73.53785,19.93903],[73.538,19.9392],[73.53822,19.93938],[73.53844,19.93949],[73.53868,19.93957],[73.53886,19.93972],[73.53903,19.94],[73.53903,19.94017],[73.53883,19.94022],[73.53873,19.94031],[73.53867,19.94045],[73.53867,19.94066],[73.5387,19.94084],[73.53877,19.94106],[73.53895,19.94123],[73.53903,19.94139],[73.53907,19.94161],[73.53902,19.94179],[73.53892,19.94187],[73.53866,19.94203],[73.53848,19.94222],[73.53844,19.94249],[73.53835,19.94267],[73.5383,19.94281],[73.53825,19.94293],[73.53824,19.94311],[73.5382,19.94328],[73.53822,19.94342],[73.53829,19.94349],[73.53847,19.94365],[73.53863,19.94379],[73.53883,19.94398],[73.53903,19.94415],[73.53927,19.94431],[73.53944,19.94437],[73.53965,19.94441],[73.53982,19.94441],[73.53998,19.94439],[73.54015,19.94431],[73.54034,19.94419],[73.54057,19.94413],[73.54072,19.94411],[73.54092,19.9442],[73.54105,19.94433],[73.54119,19.9444],[73.54169,19.94455],[73.54213,19.94476],[73.54257,19.94501],[73.5428,19.94522],[73.54305,19.94549],[73.54327,19.94574],[73.54342,19.94588],[73.54378,19.94608],[73.54405,19.94617],[73.54421,19.9462],[73.5444,19.94621],[73.54473,19.94612],[73.5452,19.94595],[73.54538,19.9458],[73.54562,19.94566],[73.54585,19.94558],[73.54611,19.94561],[73.54639,19.94573],[73.54653,19.94587],[73.54676,19.94622],[73.5469,19.9464],[73.54704,19.94645],[73.54714,19.94651],[73.5473,19.94652],[73.54754,19.94651],[73.54763,19.94654],[73.54782,19.94662],[73.54795,19.94672],[73.54804,19.94691],[73.54806,19.94709],[73.54808,19.94724],[73.54819,19.94737],[73.54828,19.94746],[73.54865,19.94775],[73.54889,19.94796],[73.54909,19.94809],[73.5493,19.9482],[73.54949,19.94832],[73.5499,19.94854],[73.55019,19.94861],[73.5504,19.9486],[73.55053,19.94859],[73.5507,19.94853],[73.55087,19.94851],[73.55106,19.94852],[73.55124,19.94858],[73.55134,19.94866],[73.55144,19.94882],[73.5515,19.94903],[73.55157,19.94938],[73.55164,19.94994],[73.55161,19.95032],[73.55158,19.95056],[73.5515,19.95079],[73.55145,19.95102],[73.5514,19.95113],[73.55138,19.95127],[73.55141,19.95138],[73.55149,19.95151],[73.55179,19.95173],[73.55191,19.95191],[73.55214,19.95204],[73.55232,19.95217],[73.55248,19.95227],[73.55272,19.95236],[73.55299,19.95252],[73.55319,19.95268],[73.55327,19.95281],[73.55334,19.95295],[73.55335,19.95315],[73.55339,19.95344],[73.55337,19.9536],[73.55329,19.95388],[73.55327,19.95428],[73.55312,19.9547],[73.55308,19.95496],[73.5531,19.95507],[73.55322,19.95522],[73.55349,19.95545],[73.55375,19.9555],[73.55414,19.95558],[73.55446,19.95576],[73.55477,19.9561],[73.55485,19.95621],[73.55493,19.95645],[73.55489,19.95671],[73.55485,19.9568],[73.55484,19.9571],[73.55484,19.95728],[73.55489,19.95743],[73.55506,19.95755],[73.5554,19.95758],[73.55559,19.95769],[73.55585,19.95777],[73.55631,19.95774],[73.55676,19.95781],[73.55717,19.9579],[73.55763,19.95796],[73.55811,19.95799],[73.55831,19.95805],[73.55848,19.95819],[73.55875,19.95849],[73.55892,19.95874],[73.55906,19.95901],[73.55912,19.95929],[73.55907,19.95996],[73.55908,19.96036],[73.55894,19.96058],[73.55867,19.96092],[73.55853,19.96109],[73.55848,19.96127],[73.55852,19.96144],[73.55857,19.96174],[73.55863,19.96224],[73.55871,19.9625],[73.55873,19.96266],[73.55879,19.96271],[73.55894,19.96296],[73.55933,19.96321],[73.55948,19.96323],[73.55966,19.96322],[73.56001,19.96316],[73.56037,19.96313],[73.56062,19.96319],[73.56076,19.96334],[73.56087,19.96352],[73.56089,19.96373],[73.56085,19.96402],[73.56076,19.96429],[73.56076,19.96445],[73.56063,19.96467],[73.56062,19.96486],[73.5605,19.96512],[73.56051,19.96538],[73.56053,19.96564],[73.5606,19.96588],[73.56067,19.96603],[73.56081,19.96622],[73.56091,19.96629],[73.56107,19.96633]]},"properties":{"id":"water_w304800585","type":"river","name":"Godavari","name_local":"गोदावरी","category":"river","source":"openstreetmap","source_id":"way/304800585","updated_at":"2023-12-22T19:33:02Z","tags":{"name:mr":"गोदावरी"}}},{"type":"Feature","geometry":{"type":"LineString","coordinates":[[73.79387,20.00515],[73.7933,20.00497]]},"properties":{"id":"water_w306918006","type":"river","name":"Waghadi","name_local":null,"category":"river","source":"openstreetmap","source_id":"way/306918006","updated_at":"2026-01-27T19:00:57Z","tags":{}}},{"type":"Feature","geometry":{"type":"LineString","coordinates":[[73.68658,20.11443],[73.6856,20.11327],[73.68406,20.11143],[73.68401,20.11028],[73.68395,20.1093],[73.68427,20.1082],[73.68484,20.10785],[73.68584,20.1076],[73.68742,20.10768],[73.6881,20.10771],[73.6894,20.10766],[73.69113,20.1076],[73.69153,20.1077],[73.69187,20.10779],[73.69221,20.10777],[73.69258,20.10762],[73.69295,20.10734],[73.69321,20.10712],[73.69353,20.10703],[73.69398,20.10713],[73.6942,20.10717],[73.69459,20.10709],[73.69476,20.10674],[73.69486,20.10627],[73.69485,20.10591],[73.6953,20.10572],[73.6958,20.10533],[73.69599,20.10465],[73.69604,20.10373],[73.69596,20.10308],[73.69552,20.10216],[73.69432,20.10083],[73.69414,20.09978],[73.69414,20.09882],[73.69419,20.09813],[73.6941,20.097],[73.69384,20.09624],[73.69384,20.09523],[73.69363,20.09467],[73.69294,20.09312],[73.69323,20.09293],[73.69351,20.0929],[73.69382,20.09296],[73.69419,20.09275],[73.69441,20.09261],[73.69457,20.09239],[73.69385,20.09095],[73.6933,20.09073],[73.69324,20.09035],[73.69342,20.08963],[73.69342,20.0891],[73.69305,20.08858],[73.69267,20.08835],[73.69245,20.08799],[73.69251,20.0878],[73.6927,20.08742],[73.69295,20.08705],[73.69294,20.08661],[73.69259,20.08624],[73.69217,20.08592],[73.69191,20.08556],[73.69166,20.08503],[73.69136,20.08438],[73.69131,20.08402],[73.69127,20.08322],[73.69133,20.08211],[73.69153,20.08123],[73.69204,20.08116],[73.69281,20.08116],[73.69337,20.081],[73.6938,20.08044],[73.69376,20.07999],[73.6938,20.07915],[73.69423,20.07883],[73.69466,20.07826],[73.69462,20.0775],[73.69429,20.07695],[73.69346,20.07661],[73.69299,20.07649],[73.69307,20.07572],[73.69376,20.07552],[73.69432,20.07552],[73.69492,20.0752],[73.69522,20.07459],[73.69526,20.07371],[73.69522,20.07314],[73.69517,20.0723],[73.695,20.07137],[73.695,20.07084],[73.69513,20.0702],[73.69582,20.06968],[73.69631,20.06949],[73.69715,20.06899],[73.69758,20.06847],[73.69754,20.06774],[73.69754,20.06722],[73.69857,20.06677],[73.69929,20.06645],[73.70054,20.06581],[73.70114,20.06593],[73.70165,20.06613],[73.70204,20.06641],[73.70243,20.06665],[73.70307,20.06685],[73.70367,20.06693],[73.70419,20.06657],[73.70453,20.06605],[73.70457,20.06524],[73.70474,20.0644],[73.70492,20.06387],[73.70539,20.06347],[73.70612,20.06339],[73.70676,20.06343],[73.70749,20.06359],[73.70805,20.06367],[73.70917,20.06375],[73.71045,20.06431],[73.71105,20.0646],[73.71191,20.06476],[73.71303,20.06496],[73.71389,20.065],[73.71466,20.0646],[73.71513,20.06411],[73.71613,20.0634],[73.71737,20.06303],[73.71773,20.06316],[73.71933,20.06318],[73.71965,20.06286],[73.71972,20.06241],[73.71913,20.06124],[73.7189,20.0605],[73.72009,20.05926],[73.72165,20.05851],[73.72192,20.05826],[73.72212,20.05796],[73.72223,20.05777],[73.72233,20.05735],[73.72239,20.05714],[73.72237,20.05685],[73.72241,20.05641],[73.72271,20.05585],[73.72347,20.05445],[73.72362,20.05408],[73.72363,20.05396],[73.7236,20.05386],[73.72345,20.05378],[73.72305,20.05366],[73.7229,20.05351],[73.72285,20.05337],[73.72291,20.05274],[73.72288,20.05255],[73.72281,20.05238],[73.72271,20.05222],[73.72255,20.05192],[73.72255,20.05175],[73.72254,20.05152],[73.72269,20.05094],[73.72301,20.05013],[73.72306,20.05],[73.72322,20.04956],[73.72323,20.04944],[73.72322,20.04931],[73.72314,20.049],[73.72313,20.04884],[73.72315,20.04869],[73.72327,20.04847],[73.72353,20.04819],[73.7238,20.04801],[73.72424,20.04772],[73.72441,20.04752],[73.72447,20.04738],[73.72453,20.04712],[73.7245,20.04691],[73.72434,20.04674],[73.72371,20.04625],[73.72318,20.04575],[73.72236,20.04468],[73.72171,20.04385],[73.72125,20.04329],[73.72114,20.04302],[73.72111,20.04275],[73.72112,20.04213],[73.72126,20.04126],[73.72145,20.04052],[73.72165,20.04017],[73.72193,20.03974],[73.72205,20.03948],[73.72208,20.03932],[73.72204,20.03916],[73.72193,20.03894],[73.7209,20.03829],[73.72065,20.03806],[73.72054,20.03784],[73.72054,20.03769],[73.72062,20.03743],[73.7209,20.037],[73.72113,20.03668],[73.72267,20.03486],[73.72333,20.03425],[73.72364,20.03396],[73.72429,20.03319],[73.72453,20.03293],[73.72459,20.03275],[73.72461,20.03251],[73.72457,20.03233],[73.72451,20.03219],[73.72434,20.03201],[73.72418,20.03192],[73.72398,20.0319],[73.72372,20.03197],[73.7234,20.03203],[73.72321,20.03203],[73.72292,20.03198],[73.72258,20.03186]]},"properties":{"id":"water_w315456582","type":"river","name":"Alandi","name_local":null,"category":"river","source":"openstreetmap","source_id":"way/315456582","updated_at":"2026-07-04T09:02:43Z","tags":{}}},{"type":"Feature","geometry":{"type":"LineString","coordinates":[[73.68489,20.04119],[73.68822,20.04207],[73.68859,20.04226]]},"properties":{"id":"water_w315460993","type":"river","name":"Gangapur Left Canal","name_local":null,"category":"canal","source":"openstreetmap","source_id":"way/315460993","updated_at":"2016-03-09T12:25:02Z","tags":{}}},{"type":"Feature","geometry":{"type":"LineString","coordinates":[[73.66224,19.96173],[73.66248,19.96216],[73.66277,19.96243],[73.66293,19.96287],[73.66315,19.96359],[73.66348,19.96413],[73.66449,19.96492],[73.66465,19.9652],[73.66499,19.96577],[73.66504,19.96603],[73.66512,19.9663],[73.66504,19.96662],[73.66484,19.96679],[73.66511,19.96735],[73.66537,19.96768],[73.66576,19.96862],[73.6658,19.969],[73.66576,19.96913],[73.66558,19.96933],[73.66576,19.96965],[73.66637,19.97077],[73.66705,19.97168],[73.66735,19.97208],[73.66754,19.97223],[73.66772,19.97226],[73.66792,19.97224],[73.66823,19.97217],[73.66869,19.97197],[73.66934,19.9719],[73.66978,19.97177],[73.67,19.97172],[73.67016,19.9718],[73.67041,19.9721],[73.67066,19.97233],[73.67086,19.97252],[73.6712,19.97276],[73.67166,19.97314],[73.67199,19.97346],[73.6726,19.97387],[73.67272,19.97396],[73.67314,19.97405],[73.6736,19.97385],[73.6739,19.97382],[73.67416,19.97386],[73.67438,19.97392],[73.67471,19.9739],[73.67514,19.97379],[73.67549,19.97375],[73.67582,19.97379],[73.67633,19.97393],[73.67707,19.97424],[73.67722,19.97457],[73.67737,19.97489],[73.67792,19.9757],[73.67829,19.97586],[73.6788,19.97618],[73.67936,19.9765],[73.67959,19.97666],[73.68007,19.97698],[73.68053,19.97733],[73.68095,19.97777],[73.68125,19.97816],[73.68186,19.97867],[73.68223,19.97887],[73.6828,19.97948],[73.68318,19.97981],[73.68332,19.98033],[73.68378,19.98107],[73.68405,19.98151],[73.68429,19.98173],[73.68462,19.98189],[73.68513,19.98188],[73.68559,19.98167],[73.68582,19.98154],[73.68607,19.98144],[73.68625,19.98152],[73.68644,19.98162],[73.68663,19.98174],[73.68699,19.98188],[73.68747,19.98222],[73.68782,19.98242],[73.68803,19.98248],[73.68835,19.98242],[73.68855,19.98229],[73.68869,19.98208],[73.68875,19.98191],[73.68887,19.98159],[73.68908,19.98147],[73.68925,19.98152],[73.68946,19.98161],[73.68958,19.98168],[73.68979,19.98167],[73.69003,19.98174],[73.69018,19.98185],[73.69042,19.98184],[73.69057,19.98163],[73.69076,19.98142],[73.69159,19.98127],[73.69185,19.98123],[73.69224,19.98101],[73.69251,19.98089],[73.69288,19.98089],[73.69303,19.981],[73.69305,19.98111],[73.69297,19.98127],[73.69285,19.98145],[73.69277,19.98169],[73.69274,19.98182],[73.69277,19.98206],[73.69288,19.98227],[73.69311,19.98243],[73.69346,19.98247],[73.69386,19.98235],[73.69428,19.9821],[73.69468,19.98189],[73.69504,19.98172],[73.69597,19.98151],[73.69645,19.98137],[73.69686,19.98119],[73.69716,19.98107],[73.69794,19.98101],[73.69825,19.9812],[73.69863,19.98135],[73.69908,19.98137],[73.69933,19.98138],[73.69981,19.98128],[73.70018,19.98124],[73.70036,19.98112],[73.70042,19.98091],[73.70028,19.98064],[73.70019,19.9804],[73.70012,19.98017],[73.70021,19.97998],[73.7004,19.97994],[73.70053,19.98],[73.70085,19.98],[73.70116,19.98011],[73.70134,19.98025],[73.70163,19.98043],[73.70194,19.98043],[73.70235,19.98031],[73.70263,19.98023],[73.70297,19.98029],[73.70309,19.98043],[73.70318,19.98065],[73.70355,19.98082],[73.70382,19.98089],[73.70411,19.98104],[73.70447,19.98096],[73.70467,19.98076],[73.70488,19.98038],[73.70579,19.9804],[73.70625,19.98054],[73.70658,19.98062],[73.70702,19.98053],[73.70766,19.98039],[73.70818,19.98034],[73.70846,19.98023],[73.70893,19.97999],[73.70924,19.97982],[73.70977,19.97994],[73.71032,19.97984],[73.71057,19.9799],[73.71109,19.97993],[73.71151,19.97996],[73.71244,19.97992],[73.71265,19.98001],[73.71277,19.98005],[73.713,19.98029],[73.71293,19.98066],[73.71292,19.98083],[73.71289,19.98103],[73.71282,19.98118],[73.71283,19.98138],[73.71302,19.98145],[73.71322,19.98147],[73.71348,19.98138],[73.71373,19.98122],[73.7139,19.98103],[73.71412,19.98044],[73.71432,19.98003],[73.71461,19.97964],[73.71512,19.97953],[73.71548,19.97946],[73.71612,19.97953],[73.71632,19.97953],[73.71771,19.97986],[73.71791,19.98001],[73.71822,19.98046],[73.71823,19.98094],[73.7181,19.98103],[73.71785,19.98117],[73.71735,19.98122],[73.71718,19.98122],[73.71694,19.98132],[73.71683,19.98158],[73.7169,19.98174],[73.71715,19.98193],[73.7174,19.98202],[73.71776,19.98196],[73.7179,19.98196],[73.71815,19.98201],[73.71828,19.98213],[73.71862,19.98241],[73.71869,19.98256],[73.7187,19.98269],[73.71879,19.98289],[73.71905,19.98348],[73.71922,19.98356],[73.71942,19.9836],[73.71973,19.98357],[73.72015,19.98355],[73.7206,19.9835],[73.72104,19.98333],[73.72118,19.98322],[73.72137,19.98298],[73.72168,19.9827],[73.72187,19.98247],[73.72224,19.98223],[73.72256,19.982],[73.72286,19.98184],[73.72311,19.98183],[73.72327,19.98201],[73.72376,19.98257],[73.72393,19.98274],[73.72473,19.98328],[73.72499,19.98349],[73.7254,19.9838],[73.72591,19.98404],[73.72637,19.98416],[73.72665,19.98422],[73.72698,19.98422],[73.72717,19.98413],[73.72749,19.98401],[73.72785,19.98404],[73.7282,19.98413],[73.72848,19.98436],[73.72856,19.9848],[73.72843,19.98495],[73.72825,19.98503],[73.72805,19.98508],[73.72776,19.98518],[73.72754,19.98531],[73.72746,19.98546],[73.72739,19.98567],[73.72736,19.98595],[73.72741,19.98615],[73.72748,19.98662],[73.72757,19.98684],[73.72811,19.98736],[73.72846,19.98748],[73.72891,19.98763],[73.72946,19.9878],[73.72999,19.98797],[73.73036,19.98809],[73.73078,19.98832],[73.73138,19.98852],[73.73186,19.98853],[73.73242,19.98834],[73.73419,19.9878],[73.73468,19.98765],[73.73582,19.98695],[73.73609,19.98681],[73.73631,19.98679],[73.73651,19.98684],[73.73664,19.98698],[73.73672,19.98716],[73.73664,19.98748],[73.73662,19.98764],[73.73666,19.98774],[73.73678,19.98785],[73.73706,19.98797],[73.73728,19.98804],[73.73762,19.98814],[73.73796,19.98825],[73.73822,19.98828],[73.73878,19.98831],[73.73923,19.98826],[73.73969,19.98825],[73.74074,19.98836]]},"properties":{"id":"water_w330542967","type":"river","name":"Nandini River","name_local":null,"category":"stream","source":"openstreetmap","source_id":"way/330542967","updated_at":"2025-04-05T04:19:31Z","tags":{}}},{"type":"Feature","geometry":{"type":"LineString","coordinates":[[73.62959,19.97003],[73.62986,19.9697],[73.63019,19.96913],[73.63022,19.96887],[73.63033,19.96858],[73.6304,19.96774],[73.63015,19.96665],[73.63001,19.96547],[73.6299,19.96506],[73.62956,19.96453],[73.62928,19.96417],[73.62862,19.96362],[73.62814,19.96303],[73.6274,19.96255],[73.62681,19.96219],[73.62646,19.96177],[73.62615,19.96131],[73.62608,19.96082],[73.62592,19.95999],[73.62589,19.95966],[73.62592,19.95919],[73.62607,19.95885],[73.62595,19.95832],[73.62582,19.95815],[73.62553,19.95798],[73.62524,19.95793],[73.62502,19.95799],[73.62475,19.95863],[73.6246,19.95907],[73.62444,19.95934],[73.6242,19.95944],[73.62386,19.95944],[73.62344,19.95947],[73.62319,19.95949],[73.62281,19.9597],[73.62242,19.96007],[73.62215,19.96034],[73.62197,19.96049],[73.62163,19.96046],[73.6214,19.96017],[73.62113,19.95981],[73.62089,19.95941],[73.62065,19.95901],[73.62044,19.95885],[73.61971,19.95853],[73.61931,19.95843],[73.61883,19.95846],[73.61818,19.95848],[73.61737,19.95855],[73.617,19.9584],[73.61672,19.95809],[73.61623,19.95736],[73.61573,19.95679],[73.61547,19.95645],[73.61515,19.9563],[73.61484,19.95622],[73.61458,19.95626],[73.61437,19.95627],[73.61408,19.95623],[73.61387,19.95617],[73.61373,19.95614],[73.61342,19.95614],[73.61309,19.9562],[73.61293,19.95609],[73.61284,19.95583],[73.61281,19.95546],[73.61277,19.95507],[73.61262,19.95492],[73.61214,19.95481],[73.61177,19.95482],[73.61161,19.95504],[73.61108,19.95559],[73.6108,19.95578],[73.6102,19.95595],[73.60968,19.95601],[73.60901,19.95598],[73.60866,19.95584],[73.60816,19.95583],[73.60778,19.95605],[73.60727,19.95633],[73.60678,19.95648],[73.6063,19.95636],[73.60589,19.95618],[73.60556,19.95604],[73.60499,19.95591],[73.60341,19.95545],[73.60293,19.95521],[73.60238,19.95518],[73.60197,19.95512],[73.60169,19.95502],[73.60164,19.95487],[73.60161,19.95466],[73.60111,19.95431],[73.60064,19.95437],[73.59989,19.95396],[73.59927,19.95357],[73.59911,19.95351],[73.59894,19.95333],[73.59877,19.95269],[73.59871,19.95242],[73.5986,19.95222],[73.59843,19.95202],[73.59835,19.9519],[73.59799,19.95179],[73.59777,19.95157],[73.59786,19.95128]]},"properties":{"id":"water_w390175535","type":"river","name":"Pundi Nadi","name_local":null,"category":"stream","source":"openstreetmap","source_id":"way/390175535","updated_at":"2023-04-15T22:59:35Z","tags":{}}},{"type":"Feature","geometry":{"type":"LineString","coordinates":[[73.68859,20.04226],[73.6888,20.04238],[73.68941,20.04278],[73.69006,20.04291],[73.69194,20.04303],[73.69396,20.0428],[73.6983,20.04225],[73.69889,20.04209],[73.70032,20.04131],[73.70074,20.04118],[73.70108,20.04119],[73.70703,20.0417],[73.71075,20.0418],[73.71267,20.04221],[73.71467,20.04264],[73.71726,20.04351],[73.71769,20.04381],[73.71953,20.04571],[73.71962,20.04581],[73.71979,20.04588],[73.72144,20.04605],[73.72249,20.04567],[73.7226,20.0456]]},"properties":{"id":"water_w402648021","type":"river","name":"Gangapur Left Canal","name_local":null,"category":"canal","source":"openstreetmap","source_id":"way/402648021","updated_at":"2016-03-09T12:24:58Z","tags":{}}},{"type":"Feature","geometry":{"type":"LineString","coordinates":[[73.52621,19.92279],[73.52634,19.92337],[73.52632,19.92363],[73.5264,19.92386],[73.52645,19.92401],[73.52636,19.92411],[73.52631,19.92426],[73.52634,19.92447],[73.52644,19.92465],[73.52649,19.92481],[73.52652,19.92493],[73.52654,19.925],[73.52655,19.92525]]},"properties":{"id":"water_w431769739","type":"river","name":"Godavari","name_local":"गोदावरी","category":"stream","source":"openstreetmap","source_id":"way/431769739","updated_at":"2026-06-12T08:42:13Z","tags":{"name:mr":"गोदावरी"}}},{"type":"Feature","geometry":{"type":"LineString","coordinates":[[73.56828,19.97064],[73.56993,19.97009],[73.57027,19.97007],[73.57061,19.97022],[73.57081,19.97049],[73.57091,19.97089],[73.57084,19.97135],[73.57065,19.97171],[73.57038,19.97197],[73.5693,19.97264],[73.56905,19.97276],[73.56882,19.97279],[73.56762,19.97277],[73.56736,19.97284],[73.56724,19.973],[73.56715,19.97321],[73.5671,19.97356],[73.5673,19.97434],[73.56793,19.97543],[73.56954,19.97717],[73.56978,19.97784],[73.56976,19.9786],[73.56962,19.97952],[73.56908,19.98187],[73.56855,19.98472],[73.5684,19.98522],[73.56814,19.98563],[73.56701,19.98687],[73.56541,19.98802],[73.56348,19.98913],[73.56231,19.99011],[73.56188,19.99039],[73.56134,19.99068],[73.561,19.99085],[73.56075,19.99101],[73.56048,19.99128],[73.56024,19.99169],[73.55981,19.9927],[73.55925,19.99408],[73.55903,19.99469],[73.55886,19.99522],[73.55874,19.99577],[73.55872,19.99599],[73.55902,19.99625],[73.5592,19.99654],[73.55935,19.99706],[73.55949,19.99768],[73.55963,19.99861],[73.55975,19.99936],[73.55982,19.9996],[73.56004,19.99986],[73.56035,20.00019],[73.56066,20.00055],[73.56096,20.0011],[73.56096,20.00135],[73.56085,20.00155],[73.56063,20.00164],[73.56003,20.00174],[73.55929,20.00172],[73.55852,20.00158],[73.55729,20.00143],[73.55703,20.00149],[73.55679,20.00165],[73.55664,20.0018],[73.55623,20.00255],[73.55623,20.00274],[73.55629,20.00289],[73.55644,20.00303],[73.55702,20.00327],[73.55742,20.00356],[73.55784,20.00398],[73.55846,20.00438],[73.55866,20.00446],[73.55894,20.00446],[73.55965,20.00427],[73.55989,20.00427],[73.56002,20.00432],[73.56017,20.00451],[73.56065,20.00547],[73.56088,20.00584],[73.56115,20.00608],[73.56152,20.00624],[73.56208,20.00645],[73.56247,20.00665],[73.56291,20.00699],[73.56321,20.00736],[73.56385,20.0084],[73.56415,20.00874],[73.5644,20.00891],[73.56469,20.00903],[73.56505,20.00906],[73.56527,20.00903],[73.56557,20.00886],[73.56581,20.00854],[73.56593,20.00826],[73.56613,20.00766],[73.56629,20.00749],[73.56655,20.00736],[73.56679,20.00734],[73.56705,20.00743],[73.56744,20.00781],[73.56789,20.00863],[73.56805,20.00906],[73.56818,20.00926],[73.56839,20.00939],[73.56863,20.00941],[73.56883,20.00934],[73.56903,20.00922],[73.56916,20.00903],[73.56915,20.0086],[73.56903,20.00815],[73.56892,20.00765],[73.56891,20.00738],[73.56897,20.00691],[73.56931,20.00532],[73.56949,20.0045],[73.56966,20.0039],[73.56985,20.00335],[73.57004,20.00299],[73.57035,20.00271],[73.57065,20.00256],[73.5711,20.00247],[73.57159,20.0026],[73.57214,20.00284],[73.5725,20.00306],[73.57307,20.00354],[73.57342,20.00391],[73.57378,20.0046],[73.57426,20.00562],[73.57446,20.00606],[73.57488,20.00678],[73.57545,20.0077],[73.5758,20.00805],[73.57619,20.00822],[73.57661,20.00829],[73.57719,20.0082],[73.57756,20.00796],[73.57781,20.00759],[73.5781,20.00696],[73.57845,20.00614],[73.57897,20.00515],[73.57925,20.00438],[73.57946,20.00387],[73.58034,20.00177],[73.58049,20.00163],[73.58071,20.00161],[73.581,20.00165],[73.58175,20.00195],[73.58319,20.00258],[73.5835,20.00269],[73.58406,20.00292],[73.58494,20.00338],[73.58589,20.00388],[73.5863,20.004],[73.58665,20.004],[73.58758,20.00389],[73.58905,20.00349],[73.58948,20.00347],[73.58986,20.00355],[73.59031,20.00377],[73.59103,20.0044],[73.59161,20.00478],[73.592,20.00491],[73.59251,20.00491],[73.59307,20.00485],[73.59342,20.00471],[73.59376,20.00445],[73.59397,20.00415],[73.59411,20.00384],[73.59424,20.00321],[73.59448,20.00244],[73.59481,20.00162],[73.59504,20.00117],[73.59533,20.00027],[73.59541,19.99968],[73.59537,19.99917],[73.59524,19.9988],[73.59511,19.99858],[73.59485,19.99834],[73.59448,19.99814],[73.59408,19.9978],[73.59397,19.99759],[73.59398,19.99738],[73.59406,19.99723],[73.59434,19.99709],[73.59491,19.99703],[73.59517,19.99698],[73.59545,19.99678],[73.59578,19.99661],[73.59597,19.99661],[73.59623,19.99669],[73.59665,19.99684],[73.59761,19.99721],[73.59828,19.99735],[73.59868,19.99733],[73.59898,19.99723],[73.59919,19.99706],[73.59993,19.99642],[73.60014,19.99631],[73.60033,19.99629],[73.60074,19.99634],[73.60107,19.99634],[73.60144,19.99629],[73.60163,19.99628],[73.60189,19.99635],[73.60218,19.99649],[73.60242,19.9966],[73.60262,19.99665],[73.60288,19.99664],[73.60357,19.99642],[73.60443,19.99614],[73.60468,19.99614],[73.60483,19.99624],[73.60492,19.99642],[73.60503,19.99734],[73.60513,19.99816],[73.6052,19.99893],[73.60517,19.99951],[73.60507,20.00017],[73.60512,20.0004],[73.60522,20.00056],[73.60553,20.00078],[73.60617,20.00112],[73.60763,20.00177],[73.60782,20.00188],[73.60798,20.00204],[73.60806,20.00228],[73.60803,20.00257],[73.60793,20.0028],[73.60777,20.003],[73.60674,20.00392],[73.60586,20.0048],[73.60476,20.00627],[73.60462,20.00657],[73.60459,20.00681],[73.60463,20.00708],[73.60479,20.00737],[73.60496,20.00758],[73.60508,20.00766],[73.60561,20.008],[73.60682,20.00864],[73.60727,20.0088],[73.60774,20.00889],[73.60838,20.00887],[73.60911,20.00868],[73.60965,20.00845],[73.61055,20.0079],[73.61116,20.00732],[73.61153,20.00691],[73.61174,20.00663],[73.61193,20.00624],[73.61222,20.00524],[73.61264,20.00413],[73.61297,20.0035],[73.61308,20.00333],[73.61321,20.00324],[73.61341,20.00318]]},"properties":{"id":"water_w431769742","type":"river","name":"Godavari","name_local":"गोदावरी","category":"river","source":"openstreetmap","source_id":"way/431769742","updated_at":"2023-12-22T19:33:02Z","tags":{"name:mr":"गोदावरी"}}},{"type":"Feature","geometry":{"type":"LineString","coordinates":[[73.52347,19.92373],[73.52362,19.92372],[73.52388,19.92379],[73.52417,19.92394],[73.52437,19.92416],[73.52443,19.92426],[73.52459,19.92435],[73.52483,19.92437],[73.5251,19.92434]]},"properties":{"id":"water_w431769743","type":"river","name":"Godavari","name_local":"गोदावरी","category":"stream","source":"openstreetmap","source_id":"way/431769743","updated_at":"2016-07-18T20:21:24Z","tags":{"name:mr":"गोदावरी"}}},{"type":"Feature","geometry":{"type":"LineString","coordinates":[[73.53033,19.93182],[73.53028,19.93178],[73.53026,19.93174],[73.53035,19.93165],[73.53046,19.93164],[73.5308,19.93171],[73.53109,19.93179],[73.53127,19.93187],[73.53203,19.93224],[73.53224,19.93238]]},"properties":{"id":"water_w431769768","type":"river","name":"Ahilya River","name_local":null,"category":"stream","source":"openstreetmap","source_id":"way/431769768","updated_at":"2026-06-28T10:50:03Z","tags":{}}},{"type":"Feature","geometry":{"type":"LineString","coordinates":[[73.52815,19.92859],[73.52837,19.92868],[73.52847,19.92876],[73.52851,19.92884],[73.52851,19.92892],[73.52846,19.92899],[73.52837,19.92905],[73.52831,19.92915],[73.52835,19.92932],[73.52844,19.92937],[73.52858,19.92938],[73.52889,19.92946],[73.5292,19.92957],[73.52949,19.92965],[73.52969,19.92966],[73.53,19.92966],[73.53059,19.92971],[73.53093,19.92974],[73.53106,19.9298],[73.53111,19.92984],[73.53117,19.92995],[73.53129,19.93013],[73.53135,19.93025],[73.53144,19.93032],[73.53156,19.93037],[73.5317,19.93041],[73.53185,19.93042],[73.53196,19.93051],[73.53196,19.93071],[73.53195,19.93096],[73.53202,19.93154],[73.53213,19.93204],[73.53224,19.93238]]},"properties":{"id":"water_w431774972","type":"river","name":"Godavari River","name_local":null,"category":"river","source":"openstreetmap","source_id":"way/431774972","updated_at":"2026-06-28T10:50:03Z","tags":{}}},{"type":"Feature","geometry":{"type":"LineString","coordinates":[[73.81414,20.06972],[73.81391,20.06909],[73.81375,20.06798],[73.81342,20.06757],[73.81319,20.06663],[73.81272,20.06584],[73.81269,20.06532],[73.81259,20.0639],[73.8122,20.06258],[73.8118,20.06139],[73.81162,20.06105],[73.81174,20.06066],[73.81165,20.05994],[73.81162,20.05904],[73.81177,20.05835],[73.81169,20.058],[73.81131,20.05768],[73.81109,20.05678],[73.81115,20.05589],[73.81104,20.05565],[73.81094,20.05549],[73.81103,20.05511],[73.81094,20.05436],[73.81112,20.05345],[73.81083,20.05223],[73.81058,20.0512],[73.8107,20.05081],[73.81047,20.05063],[73.81011,20.04901],[73.81018,20.04889],[73.81028,20.04801],[73.81061,20.04769],[73.81066,20.04771],[73.81073,20.04771],[73.81078,20.04764],[73.8108,20.04756],[73.81078,20.04745],[73.81076,20.04736],[73.81071,20.04726],[73.81063,20.04718],[73.81057,20.0471],[73.81053,20.04705],[73.81057,20.04687],[73.81067,20.0468],[73.81078,20.04679],[73.81085,20.04676],[73.81095,20.04671],[73.811,20.04663],[73.81101,20.04651],[73.81099,20.04641],[73.81093,20.04633],[73.81079,20.04613],[73.81059,20.04587],[73.81065,20.04573],[73.81072,20.04567],[73.81078,20.04564],[73.81096,20.04548],[73.81113,20.04528],[73.8112,20.04512],[73.81123,20.04502],[73.81123,20.04493],[73.81123,20.04484],[73.8112,20.04474],[73.81116,20.0447],[73.81109,20.0447],[73.811,20.04471],[73.81088,20.04472],[73.81072,20.04472],[73.81065,20.04472],[73.81059,20.0447],[73.81047,20.04465],[73.81041,20.04455],[73.81042,20.04427],[73.81047,20.04416],[73.81042,20.04406],[73.81032,20.04394],[73.81019,20.04383],[73.81013,20.04375],[73.81012,20.04362],[73.81011,20.04348],[73.81014,20.04344],[73.81028,20.04329],[73.81041,20.04327],[73.81055,20.04324],[73.81068,20.04318],[73.81073,20.0431],[73.81076,20.04302],[73.81074,20.04286],[73.81073,20.04276],[73.81069,20.04255],[73.81066,20.0424],[73.81068,20.0423],[73.81086,20.04221],[73.81097,20.04219],[73.81105,20.04218],[73.81117,20.04216],[73.81127,20.04209],[73.81131,20.04201],[73.8113,20.04171],[73.81125,20.04151],[73.81115,20.04147],[73.811,20.04143],[73.81094,20.04132],[73.81077,20.04115],[73.8107,20.04091],[73.81066,20.04084],[73.81056,20.04077],[73.81043,20.04064],[73.8103,20.04058],[73.81022,20.04059],[73.81009,20.04062],[73.81002,20.04064],[73.80992,20.04064],[73.80986,20.04063],[73.80978,20.04059],[73.80972,20.04051],[73.80971,20.04041],[73.80971,20.04022],[73.80971,20.04005],[73.80962,20.03992],[73.80955,20.03981],[73.8095,20.03974],[73.80945,20.03926],[73.80943,20.03901],[73.80942,20.03873],[73.80946,20.0386],[73.80949,20.03812],[73.80946,20.03796],[73.80935,20.03772],[73.80931,20.03749],[73.80929,20.03735],[73.80928,20.03715],[73.80937,20.03675],[73.80947,20.03656],[73.80964,20.03599],[73.80972,20.03572],[73.80973,20.03543],[73.8096,20.03526],[73.80939,20.03497],[73.80939,20.03486],[73.80945,20.0347],[73.80971,20.03422],[73.80994,20.03388],[73.81044,20.03329],[73.81059,20.03316],[73.81068,20.03301],[73.81071,20.0328],[73.81067,20.03225],[73.81052,20.03198],[73.81007,20.03154],[73.80999,20.03133],[73.80997,20.03102],[73.81003,20.03085],[73.81014,20.03061],[73.81042,20.03022],[73.81049,20.03004],[73.81053,20.02984],[73.81053,20.02975],[73.81044,20.02954],[73.81032,20.02927],[73.81022,20.02908],[73.81013,20.02891],[73.81014,20.0287],[73.81016,20.02848],[73.81007,20.02828],[73.80996,20.02813],[73.80992,20.02796],[73.80991,20.02787],[73.80996,20.02772],[73.80997,20.02765],[73.81009,20.02741],[73.81,20.02721],[73.80996,20.02711],[73.81,20.02696],[73.81008,20.02687],[73.81015,20.02675],[73.81024,20.02669],[73.81038,20.02668],[73.81049,20.02673],[73.81064,20.02679],[73.81073,20.02682],[73.81083,20.02682],[73.81095,20.02681],[73.81107,20.02675],[73.81119,20.02663],[73.81124,20.02642],[73.81121,20.02621],[73.81125,20.02571],[73.81108,20.02554],[73.8109,20.0254],[73.81076,20.02536],[73.81062,20.02523],[73.81042,20.02515],[73.8104,20.02507],[73.8104,20.02503],[73.81058,20.02486],[73.81093,20.02455],[73.81098,20.0244],[73.81096,20.0242],[73.81069,20.02415],[73.81028,20.02386],[73.81015,20.0237],[73.81021,20.02332],[73.81036,20.0231],[73.81039,20.02291],[73.81044,20.02276],[73.81048,20.02262],[73.81042,20.02256],[73.80998,20.0225],[73.80967,20.02251],[73.80944,20.02236],[73.80923,20.02212],[73.80906,20.02193],[73.80856,20.02158],[73.80806,20.02133],[73.80762,20.02089],[73.80739,20.02058],[73.80708,20.02021],[73.80695,20.01994],[73.8069,20.01968],[73.80715,20.01918],[73.80717,20.0188],[73.80714,20.01858],[73.80711,20.01822],[73.80725,20.01801],[73.80747,20.01779],[73.80753,20.01769],[73.8073,20.01744],[73.80697,20.01708],[73.80679,20.01689],[73.80664,20.01658],[73.8066,20.01647],[73.80647,20.01641],[73.80632,20.01644],[73.80614,20.01664],[73.80592,20.01677],[73.80569,20.01676],[73.80543,20.01669],[73.80494,20.01669],[73.80468,20.01674],[73.80434,20.01663],[73.80403,20.01663],[73.80363,20.01668],[73.80333,20.01666],[73.80313,20.01651],[73.80298,20.01638],[73.80303,20.01623],[73.80324,20.01609],[73.80331,20.01603],[73.80334,20.01592],[73.80324,20.01558],[73.80292,20.01553],[73.8027,20.01546],[73.80236,20.01531],[73.8022,20.01511],[73.80228,20.01488],[73.80233,20.01472],[73.80225,20.01447],[73.80208,20.01432],[73.80173,20.01428],[73.80146,20.01423],[73.80133,20.01408],[73.80131,20.01395],[73.80087,20.01187],[73.80075,20.01153],[73.80079,20.01133],[73.80097,20.01124],[73.80132,20.01123],[73.80157,20.01113],[73.80181,20.01097],[73.80187,20.01076],[73.80186,20.01056],[73.80171,20.01023],[73.80142,20.00975],[73.8012,20.00956],[73.80082,20.00875],[73.8003,20.00795],[73.80013,20.00782],[73.79941,20.00768],[73.79919,20.00749],[73.7989,20.00719],[73.79879,20.00685],[73.79863,20.00659],[73.7983,20.00638],[73.79802,20.00619],[73.79775,20.00609],[73.79737,20.00611],[73.79689,20.00613],[73.79657,20.00612],[73.79616,20.00595],[73.79592,20.0058],[73.79526,20.00555],[73.79441,20.00525],[73.79387,20.00515]]},"properties":{"id":"water_w567813668","type":"river","name":"Waghadi","name_local":null,"category":"river","source":"openstreetmap","source_id":"way/567813668","updated_at":"2026-01-27T19:00:57Z","tags":{}}},{"type":"Feature","geometry":{"type":"LineString","coordinates":[[73.7933,20.00497],[73.79308,20.00489]]},"properties":{"id":"water_w643705824","type":"river","name":"Waghadi","name_local":null,"category":"river","source":"openstreetmap","source_id":"way/643705824","updated_at":"2026-01-27T19:00:57Z","tags":{}}},{"type":"Feature","geometry":{"type":"LineString","coordinates":[[73.74074,19.98836],[73.7411,19.98841],[73.74177,19.98834],[73.74217,19.98823],[73.74242,19.98796],[73.74264,19.98777]]},"properties":{"id":"water_w665040078","type":"river","name":"Nasardi","name_local":null,"category":"river","source":"openstreetmap","source_id":"way/665040078","updated_at":"2020-05-27T19:51:49Z","tags":{"alt_name":"Nandini"}}},{"type":"Feature","geometry":{"type":"LineString","coordinates":[[73.74264,19.98777],[73.7431,19.98756],[73.7432,19.98757],[73.74335,19.98763],[73.74355,19.98773],[73.74376,19.98792],[73.74423,19.98832],[73.74451,19.98855],[73.74478,19.98877],[73.74506,19.98896],[73.74525,19.98905],[73.74544,19.98904],[73.74565,19.98893],[73.74593,19.98877],[73.74616,19.98863],[73.74644,19.98853],[73.7468,19.98848],[73.74718,19.98843],[73.7476,19.9884],[73.74804,19.98839],[73.74824,19.98837],[73.74865,19.9883],[73.74913,19.98819],[73.74927,19.9882],[73.74936,19.98822],[73.7495,19.98833],[73.74956,19.98847],[73.74965,19.98869],[73.74985,19.98885],[73.75015,19.98902],[73.75043,19.98916],[73.75068,19.98925],[73.75093,19.98936],[73.7512,19.98941],[73.75159,19.98943],[73.75192,19.98947],[73.75223,19.98947],[73.75236,19.98938],[73.75255,19.98921],[73.75278,19.98907],[73.75313,19.98905],[73.75362,19.98907],[73.75428,19.98909],[73.75459,19.98908],[73.7552,19.989],[73.75578,19.98888],[73.75613,19.98877],[73.75628,19.98869],[73.75656,19.98848],[73.75688,19.98832],[73.7572,19.98823],[73.75779,19.98818],[73.75815,19.98818],[73.75878,19.98825],[73.75928,19.98833],[73.75976,19.98855],[73.76005,19.98878],[73.76028,19.98918],[73.76045,19.98946],[73.76066,19.9897],[73.76124,19.98994],[73.76167,19.99011],[73.76207,19.99015],[73.76255,19.99007],[73.76281,19.99007],[73.76311,19.99011],[73.76353,19.99016],[73.76394,19.99016],[73.76468,19.99028],[73.7653,19.99039],[73.76622,19.99059],[73.76687,19.99076],[73.76714,19.9909],[73.76737,19.9911],[73.76768,19.99121],[73.76789,19.99127],[73.76827,19.99133],[73.76888,19.99144],[73.76916,19.99149],[73.76945,19.99148],[73.76992,19.99146],[73.77036,19.99147],[73.77064,19.99157],[73.77085,19.99162],[73.77109,19.99159],[73.77129,19.99152],[73.77151,19.99148],[73.77173,19.99154],[73.77198,19.99151],[73.77262,19.99128],[73.77334,19.99097],[73.77373,19.99079],[73.77411,19.99057],[73.77422,19.99039],[73.77428,19.99021],[73.77417,19.98989],[73.77402,19.98956],[73.77411,19.98918],[73.77423,19.98871],[73.77445,19.98824],[73.77459,19.98812],[73.77475,19.988],[73.77503,19.9879],[73.77551,19.98786],[73.77609,19.98787],[73.77662,19.98785],[73.77728,19.98777],[73.77797,19.98761],[73.77812,19.98747],[73.77832,19.98688],[73.77839,19.98653],[73.77843,19.98642],[73.77867,19.98634],[73.77894,19.98633],[73.77925,19.98634],[73.77965,19.98622],[73.78026,19.98603],[73.78078,19.98588],[73.78111,19.98571],[73.78144,19.98549],[73.78174,19.98527],[73.78202,19.98525],[73.78231,19.98528],[73.78266,19.98538],[73.78297,19.98563],[73.78327,19.98591],[73.78341,19.98598],[73.78357,19.98601],[73.78373,19.98596],[73.78407,19.98569],[73.7843,19.98545],[73.78458,19.9853],[73.78489,19.9852],[73.78512,19.98527],[73.78544,19.9854],[73.78568,19.98549],[73.78598,19.98549],[73.78649,19.98547],[73.78712,19.98547],[73.78742,19.98542],[73.78789,19.98529],[73.78825,19.9851],[73.78859,19.98498],[73.78899,19.98493],[73.78937,19.98495],[73.7897,19.98508],[73.79022,19.98534],[73.79049,19.98541],[73.79073,19.98547],[73.79114,19.98543],[73.7922,19.98538],[73.79267,19.98542],[73.79298,19.98554],[73.79341,19.98582],[73.79376,19.9861],[73.79425,19.98651],[73.79467,19.98672],[73.795,19.98684],[73.79522,19.9868],[73.79558,19.9867],[73.79629,19.98656],[73.79704,19.98634],[73.79729,19.98628],[73.79753,19.98633],[73.79803,19.98655],[73.7988,19.98682],[73.79973,19.98719],[73.80006,19.98721],[73.80038,19.98714],[73.80068,19.98698],[73.80089,19.98681],[73.80111,19.98666],[73.80161,19.98658],[73.80198,19.98651],[73.80244,19.98644],[73.80277,19.9863],[73.80305,19.98613],[73.80339,19.98593],[73.80366,19.98594],[73.80389,19.98603],[73.80415,19.98622],[73.80446,19.98634],[73.80496,19.98642],[73.8053,19.98647],[73.80556,19.98651],[73.80574,19.9866],[73.80591,19.98686],[73.80618,19.98728],[73.80643,19.98749],[73.80666,19.9876],[73.807,19.9877],[73.80727,19.9879],[73.80753,19.98805],[73.80783,19.98826],[73.80837,19.98835],[73.80907,19.98847],[73.80952,19.98868],[73.80988,19.98888],[73.81018,19.98906],[73.81061,19.98934],[73.81072,19.98943],[73.81099,19.98966],[73.81112,19.9897],[73.81131,19.9897],[73.81152,19.98961],[73.8118,19.98942],[73.8122,19.98909],[73.81273,19.98882],[73.81299,19.98879],[73.81316,19.9888],[73.81326,19.98884],[73.81337,19.98891],[73.81351,19.98903],[73.81365,19.98911],[73.8138,19.98919],[73.81405,19.98925],[73.81478,19.98909],[73.81518,19.98903],[73.81589,19.98888],[73.81681,19.98876],[73.81757,19.98855],[73.81796,19.98828],[73.81808,19.98797],[73.81842,19.98759],[73.81875,19.98745],[73.81911,19.98745],[73.81956,19.98753],[73.81997,19.98769],[73.82042,19.98808],[73.8207,19.98838],[73.82102,19.98856],[73.82142,19.98867],[73.82195,19.98877],[73.82219,19.98892],[73.82237,19.98919],[73.82256,19.98966]]},"properties":{"id":"water_w808899446","type":"river","name":"Nasardi","name_local":null,"category":"river","source":"openstreetmap","source_id":"way/808899446","updated_at":"2026-01-12T18:09:10Z","tags":{}}},{"type":"Feature","geometry":{"type":"LineString","coordinates":[[73.50296,20.02537],[73.50374,20.0257],[73.50417,20.02591],[73.50452,20.02607],[73.50511,20.02612],[73.5057,20.02606],[73.50628,20.02609],[73.50656,20.02582],[73.50681,20.02545],[73.50721,20.0251],[73.50763,20.02479],[73.50828,20.02431],[73.50885,20.02403],[73.50917,20.02363],[73.50968,20.02313],[73.51014,20.02294],[73.5104,20.023],[73.51054,20.0231],[73.51074,20.02341],[73.51075,20.02368],[73.51087,20.02382],[73.51108,20.02401],[73.51154,20.02439],[73.51174,20.02462],[73.51204,20.02476],[73.51228,20.02484],[73.51253,20.02476],[73.51278,20.02456],[73.51297,20.02434],[73.51329,20.02415],[73.51368,20.02399],[73.51456,20.02404],[73.51506,20.02412],[73.5153,20.02426],[73.51544,20.02451],[73.5154,20.02484],[73.5154,20.02514],[73.51543,20.02555],[73.51572,20.02575],[73.51595,20.02582],[73.51614,20.02585],[73.51632,20.0257],[73.51648,20.02543],[73.51662,20.02519],[73.5168,20.02479],[73.51692,20.0245],[73.51717,20.02439],[73.51745,20.0244],[73.51772,20.02445],[73.51802,20.02464],[73.51809,20.02494],[73.51798,20.02536],[73.51786,20.02581],[73.5178,20.02606],[73.51789,20.02631],[73.51817,20.02657],[73.51869,20.02686],[73.51946,20.02736],[73.51962,20.02745]]},"properties":{"id":"water_w808899447","type":"river","name":"Vakti","name_local":null,"category":"stream","source":"openstreetmap","source_id":"way/808899447","updated_at":"2020-05-27T19:51:49Z","tags":{}}},{"type":"Feature","geometry":{"type":"LineString","coordinates":[[73.51962,20.02745],[73.51978,20.02747],[73.51988,20.02721],[73.51998,20.02684],[73.52005,20.02652],[73.52008,20.02631],[73.5202,20.0261],[73.52053,20.02592],[73.52109,20.02595],[73.52149,20.02622],[73.52156,20.02664],[73.5216,20.02703],[73.52162,20.02738],[73.52162,20.02766],[73.5217,20.02798],[73.52193,20.02821],[73.52243,20.02827],[73.52294,20.02827],[73.52318,20.02807],[73.52371,20.02748],[73.52401,20.02705],[73.52438,20.02655],[73.52464,20.02612],[73.52489,20.02601],[73.5253,20.02601],[73.52619,20.0263],[73.52665,20.0264],[73.52722,20.02636],[73.52822,20.02614],[73.52908,20.02597],[73.52969,20.02586],[73.53007,20.02579],[73.53081,20.02554],[73.53117,20.02546],[73.53182,20.02548],[73.53231,20.02554],[73.53304,20.0258],[73.53363,20.02592],[73.53413,20.02613],[73.53478,20.02635],[73.53504,20.02643],[73.53527,20.02643],[73.5356,20.02634],[73.53607,20.02619],[73.53657,20.02602],[73.53691,20.02611],[73.53735,20.02625],[73.53773,20.02637],[73.53811,20.02653],[73.53881,20.02682],[73.53957,20.02703],[73.54075,20.02725],[73.54147,20.02744],[73.54191,20.02754],[73.5423,20.02753],[73.54275,20.02742],[73.54316,20.02717],[73.54377,20.02678],[73.54437,20.02654],[73.54517,20.02651],[73.5457,20.02668],[73.54598,20.02691],[73.5465,20.02765],[73.54694,20.02835],[73.54738,20.02886],[73.54782,20.02925],[73.54819,20.02952],[73.54841,20.02963],[73.54868,20.02962],[73.54917,20.02951],[73.5496,20.02927],[73.55025,20.02895],[73.55067,20.0287],[73.55086,20.02835],[73.55109,20.02765],[73.55127,20.02695],[73.55154,20.02657],[73.55179,20.02636],[73.55238,20.0262],[73.55284,20.02617],[73.55328,20.02625],[73.55371,20.0265],[73.55422,20.02706],[73.55478,20.02753],[73.55622,20.028],[73.55659,20.02815],[73.5568,20.02831],[73.55694,20.02861],[73.55682,20.02907],[73.55679,20.02976],[73.5569,20.02999],[73.55723,20.03027],[73.55773,20.0303],[73.5582,20.0302],[73.55869,20.02982],[73.55902,20.02916],[73.55915,20.02819],[73.55953,20.02761],[73.55988,20.02735],[73.56047,20.02716],[73.56129,20.02692],[73.56191,20.02679],[73.56221,20.02677],[73.56243,20.02689],[73.56244,20.02713],[73.56202,20.02779],[73.56186,20.02822],[73.56186,20.0287],[73.5621,20.02925],[73.56241,20.02979],[73.56275,20.03011],[73.56278,20.03035],[73.56269,20.0306],[73.56238,20.03066],[73.56203,20.03073],[73.56155,20.03118],[73.56086,20.03243],[73.56068,20.03261],[73.56032,20.03283],[73.55996,20.03298],[73.55962,20.03318],[73.55951,20.03345],[73.55951,20.03368],[73.56011,20.03375],[73.56147,20.03355],[73.56278,20.03326],[73.56372,20.03285],[73.56478,20.03219],[73.56528,20.032],[73.56568,20.03186],[73.56606,20.03212],[73.56608,20.03264],[73.56613,20.03334],[73.56584,20.03393],[73.56567,20.03454],[73.56565,20.03491],[73.56576,20.03528],[73.56621,20.03603],[73.56666,20.03652],[73.56692,20.03681],[73.56701,20.03722],[73.5668,20.03757],[73.56638,20.03786],[73.56602,20.03804],[73.56568,20.03818],[73.56541,20.0384],[73.56531,20.03868],[73.56537,20.03895],[73.56551,20.03916],[73.56581,20.03932],[73.56622,20.03947],[73.56694,20.0395],[73.56738,20.03946],[73.56791,20.03922],[73.56842,20.03887],[73.56882,20.03852],[73.56948,20.03802],[73.56977,20.03799],[73.57013,20.03805],[73.5704,20.03823],[73.57054,20.03855],[73.57068,20.03892],[73.57094,20.03925],[73.57124,20.03939],[73.57147,20.03941],[73.57175,20.03918],[73.57186,20.03891],[73.57187,20.03845],[73.57168,20.03789],[73.57113,20.03706],[73.571,20.03669],[73.57106,20.03636],[73.57149,20.03611],[73.57192,20.03621],[73.57245,20.03674],[73.57285,20.03742],[73.57324,20.03839],[73.57352,20.03879],[73.57413,20.0391],[73.57469,20.03917],[73.57533,20.03917],[73.57579,20.03907],[73.57626,20.03881],[73.57635,20.03813],[73.57623,20.03738],[73.57622,20.03644],[73.57662,20.03624],[73.57728,20.03626],[73.57791,20.03658],[73.57948,20.037],[73.58076,20.03726],[73.58151,20.0375],[73.58302,20.03787],[73.58432,20.03851],[73.58512,20.03889],[73.58585,20.03917],[73.58618,20.03896],[73.58707,20.03797],[73.58788,20.03745],[73.58851,20.03708],[73.58952,20.03683],[73.59,20.03683],[73.59034,20.0371],[73.59042,20.03792],[73.59046,20.03911],[73.5906,20.04025],[73.59055,20.04125],[73.59026,20.04225],[73.59004,20.04323],[73.59,20.04375],[73.59018,20.04404],[73.59066,20.04419],[73.59141,20.04417],[73.59162,20.04402],[73.59227,20.04412],[73.59304,20.04429],[73.59351,20.04463],[73.59415,20.04519],[73.59439,20.04556],[73.59453,20.04606],[73.59474,20.04668],[73.59527,20.04715],[73.59561,20.04724],[73.59613,20.04704],[73.59703,20.04695],[73.59829,20.04679],[73.5988,20.04668],[73.5993,20.0466],[73.59967,20.04659],[73.59997,20.04679],[73.60019,20.04701],[73.60038,20.04762],[73.60042,20.0486],[73.60039,20.04955],[73.60039,20.05005],[73.60054,20.05036],[73.60089,20.05086],[73.60142,20.05121],[73.60164,20.0514],[73.60191,20.05149],[73.60211,20.0515],[73.60247,20.05139],[73.60282,20.05117],[73.60331,20.05082],[73.60376,20.05052],[73.60413,20.05023],[73.60441,20.04996],[73.60465,20.04961],[73.60496,20.04931],[73.60554,20.04932],[73.60586,20.0496],[73.60622,20.05],[73.60662,20.05011],[73.60714,20.0502],[73.60759,20.05031],[73.60864,20.05054],[73.60998,20.05078],[73.61087,20.05091],[73.61148,20.05079],[73.61179,20.05064],[73.61224,20.05042],[73.6125,20.05038],[73.61287,20.0506],[73.6131,20.05115],[73.61303,20.05137],[73.61265,20.05144],[73.61239,20.05157],[73.61211,20.05179],[73.61189,20.05205],[73.61171,20.05229],[73.61163,20.05257],[73.61165,20.0528],[73.61188,20.05292],[73.61235,20.05306],[73.61293,20.05321],[73.61332,20.05343],[73.6138,20.05359],[73.61426,20.05368],[73.61459,20.05359],[73.61538,20.05328],[73.61604,20.05282],[73.6169,20.05263],[73.61742,20.05285],[73.61773,20.05303],[73.61817,20.05295],[73.61853,20.05253],[73.61916,20.05237],[73.62015,20.05279],[73.62083,20.05327],[73.62249,20.05437]]},"properties":{"id":"water_w808899450","type":"river","name":"Vakti","name_local":null,"category":"river","source":"openstreetmap","source_id":"way/808899450","updated_at":"2020-05-27T19:51:49Z","tags":{}}},{"type":"Feature","geometry":{"type":"LineString","coordinates":[[73.63144,19.97515],[73.63174,19.97499],[73.63192,19.97479],[73.63201,19.97458],[73.63203,19.97445],[73.63202,19.97432],[73.63192,19.97419],[73.63172,19.97407],[73.63118,19.9739],[73.63083,19.97385],[73.63041,19.97381],[73.63,19.97375],[73.62967,19.97359],[73.62951,19.97344],[73.62941,19.9733],[73.62938,19.97299],[73.62941,19.9727],[73.62958,19.97257],[73.62997,19.9725],[73.63065,19.97244],[73.63102,19.97232],[73.63129,19.97218],[73.63153,19.97193],[73.6317,19.97169],[73.6317,19.97143],[73.6317,19.97109],[73.63135,19.9709],[73.63097,19.97078],[73.63065,19.97069],[73.6301,19.97061],[73.62974,19.97051],[73.62967,19.97039],[73.62959,19.97003]]},"properties":{"id":"water_w808899451","type":"river","name":"Pundi Nadi","name_local":null,"category":"river","source":"openstreetmap","source_id":"way/808899451","updated_at":"2020-05-27T19:51:49Z","tags":{}}},{"type":"Feature","geometry":{"type":"LineString","coordinates":[[73.64115,19.99873],[73.64136,19.99497],[73.64398,19.99194],[73.64672,19.98677],[73.64688,19.98608],[73.64686,19.98561],[73.64609,19.98527],[73.64463,19.98524],[73.64386,19.98484],[73.64369,19.98434],[73.6439,19.98391],[73.64447,19.98368],[73.64479,19.98337],[73.64445,19.98306],[73.64376,19.98306],[73.64304,19.98279],[73.64232,19.98253],[73.64177,19.98294],[73.64148,19.98364],[73.64092,19.98423],[73.64046,19.98474],[73.63989,19.98509],[73.63899,19.98537],[73.6386,19.98546],[73.63824,19.98541],[73.63816,19.98508],[73.63813,19.98452],[73.63805,19.98401],[73.6382,19.98346],[73.63818,19.98327],[73.63803,19.9831],[73.63754,19.98295],[73.63694,19.98271],[73.6363,19.98239],[73.6359,19.98202],[73.63582,19.98174],[73.63592,19.98148],[73.63606,19.98118],[73.6369,19.98001],[73.63674,19.97925],[73.6357,19.97844],[73.63465,19.97821],[73.63311,19.97835],[73.6316,19.97784],[73.63088,19.97741],[73.62997,19.97683],[73.62966,19.9761],[73.62985,19.9758],[73.6305,19.97549],[73.63144,19.97515]]},"properties":{"id":"water_w808899452","type":"river","name":"Pundi Nadi","name_local":null,"category":"river","source":"openstreetmap","source_id":"way/808899452","updated_at":"2022-03-16T07:54:16Z","tags":{}}},{"type":"Feature","geometry":{"type":"LineString","coordinates":[[73.86045,19.98424],[73.86148,19.98316],[73.86174,19.98302],[73.86202,19.98292],[73.8623,19.98288],[73.8626,19.9829],[73.86297,19.98299],[73.86342,19.98313],[73.8643,19.9834],[73.86473,19.9836],[73.86506,19.98384],[73.86526,19.98403],[73.86596,19.98507],[73.86693,19.98642],[73.86739,19.9869],[73.86762,19.98707],[73.86802,19.98734],[73.86833,19.98749],[73.86854,19.98754],[73.86882,19.98759],[73.86907,19.98759],[73.87007,19.98741],[73.87265,19.98689],[73.87319,19.98682],[73.87358,19.9868],[73.87399,19.98685],[73.87625,19.98736]]},"properties":{"id":"water_w1233392756","type":"river","name":"Godavari","name_local":"गोदावरी","category":"river","source":"openstreetmap","source_id":"way/1233392756","updated_at":"2023-12-22T19:33:02Z","tags":{"name:mr":"गोदावरी"}}},{"type":"Feature","geometry":{"type":"LineString","coordinates":[[73.82976,19.98748],[73.83125,19.98681],[73.83362,19.9856],[73.83538,19.98476],[73.83581,19.98459],[73.83642,19.98441],[73.83707,19.98429],[73.83797,19.9842],[73.83854,19.98421],[73.83912,19.98428],[73.83983,19.98449],[73.84043,19.98472],[73.84099,19.98503],[73.84147,19.98541],[73.84197,19.98592],[73.8425,19.9866],[73.84264,19.98686],[73.84299,19.9878],[73.84331,19.98849],[73.84359,19.9889],[73.84393,19.98942],[73.84412,19.98958],[73.84429,19.98969],[73.84454,19.98976],[73.84477,19.98977],[73.84502,19.98974],[73.84627,19.9894],[73.84728,19.98906],[73.84769,19.98895],[73.84794,19.9889],[73.84827,19.98889],[73.849,19.98888],[73.8502,19.98905],[73.85086,19.98917],[73.85168,19.98927],[73.85247,19.98941],[73.8528,19.98942],[73.85313,19.98941],[73.85353,19.98937],[73.85391,19.98936],[73.85408,19.98934],[73.85424,19.98927],[73.85451,19.98913],[73.85475,19.98896],[73.85535,19.98837],[73.85585,19.98801],[73.85799,19.98666],[73.85841,19.98638],[73.85865,19.98617],[73.85886,19.98595],[73.85976,19.98505],[73.86045,19.98424]]},"properties":{"id":"water_w1233392757","type":"river","name":"Godavari","name_local":"गोदावरी","category":"river","source":"openstreetmap","source_id":"way/1233392757","updated_at":"2023-12-22T19:33:02Z","tags":{"name:mr":"गोदावरी"}}},{"type":"Feature","geometry":{"type":"LineString","coordinates":[[73.79087,20.00859],[73.79132,20.00836],[73.79164,20.00817],[73.79173,20.00813],[73.79181,20.00812],[73.79188,20.00814],[73.79196,20.00818],[73.79199,20.00819],[73.79213,20.00818],[73.79225,20.00809],[73.79231,20.00799],[73.79233,20.0078],[73.79229,20.00764],[73.79228,20.00733],[73.79229,20.00672],[73.7923,20.0066],[73.79233,20.00648],[73.79248,20.00617],[73.79264,20.00583],[73.79295,20.00522],[73.79308,20.00489],[73.79339,20.0039],[73.79346,20.00362],[73.79357,20.00329],[73.79367,20.00308],[73.79384,20.00285],[73.794,20.00269],[73.79418,20.00258],[73.79483,20.00224],[73.79504,20.00211],[73.79561,20.00171],[73.79572,20.00167],[73.79585,20.00166],[73.79671,20.00164],[73.79803,20.00165],[73.79948,20.00166],[73.80109,20.00161],[73.80193,20.00164],[73.8035,20.00174],[73.80473,20.00191],[73.80504,20.00192],[73.80691,20.00182],[73.80718,20.00178],[73.80739,20.00172],[73.80759,20.00163],[73.80988,20.00037],[73.81066,20.00002],[73.81139,19.99982],[73.81275,19.99964],[73.81327,19.99959],[73.81347,19.99962],[73.81367,19.99967],[73.81442,19.99998],[73.81457,20.00003],[73.8147,20.00003],[73.8148,20.00001],[73.81497,19.99994],[73.81549,19.99968],[73.81559,19.99949],[73.81571,19.99931],[73.81581,19.99903],[73.81599,19.99817],[73.81603,19.99784],[73.81605,19.99691],[73.81608,19.99591],[73.81607,19.99572],[73.81598,19.99542],[73.81582,19.99508],[73.8158,19.99492],[73.81579,19.99476],[73.81583,19.9946],[73.81595,19.99441],[73.8165,19.99387],[73.81707,19.99325],[73.81762,19.99273],[73.81848,19.9921],[73.8197,19.9912],[73.82128,19.99024],[73.82215,19.98982],[73.82256,19.98966],[73.82287,19.98954],[73.82383,19.98928],[73.82545,19.98889],[73.82662,19.98854],[73.82745,19.98823],[73.82823,19.98798],[73.8293,19.98766],[73.82976,19.98748]]},"properties":{"id":"water_w1233392758","type":"river","name":"Godavari","name_local":"गोदावरी","category":"river","source":"openstreetmap","source_id":"way/1233392758","updated_at":"2026-01-21T17:24:24Z","tags":{"name:mr":"गोदावरी"}}},{"type":"Feature","geometry":{"type":"LineString","coordinates":[[73.77458,20.01066],[73.77508,20.01009],[73.77548,20.00981],[73.776,20.00963],[73.7766,20.00947],[73.77759,20.00932],[73.77872,20.00921],[73.7813,20.00915],[73.78241,20.00923],[73.7837,20.0095],[73.78649,20.00999],[73.78795,20.01014],[73.78872,20.01012],[73.78929,20.00994],[73.78989,20.0096],[73.79051,20.00905],[73.79081,20.00865],[73.79087,20.00859]]},"properties":{"id":"water_w1233392759","type":"river","name":"Godavari","name_local":"गोदावरी","category":"river","source":"openstreetmap","source_id":"way/1233392759","updated_at":"2023-12-22T19:33:02Z","tags":{"name:mr":"गोदावरी"}}},{"type":"Feature","geometry":{"type":"LineString","coordinates":[[73.72355,20.02884],[73.72376,20.02857],[73.72409,20.0282],[73.72509,20.02731],[73.72658,20.02584],[73.72681,20.02554],[73.72782,20.02426],[73.72823,20.02372],[73.72864,20.02331],[73.72904,20.02298],[73.72938,20.02283],[73.72991,20.0227],[73.73071,20.02266],[73.73142,20.0227],[73.73343,20.023],[73.73411,20.02304],[73.73556,20.02285],[73.73676,20.02256],[73.73716,20.02241],[73.73755,20.02224],[73.73773,20.02213],[73.73823,20.02181],[73.739,20.02121],[73.74095,20.01926],[73.74213,20.0178],[73.7428,20.01706],[73.74309,20.01689],[73.74342,20.01683],[73.74394,20.01687],[73.74463,20.01712],[73.74537,20.01753],[73.74576,20.01781],[73.74707,20.01938],[73.74743,20.01971],[73.749,20.02065],[73.74997,20.02107],[73.75081,20.02134],[73.75166,20.02155],[73.75244,20.02169],[73.75373,20.02179],[73.75483,20.02184],[73.75566,20.02192],[73.75664,20.02216],[73.75813,20.02267],[73.75921,20.02297],[73.75994,20.02306],[73.76174,20.02309],[73.76265,20.02296],[73.76396,20.0226],[73.76501,20.0222],[73.76677,20.02129],[73.76756,20.02078],[73.7685,20.02007],[73.76921,20.0194],[73.76951,20.019],[73.76987,20.01813],[73.77054,20.0162],[73.77077,20.01577],[73.7717,20.0146],[73.77321,20.0126],[73.77458,20.01066]]},"properties":{"id":"water_w1233392760","type":"river","name":"Godavari","name_local":"गोदावरी","category":"river","source":"openstreetmap","source_id":"way/1233392760","updated_at":"2026-01-12T18:37:34Z","tags":{"name:mr":"गोदावरी"}}},{"type":"Feature","geometry":{"type":"LineString","coordinates":[[73.71186,20.03854],[73.71226,20.0386],[73.71307,20.03864],[73.71394,20.03856],[73.71471,20.03847],[73.71582,20.03825],[73.71649,20.03803],[73.71676,20.03788],[73.71698,20.03767],[73.71755,20.037],[73.71797,20.03632],[73.71818,20.03601],[73.71843,20.03575],[73.71895,20.03529],[73.71952,20.03494],[73.71984,20.03465],[73.72091,20.03368],[73.72183,20.0328],[73.72258,20.03186],[73.72294,20.03114],[73.72307,20.03068],[73.72319,20.02985],[73.7233,20.0294],[73.72355,20.02884]]},"properties":{"id":"water_w1233392761","type":"river","name":"Godavari","name_local":"गोदावरी","category":"river","source":"openstreetmap","source_id":"way/1233392761","updated_at":"2023-12-22T19:33:02Z","tags":{"name:mr":"गोदावरी"}}},{"type":"Feature","geometry":{"type":"LineString","coordinates":[[73.70165,20.0367],[73.70342,20.03581],[73.70386,20.03551],[73.70463,20.03499],[73.70489,20.03487],[73.70515,20.03483],[73.70542,20.03484],[73.70578,20.03491],[73.70622,20.03511],[73.70773,20.03585],[73.70934,20.03672],[73.71157,20.03841],[73.71186,20.03854]]},"properties":{"id":"water_w1233392762","type":"river","name":"Godavari","name_local":"गोदावरी","category":"river","source":"openstreetmap","source_id":"way/1233392762","updated_at":"2023-12-22T19:33:02Z","tags":{"name:mr":"गोदावरी"}}},{"type":"Feature","geometry":{"type":"LineString","coordinates":[[73.687,20.03778],[73.68715,20.03796],[73.6873,20.03814],[73.68772,20.03842],[73.68841,20.03888],[73.68871,20.03911],[73.68889,20.03928],[73.68931,20.03941],[73.68964,20.03947],[73.68993,20.03948],[73.69084,20.03941],[73.69135,20.03934],[73.69212,20.03915],[73.69245,20.03903],[73.69287,20.03899],[73.69339,20.03904],[73.6944,20.03934],[73.69575,20.0395],[73.69627,20.03951],[73.6967,20.03946],[73.69702,20.03936],[73.6973,20.03921],[73.69818,20.03856],[73.69838,20.03835],[73.6985,20.03815],[73.69866,20.03799],[73.69892,20.0378],[73.69958,20.03751],[73.70121,20.03692],[73.70165,20.0367]]},"properties":{"id":"water_w1233392763","type":"river","name":"Godavari","name_local":"गोदावरी","category":"river","source":"openstreetmap","source_id":"way/1233392763","updated_at":"2023-12-22T19:33:02Z","tags":{"name:mr":"गोदावरी"}}},{"type":"Feature","geometry":{"type":"LineString","coordinates":[[73.6746,20.04837],[73.67801,20.0488],[73.67983,20.04891],[73.68078,20.04887],[73.68136,20.04871],[73.6816,20.04874],[73.68199,20.04862],[73.68225,20.04847],[73.68242,20.04839],[73.68251,20.04829],[73.68242,20.0481],[73.68258,20.04784],[73.68262,20.04764],[73.68252,20.0474],[73.68228,20.04703],[73.68214,20.04673],[73.68191,20.0466],[73.68183,20.04639],[73.68186,20.04615],[73.68181,20.04585],[73.68202,20.04516],[73.68243,20.04437],[73.68301,20.04377],[73.68308,20.04369],[73.68311,20.0436],[73.68307,20.04337],[73.68304,20.04316],[73.68306,20.04304],[73.68312,20.04296],[73.68332,20.04272],[73.68357,20.04249],[73.68362,20.04244],[73.68364,20.04236],[73.68363,20.04224],[73.68366,20.04207],[73.68407,20.04147],[73.68413,20.04104],[73.68416,20.04088],[73.68414,20.04073],[73.68414,20.04058],[73.6842,20.04046],[73.6844,20.04034],[73.68442,20.04021],[73.68455,20.04006],[73.68502,20.03947],[73.68538,20.03881],[73.68584,20.03831],[73.68613,20.03806],[73.68628,20.03787],[73.68659,20.03774],[73.68679,20.03772],[73.687,20.03778]]},"properties":{"id":"water_w1233392764","type":"river","name":"Godavari","name_local":"गोदावरी","category":"river","source":"openstreetmap","source_id":"way/1233392764","updated_at":"2023-12-22T19:33:02Z","tags":{"name:mr":"गोदावरी"}}},{"type":"Feature","geometry":{"type":"LineString","coordinates":[[73.61341,20.00318],[73.61395,20.00306],[73.61533,20.00294],[73.61619,20.00304],[73.61677,20.00303],[73.61726,20.00289],[73.61773,20.00262],[73.61851,20.00182],[73.6187,20.00173],[73.61896,20.0017],[73.61937,20.00174],[73.62016,20.00189],[73.62271,20.00245],[73.62326,20.00261],[73.62353,20.00274],[73.62376,20.00294],[73.62418,20.00334],[73.62651,20.00565],[73.62682,20.0059],[73.62708,20.00604],[73.62723,20.00606],[73.62744,20.00604],[73.62779,20.00587],[73.62903,20.00504],[73.62922,20.00498],[73.62941,20.00496],[73.62956,20.00498],[73.62981,20.00512],[73.63013,20.00534],[73.63049,20.00555],[73.63069,20.00558],[73.63084,20.00557],[73.63104,20.00547],[73.63132,20.00526],[73.63304,20.00322],[73.63412,20.00246],[73.63554,20.00161],[73.63798,20.00012],[73.64115,19.99873],[73.64204,19.99862],[73.64278,19.99872],[73.64333,19.99898],[73.64411,19.99949],[73.64453,20.00005],[73.64464,20.00073],[73.64455,20.00132],[73.643,20.00455],[73.6429,20.00523],[73.64298,20.00568],[73.64329,20.00632],[73.64372,20.00671],[73.64525,20.0075],[73.64698,20.00831],[73.64816,20.00912],[73.64932,20.01023],[73.65067,20.01168],[73.65768,20.01947],[73.66569,20.02936],[73.66951,20.03428],[73.67153,20.03761],[73.67303,20.0411],[73.67414,20.04509],[73.6746,20.04837]]},"properties":{"id":"water_w1233392765","type":"river","name":"Godavari","name_local":"गोदावरी","category":"river","source":"openstreetmap","source_id":"way/1233392765","updated_at":"2023-12-22T19:33:02Z","tags":{"name:mr":"गोदावरी"}}},{"type":"Feature","geometry":{"type":"LineString","coordinates":[[73.5835,20.00269],[73.58382,20.00312],[73.58387,20.00345],[73.58405,20.00393],[73.58432,20.00422],[73.58451,20.00438],[73.58483,20.00441],[73.58515,20.00432],[73.58552,20.0041],[73.5858,20.004],[73.5863,20.004]]},"properties":{"id":"water_w1233392766","type":"river","name":"Godavari","name_local":"गोदावरी","category":"river","source":"openstreetmap","source_id":"way/1233392766","updated_at":"2023-12-22T19:33:02Z","tags":{"name:mr":"गोदावरी"}}},{"type":"Feature","geometry":{"type":"LineString","coordinates":[[73.56418,19.96482],[73.56416,19.96543],[73.56381,19.96736],[73.56378,19.96758],[73.5638,19.96774],[73.56387,19.96783],[73.56395,19.9679],[73.5641,19.96793],[73.56435,19.96792],[73.5647,19.96788],[73.56548,19.96767],[73.56611,19.96749],[73.56663,19.96737],[73.56686,19.96735],[73.56712,19.96742],[73.5673,19.96755],[73.56743,19.96773],[73.56739,19.96807],[73.56723,19.9685],[73.56717,19.96929],[73.56731,19.9698],[73.56761,19.97031],[73.56784,19.97052],[73.56807,19.97062],[73.56828,19.97064]]},"properties":{"id":"water_w1233392767","type":"river","name":"Godavari","name_local":"गोदावरी","category":"river","source":"openstreetmap","source_id":"way/1233392767","updated_at":"2023-12-22T19:33:02Z","tags":{"name:mr":"गोदावरी"}}},{"type":"Feature","geometry":{"type":"LineString","coordinates":[[73.56107,19.96633],[73.56127,19.96626],[73.56154,19.96618],[73.56191,19.96604],[73.56204,19.96592],[73.56225,19.96581],[73.56242,19.96565],[73.56256,19.9655],[73.56272,19.96525],[73.56284,19.96491],[73.563,19.9645],[73.56326,19.96423],[73.56346,19.96406],[73.56367,19.96406],[73.56385,19.96419],[73.56402,19.96437],[73.56411,19.96459],[73.56416,19.96471],[73.56418,19.96482]]},"properties":{"id":"water_w1233392768","type":"river","name":"Godavari","name_local":"गोदावरी","category":"river","source":"openstreetmap","source_id":"way/1233392768","updated_at":"2023-12-22T19:33:02Z","tags":{"name:mr":"गोदावरी"}}},{"type":"Feature","geometry":{"type":"LineString","coordinates":[[73.80616,20.05021],[73.80628,20.05009],[73.80638,20.05002],[73.80651,20.04996],[73.80663,20.04989],[73.80668,20.04979],[73.80669,20.04951],[73.80672,20.04939],[73.80679,20.04927],[73.80691,20.04922],[73.807,20.04921],[73.80708,20.04918],[73.80717,20.04913],[73.80724,20.04906],[73.80729,20.04901],[73.80739,20.04898],[73.8075,20.04899],[73.80757,20.04908],[73.80761,20.04922],[73.80768,20.04937],[73.80784,20.04938],[73.80799,20.04939],[73.80816,20.04938],[73.80829,20.04938],[73.80846,20.04938],[73.8086,20.04938],[73.8087,20.04936],[73.80876,20.0493],[73.80878,20.04925],[73.80877,20.04913],[73.80874,20.049],[73.8087,20.04885],[73.80871,20.04874],[73.80878,20.04861],[73.80892,20.04846],[73.80904,20.04825],[73.8091,20.04815],[73.80915,20.04794],[73.80922,20.04782],[73.80926,20.04775],[73.80931,20.04772],[73.80937,20.0477],[73.80944,20.04774],[73.8096,20.04781],[73.80967,20.04782],[73.80975,20.04782],[73.80983,20.04779],[73.8099,20.04782],[73.80996,20.04784],[73.81016,20.04781],[73.81029,20.04777],[73.81036,20.04775],[73.81041,20.04768],[73.81047,20.04765],[73.81056,20.04765],[73.81061,20.04769]]},"properties":{"id":"water_w1466159462","type":"river","name":"Stream","name_local":null,"category":"stream","source":"openstreetmap","source_id":"way/1466159462","updated_at":"2026-01-11T08:07:55Z","tags":{}}},{"type":"Feature","geometry":{"type":"LineString","coordinates":[[73.8249,20.02124],[73.82379,20.02061],[73.82322,20.02025],[73.82282,20.01921],[73.82261,20.01854],[73.82225,20.01767],[73.822,20.01707],[73.82171,20.01674],[73.82137,20.01665],[73.8206,20.0166],[73.82035,20.01637],[73.81999,20.01527],[73.81949,20.01485],[73.81932,20.01408],[73.81918,20.01382],[73.81894,20.01358],[73.8189,20.01319],[73.81922,20.01274],[73.81949,20.01179],[73.81933,20.01112],[73.81919,20.01085],[73.81831,20.01069],[73.81722,20.01028],[73.81669,20.01027],[73.81633,20.01008],[73.81627,20.00899],[73.81585,20.00835],[73.81563,20.00755],[73.81508,20.0072],[73.81487,20.00685],[73.81475,20.00587],[73.81462,20.0041],[73.81476,20.00378],[73.8152,20.00341],[73.81567,20.00341],[73.81582,20.00338],[73.81633,20.00222],[73.81634,20.0019],[73.81619,20.00169],[73.81552,20.00104],[73.81535,20.00067],[73.81533,20.0004],[73.81549,19.99968]]},"properties":{"id":"water_w1471878938","type":"river","name":"Kapila","name_local":null,"category":"stream","source":"openstreetmap","source_id":"way/1471878938","updated_at":"2026-01-28T06:46:25Z","tags":{}}}]}